
CASCADE Topology V3, (c) Open Cascade
Locations 0
Curve2ds 2276
1 0.025744567985609312 -0.60566071100828367 0.095485632589206226 0.99543080822779406 
1 0.15457356798560939 0.73737228899170759 -0.3041698493480689 -0.95261781567823578 
1 -0.27425543201439073 -0.60566071100828367 1 0 
1 0.68214149620753228 0.61012409355626573 -1 0 
1 -0.50112750379246784 0.61012409355626573 0 -1 
1 -0.50112750379246784 -0.73290890644372553 1 0 
1 0.2533124962075321 -0.73290890644372553 0.3041698493480689 0.95261781567823578 
1 -0.058553874459564836 -0.8217944434685478 0.078169570604447486 0.99694007755306757 
1 0.070275125540435246 0.82123355653145325 -0.095485632589206226 -0.99543080822779406 
1 -0.058553874459564836 -0.52179944346853802 0 -1 
1 0.15000000000000002 0.5351259999999769 -1 0 
1 -0.15000000000000002 0.5351259999999769 0 -1 
1 -0.15000000000000002 -0.53512600000001953 1 0 
1 0.15000000000000002 -0.53512600000001953 0 1 
1 0.032266386009983661 -1.5063915385254489 0 1 
1 0.032266386009983661 1.5068914614745523 -0.078169570604447486 -0.99694007755306757 
1 -0.096562613990016422 -0.13613653852544871 0.093605467197853592 -0.99560936943696532 
1 0.31658549615345133 -0.21063200384655545 0 1 
1 0.31658549615345133 0.089362996153454333 -1 0 
1 -0.43785450384654867 0.089362996153454333 0.92923118855879838 -0.36949884737249594 
1 -0.039553827897615745 -0.38001230862886359 0.39458235328002028 -0.91886058054527586 
1 0.089275172102384337 -0.68001530862886739 -0.093605467197853592 0.99560936943696532 
1 -0.039553827897615745 0.69023969137113284 0 -1 
1 1.8349430038465484 0.16080339139023181 -1 0 
1 -2.4681139961534515 0.16080339139023181 0 -1 
1 -2.4681139961534515 -0.13919160860977797 1 0 
1 2.5893830038465486 -0.13919160860977797 -0.92923118855879838 0.36949884737249594 
1 2.5287485000000003 0.53512600000000532 -1 0 
1 -2.5287484999999998 0.53512600000000532 0 -1 
1 -2.5287484999999998 -0.53512599999999111 1 0 
1 2.5287485000000003 -0.53512599999999111 0 1 
1 0.15000049999999998 -0.53512599999999111 0 1 
1 0.15000049999999998 0.53512600000000532 -1 0 
1 -0.15000049999999998 0.53512600000000532 0 -1 
1 -0.15000049999999998 -0.53512599999999111 1 0 
1 -0.038830145184008957 -0.1244171451840117 1 0 
1 0.089998854815991125 -0.1244171451840117 -0.39458235328002028 0.91886058054527586 
1 -0.038830145184008957 0.17558585481599209 0 -1 
1 1.3676477792802157 -0.47465172071979111 0 1 
1 1.3676477792802157 0.18165127928021718 -1 0 
1 -1.6606482207197841 0.18165127928021718 0.97731163756525019 -0.21180642832437599 
1 -0.35121564420703599 -0.094007655874406737 1 0 
1 0.65913135579296389 -0.094007655874406737 -0.97307888651672059 0.23047229901959856 
1 -0.60751364420703613 0.20599534412559706 0.64955242667998914 -0.76031680567651372 
1 -1.3283435281663141 -0.16818311959342225 1 0 
1 2.4625084718336856 -0.16818311959342225 0 1 
1 2.4625084718336856 0.13181988040658155 -1 0 
1 -2.5949885281663141 0.13181988040658155 0.97307888651672059 -0.23047229901959856 
1 -0.087717827626650369 -0.10957032762664198 1 0 
1 0.16858017237334977 -0.10957032762664198 -0.64955242667998914 0.76031680567651372 
1 -0.087717827626650369 0.19043267237336181 0 -1 
1 0.50517350000000016 0.23772800000000416 -1 0 
1 -0.50517349999999972 0.23772800000000416 0 -1 
1 -0.50517349999999972 -0.23772799999998995 1 0 
1 0.50517350000000016 -0.23772799999998995 0 1 
1 0.64708183038185307 -1.2378245282056213 -0.25850935286210952 0.96600875486861582 
1 0.082476830381853272 0.87201547179438421 -1 0 
1 -0.92787016961814661 0.87201547179438421 0.59819285420247281 -0.80135217550157012 
1 0.1597111461361771 -1.1775113538638493 0 1 
1 0.1597111461361771 0.93232864613615618 -1 0 
1 -0.40489385386382271 0.93232864613615618 0.25850935286210952 -0.96600875486861582 
1 -1.7090616829891569 -0.29907678072059696 1 0 
1 2.3369563170108432 -0.29907678072059696 -0.97281308317038429 0.23159167777044815 
1 -2.0090616829891577 0.73555321927939588 0.27848788689555259 -0.96043974139580979 
1 1.8859732659005077 0.51759178273300677 -0.99749165243600657 -0.070784202478273245 
1 -2.4600447340994931 0.20918878273300834 0.97281308317038429 -0.23159167777044815 
1 1.8859732659005077 -0.82544121726698449 0 1 
1 1.459894858128453 0.22462826001533642 -0.99726248673434525 -0.073942765382625494 
1 -2.5861231418715471 -0.075366739984673359 1 0 
1 2.5717968581284527 -0.075366739984673359 -0.96547682047196304 0.26048898082519512 
1 0.49089199985976606 0.084938499859788408 -1 0 
1 -0.62101000014023366 0.084938499859788408 0.96547682047196304 -0.26048898082519512 
1 0.49089199985976606 -0.21505650014022137 0 1 
1 -1.4736712865380222 -0.49993026743878488 0.99304527918295116 0.11773306032060289 
1 1.0567697134619776 -0.19992726743878109 0 1 
1 1.0567697134619776 0.87032473256121534 -0.87935025231926445 -0.47617552829397486 
1 0.045682166623058684 -1.0064182598690792 0.87935025231926445 0.47617552829397486 
1 2.5761231666230584 0.36383674013092104 -1 0 
1 -2.5817968333769414 0.36383674013092104 0.88666836728327669 -0.46240588929987508 
1 -1.1031963344544646 0.87299901725690177 0 -1 
1 -1.1031963344544646 -0.19725298274309466 0.9935446249008909 -0.11344196018470394 
1 1.5242826655455355 -0.49725598274309846 -0.88666836728327669 0.46240588929987508 
1 -1.9507868579882155 -0.22221964201177968 0.99726248673434525 0.073942765382625494 
1 2.0952311420117846 0.077775357988230098 -1 0 
1 -1.9507868579882155 0.077775357988230098 0 -1 
1 -0.085654033927252016 -0.45296903392723209 1 0 
1 0.21434596607274869 -0.45296903392723209 -0.27848788689555259 0.96043974139580979 
1 -0.085654033927252016 0.58166096607276074 0 -1 
1 2.2862364616139104 0.74215307704574229 -0.98018906994305688 -0.19806409862507937 
1 -2.7511115383860894 -0.27572992295425536 0.99999447367355476 -0.0033245484430708787 
1 2.2862364616139104 -0.29247692295425054 0 1 
1 1.2058876833577532 0.8783472909700123 -0.90071830516722029 -0.43440365414748788 
1 -1.6352803166422465 -0.49190770902998793 0.99447141288754803 0.10500766138451048 
1 1.2058876833577532 -0.19190470902998413 0 1 
1 0.15000000000000213 0.53512599999999111 -1 0 
1 -0.14999999999999858 0.53512599999999111 0 -1 
1 -0.14999999999999858 -0.53512600000000532 1 0 
1 0.15000000000000213 -0.53512600000000532 0 1 
1 1.4147492653368747 0.19473094369307375 -0.99447141288754803 -0.10500766138451048 
1 -1.426418734663125 -0.10527205630693004 1 0 
1 0.28439526533687598 -0.10527205630693004 0.96653756994201845 0.25652509797401463 
1 2.5186740000000007 -0.149997500000012 0 1 
1 2.5186740000000007 0.14999749999999779 -1 0 
1 -2.518673999999999 0.14999749999999779 0 -1 
1 -2.518673999999999 -0.149997500000012 1 0 
1 -2.098640434183384 0.079832934183372117 0 -1 
1 -2.098640434183384 -0.22857006581662631 0.99749165243600657 0.070784202478273245 
1 2.2473775658166169 0.079832934183372117 -1 0 
1 0.63109327051585407 0.21703572948415228 -0.97768670845655381 -0.21006832247483107 
1 -0.76516172948414596 -0.08296727051585151 1 0 
1 0.63109327051585407 -0.08296727051585151 0 1 
1 1.2616844196332311 0.18329190313647814 -0.99304527918295116 -0.11773306032060289 
1 -1.2687565803667686 -0.11671109686352565 1 0 
1 -0.13457058036676894 -0.11671109686352565 0.97768670845655381 0.21006832247483107 
1 -0.56709299999999896 -0.23772799999998995 1 0 
1 0.56709300000000074 -0.23772799999998995 0 1 
1 0.56709300000000074 0.23772800000000416 -1 0 
1 -0.56709299999999896 0.23772800000000416 0 -1 
1 0.19210786645254441 -1.1871451335474603 0 1 
1 0.19210786645254441 0.90610086645254739 -1 0 
1 -0.47315213354745556 0.90610086645254739 0.30288413307376794 -0.95302738781849927 
1 0.03433453249555285 0.1735539675044464 -0.3600305790159623 -0.93294050301904619 
1 -0.081439467504447194 -0.12644903249555739 1 0 
1 0.03433453249555285 -0.12644903249555739 0 1 
1 0.50728999999999935 0.23772799999998995 -1 0 
1 -0.50728999999999935 0.23772799999998995 0 -1 
1 -0.50728999999999935 -0.23772800000000416 1 0 
1 0.50728999999999935 -0.23772800000000416 0 1 
1 -0.60684180567012014 -0.089262996744167822 1 0 
1 0.40773819432987857 -0.089262996744167822 0.3600305790159623 0.93294050301904619 
1 0.52351219432987861 0.21074000325583597 -0.96653756994201845 -0.25652509797401463 
1 -1.2430066414678151 -0.079268641467820089 1 0 
1 1.384472358532185 -0.079268641467820089 -0.9935446249008909 0.11344196018470394 
1 -1.2430066414678151 0.22073435853218371 0 -1 
1 0.75716654391063187 -1.2415119896346312 -0.30288413307376794 0.95302738781849927 
1 0.09190654391063191 0.85173401036537655 -1 0 
1 -1.0422794560893678 0.85173401036537655 0.65188399332672486 -0.75831870558783032 
1 -0.35359139315367027 -1.2576366068463329 0.47477684719095015 0.88010621255131538 
1 0.77561860684633022 0.83560939315367477 -1 0 
1 -0.35359139315367027 0.83560939315367477 0 -1 
1 -0.23772850000000001 -0.55016750000000059 1 0 
1 0.23772850000000012 -0.55016750000000059 0 1 
1 0.23772850000000012 0.55016750000000059 -1 0 
1 -0.23772850000000001 0.55016750000000059 0 -1 
1 1.3504243605745225 0.36255228949241314 -0.99326688359363202 -0.11584859928455939 
1 -1.6778716394254776 0.0093502894924171187 0.99195109533800663 -0.1266215797474077 
1 1.3504243605745225 -0.3772087105075741 0 1 
1 -0.1388530093509891 0.58796850935098632 0 -1 
1 -0.1388530093509891 -0.78571949064901503 0.32707961154556392 0.94499678714332302 
1 0.33660399064901103 0.58796850935098632 -1 0 
1 -1.7360472226276975 -0.52924604984629298 0.99326688359363202 0.11584859928455939 
1 1.2922487773723024 -0.17604404984629696 0 1 
1 1.2922487773723024 0.92429095015370422 -0.90152829292274073 -0.43272016021882909 
1 -1.1412729191063002 -1.1891107075630316 0.90152829292274073 0.43272016021882909 
1 1.8870230808936999 0.26442629243696558 -0.97731163756525019 0.21180642832437599 
1 -1.1412729191063002 0.92072929243697388 0 -1 
1 0.079042000000000279 0.4656944999999979 -1 0 
1 -0.079041999999999391 0.4656944999999979 0 -1 
1 -0.079041999999999391 -0.4656944999999979 1 0 
1 0.079042000000000279 -0.4656944999999979 0 1 
1 1.5461108572059494 0.26217333185969949 -0.9999811724200961 0.0061363511413653664 
1 -1.1580511427940507 0.27876733185969726 0 -1 
1 -1.1580511427940507 -0.65262166814029854 0.94726487377765456 0.32045164831375766 
1 1.4296394751094983 0.44587029139741219 -1 0 
1 1.2783164751094982 0.44587029139741219 -0.94726487377765456 -0.32045164831375766 
1 -1.425845524890502 -0.46892470860258584 0.95232343333932379 0.30509027895493929 
1 2.9570570217918579 0.098890808120003726 -0.99195109533800663 0.1266215797474077 
1 -0.071238978208142179 0.48544980811999494 -0.95232343333932379 -0.30509027895493929 
1 -2.9267239782081425 -0.42934519188000309 0.99599412597520121 0.089418683857989137 
1 1.4021640430836442 -0.69064408715169634 -0.59819285420247281 0.80135217550157012 
1 -0.17278795691635551 1.4191959128483091 -0.47477684719095015 -0.88010621255131538 
1 -1.301997956916356 -0.67405008715169856 0.9999811724200961 -0.0061363511413653664 
1 -2.8895527794614297 -0.20475892923757044 0 -1 
1 -2.8895527794614297 -0.41917592923756786 0.99212814386276793 0.12522677890698522 
1 2.9942282205385706 0.32347707076243637 -0.99599412597520121 -0.089418683857989137 
1 2.6362379030858398 -0.66217482367112268 0 1 
1 2.6362379030858398 0.71151317632887867 -0.99212814386276793 -0.12522677890698522 
1 -3.2475430969141605 -0.031139823671125555 0.99429787292898186 -0.10663836030670366 
1 0.1388530093509891 0.78571949064901503 -0.32707961154556392 -0.94499678714332302 
1 -0.33660399064901103 -0.58796850935098632 1 0 
1 0.1388530093509891 -0.58796850935098632 0 1 
1 0.29401035131199471 -0.61764631272059489 0.98280201241875853 0.18466240653050761 
1 2.9569933513119948 -0.11728831272058926 -0.99429787292898186 0.10663836030670366 
1 -2.9267876486880056 0.51374668727940787 0.94348200843354868 -0.33142374652730794 
1 -1.6034531877167599 0.60130005970643197 0.92667245761813855 -0.37586986616641577 
1 1.1858918122832405 -0.53009294029357079 1 0 
1 1.6173448122832403 -0.53009294029357079 -0.94348200843354868 0.33142374652730794 
1 -1.354395314445989 0.68149021304657253 0.79601058146738923 -0.60528270600765466 
1 0.099482685554011407 -0.42403178695343513 0.99981241077132188 -0.019368615532289423 
1 1.4349496855540114 -0.44990278695343022 -0.92667245761813855 0.37586986616641577 
1 1.0518714835944865 -0.82388743656839836 0 1 
1 1.0518714835944865 0.65014156343160323 -0.98280201241875853 -0.18466240653050761 
1 -1.6111115164055136 0.1497835634315976 0.93919009748674687 -0.34339767148720607 
1 0.98535783185055781 -0.59127563494556057 -0.79601058146738923 0.60528270600765466 
1 -0.46852016814944264 0.5142463650544471 -0.98572904882399015 -0.16833966349185736 
1 -1.0276651681494426 0.4187573650544465 0.89380088486281573 -0.44846402109695244 
1 0.3014209862170345 0.025896013782983118 -1 0 
1 -0.2577240137829655 0.025896013782983118 0 -1 
1 -0.2577240137829655 -0.069592986217017483 0.98572904882399015 0.16833966349185736 
1 0.053299558761758625 0.41504505876176268 -1 0 
1 -0.13978244123824091 0.41504505876176268 0.20613239992056079 -0.97852410992422156 
1 0.053299558761758625 -0.50152794123823696 0 1 
1 -0.98368859947244491 0.069552900527554584 0 -1 
1 -0.98368859947244491 -0.023907099472452842 1 0 
1 1.0293344005275555 -0.023907099472452842 -0.99892397422296486 0.046377728734786287 
1 -0.82855110733200021 0.67490629965499238 0 -1 
1 -0.82855110733200021 -0.24166670034500726 0.99892397422296486 -0.046377728734786287 
1 1.1844718926680002 -0.33512670034501468 -0.89380088486281573 0.44846402109695244 
1 1.3829325733417681 -0.009088073341757763 0 1 
1 1.3829325733417681 0.027029926658244108 -0.99991584414799084 -0.012973227116297574 
1 -1.4008744266582323 -0.009088073341757763 1 0 
1 -1.586483517880886 -0.29168164891308379 0.99991584414799084 0.012973227116297574 
1 1.1973234821191143 -0.25556364891308192 0 1 
1 1.1973234821191143 0.67582535108691388 -0.94457822536259606 -0.32828642398193802 
1 -0.076118358774973416 -1.0301436403764086 1 0 
1 0.025862641225026906 -1.0301436403764086 0.00024122696149265767 0.99999997090477621 
1 0.02637164122502611 1.0799023596235884 -0.048515204077426211 -0.99882244416779387 
1 -0.5296088328016495 0.88863756629621093 0.31887137487724676 -0.94779799867054715 
1 0.18028216719835122 -1.221408433703786 0.048515204077426211 0.99882244416779387 
1 0.28277216719835074 0.88863756629621093 -1 0 
1 0.33828009547458038 0.12546544255081926 -0.97442173749451944 -0.22472711785221172 
1 -0.41537690452542009 -0.048347557449190504 0.99999996264429425 -0.00027333388039415179 
1 0.33828009547458038 -0.048553557449181994 0 1 
1 -0.074993813382482344 0.45336005574122851 0.10590305514902676 -0.99437645935033192 
1 0.02671418661751801 -0.50162694425877419 0.00026387792841799871 0.99999996518421885 
1 0.026966186617517707 0.45336005574122851 -1 0 
1 -0.23924640833795507 -0.89866820323412355 0.99999996264429425 -0.00027333388039415179 
1 0.51441059166204539 -0.89887420323411504 -0.31887137487724676 0.94779799867054715 
1 -0.19548040833795532 1.2111717967658819 -0.020739291468017264 -0.99978491776451839 
1 -1.5942715844049475 1.625876677626195 0.30571637602028168 -0.9521226273085972 
1 -0.61149658440494736 -1.4348763223738104 0.94457822536259606 0.32828642398193802 
1 2.172310415595053 -0.46736932237381268 -0.87408826108216231 0.48576713746234607 
1 0.32857405995005884 0.85843908028047622 -1 0 
1 -0.68600594004993987 0.85843908028047622 0.41800781196237613 -0.90844343199696642 
1 0.28480805995005909 -1.2514009197195293 0.020739291468017264 0.99978491776451839 
1 0.41537690452542009 0.048347557449190504 -0.99999996264429425 0.00027333388039415179 
1 -0.33828009547458038 0.048553557449181994 0 -1 
1 -0.33828009547458038 -0.12546544255081926 0.97442173749451944 0.22472711785221172 
1 -0.80946221997464107 -0.48078578002535721 0.9414525119720738 0.33714561794790149 
1 1.090598780025358 0.19964921997463136 -1 0 
1 -0.80946221997464107 0.19964921997463136 0 -1 
1 0.15014559656982662 1.3992850497562017 -0.54608986986921404 -0.83772659861450327 
1 -1.2251984034301735 -0.71055495024380377 1 0 
1 1.1209595965698256 -0.71055495024380377 -0.41800781196237613 0.90844343199696642 
1 -0.31983932095708134 -0.59764762407966998 0.66730362008573485 0.74478579378266441 
1 0.53579767904291842 0.35733937592033271 -0.99999996264429425 0.00027333388039415179 
1 -0.21785932095708205 0.3575453759203242 -0.10616044336282665 -0.99434901330720293 
1 -0.026852114770521851 0.45345861477052551 0 -1 
1 -0.026852114770521851 -0.50173438522946867 0.10616044336282665 0.99434901330720293 
1 0.075127885229477442 0.45345861477052551 -1 0 
1 0.76803088892053673 0.024591888920539873 -1 0 
1 -0.8143361110794638 0.024591888920539873 0.9981841578600682 -0.060236093807505227 
1 0.76803088892053673 -0.070897111079460728 0 1 
1 -0.23166306316728758 1.1415134368327244 0.12879594355904472 -0.9916711173180025 
1 0.084025936832712311 -1.2891505631672828 0 1 
1 0.084025936832712311 1.1415134368327244 -1 0 
1 -0.95678907067330243 -0.34890355503158332 0.99826030681160871 0.058960663534199292 
1 0.62557792932669809 -0.2554435550315759 0 1 
1 0.62557792932669809 0.66112944496842374 -0.84291942872221115 -0.53803980957046427 
1 0.13978244123824179 -0.41504505876174846 -0.20613239992056079 0.97852410992422156 
1 -0.053299558761757737 0.50152794123825117 0 -1 
1 -0.053299558761757737 -0.41504505876174846 1 0 
1 -0.59970622366916082 0.3971250737416625 0 -1 
1 -0.59970622366916082 -0.70839692625834516 0.84291942872221115 0.53803980957046427 
1 0.9826607763308397 0.3016360737416619 -0.9981841578600682 0.060236093807505227 
1 0.76850790763061649 -0.02405440763061506 0 1 
1 0.76850790763061649 0.069405592369392366 -0.99826030681160871 -0.058960663534199292 
1 -0.81385909236938403 -0.02405440763061506 1 0 
1 -0.25270049454016252 2.8411214960836872 0 -1 
1 -0.25270049454016252 -2.8285945039163209 0.35251107606373289 0.93580764115943682 
1 0.73007450545983765 -0.21963150391631814 -0.30571637602028168 0.9521226273085972 
1 0.26894290967693202 0.62034702251003182 -0.66730362008573485 -0.74478579378266441 
1 -0.58669409032306774 -0.33463997748997087 1 0 
1 0.37065090967693237 -0.33463997748997087 -0.10590305514902676 0.99437645935033192 
1 -0.873833025091729 -0.60236063095619841 0.89077335503604804 0.45444782974266995 
1 0.99905997490827225 0.35313736904380733 -1 0 
1 -0.16308402509172915 0.35313736904380733 -0.59683820665090859 -0.80236161117150129 
1 1.1256467425580823 -0.013389000495990899 -0.97142203975951147 0.23735884367234 
1 -0.77441425744191683 0.45087499950400911 0 -1 
1 -0.77441425744191683 -0.43399700049599232 0.97636386505745298 0.21613329916991442 
1 0.70180349538565423 0.7656616375118972 -0.89077335503604804 -0.45444782974266995 
1 -1.171089504614347 -0.18983636248810853 0.97938936829385648 -0.20198134882449159 
1 0.70207349538565289 -0.57614236248811324 -0.00020122163485314419 0.9999999797549266 
1 0.037554567752161816 -0.47454043224783504 0 1 
1 0.037554567752161816 0.41033156775216639 -1 0 
1 -0.10176343224783757 0.41033156775216639 0.15552836865906219 -0.98783142617667863 
1 0.47570870914514174 1.3075312283846188 -0.35251107606373289 -0.93580764115943682 
1 -0.50706629085485844 -1.301431771615384 0.37484364470430875 0.92708804437593195 
1 0.47570870914514174 1.1292322283846232 0 1 
1 0.7375818929957525 0.6108261046469039 -0.9414525119720738 -0.33714561794790149 
1 -1.1624791070042466 -0.069608895353084677 0.97142203975951147 -0.23735884367234 
1 0.7375818929957525 -0.53387289535308469 0 1 
1 0.89492526985542575 0.42230740795626787 -0.97636386505745298 -0.21613329916991442 
1 -1.0051357301445734 0.001699407956266441 0.91200768957782574 -0.4101731026663209 
1 0.1841762698554259 -0.53319059204373787 0.59683820665090859 0.80236161117150129 
1 1.7787013966437932 -1.2744558232963499 -0.65188399332672486 0.75831870558783032 
1 -0.020744603356206426 0.81879017670365783 -1 0 
1 -1.9878806033562073 0.81879017670365783 0.87408826108216231 -0.48576713746234607 
1 -0.085822225039978051 -0.44476372503997652 1 0 
1 0.21417777496002266 -0.44476372503997652 -0.28270631737873286 0.95920651484138453 
1 -0.085822225039978051 0.57311927496002113 0 -1 
1 -2.5144942095458251 0.012553290454178523 0 -1 
1 -2.5144942095458251 -0.0041937095458166596 1 0 
1 2.5228537904541746 -0.0041937095458166596 -0.99999447367355476 0.0033245484430708787 
1 -0.14999999999999858 0.53512600000000532 0 -1 
1 -0.14999999999999858 -0.53512599999999111 1 0 
1 0.15000000000000213 -0.53512599999999111 0 1 
1 0.15000000000000213 0.53512600000000532 -1 0 
1 2.5384848950059666 0.36498487087568776 -1 0 
1 -2.4988631049940331 0.36498487087568776 0.84840736660936744 -0.5293438771563892 
1 -0.30268310499403306 -1.0052701291243125 0.90071830516722029 0.43440365414748788 
1 -0.21417709563649012 -0.44476390436349789 1 0 
1 0.08582190436350956 -0.44476390436349789 0 1 
1 0.08582190436350956 0.57311909563649976 -0.28270545033965405 -0.95920677038282698 
1 -2.3441484999999993 0.14999749999999779 0 -1 
1 -2.3441484999999993 -0.149997500000012 1 0 
1 2.3441485000000011 -0.149997500000012 0 1 
1 2.3441485000000011 0.14999749999999779 -1 0 
1 -0.20895574315994381 -1.0024152536581568 0.88229922033631425 0.47068894802611644 
1 2.3595662568400559 0.36783974634184347 -1 0 
1 -2.3287307431599444 0.36783974634184347 0.83981656353327749 -0.54287027880991656 
1 0.0042192506225600113 -0.53927974937742817 0 1 
1 0.0042192506225600113 0.53097225062256825 -1 0 
1 -0.012526749377439472 0.53097225062256825 0.01564486726810891 -0.9998776115746183 
1 -1.085256777727599 0.20367603155351333 0.89185115832310669 -0.45232898580317971 
1 -0.49374477772759917 -0.096326968446490469 1 0 
1 1.110923222272401 -0.096326968446490469 -0.99079849840412482 0.13534524579803861 
1 -0.89806461006338978 -0.21056538969820338 0.99079849840412482 -0.13534524579803861 
1 1.2981153899366102 -0.51056838969820717 -0.84840736660936744 0.5293438771563892 
1 -0.89806461006338978 0.85968661030179305 0 -1 
1 -0.23868742877248472 0.20707007122751975 0 -1 
1 -0.23868742877248472 -0.092932928772484047 1 0 
1 0.35282457122751509 -0.092932928772484047 -0.89185115832310669 0.45232898580317971 
1 0.76227361228830404 -0.081719112288311635 0 1 
1 0.76227361228830404 0.21828388771169216 -0.98407957298050031 -0.17772842778384174 
1 -0.89883838771169522 -0.081719112288311635 1 0 
1 0.7004169495415109 -0.34046155045848536 0 1 
1 0.7004169495415109 0.13662744954150696 -1 0 
1 -0.9042510504584893 0.13662744954150696 0.95853218882888203 -0.28498428549467869 
1 -1.2950152475779184 -0.12341833186836482 1 0 
1 -0.37085924757791844 -0.12341833186836482 0.98407957298050031 0.17772842778384174 
1 1.2902527524220808 0.17658466813163898 -0.99333422380288572 -0.11526976976605172 
1 -1.4977131939292079 -0.49798637262479417 0.99333422380288572 0.11526976976605172 
1 1.0875548060707914 -0.19798337262479038 -0.01564486726810891 0.9998776115746183 
1 1.0708088060707919 0.87226862737520605 -0.88229922033631425 -0.47068894802611644 
1 -0.14999949999999984 -0.53512600000000532 1 0 
1 0.14999949999999984 -0.53512600000000532 0 1 
1 0.14999949999999984 0.53512599999999111 -1 0 
1 -0.14999949999999984 0.53512599999999111 0 -1 
1 1.2618211989213179 -0.51232275597932642 -0.83981656353327749 0.54287027880991656 
1 -0.85795380107868269 0.85793224402067381 -0.015645801284449919 -0.99987759695983169 
1 -0.87470080107868142 -0.21231975597932262 0.99028502681334685 -0.13905238462280678 
1 0.52556200000000075 0.23772799999998995 -1 0 
1 -0.52556200000000075 0.23772799999998995 0 -1 
1 -0.52556200000000075 -0.23772800000000416 1 0 
1 0.52556200000000075 -0.23772800000000416 0 1 
1 -1.0633266453462156 0.18637544373703463 0.9638598106953763 -0.26640995725812028 
1 0.022071354653782294 -0.11362755626296916 1 0 
1 1.0731953546537838 -0.11362755626296916 -0.99028502681334685 0.13905238462280678 
1 -0.47787257430411145 0.21482792569588582 0 -1 
1 -0.47787257430411145 -0.08517507430411797 1 0 
1 0.60752542569588641 -0.08517507430411797 -0.9638598106953763 0.26640995725812028 
1 -0.0042195045338928594 -0.53927999546611716 0.015645801284449919 0.99987759695983169 
1 0.012527495466105876 0.53097200453387927 -1 0 
1 -0.0042195045338928594 0.53097200453387927 0 -1 
1 0.83055599999999785 0.23772799999998995 -1 0 
1 -0.8305560000000014 0.23772799999998995 0 -1 
1 -0.8305560000000014 -0.23772800000000416 1 0 
1 0.83055599999999785 -0.23772800000000416 0 1 
1 -2.5038339074600984 0.27350439034681528 0.28270631737873286 -0.95920651484138453 
1 -2.2038339074600977 -0.74437860965318237 0.98018906994305688 0.19806409862507937 
1 2.8335140925399021 0.27350439034681528 -1 0 
1 -2.3499837775871306 -0.0041942224128632688 1 0 
1 2.3416252224128691 -0.0041942224128632688 0 1 
1 2.3416252224128691 0.012552777587131914 -0.9999936291662328 -0.0035695415597595806 
1 -1.3636457689126154 0.54372882543026435 0.9205395787222691 -0.39064931077096166 
1 1.074392231087387 -0.49090117456972848 1 0 
1 1.3743912310873867 -0.49090117456972848 -0.9354426714125752 0.35347844135180978 
1 2.3458044999999998 0.14999749999999779 -1 0 
1 -2.3458044999999998 0.14999749999999779 0 -1 
1 -2.3458044999999998 -0.149997500000012 1 0 
1 2.3458044999999998 -0.149997500000012 0 1 
1 -0.27850287189872702 -1.0023299511592541 0.88791746776301139 0.4600027939494733 
1 2.3664231281012746 0.36792504884074617 -1 0 
1 -2.3251858718987251 0.36792504884074617 0.8309619178251012 -0.55632930097598665 
1 -2.6603636884762594 -0.29807346038796823 0.9999936291662328 0.0035695415597595806 
1 2.0312453115237403 -0.28132646038797304 0.28270545033965405 0.95920677038282698 
1 2.33124431152374 0.73655653961202461 -0.9791870485770543 -0.20295990712196765 
1 -0.085821904363506007 -0.44476390436349789 1 0 
1 0.21417709563649368 -0.44476390436349789 -0.28270545033965405 0.95920677038282698 
1 -0.085821904363506007 0.57311909563649976 0 -1 
1 -1.0648491469008086 0.012543853099202806 0 -1 
1 -1.0648491469008086 -0.0042031469007923761 1 0 
1 1.0731898530991941 -0.0042031469007923761 -0.9999693244177037 0.0078326383550620191 
1 -1.0690195000000031 0.149997500000012 0 -1 
1 -1.0690195000000031 -0.14999749999999779 1 0 
1 1.0690194999999996 -0.14999749999999779 0 1 
1 1.0690194999999996 0.149997500000012 -1 0 
1 -3.0002519999999961 -0.149997500000012 1 0 
1 3.0002520000000032 -0.149997500000012 0 1 
1 3.0002520000000032 0.14999749999999779 -1 0 
1 -3.0002519999999961 0.14999749999999779 0 -1 
1 -1.0798720528110515 0.70187860467945029 0.28270545033965405 -0.95920677038282698 
1 -0.77987305281105179 -0.31600439532054736 0.9999693244177037 -0.0078326383550620191 
1 1.3581659471889509 -0.33275139532054254 -0.9205395787222691 0.39064931077096166 
1 -1.1060703170992241 -0.77112819911032204 0.9791870485770543 0.20295990712196765 
1 3.8855376829007753 0.26350180088967079 -1 0 
1 -3.8441073170992262 0.26350180088967079 0.9354426714125752 -0.35347844135180978 
1 -0.14999949999999629 0.53512599999999111 0 -1 
1 -0.14999949999999629 -0.53512600000000532 1 0 
1 0.14999950000000339 -0.53512600000000532 0 1 
1 0.14999950000000339 0.53512599999999111 -1 0 
1 -0.2136637265927348 -0.10369327340727352 1 0 
1 0.1210472734072674 -0.10369327340727352 0 1 
1 0.1210472734072674 0.19630972659273027 -0.74466090953361341 -0.66744297869748526 
1 1.2188548413302307 -0.51618331328980105 -0.8309619178251012 0.55632930097598665 
1 -0.82782815866976733 0.85407168671019917 0 -1 
1 -0.82782815866976733 -0.21618031328979725 0.98942720831922104 -0.14503033971425733 
1 -1.533367846039738 -0.49679236250129577 0.9936286990386507 0.11270318738508976 
1 1.1115581539602637 -0.19678936250129198 0 1 
1 1.1115581539602637 0.87346263749870445 -0.88791746776301139 -0.4600027939494733 
1 1.1570084615196947 0.23804946216893086 -1 0 
1 -1.1532065384803047 0.23804946216893086 -0.015864876138638479 -0.99987414493280391 
1 -1.1607505384803041 -0.23740653783106325 1 0 
1 1.1570084615196947 -0.23740653783106325 0 1 
1 1.2980103952823754 0.21391932511575362 -0.9936286990386507 -0.11270318738508976 
1 -1.3469156047176263 -0.086083674884250172 1 0 
1 0.96329939528237318 -0.086083674884250172 0.74466090953361341 0.66744297869748526 
1 -1.0206763802909187 0.17457951109879843 0.97675694323435769 -0.21434988650212491 
1 0.3463876197090805 -0.12542348890120536 1 0 
1 1.0260066197090794 -0.12542348890120536 -0.98942720831922104 0.14503033971425733 
1 -0.30800870501065347 -0.097285633249882153 1 0 
1 0.70277029498934596 -0.097285633249882153 -0.97675694323435769 0.21434988650212491 
1 -0.66429370501065321 0.20271736675012164 0.76493920217531797 -0.64410248949634419 
1 -0.14999949999999984 0.53512599999999111 0 -1 
1 -0.14999949999999984 -0.53512600000000532 1 0 
1 0.14999949999999984 -0.53512600000000532 0 1 
1 0.14999949999999984 0.53512599999999111 -1 0 
1 0.0042192506225617876 -0.53927974937744239 0 1 
1 0.0042192506225617876 0.53097225062255404 -1 0 
1 -0.01252674937743592 0.53097225062255404 0.015644867268107255 -0.99987761157461841 
1 -1.0690194999999996 0.53512600000000532 0 -1 
1 -1.0690194999999996 -0.53512599999999111 1 0 
1 1.0690195000000031 -0.53512599999999111 0 1 
1 1.0690195000000031 0.53512600000000532 -1 0 
1 1.0526295942467314 0.12019567675670828 -1 0 
1 -1.0854094057532713 0.12019567675670828 0.90060563230446788 -0.43463719935305761 
1 -0.46377740575326953 -0.17980732324329551 1 0 
1 0.78429859424673154 -0.17980732324329551 0.66666688670789043 0.74535579568901789 
1 0.86333811164452001 -0.091450552505364158 0.90214894471416573 0.43142471133572913 
1 1.4906721116445176 0.20855244749463964 -0.99506294733746936 -0.099245810168837365 
1 -1.5172318883554823 -0.091450552505364158 1 0 
1 -1.7170405236709421 -0.48778531255122459 0.99506294733746936 0.099245810168837365 
1 1.2908634763290578 -0.1877823125512208 -0.015644867268107255 0.99987761157461841 
1 1.2741174763290601 0.88246968744877563 -0.90914451982230327 -0.41648078236225217 
1 -0.7001127572908068 0.34086975793312035 0 -1 
1 -0.7001127572908068 -0.13785124206687271 0.99999948282253626 0.0010170322808002172 
1 0.90455524270919341 -0.13621924206687197 -0.95853218882888203 0.28498428549467869 
1 -0.64248230094285574 0.88237514996770017 -1 0 
1 -2.303594300942855 0.88237514996770017 0.90516001404561597 -0.42507099286229877 
1 2.1891676990571458 -1.2274648500323053 -0.80188511550258645 0.59747825193508397 
1 1.3593165473337976 -1.1831478066056036 -0.67745148887387985 0.73556745456998274 
1 -0.58082145266620344 0.92342719339440293 -0.99999329378272139 0.003662292940756318 
1 -1.472333452666204 0.9266921933944019 0.80188511550258645 -0.59747825193508397 
1 -0.60757389287037711 -1.7880185727757265 0.47719824612823014 0.87879567243594292 
1 1.2942551071296222 1.7143394272242745 -0.73463718414823298 -0.67846017397247071 
1 -1.3504748928703769 -0.72815057277571782 0.57397734303360903 -0.81887118015233562 
1 0.75144904088996789 -1.3097100139705447 -0.1571485981362678 0.9875749683461027 
1 0.41597904088996707 0.79849698602946262 -0.99999948282253626 -0.0010170322808002172 
1 -1.1886889591100331 0.79686498602946187 0.67745148887387985 -0.73556745456998274 
1 2.4341178213487087 -1.0915302371083726 -0.90516001404561597 0.42507099286229877 
1 -2.0586441786512921 1.0183097628916329 -0.99977839029746818 -0.021051610252028796 
1 -2.4514011786512917 1.0100397628916369 0.91861480689555486 -0.39515419338815377 
1 1.2943120283977869 1.0458413791648837 -1 0 
1 0.24318802839778542 1.0458413791648837 -0.47653477668572691 -0.87915562138286096 
1 -1.0829729716022136 -1.4007836208351137 0.69687067500180666 0.71719680863939039 
1 1.0524070253609423 0.89057655956423787 -0.78216971368726829 -0.62306543716561325 
1 -1.2728949746390548 -0.96172644043576838 0.81132502200285395 0.58459533753877024 
1 1.297774025360944 0.89055355956423909 -0.99999999560667463 9.373713619894836e-05 
1 0.90432295153441089 -1.0413129820953628 0 1 
1 0.90432295153441089 1.4052890179046358 -0.81132502200285395 -0.58459533753877024 
1 -1.6663460484655879 -0.44699098209537169 0.97430054471707439 -0.22525196683716681 
1 1.3413572546475905 1.1753230864333943 -0.99988049826455483 0.015459275216695254 
1 1.0739122546475919 1.1794580864333994 -0.69687067500180666 -0.71719680863939039 
1 -1.3033727453524087 -1.2671669135665979 0.73463718414823298 0.67846017397247071 
1 -0.85581035492266722 0.62563256507267795 -0.0040721941592923921 -0.9999917085829908 
1 -0.86335335492266552 -1.2266704349273283 0.78216971368726829 0.62306543716561325 
1 1.4619486450773316 0.62563256507267795 -1 0 
1 1.1911487657184026 3.6808561242191189 -0.47719824612823014 -0.87879567243594292 
1 -0.71068023428159677 0.17849812421911793 0.00075164043865182204 -0.99999971751828565 
1 -0.70768723428159674 -3.8034578757808788 0.24591755110608202 0.96929075001156773 
1 -0.27419874089657981 0.61048222686970632 0.068053816761654035 -0.99768165164253231 
1 -0.21406574089657937 -0.2710787731302986 0.96755022579283934 -0.25267876952412477 
1 0.46870225910342 -0.44938577313030237 -0.57397734303360903 0.81887118015233562 
1 0.10176343224783579 -0.41033156775215218 -0.15552836865906219 0.98783142617667863 
1 -0.037554567752163592 0.47454043224784925 0 -1 
1 -0.037554567752163592 -0.41033156775215218 1 0 
1 -2.6287038486814183 -1.0060986977821358 0.96001949962847255 0.27993313546827098 
1 2.2550701513185825 0.41796630221786302 0 1 
1 2.2550701513185825 1.2863443022178558 -0.90523271723469201 -0.4249161419008417 
1 1.6707436805383811 -0.0076749809670531022 0 1 
1 1.6707436805383811 0.87719701903294833 -0.93400780900597069 -0.35725258951597 
1 -2.052358319461618 -0.54686798096705047 0.98967519620234312 0.14332831549227701 
1 -0.30253193148041291 -0.050301431480406222 1 0 
1 0.38023606851958647 -0.050301431480406222 -0.96755022579283934 0.25267876952412477 
1 -0.30253193148041291 0.12800556851959755 0 -1 
1 3.1526742276893689 0.06717379222868658 -0.91861480689555486 0.39515419338815377 
1 -1.7328447723106315 2.1687437922286961 0.00039713124708435472 -0.99999992114338321 
1 -1.7310997723106318 -2.225269207771305 0.90523271723469201 0.4249161419008417 
1 -2.4831551376834362 0.083695235678135305 0.99159920357272124 -0.12934844210095869 
1 2.0728668623165625 -0.51061176432186528 0.022967959439570553 0.99973620162479981 
1 2.0931198623165628 0.37094923567813964 -0.9980357494548332 -0.062646969680341114 
1 0.063866025264026405 0.45731499480928051 -1 0 
1 -0.084713974735972641 0.45731499480928051 -0.022967959439570553 -0.99973620162479981 
1 -0.10496697473597294 -0.42424600519072442 1 0 
1 0.12399902526402684 -0.42424600519072442 -0.068053816761654035 0.99768165164253231 
1 1.7049109831255684 0.5408672446417313 -0.96728711530304612 -0.25368412754587449 
1 -1.8732000168744314 -0.39754075535826416 0.98724761196448696 0.15919218784355529 
1 1.7049109831255684 0.17942424464173712 0 1 
1 -0.26446941105265509 0.54526553124301813 -0.91546483125472711 -0.40239799047181402 
1 -2.2700754110526553 -0.33631046875697734 0.9980357494548332 0.062646969680341114 
1 2.3061995889473437 -0.049056468756973004 -0.97430054471707439 0.22525196683716681 
1 0.91054405230822866 0.97585323948769087 -0.99999999984960519 -1.734329391025293e-05 
1 -0.41561694769177038 0.9758302394876921 0 -1 
1 -0.41561694769177038 -1.4707717605123065 0.47653477668572691 0.87915562138286096 
1 0.80368986372307205 0.28011684784624435 -1 0 
1 0.067072863723073084 0.28011684784624435 -0.75492766561973246 -0.65580806619158138 
1 -0.74833913627692539 -0.42823415215376315 0.9097287398577959 0.41520310677636657 
1 -0.69111778884126629 0.77019284345857386 0.1571485981362678 -0.9875749683461027 
1 -0.35564778884126547 -1.3380141565414334 0.54608986986921404 0.83772659861450327 
1 1.0196962111587347 0.77182584345857208 -0.99999954444954375 -0.00095451595327389381 
1 -0.13051276070084938 0.19763123929915594 0 -1 
1 -0.13051276070084938 -0.10237176070084786 1 0 
1 0.22577223929915036 -0.10237176070084786 -0.76493920217531797 0.64410248949634419 
1 -0.61811881961070014 0.86880155344444177 -1 0 
1 -0.9484138196106997 0.86880155344444177 0.70520820333377698 -0.70900027500047291 
1 0.89398218038929755 -0.98350144655556448 -0.6323807359017859 0.77465773400923055 
1 -0.50538949999999616 -0.23772799999998995 1 0 
1 0.50538950000000327 -0.23772799999998995 0 1 
1 0.50538950000000327 0.23772800000000416 -1 0 
1 -0.50538949999999616 0.23772800000000416 0 -1 
1 0.14199101553379379 -1.0348214844662067 0 1 
1 0.14199101553379379 0.81748151553379955 -1 0 
1 -0.35933098446620448 0.81748151553379955 0.2612487506245661 -0.96527151118071608 
1 0.092706091787825073 0.19146090821217854 -0.66666688670789043 -0.74535579568901789 
1 -0.1756249082121748 -0.10854209178782526 1 0 
1 0.092706091787825073 -0.10854209178782526 0 1 
1 0.25567710343954175 0.20799139656044474 -0.90214894471416573 -0.43142471133572913 
1 -0.37165689656045586 -0.092011603439559053 1 0 
1 0.25567710343954175 -0.092011603439559053 0 1 
1 -0.25296668603454719 -0.092152186034539341 1 0 
1 0.36866531396545454 -0.092152186034539341 -0.90060563230446788 0.43463719935305761 
1 -0.25296668603454719 0.20785081396546445 0 -1 
1 0.62403800000000231 0.31675349999999014 -1 0 
1 -0.62403799999999876 0.31675349999999014 0 -1 
1 -0.62403799999999876 -0.31675350000000435 1 0 
1 0.62403800000000231 -0.31675350000000435 0 1 
1 0.024701830986121109 -1.0920991690138919 0 1 
1 0.024701830986121109 1.0448788309861072 -1 0 
1 -0.071922169013877379 1.0448788309861072 0.045169103853200214 -0.99897935517061554 
1 0.62140058142028209 -1.1020885701541232 -0.2612487506245661 0.96527151118071608 
1 0.12007858142028383 0.75021442984588305 -1 0 
1 -0.8907004185797156 0.75021442984588305 0.6323807359017859 -0.77465773400923055 
1 -1.5639010840877283 -0.68595554007374915 1 0 
1 1.9101589159122732 -0.68595554007374915 -0.53787219644917028 0.84302639358856679 
1 0.93224791591227429 0.8467594599262469 -1 0 
1 -1.5639010840877283 0.8467594599262469 0 -1 
1 -2.1352087247685141 0.66186546228186671 0.53787219644917028 -0.84302639358856679 
1 -1.1572977247685152 -0.87084953771812934 0.96728711530304612 0.25368412754587449 
1 2.4208132752314846 0.067558462281866127 -0.99159920357272124 0.12934844210095869 
1 -0.58035576761815122 1.4670945550938512 0 -1 
1 -0.58035576761815122 -1.2667844449061505 0.90205224343384183 0.43162686445119813 
1 1.262040232381846 -0.38520844490615502 -0.70520820333377698 0.70900027500047291 
1 0.70996728492209726 1.1417325768424007 -1 0 
1 -0.53810871507790381 1.1417325768424007 -0.18601279015030756 -0.98254732298271397 
1 -0.9426747150779029 -0.99524542315759845 1 0 
1 0.80659128492209575 -0.99524542315759845 -0.045169103853200214 0.99897935517061554 
1 0.84330629013682312 0.42442462594480901 -0.90205224343384183 -0.43162686445119813 
1 -0.99908970986317414 -0.45715137405518647 0.91546483125472711 0.40239799047181402 
1 1.0065162901368261 0.42442462594480901 -1 0 
1 0.16014212437553255 -2.3372998756244669 0 1 
1 0.16014212437553255 2.057758124375539 -1 0 
1 -0.43968387562446765 2.057758124375539 0.13522384524231268 -0.9908150744098938 
1 0.29393488409177237 0.97683711590823918 -1 0 
1 -0.11063111590822672 0.97683711590823918 0 -1 
1 -0.11063111590822672 -1.16014088409176 0.18601279015030756 0.98254732298271397 
1 -0.2918018153048898 -0.32704561698510304 0.94611432855888034 0.32383279218692335 
1 1.7777261846951085 0.38130538301490446 -0.98724761196448696 -0.15919218784355529 
1 -1.8003848153048914 -0.19565961698509682 0.99622890304162137 -0.086763890786938816 
1 0.87362103769235944 2.1848510887093084 -1 0 
1 -1.5069489623076429 2.1848510887093084 0.15248030240915592 -0.98830650983245705 
1 -0.82885996230764292 -2.2102069112906975 1 0 
1 1.4734470376923596 -2.2102069112906975 -0.13522384524231268 0.9908150744098938 
1 1.1902850000000029 0.23772799999998995 -1 0 
1 -1.1902849999999994 0.23772799999998995 0 -1 
1 -1.1902849999999994 -0.23772800000000416 1 0 
1 1.1902850000000029 -0.23772800000000416 0 1 
1 -0.86363480004374171 0.23740580004373157 0 -1 
1 -0.86363480004374171 -0.56199419995625988 0.93178126212465595 0.36302021920739258 
1 1.188223199956258 0.23740580004373157 -1 0 
1 0.23772850000000012 -0.52241900000001351 0 1 
1 0.23772850000000012 0.52241899999998509 -1 0 
1 -0.23772850000000001 0.52241899999998509 0 -1 
1 -0.23772850000000001 -0.52241900000001351 1 0 
1 1.2044118762184908 0.80010540304307654 -0.93178126212465595 -0.36302021920739258 
1 -0.84744612378150896 0.00070540304308508439 0 -1 
1 -0.84744612378150896 -1.0441325969569135 0.74373270876373787 0.66847711846775515 
1 1.1209424948975308 -0.77433926346915882 0 1 
1 1.1209424948975308 0.27049873653083978 -0.99932428079830171 0.03675570441383353 
1 -1.5420405051024693 0.36844473653083298 0.91895681196985513 -0.39435818456601163 
1 -0.84326417836180223 -1.7213773332003939 0.53035504347056017 0.84777563533363021 
1 1.2085938216381975 1.5585296667996005 -0.74373270876373787 -0.66847711846775515 
1 -0.84326417836180223 -0.28570833320038957 0 -1 
1 -1.1486125101815099 -0.21261324302314222 0.99932428079830171 -0.03675570441383353 
1 1.5143704898184902 -0.31055924302313542 -0.93919009748674687 0.34339767148720607 
1 -1.1486125101815099 0.66311175697686053 0 -1 
1 0.67219853550028486 0.5949785250764279 -0.7757901619730585 -0.63099098613674021 
1 -0.60873046449971469 -0.44686847492357629 0 -1 
1 -0.60873046449971469 -0.62516747492357183 0.72407762326389069 0.68971849002945773 
1 0.51476790728156541 -0.60082900516393067 0 1 
1 0.51476790728156541 0.27489599483607208 -0.99981241077132188 0.019368615532289423 
1 -0.82069909271843455 0.30076699483606717 0.8288038412204437 -0.55953926830762979 
1 -0.9102677180971428 0.12410663070193095 0.64753074221850726 -0.76203932830395904 
1 0.37066128190285674 -1.3833403692980681 0 1 
1 0.37066128190285674 1.3442526307019307 -0.72407762326389069 -0.68971849002945773 
1 -0.29957696174862125 0.63365140267593745 0.20282637033119397 -0.97921471777045577 
1 0.012663038251378822 -0.87379559732406165 0.17608808230184289 0.98437441416935423 
1 0.2823200382513793 0.63365140267593745 -1 0 
1 -0.38458586042123644 1.4413332334929123 0 -1 
1 -0.38458586042123644 -1.6053207665070772 0.52851990816525773 0.84892090719512125 
1 0.95088113957876352 0.53973723349291447 -0.8288038412204437 0.55953926830762979 
1 -0.28920620467993352 -0.7270696973700268 0.7757901619730585 0.63099098613674021 
1 0.99172279532006602 0.31477730262997738 -1 0 
1 -0.87110320467993407 0.31477730262997738 0.48762235474580135 -0.87305465988800501 
1 -1.1234088310312358 0.53419692658449947 -1 0 
1 -1.5548618310312357 0.53419692658449947 0.93807450460559649 -0.34643357777352457 
1 1.5395741689687643 -0.60858707341549234 -0.91895681196985513 0.39435818456601163 
1 -1.1684068289992116 1.0906190594325409 0.001476972114963355 -0.99999890927609103 
1 -1.1652628289992117 -1.0380579405674553 0.95272074649238103 0.30384729586257692 
1 1.9260291710007884 -0.052164940567450913 -0.93807450460559649 0.34643357777352457 
1 1.539837529809341 0.52536556344006158 -0.95272074649238103 -0.30384729586257692 
1 -1.551454470190659 -0.46052743655994277 1 0 
1 -1.1231454701906589 -0.46052743655994277 0.93779428699229606 0.3471914101538387 
1 0.41750961845291457 1.3035305541532978 -0.51932313892027893 -0.85457795278253501 
1 -0.88603238154708563 -0.84152744584669392 0.99992142992590083 0.012535309128292276 
1 0.42065361845291438 -0.82514644584669838 -0.001476972114963355 0.99999890927609103 
1 -0.73511539757307576 0.099527054233035983 0.9631952627629734 -0.26880268932986262 
1 0.57157060242692426 -0.26513494576697383 0 1 
1 0.57157060242692426 0.11590805423303152 -0.99992142992590083 -0.012535309128292276 
1 -1.9018032144590054 -0.76604644517195197 0.93439437156603056 0.3562403098832625 
1 1.9174307855409944 0.69004655482804367 -1 0 
1 1.4891217855409944 0.69004655482804367 -0.91886621604893515 -0.39456922967194447 
1 -0.57465997285377446 0.26101402714623134 0 -1 
1 -0.57465997285377446 -0.10364797285377847 1 0 
1 0.73202602714622556 -0.10364797285377847 -0.9631952627629734 0.26880268932986262 
1 -1.6878725132825183 -0.34725959180494215 0.98548653858287205 0.16975359281013644 
1 1.7030524867174814 0.23683940819505267 -1 0 
1 0.39636648671748143 0.23683940819505267 -0.96290256892930559 -0.26984929636621979 
1 -1.6055143237113589 -0.16876037194094806 0.98603460355288797 -0.16654056741917003 
1 1.0574686762886409 -0.61853637194094802 0 1 
1 1.0574686762886409 0.81713262805905629 -0.93779428699229606 -0.3471914101538387 
1 0.66393392053741662 1.0792841344811421 -0.52851990816525773 -0.84892090719512125 
1 -0.67153307946258334 -1.0657738655188496 1 0 
1 -0.63960807946258358 -1.0657738655188496 0.51932313892027893 0.85457795278253501 
1 -0.4495035000000005 -0.18233100000000491 1 0 
1 0.44950349999999961 -0.18233100000000491 0 1 
1 0.44950349999999961 0.18233100000000491 -1 0 
1 -0.4495035000000005 0.18233100000000491 0 -1 
1 -0.44947099008546409 -0.38917456527904903 0.87378624755513556 0.48631018247977853 
1 0.60001900991453549 0.19492443472094578 -1 0 
1 -0.29898799008546462 0.19492443472094578 -0.24948594292065054 -0.96837841998104957 
1 0.71720245773569502 -0.63852864195165182 -0.64753074221850726 0.76203932830395904 
1 -0.56372654226430452 0.86891835804834727 0.38526577737045725 -0.92280565710616302 
1 0.065623457735695112 -0.63852864195165182 1 0 
1 0.5138837512874499 -0.58698769101009418 -0.38526577737045725 0.92280565710616302 
1 -0.11546624871254973 0.92045930898990491 -0.17608808230184289 -0.98437441416935423 
1 -0.38512324871255021 -0.58698769101009418 1 0 
1 -1.0242958928244912 -0.3607250721153008 0.96290256892930559 0.26984929636621979 
1 1.0599431071755085 0.22337392788469401 -1 0 
1 0.025194107175508407 0.22337392788469401 -0.87378624755513556 -0.48631018247977853 
1 -1.2431883745236747 -0.070101616764759456 0.99966707462865378 -0.025801936039563853 
1 1.4197946254763254 -0.13883461676475406 -0.98603460355288797 0.16654056741917003 
1 -1.2431883745236747 0.31094138323524589 0 -1 
1 0.52514743747209902 -0.96765135405441072 -0.12879594355904472 0.9916711173180025 
1 0.20945843747209913 1.4630126459455965 -0.37484364470430875 -0.92708804437593195 
1 -0.77331656252790104 -0.96765135405441072 1 0 
1 0.62577345576667298 0.94202602279801795 -0.9825679850928728 -0.18590361661498697 
1 -1.2474435442333274 0.58761002279801744 0.69746296012862474 -0.71662083366911444 
1 0.62623145576667305 -1.337530977201979 -0.0002009162265983923 0.99999997981633471 
1 1.0169041826205163 0.096912317379491242 -1 0 
1 -0.85631281737948406 0.096912317379491242 0 -1 
1 -0.85631281737948406 -0.25750368262050927 0.9825679850928728 0.18590361661498697 
1 -0.84985988355510145 0.27987461644489997 0 -1 
1 -0.84985988355510145 -0.10643138355510473 1 0 
1 1.0233031164448985 -0.10643138355510473 -0.97938936829385648 0.20198134882449159 
1 -0.48016727920960278 0.1861782792095994 0 -1 
1 -0.48016727920960278 -0.41515572079039487 0.89241384216730713 0.45121783465216081 
1 0.70914472079039648 0.1861782792095994 -1 0 
1 -0.84412618220259983 -0.51862256708004395 1 0 
1 0.72362381779739948 -0.51862256708004395 -0.34840025916913625 0.93734585901409884 
1 0.1617898177974002 0.99295143291995203 -0.55401368154171327 -0.83250756192637509 
1 -0.32719734763077035 0.58341840184434091 0 -1 
1 -0.32719734763077035 -0.93226759815564719 0.55401368154171327 0.83250756192637509 
1 0.67871865236922968 0.57930640184434878 -0.99999164498293291 0.0040877823239335509 
1 0.48978621108448195 0.69672471108448519 -1 0 
1 -0.96844578891551869 0.69672471108448519 0.61450424633863399 -0.7889135131507049 
1 0.48978621108448195 -1.1753842889155237 0 1 
1 0.23589630848779386 -0.81016417108820349 -0.20282637033119397 0.97921471777045577 
1 -0.076343691512206213 0.6972828289117956 -0.99986332734896521 0.016532592738471585 
1 -0.32593769151220542 0.70140982891179249 0.34840025916913625 -0.93734585901409884 
1 -1.578935236981339 0.37770732525203243 0.91793649041870462 -0.39672736174581097 
1 1.4840517630186607 -0.94609967474796974 -0.69746296012862474 0.71662083366911444 
1 -0.38962323698133972 0.9790413252520267 -0.89241384216730713 -0.45121783465216081 
1 -1.4294957106888457 0.32166728931113653 0 -1 
1 -1.4294957106888457 -0.11767171068886739 1 0 
1 1.6334912893111539 -0.11767171068886739 -0.98986927907017574 0.14198172541947315 
1 -1.3463339594910639 -0.062068288198346977 0.98986927907017574 -0.14198172541947315 
1 1.7166530405089357 -0.5014072881983509 -0.91793649041870462 0.39672736174581097 
1 -1.3463339594910639 0.82239971180165128 0 -1 
1 -1.385303835612758 0.1806843356127672 0 -1 
1 -1.385303835612758 -0.47306366438724012 0.9779725850684261 0.20873337743298312 
1 1.6776831643872416 0.1806843356127672 -1 0 
1 -0.18334634089996538 0.62852565910003477 0 -1 
1 -0.18334634089996538 -0.41332134089996941 1 0 
1 0.39855065910003518 -0.41332134089996941 -0.48762235474580135 0.87305465988800501 
1 -0.48962029504809124 0.37248070495191143 0 -1 
1 -0.48962029504809124 -0.16240929504809287 1 0 
1 0.69969170495190802 -0.16240929504809287 -0.91200768957782574 0.4101731026663209 
1 -0.042389064970260293 -0.32490193502974307 0.24948594292065054 0.96837841998104957 
1 0.10809393502973919 0.25919706497025174 -1 0 
1 -0.042389064970260293 0.25919706497025174 0 -1 
1 -0.74121643683808425 -0.47298062234202121 0.95739597738621618 -0.2887783622169291 
1 1.2804295631619158 -1.0827676223420184 -0.61884757024851567 0.78551109781944428 
1 -0.74121643683808425 1.4833333776579849 0 -1 
1 0.57452411102742795 2.9533136334313497 -0.53035504347056017 -0.84777563533363021 
1 -1.4773338889725718 -0.32659336656864468 0.61884757024851567 -0.78551109781944428 
1 0.54431211102742827 -2.892694366568648 0.0051679020210324885 0.99998664630518996 
1 -0.34235575342721181 -0.87352974657279958 1 0 
1 0.13310124657278832 -0.87352974657279958 0 1 
1 0.13310124657278832 1.0827842534272065 -0.23616250802802335 -0.97171357395166291 
1 -0.88086700981502797 -0.17493750981503808 1 0 
1 1.1407789901849721 -0.17493750981503808 -0.95739597738621618 0.2887783622169291 
1 -0.88086700981502797 0.43484949018495911 0 -1 
1 0.23772850000000012 -0.54324750000000677 0 1 
1 0.23772850000000012 0.54324749999999256 -1 0 
1 -0.23772850000000001 0.54324749999999256 0 -1 
1 -0.23772850000000001 -0.54324750000000677 1 0 
1 1.0044864065676773 -1.3311973235280306 0 1 
1 1.0044864065676773 0.62511667647197555 -0.99966707462865378 0.025801936039563853 
1 -1.6584965934323226 0.69384967647197016 0.79599225634782578 -0.60530680471501175 
1 -1.510732107202327 -0.88367698191363786 0.91886621604893515 0.39456922967194447 
1 1.8801928927976728 0.57241601808635778 -0.98548653858287205 -0.16975359281013644 
1 -1.510732107202327 -0.011682981913637036 0 -1 
1 -3.535273343253782 0.67680852508755152 0.95992340335121629 -0.28026248357319994 
1 2.9469436567462179 -1.2157614749124548 0 1 
1 2.9469436567462179 0.10785452508754645 -0.99617019466761136 0.087435366162058645 
1 1.5587381725794542 -0.059477218166549051 0 1 
1 1.5587381725794542 1.0270177818334503 -0.90528067996727779 -0.42481394807372219 
1 -2.0071898274205457 -0.64633721816653633 0.98672668203199498 0.16238982408430119 
1 -0.12710033543147592 -0.25547766456851662 1 0 
1 0.051195664568524035 -0.25547766456851662 0 1 
1 0.051195664568524035 0.33138233543147066 -0.29069368454979944 -0.95681616926286406 
1 3.2214949757247653 0.94947960020529365 -0.96825835409365901 -0.24995151475403893 
1 -3.2607220242752346 -0.72387539979469295 1 0 
1 -1.4449610242752344 -0.72387539979469295 0.94130899186031136 0.33754611809784535 
1 -0.13310124657278832 -1.0827842534272207 0.23616250802802335 0.97171357395166291 
1 0.34235575342721181 0.87352974657278537 -1 0 
1 -0.13310124657278832 0.87352974657278537 0 -1 
1 0.978076246342789 0.41342856312908793 -0.96420636600079268 -0.26515294409745005 
1 -1.1559907536572112 -0.17343143687089935 1 0 
1 0.79978024634278899 -0.17343143687089935 0.29069368454979944 0.95681616926286406 
1 0.97788549999999974 0.23422249999998712 -1 0 
1 -0.9778855000000003 0.23422249999998712 0 -1 
1 -0.9778855000000003 -0.23422250000001554 1 0 
1 0.97788549999999974 -0.23422250000001554 0 1 
1 -1.5062298014612425 0.77670719318106762 0.77894586373481989 -0.62709117468707487 
1 1.1032941985387577 -1.324092806818939 -0.29713732216933131 0.95483475626625525 
1 0.44954119853875762 0.77670719318106762 -1 0 
1 0.18828106793607879 0.91180456793607334 -1 0 
1 -0.46547193206392129 0.91180456793607334 0.29713732216933131 -0.95483475626625525 
1 0.18828106793607879 -1.1889954320639333 0 1 
1 -1.7176984482260216 -0.63756653194926116 1 0 
1 1.9849525517739783 -0.63756653194926116 -0.77894586373481989 0.62709117468707487 
1 -0.62457144822602184 1.4632334680507455 -0.46158904762740988 -0.88709387953610686 
1 2.3126913021842155 0.92878411221495583 -0.94130899186031136 -0.33754611809784535 
1 -2.3537646978157838 -0.74457088778503078 1 0 
1 -1.2532366978157843 -0.74457088778503078 0.90528067996727779 0.42481394807372219 
1 0.55026400000000031 0.23422249999998712 -1 0 
1 -0.55026399999999942 0.23422249999998712 0 -1 
1 -0.55026399999999942 -0.23422250000001554 1 0 
1 0.55026400000000031 -0.23422250000001554 0 1 
1 0.75299968175118459 0.84396381824880962 -1 0 
1 -0.34012731824881515 0.84396381824880962 0 -1 
1 -0.34012731824881515 -1.256836181751197 0.46158904762740988 0.88709387953610686 
1 -1.7907773119195352 -0.2355503597639057 1 0 
1 -0.35891631191953532 -0.2355503597639057 0.96420636600079268 0.26515294409745005 
1 1.7751506880804646 0.35130964023608158 -0.98672668203199498 -0.16238982408430119 
1 0.5102434339753521 1.2689601216678597 -0.93439437156603056 -0.3562403098832625 
1 -3.3089905660246477 -0.18713287833213599 0.99617019466761136 -0.087435366162058645 
1 3.1732264339753522 -0.75608687833214105 -0.79599225634782578 0.60530680471501175 
1 0.087899000000000171 0.43599700000000041 -1 0 
1 -0.087899000000000171 0.43599700000000041 0 -1 
1 -0.087899000000000171 -0.43599700000000041 1 0 
1 0.087899000000000171 -0.43599700000000041 0 1 
1 -1.6069667874482709 -0.35135192874548693 1 0 
1 0.022058212551729461 -0.35135192874548693 0.85356172480617765 0.52099172924903814 
1 1.5434652125517294 0.57727507125451893 -0.95919807573864124 -0.28273494920028513 
1 0.4502550685970057 1.5488154118202715 -0.98407694353058695 -0.17774298639186301 
1 -1.0711519314029943 1.274020411820274 0.41960922676522455 -0.90770485115674604 
1 0.4502550685970057 -2.0171095881797214 0 1 
1 0.60189370660577257 0.61732173040491034 -0.85356172480617765 -0.52099172924903814 
1 -0.91951329339422738 -0.31130526959509552 0.99930790250596302 0.037198333149923227 
1 0.60189370660577257 -0.25467226959509048 0 1 
1 -0.71020930618335676 0.032114935785600096 0 -1 
1 -0.71020930618335676 -0.18604706421439232 0.98407694353058695 0.17774298639186301 
1 0.81119769381664319 0.088747935785605137 -0.99930790250596302 -0.037198333149923227 
1 -0.96763198096829672 0.17051751903170498 0.94527278569444229 -0.32628110675530858 
1 0.72456801903170298 -0.41358148096828984 0 1 
1 0.72456801903170298 0.17051751903170498 -1 0 
1 1.0431431030837945 -0.15781673358085868 -0.61450424633863399 0.7889135131507049 
1 -0.4150888969162061 1.7142922664191502 0 -1 
1 -0.4150888969162061 -1.6705427335808594 0.6940201274032286 0.71995559776920026 
1 1.7146539884540068 0.62442440818999501 -0.9779725850684261 -0.20873337743298312 
1 -1.3483330115459928 -0.029323591810012317 0 -1 
1 -1.3483330115459928 -0.92081059181001024 0.89281926647783816 0.45041509455831413 
1 -0.10178340939283004 0.41361909060715618 0.15440193198136715 -0.98800811909640773 
1 0.037534590607169349 -0.47786790939284174 0 1 
1 0.037534590607169349 0.41361909060715618 -1 0 
1 0.9403961134355221 2.367939803938782 -0.89281926647783816 -0.45041509455831413 
1 -2.1225908865644776 0.82270480393877676 0.65158565432611149 -0.75857506884712034 
1 0.9403961134355221 -2.7432201960612161 0 1 
1 3.9204252523584522 -0.069336198042023511 -0.95992340335121629 0.28026248357319994 
1 -2.5617917476415477 1.8232338019579828 0 -1 
1 -2.5617917476415477 -1.7426911980420101 0.96825835409365901 0.24995151475403893 
1 0.74290927476919677 1.690243304131215 -1 0 
1 -0.88611572523080362 1.690243304131215 0 -1 
1 -0.88611572523080362 -1.6008866958687804 1 0 
1 1.017857274769197 -1.6008866958687804 -0.083252111823687872 0.99652851734252756 
1 -0.05113301024741812 0.77420357032346487 -0.6940201274032286 -0.71995559776920026 
1 -1.5093650102474188 -0.73852242967653581 0.95919807573864124 0.28273494920028513 
1 1.6410669897525816 0.19010457032347006 -0.94527278569444229 0.32628110675530858 
1 1.097708051852722 -1.4990040223244705 -0.42302519464473137 0.90611791986241352 
1 -0.56705994814727845 2.0669209776755224 0.067772058911158964 -0.99770083092625639 
1 -0.3248329481472787 -1.4990040223244705 1 0 
1 0.7745175297624165 -1.624513257773657 -0.41960922676522455 0.90770485115674604 
1 -0.74688947023758345 1.6666167422263385 0.39802386645253807 -0.91737506055820606 
1 0.68104152976241661 -1.624513257773657 1 0 
1 0.93097217505521268 -1.4096731665577664 -0.39802386645253807 0.91737506055820606 
1 -0.49695882494478738 1.881456833442229 0.083252111823687872 -0.99652851734252756 
1 -0.22201082494478719 -1.4096731665577664 1 0 
1 0.57649150000000127 0.23422249999998712 -1 0 
1 -0.5764914999999986 0.23422249999998712 0 -1 
1 -0.5764914999999986 -0.23422250000001554 1 0 
1 0.57649150000000127 -0.23422250000001554 0 1 
1 0.71127049999999947 0.23422250000000133 -1 0 
1 -0.71127050000000125 0.23422250000000133 0 -1 
1 -0.71127050000000125 -0.23422250000000133 1 0 
1 0.71127049999999947 -0.23422250000000133 0 1 
1 -0.23080441389930684 0.977394086100702 0.14856004516886015 -0.98890338910301356 
1 0.084792586100691736 -1.1234059138993047 0 1 
1 0.084792586100691736 0.977394086100702 -1 0 
1 0.66399668482348062 -1.288580867997311 -0.14856004516886015 0.98890338910301356 
1 0.34839968482348205 0.81221913200269569 -1 0 
1 -1.0741413151765187 0.81221913200269569 0.63746864590692842 -0.77047629780908078 
1 -1.280667818591736 0.93756671776790768 0.75980940801171293 -0.65014587862793571 
1 1.1744851814082633 -1.163233282232099 -0.63746864590692842 0.77047629780908078 
1 -0.56365281859173599 0.93756671776790768 -1 0 
1 0.29147103991441448 -1.5345205951781509 1 0 
1 1.6896900399144137 -1.5345205951781509 -0.65158565432611149 0.75857506884712034 
1 -1.373296960085586 2.031404404821842 0.42302519464473137 -0.90611791986241352 
1 -0.062611139508646829 1.8414648604913566 0 -1 
1 -0.062611139508646829 -1.7244601395086363 1 0 
1 0.17961586049135292 -1.7244601395086363 -0.067772058911158964 0.99770083092625639 
1 -1.6472709735837938 0.051985296290013139 0 -1 
1 -1.6472709735837938 -0.96214370370999802 0.92289821490183854 0.38504400388916604 
1 2.0758310264162052 0.59117829629001051 -0.98967519620234312 -0.14332831549227701 
1 -0.67014694631446403 -0.9030167572244352 0.67580564467053672 0.73707986719991225 
1 0.88188205368553341 0.78973224277557108 -0.83191717272238253 -0.55489982675217842 
1 -0.67014694631446403 -0.2454917572244284 0 -1 
1 -1.296131999568912 -0.63127844950508916 0.93400780900597069 0.35725258951597 
1 2.426970000431087 0.79278655049490965 -0.96001949962847255 -0.27993313546827098 
1 -2.4568039995689137 -0.63127844950508916 1 0 
1 0.43762006177665214 -1.9228390751044486 0 1 
1 0.43762006177665214 1.8759809248955577 -0.67580564467053672 -0.73707986719991225 
1 -1.1144089382233453 0.1832319248955514 0.59324541557954291 -0.80502166237552619 
1 0.61557000304324561 0.94893136128042954 -1 0 
1 -0.54684699695675576 0.94893136128042954 0 -1 
1 -0.54684699695675576 -0.99458063871956881 1 0 
1 0.47289400304324403 -0.99458063871956881 0.073214412626832787 0.99731622356387439 
1 -0.82880575361807729 0.037034916977290777 0.98863743764034973 -0.15031971559287777 
1 0.68460424638192308 -0.19307508302270548 -0.014765593283690958 0.9998909826851029 
1 0.67977724638192427 0.13379791697728649 -0.99794925014188307 -0.064010109680060462 
1 -0.70140760093995524 -0.10607136598059697 0.99794925014188307 0.064010109680060462 
1 0.80717539906004632 -0.009308365980601252 -0.99622890304162137 0.086763890786938816 
1 -0.70140760093995524 0.12207763401940497 0 -1 
1 -0.59554013168964204 -0.50128485424093583 0.92373897432153929 0.38302259374531755 
1 0.91786986831035833 0.12624114575906731 -0.98863743764034973 0.15031971559287777 
1 -0.59554013168964204 0.35635114575906357 0 -1 
1 -0.88847219170504843 -0.1803068353030568 0.99980479235817155 -0.019757964916296954 
1 0.62955580829495261 -0.21030583530306046 -0.007023133886216457 0.99997533749108847 
1 0.62493780829495194 0.44721916469694634 -0.92373897432153929 -0.38302259374531755 
1 0.1679142173016146 0.39742764536516972 -0.83438936253405238 -0.55117546361391823 
1 -1.3501137826983864 -0.60534135463483096 0.93999529045232855 0.34118741759836713 
1 1.4125852173016149 0.39742764536516972 -1 0 
1 -1.4138090606742999 -1.0740820124790389 0.33787355635345173 -0.94119151075488927 
1 0.4850269393256994 -6.3635410124790326 0 1 
1 0.4850269393256994 6.4102319875209588 -0.24591755110608202 -0.96929075001156773 
1 0.089655000000004037 -0.4288180000000068 0 1 
1 0.089655000000004037 0.42881799999999259 -1 0 
1 -0.089654999999996932 0.42881799999999259 0 -1 
1 -0.089654999999996932 -0.4288180000000068 1 0 
1 0.18264249978975045 -0.25594170137635786 0.75492766561973246 0.65580806619158138 
1 0.99805449978974892 0.45240929862364965 -0.94611432855888034 -0.32383279218692335 
1 -1.0714735002102493 -0.25594170137635786 1 0 
1 2.0241718630198235 -0.99192812149516385 -0.59324541557954291 0.80502166237552619 
1 0.47214286301982611 1.1141428785048362 -0.93999529045232855 -0.34118741759836713 
1 -2.2905561369801752 0.11137387850483549 0.96882780259215373 -0.24773511847224855 
1 -0.069658999999997917 -0.44223399999999913 1 0 
1 0.06965900000000147 -0.44223399999999913 0 1 
1 0.06965900000000147 0.44223399999999913 -1 0 
1 -0.069658999999997917 0.44223399999999913 0 -1 
1 -2.1255606379799907 -0.5042827321070007 0.99281888661773632 0.11962716403525776 
1 1.7402173620200099 -0.038485732106991577 0 1 
1 1.7402173620200099 0.84598226789300668 -0.94406812359676917 -0.32975047840522614 
1 -1.8596177364323658 -0.45225210575041785 0.98051216268711117 0.19645838954507386 
1 2.0061602635676348 0.3223068942495928 -0.99281888661773632 -0.11962716403525776 
1 -1.8596177364323658 -0.14349010575041632 0 -1 
1 -1.4479607942256454 0.83616071881553466 -0.073214412626832787 -0.99731622356387439 
1 -1.590636794225647 -1.1073512811844637 0.94406812359676917 0.32975047840522614 
1 2.2751412057743536 0.24291371881554369 -0.98754178206515419 0.15735701025241794 
1 1.6360952818352938 -0.68806403032684216 0 1 
1 1.6360952818352938 0.73830496967316606 -0.98051216268711117 -0.19645838954507386 
1 -2.2296827181647068 -0.0362540303268446 0.98608136379872002 -0.1662634775555247 
1 -0.93363027250183706 2.6475719623299057 0 -1 
1 -0.93363027250183706 2.4604759623299088 0.34877926264359799 -0.93720490072864437 
1 0.96520572749816225 -2.641887037670088 -0.33787355635345173 0.94119151075488927 
1 -0.1978108978552271 -1.8496926021447564 0.2073533416660184 0.97826611497073512 
1 0.51836610214477119 1.5291373978552514 -1 0 
1 -0.1978108978552271 1.5291373978552514 0 -1 
1 2.4280816412610537 -0.84800271001915917 -0.92872618465102341 0.37076633334696563 
1 -1.4376963587389469 0.69529428998083631 -1 0 
1 -2.4574373587389466 0.69529428998083631 0.95355455214081919 -0.30122037794864071 
1 -0.84657919968538664 -0.36707651050346612 1 0 
1 2.2275658003146113 -0.36707651050346612 -0.96882780259215373 0.24773511847224855 
1 -2.0871621996853875 0.73622548949653321 0.74724134005134235 -0.66455276669221253 
1 1.4599797343174448 -0.89928353843875186 0 1 
1 1.4599797343174448 1.2472854615612476 -0.92289821490183854 -0.38504400388916604 
1 -2.2631222656825543 -0.30603653843876089 0.98754178206515419 -0.15735701025241794 
1 0.94522478191955628 -0.044304718080439898 0 1 
1 0.94522478191955628 0.015074281919552845 -1 0 
1 -0.97445521808044333 0.015074281919552845 0.99952195742307237 -0.030916931108214581 
1 0.79203637275283967 -0.62120092844963892 0 1 
1 0.79203637275283967 0.23643507155036048 -0.99952195742307237 0.030916931108214581 
1 -1.1276436272471599 0.29581407155035322 0.90233406341002453 -0.43103739746100223 
1 0.94032005142257802 0.059387448577410851 -0.99913851279807864 -0.041499786067445754 
1 -0.97935994857742159 -0.020347551422588595 1 0 
1 0.94032005142257802 -0.020347551422588595 0 1 
1 -0.77022313947867715 0.65616369795264973 0 -1 
1 -0.77022313947867715 -0.34058630204734186 0.99913851279807864 0.041499786067445754 
1 1.1494568605213225 -0.26085130204734241 -0.90233406341002453 0.43103739746100223 
1 0.93837554558440672 0.31844342379453394 -0.99980479235817155 0.019757964916296954 
1 -0.57965245441559432 0.3484424237945376 0 -1 
1 -0.57965245441559432 -0.68432557620546675 0.83438936253405238 0.55117546361391823 
1 -0.85360966490998536 0.34336316491000218 0 -1 
1 -0.85360966490998536 -0.76043383508999796 0.88735932306812926 0.46107855270449472 
1 1.2706803350900167 0.34336316491000218 -1 0 
1 0.70341824969488442 1.2232391580993038 -0.88735932306812926 -0.46107855270449472 
1 -1.4208717503051176 0.1194421580993037 0.83132499873680965 -0.55578660156146575 
1 0.70341824969488442 -1.300762841900692 0 1 
1 1.4672779404987786 -0.59068805950121828 0 1 
1 1.4672779404987786 0.23049394049878913 -1 0 
1 -1.8274720595012219 0.23049394049878913 0.97031587013447818 -0.24184108866189485 
1 0.50530967525510917 0.43373518858227555 -0.96760596918550834 -0.25246522215262257 
1 -0.84750932474489105 0.080761188582272325 0.91699210089996019 -0.39890536081516531 
1 0.51798367525510969 -0.51324881141772494 -0.013382343391377347 0.99991045243329435 
1 -0.87542480141271994 -0.095601139033931304 0.97579670105977545 -0.21867967029621058 
1 1.2361911985872815 -0.56882213903392653 -0.83132499873680965 0.55578660156146575 
1 -0.88809880141272046 0.85138286096606919 0.013382343391377347 -0.99991045243329435 
1 0.089655000000000484 0.40779899999999714 -1 0 
1 -0.089655000000000484 0.40779899999999714 0 -1 
1 -0.089655000000000484 -0.40779899999999714 1 0 
1 0.089655000000000484 -0.40779899999999714 0 1 
1 0.75522482464773688 -0.44442910517722112 -0.74724134005134235 0.66455276669221253 
1 -0.485358175352264 0.65887289482277822 0 -1 
1 -0.485358175352264 -0.15672510517721605 0.97414707388748289 -0.22591475922669352 
1 -0.52370842590365996 0.25530859245981219 0 -1 
1 -0.52370842590365996 -0.21069440754018842 0.98982929750429038 0.14226019050374941 
1 0.71687457409634092 -0.032395407540192878 -0.97414707388748289 0.22591475922669352 
1 -1.6713273105316873 -0.024669689468311162 1 0 
1 1.6234226894683133 -0.024669689468311162 0 1 
1 1.6234226894683133 0.072574310531692277 -0.99956472164679699 -0.029501987037506502 
1 -1.3132100273351384 0.84992804772979014 0 -1 
1 -1.3132100273351384 -0.88409595227021498 0.96369618405167123 0.2670012450237782 
1 1.9815399726648621 0.028746047729782731 -0.97031587013447818 0.24184108866189485 
1 -0.95059668474057446 -0.13139918474058732 1 0 
1 1.161019315259427 -0.13139918474058732 -0.97579670105977545 0.21867967029621058 
1 -0.95059668474057446 0.34182181525940791 0 -1 
1 1.4689580468241878 -0.18594829876023766 0 1 
1 1.4689580468241878 0.62964970123975661 -0.96369618405167123 -0.2670012450237782 
1 -1.8257919531758127 -0.2831922987602411 0.99956472164679699 0.029501987037506502 
1 -1.7399255045089532 -0.31108915388757907 0.99112127244091608 0.13296098418370511 
1 1.7683464954910484 0.15955284611241893 -1 0 
1 -0.52936550450895226 0.15955284611241893 -0.93203882476784505 -0.36235842632036902 
1 -0.66357844816200284 -0.04555451490722362 0.99997485965927724 -0.0070908426444856419 
1 0.57700455183799804 -0.054351514907224896 0 1 
1 0.57700455183799804 0.13274448509277192 -0.98982929750429038 -0.14226019050374941 
1 0.84107986722288075 0.47578631840796959 -0.9097287398577959 -0.41520310677636657 
1 -0.71094913277711669 -0.23256468159203791 0 -1 
1 -0.71094913277711669 -0.55943768159202989 0.83191717272238253 0.55489982675217842 
1 -0.037534590607169349 -0.4136190906071846 1 0 
1 0.10178340939283004 -0.4136190906071846 -0.15440193198136715 0.98800811909640773 
1 -0.037534590607169349 0.47786790939281332 0 -1 
1 0.95091449999999966 0.23422249999998712 -1 0 
1 -0.95091449999999966 0.23422249999998712 0 -1 
1 -0.95091449999999966 -0.23422250000001554 1 0 
1 0.95091449999999966 -0.23422250000001554 0 1 
1 0.80019239720568436 2.1327850875923389 -0.53146650336912094 -0.84707930903581896 
1 -1.4371066027943158 -1.433139912407654 1 0 
1 0.46472239720568354 -1.433139912407654 0.093663007428839415 0.99560395792673773 
1 -1.6761935903406133 2.2802037914407691 0 -1 
1 -1.6761935903406133 -2.8290182085592193 0.80772666074708377 0.58955715712589363 
1 3.2093254096593871 0.73690679144077365 -0.95355455214081919 0.30122037794864071 
1 1.7408797352168328 -0.9339932542713143 0 1 
1 1.7408797352168328 -0.042506254271316379 -0.98608136379872002 0.1662634775555247 
1 -2.1248982647831678 0.60930374572868118 0.92872618465102341 -0.37076633334696563 
1 -0.24766620680698814 -1.7030312931930069 1 0 
1 0.08780379319301268 -1.7030312931930069 0 1 
1 0.08780379319301268 1.862893706806986 -0.093663007428839415 -0.99560395792673773 
1 -1.1402085369658757 0.14513293761064006 0.94623206766140633 -0.32348859968972615 
1 1.4674444630341235 -0.74634606238934964 -0.83495795453952815 0.55031374156127277 
1 -1.1475685369658741 0.97718693761063946 0.0088452336962998885 -0.99996088015524776 
1 -1.5830061325601434 1.2852993674398761 0.57225631971890123 -0.82007481642943947 
1 0.7747748674398558 -2.0935306325601317 0 1 
1 0.7747748674398558 1.2852993674398761 -1 0 
1 0.087300362225825268 0.41753677118811083 -1 0 
1 -0.090996637774175326 0.41753677118811083 0 -1 
1 -0.090996637774175326 -0.41451722881188857 1 0 
1 0.094660362225823746 -0.41451722881188857 -0.0088452336962998885 0.99996088015524776 
1 -2.3617983807305958 -1.6200085229092025 0.99999721693597599 0.0023592626608208581 
1 -1.2623053807305968 -1.6174145229092005 0.6989834916877592 0.71513780374693403 
1 2.2230686192694051 1.9485104770907924 -0.78914269731810105 -0.61420990163747125 
1 -0.61246177510268751 -1.5698974645609809 0.53146650336912094 0.84707930903581896 
1 1.6248372248973126 1.996027535439012 -0.6989834916877592 -0.71513780374693403 
1 -1.8605367751026893 -1.5698974645609809 1 0 
1 1.8618122179931937 -0.51845457412109397 0 1 
1 1.8618122179931937 0.31359942587890544 -0.99894763528591846 -0.045865258711488971 
1 -2.2372367820068071 0.12539742587891567 0.98788762964409249 -0.15517097407755254 
1 1.4180359626508867 -2.3587762463403266 -0.34877926264359799 0.93720490072864437 
1 -0.48080003734911259 2.7435867536596703 -0.2073533416660184 -0.97826611497073512 
1 -1.1969770373491109 -0.63524324634033746 0.83495795453952815 -0.55031374156127277 
1 -2.1572512284139229 -1.7408165412120695 0.78914269731810105 0.61420990163747125 
1 2.427615771586078 1.8277024587879254 -0.80772666074708377 -0.58955715712589363 
1 -2.4579032284139224 -1.7382225412120675 0.99996278161643848 -0.008627594213625819 
1 -0.87848961963403482 -1.3318380312958169 0.72897079901758766 0.68454479340628971 
1 1.3586493803659643 0.76896196870418976 -1 0 
1 -0.54317961963403505 0.76896196870418976 -0.15761557893961445 -0.98750054646847174 
1 0.24483469305119954 0.97322030694881789 -1 0 
1 -0.090475306948800238 0.97322030694881789 0 -1 
1 -0.090475306948800238 -1.1275796930511888 0.15761557893961445 0.98750054646847174 
1 2.3600559742503968 -0.60202173463073905 -0.75980940801171293 0.65014587862793571 
1 -0.095097025749602437 1.4987782653692676 -0.72897079901758766 -0.68454479340628971 
1 -2.3322360257496015 -0.60202173463073905 1 0 
1 0.54929137306654141 -0.23357476499197105 0 1 
1 0.54929137306654141 0.23487023500803161 -0.99999721693597599 -0.0023592626608208581 
1 -0.55020162693345753 0.23227623500802963 0 -1 
1 -0.55020162693345753 -0.23357476499197105 1 0 
1 -1.2611216101122764 0.56508476629629456 0.77298716664567624 -0.63442165804856443 
1 -0.17493261011227546 -0.32639423370369514 1 0 
1 1.3465313898877227 -0.32639423370369514 -0.94623206766140633 0.32348859968972615 
1 0.45016045597063226 0.32715654402936423 -0.91824414422785772 -0.39601476183502216 
1 -0.6360285440293687 -0.14128845597063844 1 0 
1 0.45016045597063226 -0.14128845597063844 0 1 
1 -0.35602099355867622 -0.62977497974114272 0.91824414422785772 0.39601476183502216 
1 0.73016800644132474 -0.16132997974114005 -0.77298716664567624 0.63442165804856443 
1 -0.35602099355867622 0.73014902025884965 0 -1 
1 2.1391085737876701 -1.058559084273881 -0.57225631971890123 0.82007481642943947 
1 -0.21867242621232919 2.3202709157261268 -0.4386784828113422 -0.89864408344924795 
1 -1.9599404262123308 -1.2467610842738708 0.99894763528591846 0.045865258711488971 
1 -0.13389190858872979 1.67146390858872 0 -1 
1 -0.13389190858872979 -1.9043650914112789 0.13866657066604865 0.99033912483538578 
1 0.36679309141127092 1.67146390858872 -1 0 
1 -1.4102459454414493 -0.83366912488966705 0.97195895101829521 0.23515058480772549 
1 2.2745460545585523 0.05780987511032265 -0.98788762964409249 0.15517097407755254 
1 -1.8245029454414485 0.70166187511033229 0.26050034855083398 -0.96547375334852792 
1 -0.80990199149682596 -0.29145650850315974 1 0 
1 0.5013360085031735 -0.29145650850315974 0 1 
1 0.5013360085031735 0.60002249149682996 -0.82697425358614751 -0.56223979217557529 
1 -1.8844061646945676 -0.30922925943359303 1 0 
1 0.4891478353054346 -0.30922925943359303 0.82697425358614751 0.56223979217557529 
1 1.8003858353054341 0.58224974056639667 -0.97195895101829521 -0.23515058480772549 
1 1.1867770000000029 0.23422250000000133 -1 0 
1 -1.1867769999999993 0.23422250000000133 0 -1 
1 -1.1867769999999993 -0.23422250000000133 1 0 
1 1.1867770000000029 -0.23422250000000133 0 1 
1 0.38700646682684692 -0.62196591288888214 -0.26050034855083398 0.96547375334852792 
1 -0.027250533173152292 0.91336508711111719 -0.20766682719320548 -0.97819961607205075 
1 -0.35319353317315105 -0.62196591288888214 1 0 
1 -0.15124518027124623 1.5390450974528562 -0.13866657066604865 -0.99033912483538578 
1 -0.65193018027124694 -2.0367839025471426 0.4386784828113422 0.89864408344924795 
1 1.0893378197287547 1.5302480974528549 -0.99997485965927724 0.0070908426444856419 
1 -0.79049404869213191 -0.58464412294257784 1 0 
1 0.31170395130786943 -0.58464412294257784 0.094588043881330935 0.99551650009163761 
1 0.45758195130786916 0.9506868770574215 -0.63078122045403762 -0.77596072833779095 
1 0.94519987823101559 1.2770303782310179 -1 0 
1 -1.8481101217689861 1.2770303782310179 0.62849247774332628 -0.77781566287910053 
1 0.94519987823101559 -2.1799406217689778 0 1 
1 0.20116222871704181 0.72567411659555603 -1 0 
1 0.021097228717042782 0.72567411659555603 -0.094588043881330935 -0.99551650009163761 
1 -0.12478077128295695 -0.80965688340444331 0.20766682719320548 0.97819961607205075 
1 1.3125535275728062 0.94441555556092283 -0.87634696268226775 -0.48168039299681287 
1 -1.4807564724271955 -0.59091544443907651 1 0 
1 0.064477527572805116 -0.59091544443907651 0.63078122045403762 0.77596072833779095 
1 -0.84434135012277522 2.662307765216525 0 -1 
1 -0.84434135012277522 -2.3299942347834701 0.87634696268226775 0.48168039299681287 
1 1.9489686498772265 -0.79466323478347078 -0.62849247774332628 0.77781566287910053 
1 0.12710956445564037 -2.2354638748145561 1 0 
1 1.7313385644556405 -2.2354638748145561 -0.50256538302815135 0.86453920430583575 
1 -1.2398304355443592 2.875696125185442 0.25836206806846829 -0.96604815707260905 
1 0.55109899999999712 0.23422249999998712 -1 0 
1 -0.55109900000000422 0.23422249999998712 0 -1 
1 -0.55109900000000422 -0.23422250000001554 1 0 
1 0.55109899999999712 -0.23422250000001554 0 1 
1 0.10066329777038163 -1.134872702229643 0 1 
1 0.10066329777038163 0.96592729777036368 -1 0 
1 -0.2696087022296183 0.96592729777036368 0.17357737896248293 -0.98482023411002007 
1 1.1091570695265638 -1.363517466022131 -0.17357737896248293 0.98482023411002007 
1 0.73888506952656385 0.73728253397787569 -1 0 
1 -1.6346689304734383 0.73728253397787569 0.79399742266240014 -0.60792112383553998 
1 1.2630116625012597 0.93303769487204136 -1 0 
1 0.52281166250126176 0.93303769487204136 -0.62288456255695079 -0.78231376168915512 
1 -1.1498623374987389 -1.1677623051279653 0.75419543194308547 0.65665002127174477 
1 2.5969773610385403 -0.59182022941871537 -0.79399742266240014 0.60792112383553998 
1 -0.14684863896146183 1.5089797705812913 -0.75419543194308547 -0.65665002127174477 
1 -2.5597226389614605 -0.59182022941871537 1 0 
1 -0.11743356469935762 0.85629161190314562 -0.26206138246054539 -0.96505120683975509 
1 -0.68790956469935693 -1.244508388096861 0.62288456255695079 0.78231376168915512 
1 0.98476443530064373 0.85629161190314562 -1 0 
1 1.8165757023910096 -2.4470600683739292 -0.56590973612562412 0.82446720405254847 
1 -1.691696297608992 2.664099931626069 0.50256538302815135 -0.86453920430583575 
1 1.2794727023910077 -2.4470600683739292 1 0 
1 0.80211449999999473 0.23422250000000133 -1 0 
1 -0.80211450000000539 0.23422250000000133 0 -1 
1 -0.80211450000000539 -0.23422250000000133 1 0 
1 0.80211449999999473 -0.23422250000000133 0 1 
1 0.40874767904304576 0.92746875472057866 -0.99998898183643192 -0.004694273717669166 
1 -0.16172832095695355 0.92479075472057559 0 -1 
1 -0.16172832095695355 -1.173331245279428 0.26206138246054539 0.96505120683975509 
1 0.83697335241236814 1.2145922360531785 -1 0 
1 -0.76725564758763198 1.2145922360531785 -0.34055089052251875 -0.94022608502653215 
1 -1.5281676475876331 -0.88620776394682821 1 0 
1 1.4921973524123686 -0.88620776394682821 -0.29774669506237372 0.95464491072829483 
1 0.18875820224588935 -1.1892537977541053 0 1 
1 0.18875820224588935 0.91154620224590133 -1 0 
1 -0.46646579775411112 0.91154620224590133 0.29774669506237372 -0.95464491072829483 
1 -0.21417981292930222 -0.4447631870706914 1 0 
1 0.085823187070694473 -0.4447631870706914 0 1 
1 0.085823187070694473 0.57311981292930625 -0.28270891849180524 -0.9592057482131735 
1 -0.0042192506225546822 -0.53927974937744239 0.015644867268113889 0.9998776115746183 
1 0.01252674937745013 0.53097225062255404 -1 0 
1 -0.0042192506225546822 0.53097225062255404 0 -1 
1 0.1500015000000019 -0.53512599999999111 0 1 
1 0.1500015000000019 0.53512600000000532 -1 0 
1 -0.15000149999999479 0.53512600000000532 0 -1 
1 -0.15000149999999479 -0.53512599999999111 1 0 
1 1.45028525072048 -0.50054994066206859 -0.87509540545003406 0.48395044308300883 
1 -1.0274557492795182 0.86970505933793163 -0.015644867268113889 -0.9998776115746183 
1 -1.044201749279523 -0.2005469406620648 0.99284551417028666 -0.11940596715382037 
1 3.0139351253308639 0.38901431320535096 -1 0 
1 -2.9865688746691355 0.38901431320535096 0.87509540545003406 -0.48395044308300883 
1 -0.50882787466913726 -0.98124068679464926 1 0 
1 0.022777125330861736 -0.98124068679464926 0.90914451982230327 0.41648078236225217 
1 2.3785554999999974 -0.0083734999999904858 0 1 
1 2.3785554999999974 0.0083735000000046966 -1 0 
1 -2.3785555000000045 0.0083735000000046966 0 -1 
1 -2.3785555000000045 -0.0083734999999904858 1 0 
1 -2.3785567827071858 -0.53389669240000615 1 0 
1 2.378554217292816 -0.53389669240000615 0.28270891849180524 0.9592057482131735 
1 2.6785572172928127 0.48398630759999151 -1 0 
1 -2.6785557827071855 0.48398630759999151 0.28270545033965405 -0.95920677038282698 
1 -2.3785554999999974 0.149997500000012 0 -1 
1 -2.3785554999999974 -0.14999749999999779 1 0 
1 2.3785555000000045 -0.14999749999999779 0 1 
1 2.3785555000000045 0.149997500000012 -1 0 
1 -2.4115192687540556 0.36773179927104138 0.90184713657684101 -0.43205525369812692 
1 0.44867173124594473 -1.0025232007289588 0.81062705173773919 0.58556279167223457 
1 2.3455917312459462 0.36773179927104138 -1 0 
1 1.2507074390742368 -0.11735446473134914 -0.99284551417028666 0.11940596715382037 
1 -1.2437795609257662 0.18264853526865465 0.97773508148752408 -0.20984306142587789 
1 0.15404343907423623 -0.11735446473134914 1 0 
1 0.54833200000000559 0.23772800000000416 -1 0 
1 -0.54833199999999493 0.23772800000000416 0 -1 
1 -0.54833199999999493 -0.23772799999998995 1 0 
1 0.54833200000000559 -0.23772799999998995 0 1 
1 -0.63186853319177771 -0.082958533191771267 1 0 
1 0.76595446680822477 -0.082958533191771267 -0.97773508148752408 0.20984306142587789 
1 -0.63186853319177771 0.21704446680823253 0 -1 
1 -0.15730744064887503 2.072583807503392 0.0079386666782066823 -0.99996848828919227 
1 -0.12241544064887577 -2.3224741924966139 0.11230133740506501 0.9936741969161893 
1 0.37429755935112397 2.072583807503392 -1 0 
1 0.11796811343407398 -0.10415111343408512 0 1 
1 0.11796811343407398 0.19585188656591868 -0.73752507745423668 -0.67531974658388483 
1 -0.20966888656592886 -0.10415111343408512 1 0 
1 0.75804043529220166 -0.22245359628610117 0 1 
1 0.75804043529220166 0.84779840371389525 -0.81062705173773919 -0.58556279167223457 
1 -1.1388795647077998 -0.52245659628610497 0.98772368322098647 0.15621115710591332 
1 0.59756679280112479 -0.090165780077825275 0.73752507745423668 0.67531974658388483 
1 0.92520379280112763 0.20983721992217852 -0.98772368322098647 -0.15621115710591332 
1 -0.97171620719887386 -0.090165780077825275 1 0 
1 0.78464149999999933 0.23772799999998995 -1 0 
1 -0.78464149999999933 0.23772799999998995 0 -1 
1 -0.78464149999999933 -0.23772800000000416 1 0 
1 0.78464149999999933 -0.23772800000000416 0 1 
1 -1.4259062441048513 0.18873449113087304 0.97687451715268236 -0.21381341804880655 
1 -0.055247244104847937 -0.11126850886913076 1 0 
1 1.434284755895149 -0.11126850886913076 -0.99454411034546897 0.10431688538841478 
1 -0.66356188886039291 0.20464055703153861 0.72605151493164544 -0.68764031125688274 
1 -0.34680088886039329 -0.095362442968465189 1 0 
1 0.70709711113961049 -0.095362442968465189 -0.97687451715268236 0.21381341804880655 
1 0.20350175994518338 -0.10488024005482544 -0.72605151493164544 0.68764031125688274 
1 -0.11325924005481625 0.19512275994517836 0 -1 
1 -0.11325924005481625 -0.10488024005482544 1 0 
1 1.6451342021848063 -0.49146436074715893 -0.90184713657684101 0.43205525369812692 
1 -1.215056797815194 0.87879063925284129 0 -1 
1 -1.215056797815194 -0.19146136074715514 0.99454411034546897 -0.10431688538841478 
1 0.52694900000000899 0.23772799999998995 -1 0 
1 -0.52694899999999478 0.23772799999998995 0 -1 
1 -0.52694899999999478 -0.23772800000000416 1 0 
1 0.52694900000000899 -0.23772800000000416 0 1 
1 -0.14999949999999984 -0.53512600000000532 1 0 
1 0.14999949999999984 -0.53512600000000532 0 1 
1 0.14999949999999984 0.53512599999999111 -1 0 
1 -0.14999949999999984 0.53512599999999111 0 -1 
1 2.4795664999999971 0.14999749999999779 -1 0 
1 -2.4795664999999971 0.14999749999999779 0 -1 
1 -2.4795664999999971 -0.149997500000012 1 0 
1 2.4795664999999971 -0.149997500000012 0 1 
1 0.0042195045338928594 -0.53927999546611716 0 1 
1 0.0042195045338928594 0.53097200453387927 -1 0 
1 -0.012527495466109428 0.53097200453387927 0.015645801284453233 -0.99987759695983158 
1 0.085822225039969169 -0.44476372503999073 0 1 
1 0.085822225039969169 0.57311927496000692 -0.28270631737872975 -0.95920651484138542 
1 -0.21417777496002799 -0.44476372503999073 1 0 
1 -2.7638857161122132 0.27402887894538708 0.97909378209946674 -0.20340935537521831 
1 2.1356082838877839 -0.74385412105461057 0.28270631737872975 0.95920651484138542 
1 2.4356082838877811 0.27402887894538708 -1 0 
1 -0.0042192506225617876 -0.53927974937744239 0.015644867268113889 0.9998776115746183 
1 0.012526749377443025 0.53097225062255404 -1 0 
1 -0.0042192506225617876 0.53097225062255404 0 -1 
1 2.449746999999995 -0.149997500000012 0 1 
1 2.449746999999995 0.14999749999999779 -1 0 
1 -2.4497470000000021 0.14999749999999779 0 -1 
1 -2.4497470000000021 -0.149997500000012 1 0 
1 0.74131321526037652 -1.0032522899881968 0.77591245729334812 0.63084059683647375 
1 2.4266802152603759 0.3670027100118034 -1 0 
1 -2.5324527847396183 0.3670027100118034 0.92245691277953012 -0.38610004411455107 
1 -0.074902023783444349 -0.1280589762165647 1 0 
1 0.031016976216555747 -0.1280589762165647 0 1 
1 0.031016976216555747 0.17194402378343909 -0.33291958457561066 -0.9429552217396131 
1 0.80455778437917758 0.21573072418740935 -0.98482018009110217 -0.17357768544755192 
1 -0.8975562156208241 -0.084272275812594444 1 0 
1 0.69863878437917748 -0.084272275812594444 0.33291958457561066 0.9429552217396131 
1 1.6498811433278533 -0.10684027557090303 -0.99586955356702012 0.090795552083922051 
1 -1.6406308566721464 0.19316272442910076 0.9772943363375094 -0.21188624344828774 
1 -0.25691085667214253 -0.10684027557090303 1 0 
1 0.79809750000001145 0.23772799999998995 -1 0 
1 -0.79809749999999013 0.23772799999998995 0 -1 
1 -0.79809749999999013 -0.23772800000000416 1 0 
1 0.79809750000001145 -0.23772800000000416 0 1 
1 -1.0288550081109094 -0.53136564948047749 0.98482018009110217 0.17357768544755192 
1 0.67325899188909233 -0.23136264948047369 -0.015645801284453233 0.99987759695983158 
1 0.65651199188909004 0.83888935051952274 -0.77591245729334812 -0.63084059683647375 
1 -0.14999999999999858 0.53512599999999111 0 -1 
1 -0.14999999999999858 -0.53512600000000532 1 0 
1 0.14999999999999858 -0.53512600000000532 0 1 
1 0.14999999999999858 0.53512599999999111 -1 0 
1 0.71056499800121742 -0.097541474703120912 -0.9772943363375094 0.21188624344828774 
1 -0.67315500199878642 0.20246152529688288 0.77441346878865835 -0.6326798395387021 
1 -0.30594500199878638 -0.097541474703120912 1 0 
1 0.17821449646234555 0.20278750353764963 -0.83869043290123124 -0.54460844444421297 
1 -0.28378650353765522 -0.097215496462354167 1 0 
1 0.17821449646234555 -0.097215496462354167 0 1 
1 0.50825500000000545 0.23772799999998995 -1 0 
1 -0.50825499999999835 0.23772799999998995 0 -1 
1 -0.50825499999999835 -0.23772800000000416 1 0 
1 0.50825500000000545 -0.23772800000000416 0 1 
1 -0.13534630494375932 0.1982601950562497 0 -1 
1 -0.13534630494375932 -0.10174280494375409 1 0 
1 0.23186369505624072 -0.10174280494375409 -0.77441346878865835 0.6326798395387021 
1 -1.4278804829420224 -0.18223670859848085 0.99586955356702012 -0.090795552083922051 
1 1.8626315170579772 -0.48223970859848464 -0.92245691277953012 0.38610004411455107 
1 -1.4111344829420176 0.88801529140151558 -0.015644867268113889 -0.9998776115746183 
1 -1.1068098844785084 -0.52516118016413316 0.98692853757144772 0.16115849877398186 
1 0.730397115521491 -0.22515818016412936 0 1 
1 0.730397115521491 0.84509381983586707 -0.80159934551720757 -0.59786159708279019 
1 -0.085821904363498902 0.57311909563649976 0 -1 
1 -0.085821904363498902 -0.44476390436349789 1 0 
1 0.21417709563650078 -0.44476390436349789 -0.28270545033965405 0.95920677038282698 
1 -0.091506176998173316 2.1130576769981815 0 -1 
1 -0.091506176998173316 -2.2820003230018244 0.079824179136835885 0.99680895884072518 
1 0.26044882300182337 2.1130576769981815 -1 0 
1 -1.6245869976844034 -1.9251936155948073 0.71919125632624092 0.69481215938114038 
1 1.8819100023155997 1.4624403844051983 -1 0 
1 0.47958500231559498 1.4624403844051983 -0.52763483647953269 -0.84947129400187327 
1 -0.79934780411937822 -1.989592258094703 0.52763483647953269 0.84947129400187327 
1 1.3048241958806202 1.3980417419053026 -1 0 
1 -0.2644588041193785 1.3980417419053026 -0.15596240877026646 -0.98776299133475154 
1 1.1349288688539474 2.5842826500523586 -0.71919125632624092 -0.69481215938114038 
1 -2.3715681311460557 -0.80335134994764701 0.93698058582502941 -0.34938142736411282 
1 1.1349288688539474 -2.110854349947644 0 1 
1 1.0097473130337562 -1.7467206157560184 -0.4753346267197065 0.87980508786960154 
1 -0.82049868696624628 1.6409133842439871 -1 0 
1 -1.072844686966242 1.6409133842439871 0.52371327015199753 -0.85189460067939216 
1 -1.0848517617838809 1.4807913057740762 0.4753346267197065 -0.87980508786960154 
1 0.74539423821612161 -1.9068426942259293 -0.22338031390926172 0.97473136574022279 
1 -0.030953761783877098 1.4807913057740762 -1 0 
1 0.39067473243699169 1.5705867675630003 -1 0 
1 -0.14421426756300804 1.5705867675630003 0 -1 
1 -0.14421426756300804 -1.8170472324370053 0.15596240877026646 0.98776299133475154 
1 -0.81753844804208597 -2.1228566331686096 1 0 
1 0.6659725519579105 -2.1228566331686096 -0.0079386666782066823 0.99996848828919227 
1 0.63108055195791124 2.2722013668313963 -1 0 
1 -0.46558344804208929 2.2722013668313963 -0.079824179136835885 -0.99680895884072518 
1 0.94030995360316183 -0.48541585230015016 1 0 
1 1.1186049536031604 -0.48541585230015016 -0.91123073573341928 0.41189628094306896 
1 -1.1101010463968422 0.52200814769985016 0.89751888865319052 -0.44097601353218957 
1 -0.63102870842801195 0.15643023675144718 0 -1 
1 -0.63102870842801195 0.12379223675145568 0.97879118248634556 -0.20486049176691309 
1 0.64676229157198861 -0.14364876324854947 -0.9735152083110481 0.2286222631046608 
1 -1.7399197655312832 0.69297172002737284 0.91123073573341928 -0.41189628094306896 
1 0.48878623446871927 -0.31445227997262748 0.9735152083110481 -0.2286222631046608 
1 1.7665772344687198 -0.61453127997262413 -0.93698058582502941 0.34938142736411282 
1 -0.051349596378742035 2.4545411896820326 -0.11230133740506501 -0.9936741969161893 
1 -0.54806259637874177 -1.9405168103179733 1 0 
1 0.62673940362125791 -1.9405168103179733 -0.15248030240915592 0.98830650983245705 
1 -0.055254880941085105 -0.42304741785494571 1 0 
1 0.081777119058919823 -0.42304741785494571 -0.10624375165614269 0.99434011547057077 
1 -0.015413880941082425 0.48656758214505658 -0.043757896337493267 -0.99904216452966454 
1 -0.82642461922949906 0.67735655424127117 -0.088810672191917989 -0.9960485251757667 
1 -0.90752861922949535 -0.23225844575873111 0.99894884763790115 -0.045838846003248161 
1 1.2239863807705049 -0.33006744575872915 -0.89751888865319052 0.44097601353218957 
1 -0.58189164993474662 -0.39025802512742302 0.99389855069795496 0.11029810025791391 
1 0.2994673500652496 -0.29244902512742499 0.043757896337493267 0.99904216452966454 
1 0.33930835006525228 0.61716597487257729 -0.67481972364505294 -0.73798261536408472 
1 0.41757989490817948 0.072004105091821202 -0.99389855069795496 -0.11029810025791391 
1 -0.46377910509181675 -0.025804894908176834 1 0 
1 0.41757989490817948 -0.025804894908176834 0 1 
1 0.25168879894106055 -2.1662592196521757 0.67481972364505294 0.73798261536408472 
1 1.1728887989410595 -1.1588352196521754 -0.52371327015199753 0.85189460067939216 
1 -0.90970320105893876 2.2287987803478302 0.25548021758278228 -0.96681428331601216 
1 1.0896490238345962 -0.025012976165385226 -0.99894884763790115 0.045838846003248161 
1 -1.0418659761654041 0.072796023834612811 0 -1 
1 -1.0418659761654041 -0.025012976165385226 1 0 
1 0.085518010153940338 0.41439008958589341 -1 0 
1 -0.0927769898460582 0.41439008958589341 0.10624375165614269 -0.99434011547057077 
1 0.0044140101539440479 -0.49522491041410888 0.088810672191917989 0.9960485251757667 
1 -1.6916735196630626 -0.54809575736443605 0.95358265662563924 0.30113139488068713 
1 1.6959564803369389 0.5216822426355634 -1 0 
1 1.5203164803369376 0.5216822426355634 -0.94876172212353305 -0.31599239648002281 
1 -1.5688503186892291 -0.65827776634124291 0.94876172212353305 0.31599239648002281 
1 1.643139681310771 0.41150023365875654 -1 0 
1 0.046944681310769454 0.41150023365875654 -0.83381299014875365 -0.55204700656664596 
1 0.99483109924793212 0.34795540075205622 -1 0 
1 -0.62096390075206642 0.34795540075205622 0 -1 
1 -0.62096390075206642 -0.72182259924794323 0.83381299014875365 0.55204700656664596 
1 0.059472253456192448 0.44577462959355785 -1 0 
1 -0.059393746543804582 0.44577462959355785 -0.00017611163185580743 -0.99999998449234651 
1 -0.059550746543806099 -0.44570537040644354 1 0 
1 0.059472253456192448 -0.44570537040644354 0 1 
1 1.4672424569257032 1.5877152048184371 -0.86542644872532237 -0.50103598857435094 
1 -1.9203875430742983 -0.37354279518156375 0.87970602510214935 -0.47551793804122316 
1 0.27859845692569962 -1.5621867951815602 0.35305770375762163 0.93560154863990874 
1 0.31884208840593686 -2.134328501760109 0 1 
1 0.31884208840593686 2.263651498239895 -0.35305770375762163 -0.93560154863990874 
1 -0.86980191159406672 -0.88625050176010234 0.68965465085194422 -0.72413842775969495 
1 0.046472686896635196 -0.57448181310336111 0 1 
1 0.046472686896635196 0.49529618689663835 -1 0 
1 -0.12565831310336506 0.49529618689663835 0.15886017850637565 -0.98730109069367622 
1 0.46909697559215147 -0.68187208065936034 -0.15886017850637565 0.98730109069367622 
1 0.29696597559215121 0.38790591934063912 -1 0 
1 -0.71954402440785259 0.38790591934063912 0.74329380421531765 -0.66896511165764183 
1 0.12302165303693613 -1.2573108469630654 0 1 
1 0.12302165303693613 1.0544491530369413 -1 0 
1 -0.32588334696306731 1.0544491530369413 0.19062256052734755 -0.9816634043387773 
1 -0.35325128669008876 0.46615615718059189 -1 0 
1 -0.88814028669008849 0.46615615718059189 0.84963999863228512 -0.5273631317452242 
1 0.83538971330991529 -0.60362184281940756 -0.74329380421531765 0.66896511165764183 
1 -0.87750619431508881 -0.37233519431508455 1 0 
1 1.3214798056849091 -0.37233519431508455 -0.87970602510214935 0.47551793804122316 
1 -0.87750619431508881 0.81630880568491193 0 -1 
1 1.1150577064774438 0.42837496970220457 -1 0 
1 -0.86089429352255564 0.42837496970220457 0.00015723160020796238 -0.99999998763911191 
1 -0.86073729352255413 -0.57015203029780537 1 0 
1 0.34276470647744617 -0.57015203029780537 0.61179661036440935 0.79101511208485709 
1 0.2160419938477105 1.5216849938477282 -1 0 
1 -0.56030600615228821 1.5216849938477282 0.22338031390926172 -0.97473136574022279 
1 0.2160419938477105 -1.8659490061522774 0 1 
1 -0.4160252758621823 0.80233572413781928 0 -1 
1 -0.4160252758621823 -0.4457422758621874 1 0 
1 0.77261872413782129 -0.4457422758621874 -0.68965465085194422 0.72413842775969495 
1 0.24222364387390627 -0.53651808229810172 0 1 
1 0.24222364387390627 0.69238591770189828 -0.61179661036440935 -0.79101511208485709 
1 -0.53006935612609141 -0.30614108229811166 0.95827280655266334 -0.2858552574672748 
1 0.70090361569939574 0.75245301967646583 -0.81130205160848567 -0.58462721545944307 
1 -1.022626384300608 -0.48952898032354142 0.97993827726960303 0.19930121108985444 
1 0.70074661569939423 -0.13902698032353555 0.00017611163185580743 0.99999998449234651 
1 -0.55360013187593893 -1.174966399968838 0.81130205160848567 0.58462721545944307 
1 1.1699298681240649 0.067015600031169242 -0.84963999863228512 0.5273631317452242 
1 -0.55360013187593893 1.1367936000311687 0 -1 
1 0.08255784455261761 0.42711463704274877 -1 0 
1 -0.062859155447377191 0.42711463704274877 -0.045902013333769871 -0.99894594707216589 
1 -0.10137215544737899 -0.41102736295724185 1 0 
1 0.08255784455261761 -0.41102736295724185 0 1 
1 -0.94568702412193772 0.37775625569152282 0 -1 
1 -0.94568702412193772 -0.46038574430846779 0.99279405686240774 -0.11983305328114749 
1 0.77768597587806454 -0.66840174430846844 0 1 
1 0.77768597587806454 0.72825825569152869 -0.97993827726960303 -0.19930121108985444 
1 -0.63188995080631827 -0.85098306304149673 0.82432227429667437 0.5661208246464341 
1 1.091483049193684 0.33257993695850985 -0.99279405686240774 0.11983305328114749 
1 -0.63188995080631827 0.54059593695851049 0 -1 
1 0.61838319642313166 2.0320719127342102 -1 0 
1 -0.12179780357686809 2.0320719127342102 -0.038937017957852281 -0.99924166678163995 
1 -0.29333280357686675 -2.3700350872657907 0.20280509822747064 0.97921912365565356 
1 -1.1084022425688289 0.91773843298706481 0.61944287561522382 -0.78504173382664344 
1 0.71570875743117313 -1.3940215670129419 -0.19062256052734755 0.9816634043387773 
1 0.26680375743116969 0.91773843298706481 -1 0 
1 -1.5131584634445971 -1.1130298787606705 0.86542644872532237 0.50103598857435094 
1 1.8744715365554043 0.84822812123933033 -0.95358265662563924 -0.30113139488068713 
1 -1.5131584634445971 -0.22154987876066912 0 -1 
1 2.4455674053611034 0.012553094638931839 -0.99999415831978544 -0.003418088106522151 
1 -2.4539265946388937 -0.0041939053610633437 1 0 
1 2.4455674053611034 -0.0041939053610633437 0 1 
1 -2.2180299909706989 0.74145189643331832 0 -1 
1 -2.2180299909706989 -0.29317810356667451 0.99999415831978544 0.003418088106522151 
1 2.6814640090292983 -0.27643110356667933 -0.97909378209946674 0.20340935537521831 
1 -1.6501922294280646 0.53186485855502497 0 -1 
1 -1.6501922294280646 -0.82622114144496095 0.96604960292875675 0.25835666177049027 
1 2.2185057705719373 0.20840885855503188 -0.99652302858844821 0.083317786173823349 
1 -0.21434528569460554 -0.45296921430536941 1 0 
1 0.085653714305401252 -0.45296921430536941 0 1 
1 0.085653714305401252 0.58166078569462343 -0.27848703059649677 -0.96043998968678201 
1 -0.68760299999999575 0.23772800000000416 0 -1 
1 -0.68760299999999575 -0.23772799999998995 1 0 
1 0.68760300000000285 -0.23772799999998995 0 1 
1 0.68760300000000285 0.23772800000000416 -1 0 
1 0.90247201624609374 0.20446412383446955 -0.98692853757144772 -0.16115849877398186 
1 -0.93473498375390562 -0.095538876165534248 1 0 
1 0.44047101624609297 -0.095538876165534248 0.83869043290123124 0.54460844444421297 
1 1.5350744504370439 -0.11118828751969545 -0.99523550395351701 0.097500213694069485 
1 -1.5272125495629538 0.18881471248030834 0.97969355376559975 -0.20050072496160676 
1 -0.06132754956295372 -0.11118828751969545 1 0 
1 0.57200758508168548 -1.0034172081636825 0.80159934551720757 0.59786159708279019 
1 2.4092145850816848 0.36683779183631771 -1 0 
1 -2.4902794149183123 0.36683779183631771 0.91278663806001781 -0.40843671894075601 
1 1.7740272156243364 0.73072689897061593 -0.96604960292875675 -0.25835666177049027 
1 -2.0946707843756656 -0.3039031010293769 1 0 
1 1.4740282156243296 -0.3039031010293769 0.27848703059649677 0.96043998968678201 
1 -1.8562014951543233 0.07814550484567917 0.99648533534753181 -0.083767394834249942 
1 1.7124975048456719 -0.22184949515433061 0 1 
1 1.7124975048456719 0.07814550484567917 -1 0 
1 -0.14999950000000695 -0.53512599999999111 1 0 
1 0.14999949999999984 -0.53512599999999111 0 1 
1 0.14999949999999984 0.53512600000000532 -1 0 
1 -0.14999950000000695 0.53512600000000532 0 -1 
1 1.2135690583662893 0.87871905791749327 -0.90166525683970988 -0.43243469403851031 
1 -1.6435359416337079 -0.49153594208250695 0.99453241454869334 0.10442833146204138 
1 1.2135690583662893 -0.19153294208250315 0 1 
1 -0.56474041707295441 -0.086427724174740206 1 0 
1 0.7752025829270508 -0.086427724174740206 -0.97969355376559975 0.20050072496160676 
1 -0.69068241707294931 0.21357527582526359 0.38707765636958713 -0.92204711806904316 
1 -0.90158655924774678 -1.066091147507592 0.90166525683970988 0.43243469403851031 
1 1.9555184407522503 0.30416385249240818 -0.99648533534753181 0.083767394834249942 
1 -1.6131805592477448 0.60415885249241796 0.39195121637394392 -0.91998600205817582 
1 1.7495776169551718 -0.48704700237823317 -0.91278663806001781 0.40843671894075601 
1 -1.312709383044826 0.88320799762176705 0 -1 
1 -1.312709383044826 -0.18704400237822938 0.99523550395351701 -0.097500213694069485 
1 -2.0118384286253317 0.084238571374669391 0.99652302858844821 -0.083317786173823349 
1 1.8568595713746703 -0.23921742862532369 0 1 
1 1.8568595713746703 0.084238571374669391 -1 0 
1 0.66997150000000261 0.23772799999998995 -1 0 
1 -0.66997150000000261 0.23772799999998995 0 -1 
1 -0.66997150000000261 -0.23772800000000416 1 0 
1 0.66997150000000261 -0.23772800000000416 0 1 
1 -0.072173889905414512 2.1771721100945882 0.021935350686334402 -0.99975939124884827 
1 0.024411110094582966 -2.2249348899054127 0 1 
1 0.024411110094582966 2.1771721100945882 -1 0 
1 -0.99639939433421176 1.9167487020304037 0.31022717785123594 -0.95066245225235313 
1 0.44012860566579093 -2.4853582979695972 -0.021935350686334402 0.99975939124884827 
1 0.34354360566579345 1.9167487020304037 -1 0 
1 0.11217226073333819 0.19494923926664853 -0.72330192736180343 -0.69053191227828159 
1 -0.20206773926665988 -0.10505376073335526 1 0 
1 0.11217226073333819 -0.10505376073335526 0 1 
1 0.50517250000000047 0.23772799999998995 -1 0 
1 -0.50517250000000047 0.23772799999998995 0 -1 
1 -0.50517250000000047 -0.23772800000000416 1 0 
1 0.50517250000000047 -0.23772800000000416 0 1 
1 1.4240921548307526 0.18988727286686924 -0.99453241454869334 -0.10442833146204138 
1 -1.4330128451692445 -0.11011572713313456 1 0 
1 0.099507154830753564 -0.11011572713313456 0.9752979202370109 0.22089356437289256 
1 -0.683958328815919 -0.095931928568916192 1 0 
1 0.32638667118408193 -0.095931928568916192 0.72330192736180343 0.69053191227828159 
1 0.64062667118408001 0.2040710714310876 -0.9752979202370109 -0.22089356437289256 
1 -0.037826308940140052 -0.1248568089401374 1 0 
1 0.088115691059854839 -0.1248568089401374 -0.38707765636958713 0.92204711806904316 
1 -0.037826308940140052 0.1751461910598664 0 -1 
1 -0.65302544999799039 1.9763591404620939 0.18717960000632336 -0.9823257083785768 
1 0.18578455000201188 -2.4257478595379069 0.038937017957852281 0.99924166678163995 
1 0.35731955000201054 1.9763591404620939 -1 0 
1 0.89462902230748398 -0.93567720069067661 -0.39195121637394392 0.91998600205817582 
1 0.18303502230748592 0.73457279930933339 -0.97564757614760611 -0.21934403834456295 
1 -1.1513499776925187 0.43457779930932361 0.83087342219887517 -0.55646145983664463 
1 1.4186935985829479 -1.3282350560701133 -0.61944287561522382 0.78504173382664344 
1 -0.40541740141705418 0.98352494392989342 -1 0 
1 -1.5857954014170588 0.98352494392989342 0.7925456309080664 -0.60981261296281419 
1 0.73386459857977826 0.083325401420239587 -1 0 
1 -0.60052040142022634 0.083325401420239587 0 -1 
1 -0.60052040142022634 -0.2166695985797702 0.97564757614760611 0.21934403834456295 
1 1.9961355625224115 0.077714562522416486 -1 0 
1 -2.1407014374775883 0.077714562522416486 0.99738089798329899 -0.072328032864362207 
1 1.9961355625224115 -0.2222804374775933 0 1 
1 0.14999950000000695 0.53512599999999111 -1 0 
1 -0.14999949999999274 0.53512599999999111 0 -1 
1 -0.14999949999999274 -0.53512600000000532 1 0 
1 0.14999950000000695 -0.53512600000000532 0 1 
1 -0.82749868758858014 0.85404378966254058 0 -1 
1 -0.82749868758858014 -0.21620821033745585 0.98942004617501911 -0.1450791929499998 
1 1.2184803124114225 -0.51621121033745965 -0.83087342219887517 0.55646145983664463 
1 -0.044038559240000552 -0.61275623093480647 1 0 
1 0.25596444076000324 -0.61275623093480647 -0.27446544422905333 0.9615969633501078 
1 -0.13166955923999524 0.74532976906517945 0.064391460358901323 -0.99792471651565384 
1 0.23624916114135885 0.81835483885862459 -0.48398263359978311 -0.87507760248666988 
1 -0.51487283885863633 -0.53973116114136133 1 0 
1 0.23624916114135885 -0.53973116114136133 0 1 
1 0.039857884141390798 -0.82916805068424537 0 1 
1 0.039857884141390798 -0.52917305068423559 -0.064391460358901323 0.99792471651565384 
1 -0.047773115858603887 0.82891294931575032 0.052777198321117574 -0.99860631248624376 
1 0.43613656882229179 0.089421931177696479 -1 0 
1 -0.31498543117770339 0.089421931177696479 0 -1 
1 -0.31498543117770339 -0.2105730688223133 0.92867003660025038 0.37090694671425278 
1 0.1500015000000019 0.53512599999999111 -1 0 
1 -0.1500015000000019 0.53512599999999111 0 -1 
1 -0.1500015000000019 -0.53512600000000532 1 0 
1 0.1500015000000019 -0.53512600000000532 0 1 
1 2.4556868686552775 -0.075521034118821717 -0.99738089798329899 0.072328032864362207 
1 -1.6811501313447224 0.22447396588118806 -0.92867003660025038 -0.37090694671425278 
1 -2.4322721313447175 -0.075521034118821717 1 0 
1 0.065704770089887177 -0.14379170694989796 -0.052777198321117574 0.99860631248624376 
1 -0.021926229910107509 1.5142892930500977 0 -1 
1 -0.021926229910107509 -1.5140467069498982 0.063821950500370234 0.99796130117070592 
1 -0.51341528324720542 0.49058169787248573 0.27446544422905333 -0.9615969633501078 
1 -0.12578128324720694 -0.86750430212750018 0.48398263359978311 0.87507760248666988 
1 0.62534071675278824 0.49058169787248573 -1 0 
1 0.8630703499061525 -1.0019200331543772 0.74186337727658536 0.67055106401807962 
1 2.3790503499061515 0.36833496684562306 -1 0 
1 -2.5089086500938436 0.36833496684562306 0.92642935002750559 -0.3764686698884962 
1 -0.41389353493929093 0.2134964650607003 0 -1 
1 -0.41389353493929093 -0.086506534939303492 1 0 
1 0.54088346506070906 -0.086506534939303492 -0.95401365574514041 0.29976314758787964 
1 -1.0169531725046284 0.1893494533805864 0.95401365574514041 -0.29976314758787964 
1 -0.062176172504628369 -0.1106535466194174 1 0 
1 1.0290258274953743 -0.1106535466194174 -0.98942004617501911 0.1450791929499998 
1 0.20038830674683084 0.20457619325318888 -0.8618998434151619 -0.50707855399426982 
1 -0.30953769325316927 -0.095426806746814918 1 0 
1 0.20038830674683084 -0.095426806746814918 0 1 
1 0.23498776659828025 -0.10198795903811231 0.8618998434151619 0.50707855399426982 
1 0.74491376659828035 0.19801504096189149 -0.98097600148626141 -0.1941290408672191 
1 -0.77106623340171865 -0.10198795903811231 1 0 
1 -0.54560100000001199 0.23772799999998995 0 -1 
1 -0.54560100000001199 -0.23772800000000416 1 0 
1 0.54560099999999068 -0.23772800000000416 0 1 
1 0.54560099999999068 0.23772799999998995 -1 0 
1 -1.6143185600998038 0.22167243990020324 0 -1 
1 -1.6143185600998038 -0.07833056009980055 1 0 
1 1.7576604399001923 -0.07833056009980055 -0.9960655636657757 0.088619370789802615 
1 0.58387073981138116 0.82816632561764436 -0.74186337727658536 -0.67055106401807962 
1 -0.93210926018861784 -0.54208867438235586 0.98097600148626141 0.1941290408672191 
1 0.58387073981138116 -0.24208567438235207 0 1 
1 0.025041896241205563 0.16877510375877591 -0.28038368326959251 -0.95988800917407913 
1 -0.062589103758789122 -0.13122789624122788 1 0 
1 0.025041896241205563 -0.13122789624122788 0 1 
1 -0.060831555837282281 -0.68269316477876885 0.28038368326959251 0.95988800917407913 
1 0.026799444162712405 -0.38269016477876505 0 1 
1 0.026799444162712405 0.68756183522123138 -0.063821950500370234 -0.99796130117070592 
1 0.50302699999999589 0.23772799999998995 -1 0 
1 -0.503027000000003 0.23772799999998995 0 -1 
1 -0.503027000000003 -0.23772800000000416 1 0 
1 0.50302699999999589 -0.23772800000000416 0 1 
1 1.9088881832520386 -0.48117953753380505 -0.92642935002750559 0.3764686698884962 
1 -1.4630908167479575 0.88907546246619518 0 -1 
1 -1.4630908167479575 -0.18117653753380125 0.9960655636657757 -0.088619370789802615 
1 -1.3857407031841547 -1.1089195594248622 0.82641864480507321 0.56305614597351317 
1 1.4928712968158493 0.85233844057513863 -1 0 
1 0.55345329681584587 0.85233844057513863 -0.70309558433781905 -0.71109535175295646 
1 -0.85213356200478785 -1.1593897419408705 0.70309558433781905 0.71109535175295646 
1 1.0870604379952127 0.80186825805913031 -1 0 
1 -0.0041415620047899893 0.80186825805913031 -0.39686400757229695 -0.91787742073419365 
1 1.4592762268380213 1.4280046049210142 -0.82641864480507321 -0.56305614597351317 
1 -1.4193357731619827 -0.53325339507898661 0.52408129783605084 -0.85166824131141616 
1 -0.77932477316198145 -1.5733153950789927 0.59788025007177703 0.8015854331099771 
1 0.59212551551411252 0.81249948448589748 -1 0 
1 -0.25586648448588534 0.81249948448589748 0 -1 
1 -0.25586648448588534 -1.1487585155141034 0.39686400757229695 0.91787742073419365 
1 -0.082892220206581158 -0.46133006262867582 1 0 
1 0.082657779793414932 -0.46133006262867582 0 1 
1 0.082657779793414932 0.46152893737132672 -1 0 
1 -0.082423220206585768 0.46152893737132672 -0.00050820324603318941 -0.99999987086472208 
1 0.79210984245247573 0.28274767222322339 -1 0 
1 -1.1491861575475255 0.28274767222322339 0.90310319208614631 -0.4294235955834439 
1 0.79164084245248034 -0.64011132777677915 0.00050820324603318941 0.99999987086472208 
1 -0.52894821594016861 0.82749528405982176 0.35785856430045998 -0.93377580176229324 
1 0.2226807840598326 -1.1337627159401791 0 1 
1 0.2226807840598326 0.82749528405982176 -1 0 
1 0.6679966668859052 -1.9927819625181229 0 1 
1 0.6679966668859052 2.2742850374818744 -0.59788025007177703 -0.8015854331099771 
1 -1.5706043331140975 -0.72703496251813249 0.87048774086966241 -0.4921900984331477 
1 -0.21433476833459508 -0.31475114331865939 0.98364261699047817 -0.18013106905840406 
1 0.42567623166540614 -0.43195414331866289 -0.52408129783605084 0.85166824131141616 
1 -0.21433476833459508 0.60810785668134315 0 -1 
1 1.2333119550032521 0.87577854499676278 -0.92126024376470772 -0.38894673576029853 
1 -1.7326640449967528 -0.37642645500324079 1 0 
1 1.2333119550032521 -0.37642645500324079 0 1 
1 1.3105604468011123 0.31376976828717318 0.045902013333769871 0.99894594707216589 
1 1.3490734468011141 1.1519117682871638 -0.82087091376055266 -0.57111377407826136 
1 -1.6554155531988926 -0.93843523171283039 0.92126024376470772 0.38894673576029853 
1 -0.29048878563325786 -3.6682585402860894 0.35735454377382714 0.933968805712589 
1 0.84484921436673943 -0.70098054028608203 -0.24973579637547269 0.96831401518758808 
1 -0.29048878563325786 3.7011264597139188 0 -1 
1 -0.88017067924030812 0.37003867924029521 0 -1 
1 -0.88017067924030812 -0.81270032075970278 0.88105363515968582 0.47301637600817098 
1 1.3228323207596944 0.37003867924029521 -1 0 
1 -0.94433100795472313 2.2237038897280996 0 -1 
1 -0.94433100795472313 -2.1784031102719013 0.82087091376055266 0.57111377407826136 
1 2.0601579920452835 -0.088056110271907073 -0.7925456309080664 0.60981261296281419 
1 0.68338604460062413 -0.24644686753518386 -0.00015723160020796238 0.99999998763911191 
1 0.68322904460062261 0.75208013246482608 -0.82432227429667437 -0.5661208246464341 
1 -1.0401439553993796 -0.4314828675351805 0.99428639469843982 0.10674532925415674 
1 -0.29336549915739596 0.085241500842599294 0 -1 
1 -0.29336549915739596 -0.031961499157404205 1 0 
1 0.34664550084260526 -0.031961499157404205 -0.98364261699047817 0.18013106905840406 
1 -0.70304750850691278 0.29926310202674244 0.7305694352158707 -0.68283841450841332 
1 0.36503349149308661 -0.69903589797324628 0 1 
1 0.36503349149308661 0.47933910202674213 -0.98608340122850446 -0.1662513934426546 
1 -0.88612921693000857 0.86604478306999511 0 -1 
1 -0.88612921693000857 -0.3997022169299953 1 0 
1 1.3524717830699942 -0.3997022169299953 -0.87048774086966241 0.4921900984331477 
1 -0.16496296283188627 2.6515030013630678 -0.20280509822747064 -0.97921912365565356 
1 -1.0766789628318847 -1.7506039986369331 1 0 
1 1.2715650371681164 -1.7506039986369331 -0.31022717785123594 0.95066245225235313 
1 -0.62558963834347026 2.1310541101090337 0.24973579637547269 -0.96831401518758808 
1 0.50974836165652704 -2.2710528898909672 -0.18717960000632336 0.9823257083785768 
1 -0.32906163834347524 2.1310541101090337 -1 0 
1 -0.42432900732783452 -1.1678417063552757 0.51862873402843479 0.85499955335664546 
1 0.76533799267216551 0.7934162936447251 -1 0 
1 -0.24071600732783338 0.7934162936447251 -0.093212414702741817 -0.9956462452825724 
1 -0.048047293707803362 0.93686979370781387 0 -1 
1 -0.048047293707803362 -1.024388206292187 0.093212414702741817 0.9956462452825724 
1 0.13556570629219777 0.93686979370781387 -1 0 
1 -1.8694129581177279 0.36905361689670713 0.89107955184177012 -0.45384714639344187 
1 1.1644880418822723 -1.1761813831032839 0 1 
1 1.1644880418822723 0.78107161689671045 -0.9909041660728114 -0.13456943805911628 
1 -0.11609488441619931 0.43493662604261374 0.15437586602019823 -0.98801219222766368 
1 0.032484115583805817 -0.51597537395738868 0.031234752377714219 0.99951207608707904 
1 0.062200115583799231 0.43493662604261374 -1 0 
1 -0.77979819770736469 0.64883071172654638 -0.031234752377714219 -0.99951207608707904 
1 -0.80951419770735811 -0.30208128827345604 0.99989868102489443 0.014234735145993391 
1 1.1610288022926412 -0.27402828827345616 -0.90310319208614631 0.4294235955834439 
1 -0.10224920629480039 -0.79627363000993512 0.24592003688569933 0.96929011934411891 
1 0.26141779370519913 0.63711436999005855 -1 0 
1 -0.10233320629480147 0.63711436999005855 5.86024159940263e-05 -0.99999999828287844 
1 -1.2408072828573466 1.0387680806061041 0 -1 
1 -1.2408072828573466 -0.39461991939388952 0.99932115055443504 -0.036840711917119004 
1 1.7930937171426535 -0.50646691939388688 -0.89107955184177012 0.45384714639344187 
1 -1.190862260327556 0.93267897715699632 0 -1 
1 -1.190862260327556 -0.7838360228430048 0.97749812296467942 0.21094411487531126 
1 1.8387667396724439 -0.13004202284299993 -0.94362982417285179 0.33100265094333126 
1 -1.7161256158651383 0.33820452158457215 0.94362982417285179 -0.33100265094333126 
1 1.3135033841348616 -0.7245164784154241 0.0044926634724528859 0.99998990793653675 
1 1.3177753841348618 0.22635752158457478 -0.99932115055443504 0.036840711917119004 
1 0.10227020691014133 0.79625729308986593 -0.24592003688569933 -0.96929011934411891 
1 -0.26139679308985819 -0.63713070691012774 1 0 
1 0.10227020691014133 -0.63713070691012774 0 1 
1 -1.420034403603502 0.11296988190460411 0 -1 
1 -1.420034403603502 -0.30305311809540569 0.9909041660728114 0.13456943805911628 
1 1.6138665963964982 0.10896488190459763 -0.99999912869206864 0.0013200814760989928 
1 -0.038959522242855371 0.51061886405734924 -0.0044926634724528859 -0.99998990793653675 
1 -0.043231522242855647 -0.44025513594264964 0.99999996909700239 -0.00024860811397517819 
1 0.10961947775714975 -0.44029313594265318 -0.15437586602019823 0.98801219222766368 
1 0.29427749987355867 -0.031953999873550742 0 1 
1 0.29427749987355867 0.085249000126452756 -0.98373394429653238 -0.17963164208676327 
1 -0.34757250012644647 -0.031953999873550742 1 0 
1 0.57529104220171945 0.04878745779828364 -1 0 
1 -0.49278995779827994 0.04878745779828364 0 -1 
1 -0.49278995779827994 -0.13128854220171604 0.98608340122850446 0.1662513934426546 
1 0.12977208588809219 0.45852491411190499 -1 0 
1 -0.048522914111913451 0.45852491411190499 0 -1 
1 -0.048522914111913451 -0.53977408588808373 0.17581674752909326 0.98442291282166494 
1 -0.60543604661482675 0.78110393140320866 0 -1 
1 -0.60543604661482675 -0.67498906859678698 0.99711222726342075 0.075942124290676011 
1 0.72325695338516738 -0.57379306859678536 0 1 
1 0.72325695338516738 0.42450593140320336 -0.96582111370063317 0.25920952206674153 
1 -0.33441864571312863 0.66627786219835627 -0.17581674752909326 -0.98442291282166494 
1 -0.51271364571313427 -0.33202113780163245 1 0 
1 0.73366235428687077 -0.33202113780163245 -0.7305694352158707 0.68283841450841332 
1 0.60461957840390568 -0.23415277400195578 0 1 
1 0.60461957840390568 0.033295225998045908 -0.99775663433924455 0.066945490005100985 
1 -0.72407342159608845 0.12244522599804952 0.96582111370063317 -0.25920952206674153 
1 -1.6608183025462466 -0.18089541426772371 0.99999999988473254 1.5183377236039693e-05 
1 1.3688106974537533 -0.18084941426772616 0 1 
1 1.3688106974537533 0.47289858573228116 -0.97749812296467942 -0.21094411487531126 
1 -1.2186485097262789 -0.79716301838902837 0.96181678421694439 0.27369412415792899 
1 1.8099234902737251 0.064645981610979675 -0.97748859842292568 0.21098824600717556 
1 -1.2186485097262789 0.71835498161097178 0 -1 
1 1.3682863461739956 0.1808986286156653 -0.99999999988465205 -1.518867638162566e-05 
1 -1.6602856538260085 0.18085262861565354 0.97748859842292568 -0.21098824600717556 
1 1.3682863461739956 -0.47285637138433856 0 1 
1 0.56325548990034946 0.1852664166926985 -0.99711222726342075 -0.075942124290676011 
1 -0.76543751009964467 0.084070416692696881 0.96023829178607589 -0.27918170245873758 
1 0.56325548990034946 -0.3022365833073053 0 1 
1 0.98373113632882081 0.041112491009101859 -0.99989868102489443 -0.014234735145993391 
1 -0.98681186367117846 0.013059491009101976 0.99775663433924455 -0.066945490005100985 
1 0.34188113632881567 -0.07609050899090164 0.98373394429653238 0.17963164208676327 
1 0.15788901697581537 1.2811081483358322 -0.51862873402843479 -0.85499955335664546 
1 -1.0317779830241847 -0.68014985166416864 1 0 
1 0.90951801697581658 -0.68014985166416864 -0.35785856430045998 0.93377580176229324 
1 -0.74267974250700064 0.18350268333600184 0.96768299634247013 -0.25216982093355078 
1 0.73992125749299476 -0.20285031666399789 -0.96023829178607589 0.27918170245873758 
1 -0.58877174250699937 0.18345668333600429 -0.99999995533542052 0.00029887983693490245 
1 0.17123766142020003 1.3240259214780394 -1 0 
1 -0.16748033857980005 1.3240259214780394 -0.0028373292527792662 -0.99999597477325441 
1 -0.17498433857980444 -1.3207040785219561 1 0 
1 0.17123766142020003 -1.3207040785219561 0 1 
1 0.38878532524060461 -0.39826617475938519 0 1 
1 0.38878532524060461 0.18593182524061547 -1 0 
1 -0.60111967475939565 0.18593182524061547 0.86121059652660548 -0.50824827439971543 
1 -0.3801842552399286 0.90412229321719906 0 -1 
1 -0.3801842552399286 -0.69984270678280325 0.95770652381136046 0.28774678842544898 
1 0.79461774476007108 -0.34686870678280002 -0.68456050008382918 0.72895604924095225 
1 -0.68272753817260678 0.27929725232404223 0.91608171202427502 -0.40099164192620451 
1 0.67431246182739457 -0.31471274767595503 -0.89311739602461415 0.44982365091023457 
1 -0.50508453817260701 0.27929725232404223 -1 0 
1 0.68713041404610564 -0.27855496090897702 -0.91699210089996019 0.39890536081516531 
1 -0.67836258595389509 0.31545503909102024 0.89311739602461415 -0.44982365091023457 
1 0.50103441404610649 -0.27855496090897702 1 0 
1 0.39388230776074806 -1.0177819617079535 0.0028373292527792662 0.99999597477325441 
1 0.40138630776075246 1.626948038292042 -0.40940543245224792 -0.91235255898067613 
1 -0.87640469223924811 -1.220585961707954 0.98749416936698564 0.15765552786441425 
1 -0.7136356504833401 -0.16791947437486954 0.91213317600374022 -0.40989397316053555 
1 0.27826534951665849 -0.61365947437487023 0.099933705624790772 0.9949940977111863 
1 0.40958634951665829 0.69384352562512674 -0.79339275909280071 -0.60871005398228251 
1 -0.79060209355456834 -0.34867614604725361 0.99463520802998717 -0.10344468544659161 
1 1.1593869064454339 -0.55148014604725404 -0.76931228683469044 0.63887291797757328 
1 -0.65928109355456854 0.95882685395274336 -0.099933705624790772 -0.9949940977111863 
1 0.41973790909449349 0.41856397945346657 -0.87145741746029781 -0.49047117097075982 
1 -0.64938909090550823 -0.18315902054652611 0.99969390317693518 -0.024740653808351262 
1 0.41973790909449349 -0.20961802054652878 0 1 
1 -0.37500474634739334 -1.7486080375039847 0.40940543245224792 0.91235255898067613 
1 0.90278625365260723 1.0989259624960113 -0.97879118248634556 0.20486049176691309 
1 -0.37500474634739334 1.3663669624960164 0 -1 
1 1.1363877248873493 0.45354927511264975 -1 0 
1 -0.6822802751126531 0.45354927511264975 0 -1 
1 -0.6822802751126531 -0.90765672488734594 0.80059019403010878 0.59921226724995613 
1 -0.55019456401113587 -0.14435440787606524 0.97043340729042193 0.24136901626907736 
1 0.6603654359888651 0.15673959212392674 -0.97503984763426399 -0.22202994285760527 
1 -0.66188256401113676 -0.14435440787606524 1 0 
1 -0.49141187662046804 -0.39940220146674221 0.97503984763426399 0.22202994285760527 
1 0.83083612337953383 -0.098308201466750234 -0.91608171202427502 0.40099164192620451 
1 -0.52620387662046753 0.49570179853324703 0.03883989745870739 -0.99924544650721181 
1 -0.60059596738100396 -0.13462253261899093 1 0 
1 0.42410103261899579 -0.13462253261899093 0 1 
1 0.42410103261899579 0.31111746738100976 -0.9169981935194802 -0.39889135498530187 
1 0.74617692241329081 0.054959119726404992 -0.97026702923720887 0.24203696406789063 
1 -0.46438307758671016 0.35693811972640788 0 -1 
1 -0.46438307758671016 -0.41568288027359301 0.93203882476784505 0.36235842632036902 
1 0.36495126374954623 0.75207471380426227 -0.5939433460047816 -0.80450686866964927 
1 -0.62495373625045403 -0.58876928619572766 0.9169981935194802 0.39889135498530187 
1 0.39974326374954572 -0.14302928619572697 -0.03883989745870739 0.99924544650721181 
1 1.1150566326969873 2.2956837610537946 -0.99112127244091608 -0.13296098418370511 
1 -2.3932153673030143 1.8250417610537966 0.56590973612562412 -0.82446720405254847 
1 1.1150566326969873 -3.2861182389462016 0 1 
1 0.6959176580077937 0.31846934869471966 -0.86121059652660548 0.50824827439971543 
1 -0.29398734199220655 0.90266734869472032 0 -1 
1 -0.29398734199220655 -1.0223746513052703 0.5939433460047816 0.80450686866964927 
1 0.65082747745975666 0.28191200849400389 -0.99969390317693518 0.024740653808351262 
1 -0.41829952254024505 0.30837100849400656 0.099144108045393059 -0.99507308567757147 
1 -0.32980152254024375 -0.5798509915059924 0.75116561206340948 0.66011379568480733 
1 0.56151219053919021 -1.4499420555613938 0 1 
1 0.56151219053919021 1.4215709444385993 -0.80059019403010878 -0.59921226724995613 
1 -1.2571558094608122 0.060364944438603629 0.76931228683469044 -0.63887291797757328 
1 -0.40840323725196725 0.31041726274803239 0 -1 
1 -0.40840323725196725 -0.13532273725196831 1 0 
1 0.58349776274803133 -0.13532273725196831 -0.91213317600374022 0.40989397316053555 
1 0.42710535599979238 0.40942716922863553 -0.75116561206340948 -0.66011379568480733 
1 -0.55352364400020804 -0.45233583077136075 0.79339275909280071 0.60871005398228251 
1 0.56969835599979035 0.40942716922863553 -1 0 
1 0.64556939030821781 0.18985560969177584 -1 0 
1 -0.42355760969178391 0.18985560969177584 0 -1 
1 -0.42355760969178391 -0.41186739030821684 0.87145741746029781 0.49047117097075982 
1 0.48745955420545073 -0.30170427320710758 0 1 
1 0.48745955420545073 0.30136872679288729 -0.97043340729042193 -0.24136901626907736 
1 -0.72310044579455024 0.00027472679289530788 0.97026702923720887 -0.24203696406789063 
1 -0.48488259734648409 -0.30556340265350457 0.93532953652215522 0.35377769589001856 
1 0.66215540265351081 0.12829059734650627 -1 0 
1 -0.48488259734648409 0.12829059734650627 0 -1 
1 -1.1988687879924598 0.73187176896132655 0.74238400932384563 -0.66997461347446008 
1 0.98435921200753995 -1.2384122310386658 -0.44652458428189817 0.89477136500442278 
1 -0.16267878799245494 1.0600877689613242 -0.95331861215094205 -0.30196626256355485 
1 -0.44872584288956574 0.094738842889555031 0 -1 
1 -0.44872584288956574 -0.23347715711044259 0.95331861215094205 0.30196626256355485 
1 0.58746415711043909 0.094738842889555031 -1 0 
1 0.333449478175325 -1.4967219352044339 0 1 
1 0.333449478175325 1.235632064795567 -0.93532953652215522 -0.35377769589001856 
1 -0.8135885218246699 0.80177806479555613 0.44652458428189817 -0.89477136500442278 
1 -0.33728006698579094 0.16432847433567588 0.005582067499360811 -0.99998442013985034 
1 -0.3359940669857906 -0.066048525664314184 1 0 
1 0.43501293301420674 -0.066048525664314184 -0.95827280655266334 0.2858552574672748 
1 -0.77285994530051738 0.3272989453005124 0 -1 
1 -0.77285994530051738 -0.71783605469948952 0.87998970718774516 0.47499275283274217 
1 1.1633970546994803 0.3272989453005124 -1 0 
1 -0.47767004567239724 0.34084044891153553 0.11684295855714714 -0.99315040302847024 
1 -0.35880404567240021 -0.66950555108846288 0.73252579380142302 0.6807392756522832 
1 0.72840295432759916 0.34084044891153553 -1 0 
1 0.11325299351442197 0.68398132920130195 -0.87998970718774516 -0.47499275283274217 
1 -1.8230040064855757 -0.36115367079869998 0.99789703135332664 0.064819092991323851 
1 1.8367829935144258 -0.12342967079869993 -0.90555859571634612 0.42422120376548761 
1 0.67292880004774958 0.84665654608835439 -1 0 
1 -0.54072019995225418 0.84665654608835439 0 -1 
1 -0.54072019995225418 -0.93611245391164744 1 0 
1 0.38548780004774841 -0.93611245391164744 0.15917717693325883 0.98725003233403752 
1 0.67701092064193347 0.38309077855750218 -0.99428639469843982 -0.10674532925415674 
1 -1.0465190793580703 0.19805477855750553 0.90555859571634612 -0.42422120376548761 
1 0.67701092064193347 -0.60935622144249635 0 1 
1 -2.0434248560041155 0.15131127162075586 0.97815791827127374 -0.20786314469671688 
1 1.5923631439958825 -0.62131072837924251 0.023746550729868358 0.99971801090529211 
1 1.616362143995886 0.38903527162075591 -0.99789703135332664 -0.064819092991323851 
1 -0.60474374113930907 -0.19971002687287864 1 0 
1 0.28305525886069205 -0.19971002687287864 0.28823125612250872 0.95756082991841351 
1 0.46135025886069059 0.39262097312712285 -0.87413758900726035 -0.48567836629252298 
1 0.073772247458343543 0.41618905237073989 -1 0 
1 -0.045745752541655804 0.41618905237073989 0.033438016678777542 -0.99944079316415224 
1 -0.016028752541657809 -0.47203294762925907 0.10058919206689375 0.99492804485516928 
1 -0.71835934639277355 -1.4981484985764268 0.61719717150537545 0.78680852275872315 
1 0.44303265360722577 -0.017595498576426394 0 1 
1 0.44303265360722577 1.5932515014235662 -0.35168540054982028 -0.93611825056459208 
1 -0.47412657835796068 -0.28232366793181995 0.87413758900726035 0.48567836629252298 
1 0.59196742164203897 0.31000733206818154 -0.89539437302285452 -0.44527397943177571 
1 -0.59914157835795834 -0.28232366793181995 1 0 
1 -0.12715821106080938 -0.25815478893919419 1 0 
1 0.051136788939189159 -0.25815478893919419 0 1 
1 0.051136788939189159 0.3341762110608073 -0.28823125612250872 -0.95756082991841351 
1 -0.44389950000000056 0.090144999999992592 0 -1 
1 -0.44389950000000056 -0.090145000000006803 1 0 
1 0.44389950000000056 -0.090145000000006803 0 1 
1 0.44389950000000056 0.090144999999992592 -1 0 
1 0.47652214606502952 -0.068062553694844041 -0.033438016678777542 0.99944079316415224 
1 0.44680514606503152 0.82015944630515492 -0.61719717150537545 -0.78680852275872315 
1 -0.71458685393496779 -0.66039355369484554 0.89539437302285452 0.44527397943177571 
1 -1.4297255516753467 -0.27447705167534764 1 0 
1 1.8407094483246524 -0.27447705167534764 -0.95952059736615247 0.28163846191545289 
1 -1.4297255516753467 0.68546094832464632 0 -1 
1 -1.6324710212904847 0.10366286926922896 0.95952059736615247 -0.28163846191545289 
1 1.6379639787095144 -0.856275130730765 -0.74238400932384563 0.66997461347446008 
1 -0.54526402129048535 1.1140088692692274 -0.73252579380142302 -0.6807392756522832 
1 -2.2322602161542306 -0.21533495771244304 0.99768103215276427 -0.068062897988515988 
1 1.6909687838457685 -0.48298195771243968 0 1 
1 1.6909687838457685 0.79481204228756042 -0.96841449345136432 -0.24934588200597491 
1 -1.67452996226978 -0.92400705563238716 0.96841449345136432 0.24934588200597491 
1 2.2486990377302192 0.086139944367616295 -0.97815791827127374 0.20786314469671688 
1 -1.3870889622697788 0.85876194436761466 -0.15917717693325883 -0.98725003233403752 
1 0.093478448676755477 -0.47192663818589153 -0.11684295855714714 0.99315040302847024 
1 -0.025387551323241553 0.53841936181410688 -0.023746550729868358 -0.99971801090529211 
1 -0.049386551323244987 -0.47192663818589153 1 0 
1 -1.1726363548017176 0.040289354801728905 0 -1 
1 -1.1726363548017176 -0.11583864519826648 0.99792674062102416 0.06436008354173689 
1 1.2481856451982836 0.040289354801728905 -1 0 
1 0.00035828157841422126 0.48443579672435533 -0.10058919206689375 -0.99492804485516928 
1 -0.089442718421587131 -0.40378620327564363 1 0 
1 0.088856281578415519 -0.40378620327564363 -0.099144108045393059 0.99507308567757147 
1 -0.29719870432331419 -3.7282037401876238 0.35168540054982028 0.93611825056459208 
1 0.86419329567668512 -0.63680374018763075 -0.25548021758278228 0.96681428331601216 
1 -0.29719870432331419 3.7582542598123752 0 -1 
1 0.42358451792469509 -2.419768982075297 -0.11189873593394234 0.99371961482924642 
1 -0.15196248207530516 2.6913910179247011 0 -1 
1 -0.15196248207530516 -2.419768982075297 1 0 
1 -0.46848970695488035 -0.33022379304512128 0.92220270527282244 0.38670682743842005 
1 0.65699029304511924 0.14172320695487883 -1 0 
1 -0.46848970695488035 0.14172320695487883 0 -1 
1 -0.20696412205041881 -2.3054400515187723 1 0 
1 0.92224587794958168 -2.3054400515187723 -0.25836206806846829 0.96604815707260905 
1 -0.44469412205041792 2.8057199484812259 0.046461716822207955 -0.99892007131198091 
1 -0.70749562295373636 -2.3039358860806374 1 0 
1 0.41798437704626323 -2.3039358860806374 -0.046461716822207955 0.99892007131198091 
1 0.18025437704626412 2.8072241139193608 -0.1711264878689395 -0.98524906757105934 
1 -0.68182270560107838 -0.054722794398941232 1 0 
1 0.58846429439891779 -0.054722794398941232 0 1 
1 0.58846429439891779 0.1480812056010592 -0.98749416936698564 -0.15765552786441425 
1 0.34956223272423159 2.8300547672757688 -0.23721622295337147 -0.97145687684412241 
1 -0.89851176727577098 -2.2811052327242294 1 0 
1 0.34956223272423159 -2.2811052327242294 0 1 
1 -1.6795259630886719 -2.2331699839507309 1 0 
1 -0.074857963088675206 -2.2331699839507309 0.23721622295337147 0.97145687684412241 
1 1.1732160369113274 2.8779900160492673 -0.487366359201368 -0.8731975904220094 
1 2.515048323943887 1.7990689287561423 -1 0 
1 -2.2395216760561141 1.7990689287561423 0.34873387683459095 -0.93722178973171366 
1 -0.33769367605611222 -3.3120910712438558 0.487366359201368 0.8731975904220094 
1 1.0230660723353751 -0.053330427664633362 -0.99463520802998717 0.10344468544659161 
1 -0.92692292766462714 0.14947357233536707 0 -1 
1 -0.92692292766462714 -0.053330427664633362 1 0 
1 0.46817108420038522 -0.14314800773226466 8.4415433682529149e-06 0.99999999996437017 
1 0.46817508420038578 0.33069899226774169 -0.92220270527282244 -0.38670682743842005 
1 -0.65730491579961381 -0.14124800773225843 0.99999857503629996 -0.0016881721978746784 
1 0.53702974093361178 0.89506010130344293 -0.99996870508810365 -0.0079113111695399072 
1 -0.22388225906638937 0.88904010130343636 0 -1 
1 -0.22388225906638937 -1.2057398986965637 0.34055089052251875 0.94022608502653215 
1 -0.80233399999999477 -0.23422250000001554 1 0 
1 0.80233400000000188 -0.23422250000001554 0 1 
1 0.80233400000000188 0.23422249999998712 -1 0 
1 -0.80233399999999477 0.23422249999998712 0 -1 
1 -0.8127864778736722 -1.3028833455588114 0.69615122634420223 0.71789516648286711 
1 1.2243835221263311 0.79791665444119531 -1 0 
1 -0.38028447787366559 0.79791665444119531 -0.20164592216761063 -0.97945848409882796 
1 1.777665899950847 -0.63553172431680593 -0.60468137865276517 0.79646746971272542 
1 0.18272989995084998 1.4652682756832007 -0.69615122634420223 -0.71789516648286711 
1 -1.8544401000491533 -0.63553172431680593 1 0 
1 -0.11920857460464163 0.95127858929444642 0 -1 
1 -0.11920857460464163 -1.1468434107055572 0.20164592216761063 0.97945848409882796 
1 0.31329342539536498 0.95395658929444949 -0.9999808308691559 -0.0061917601885554873 
1 0.53582120797302935 0.78342484123403722 -0.99999858820166643 0.0016803555201300451 
1 -1.0626477920269721 0.7861108412340343 0.60468137865276517 -0.79646746971272542 
1 0.5322882079730249 -1.3146891587659724 0.0016838908615597458 0.99999858225477822 
1 -0.089105808877732784 -2.8726422400781786 0.1711264878689395 0.98524906757105934 
1 0.7986441911222677 2.2385177599218196 -1 0 
1 -0.66465280887773304 2.2385177599218196 0.11189873593394234 -0.99371961482924642 
1 0.94047604364870807 -2.2130514129697332 -0.21572831792626551 0.97645342584513684 
1 -0.1887349563512899 2.898108587030265 -0.09262341833688198 -0.99570121139606482 
1 -0.66419195635128858 -2.2130514129697332 1 0 
1 -0.42948595502102194 2.3520744119761474 0.080413578383721165 -0.99676158453841168 
1 -0.017143955021019508 -2.7590855880238507 0.09262341833688198 0.99570121139606482 
1 0.45831304497897918 2.3520744119761474 -1 0 
1 -0.075601044977410936 2.6829953665635458 -0.024451909436532533 -0.99970100736415568 
1 -0.20061604497740859 -2.4281646334364524 1 0 
1 0.33674095502259149 -2.4281646334364524 -0.080413578383721165 0.99676158453841168 
1 -0.70162558979360767 -0.33588091020639865 0.95962672376977465 0.28127664500787963 
1 0.90304241020638898 0.13446408979361024 -1 0 
1 -0.70162558979360767 0.13446408979361024 0 -1 
1 -0.031635914064395365 -2.5864515859356061 0.024451909436532533 0.99970100736415568 
1 0.093379085935602291 2.5247084140643921 -1 0 
1 -0.031635914064395365 2.5247084140643921 0 -1 
1 1.0892907768346802 -2.3832947053934674 -0.34873387683459095 0.93722178973171366 
1 -0.81253722316532162 2.7278652946065307 0.21572831792626551 -0.97645342584513684 
1 0.31667377683467635 -2.3832947053934674 1 0 
1 0.73212240959774277 -3.0805669135921931 0 1 
1 0.73212240959774277 2.2164370864077938 -0.99792674062102416 -0.06436008354173689 
1 -1.6886995904022584 2.0603090864077984 0.42602556344481274 -0.90471112477493609 
1 3.7527978279879477 -2.7244393733628129 -0.42602556344481274 0.90471112477493609 
1 1.3319758279879466 2.4164366266371786 -0.96349591990731354 -0.26772301418062588 
1 -4.656851172012054 0.75234362663718457 0.9241360456446297 -0.38206356688423854 
1 -4.1913798270516907 1.801207786199015 0.91239409795402848 -0.40931285103042497 
1 3.5586731729483105 -1.6755752138009825 1 0 
1 4.2182691729483111 -1.6755752138009825 -0.9241360456446297 0.38206356688423854 
1 -2.9821447324818919 -0.90602570579537201 0.96349591990731354 0.26772301418062588 
1 3.0066822675181086 0.75806729420462204 -1 0 
1 1.8970092675181078 0.75806729420462204 -0.94646603931057005 -0.32280340213783759 
1 -3.8382643180425475 1.8818110686503644 0.87669533407765798 -0.4810460385518871 
1 2.498092681957452 -1.5949719313496331 1 0 
1 3.9117886819574537 -1.5949719313496331 -0.91239409795402848 0.40931285103042497 
1 2.0470654529106014 -0.046385629561726205 -0.99768103215276427 0.068062897988515988 
1 -1.8761635470893978 0.22126137043827043 0 -1 
1 -1.8761635470893978 -0.13657262956172644 0.999735881705625 0.022981880477378574 
1 0.60840722187077745 0.33306561662111278 -0.94909778270946454 -0.31498158494740319 
1 -0.80528877812922417 -0.13610438337889263 0.99999991814410716 -0.0004046131227532473 
1 0.60840722187077745 -0.13667638337889798 0 1 
1 -0.90316371745168311 -0.13430205708405651 0.99999991846396685 -0.00040382181682619545 
1 0.70150428254831354 -0.13495005708405472 0 1 
1 0.70150428254831354 0.33604294291595238 -0.95962672376977465 -0.28127664500787963 
1 0.80518558769125548 0.13624741230876225 -1 0 
1 -0.60851041230874614 0.13624741230876225 0 -1 
1 -0.60851041230874614 -0.33292258769124317 0.94909778270946454 0.31498158494740319 
1 0.80584149999999966 0.23422249999998712 -1 0 
1 -0.80584150000000676 0.23422249999998712 0 -1 
1 -0.80584150000000676 -0.23422250000001554 1 0 
1 0.80584149999999966 -0.23422250000001554 0 1 
1 2.3279017530530481 -1.4992423867698506 -0.78650133495587593 0.61758857673424061 
1 -2.0997942469469564 1.977540613230147 0.62939728253676974 -0.77708368965982677 
1 0.71621875305304172 -1.4992423867698506 1 0 
1 1.4687447236759255 -1.6273107560685673 -0.62939728253676974 0.77708368965982677 
1 -1.3472682763240726 1.8494722439314302 0.53966593429780718 -0.84187925461937529 
1 0.88143772367592987 -1.6273107560685673 1 0 
1 -1.1047286109766503 0.79166798049860176 0.62775886997436348 -0.77840786299247411 
1 0.59850738902335365 -1.3203090195014084 -0.043308757188111363 0.99906173560537359 
1 0.5069543890233561 0.79166798049860176 -1 0 
1 -0.068168886543624296 1.0335961134563831 0.043308757188111363 -0.99906173560537359 
1 0.023384113456373257 -1.0783808865436271 0 1 
1 0.023384113456373257 1.0335961134563831 -1 0 
1 1.099047334985336 -1.1526496440954901 -0.62775886997436348 0.77840786299247411 
1 -0.60418866501466795 0.95932735590452012 -1 0 
1 -1.1914956650146635 0.95932735590452012 0.73518251886671859 -0.67786920858878597 
1 -2.0553991873048929 -0.62049233403537585 1 0 
1 2.1164108126951078 -0.62049233403537585 -0.73518251886671859 0.67786920858878597 
1 -0.17413218730489177 1.4914846659646344 -0.66514444086894198 -0.74671471981014459 
1 0.81091299999999933 0.23422249999998712 -1 0 
1 -0.81091299999999933 0.23422249999998712 0 -1 
1 -0.81091299999999933 -0.23422250000001554 1 0 
1 0.81091299999999933 -0.23422250000001554 0 1 
1 -3.0904975066605687 1.9630996690458744 0.78650133495587593 -0.61758857673424061 
1 1.3371984933394359 -1.5136833309541231 1 0 
1 3.2458594933394309 -1.5136833309541231 -0.87669533407765798 0.4810460385518871 
1 2.4697500534845886 0.26025427009497548 -0.999735881705625 -0.022981880477378574 
1 -1.4534789465154105 0.17006727009497524 -0.8013319150890974 -0.5982199945334824 
1 -2.3796869465154131 -0.52137672990502892 0.98725827698579405 0.15912603345474685 
1 0.67805706888316308 0.16527764343813089 -1 0 
1 0.50004006888316255 0.16527764343813089 -0.95770652381136046 -0.28774678842544898 
1 -0.67476193111683713 -0.18769635656187234 0.96760596918550834 0.25246522215262257 
1 0.84135324670459966 -1.3615144430841895 0 1 
1 0.84135324670459966 1.4663895569158143 -0.88105363515968582 -0.47301637600817098 
1 -1.3616497532954028 0.28365055691581631 0 -1 
1 -1.3616497532954028 -0.53654044308417781 0.93649009772921044 -0.35069402169859398 
1 -0.072620499999992205 0.41009549999998285 0 -1 
1 -0.072620499999992205 -0.41009550000001127 1 0 
1 0.072620500000006416 -0.41009550000001127 0 1 
1 0.072620500000006416 0.41009549999998285 -1 0 
1 0.49341493394083358 0.19956064063021017 -0.95186960130889831 -0.30650328237074248 
1 -0.4294290660591713 -0.097596359369788388 0 -1 
1 -0.4294290660591713 -0.24617835936977883 0.90046447830184473 0.43492956132756344 
1 0.52404556344257003 0.085954936557442352 -1 0 
1 -0.39879843655743485 0.085954936557442352 0 -1 
1 -0.39879843655743485 -0.21120206344255621 0.95186960130889831 0.30650328237074248 
1 1.4892961685274102 -0.55708963791745703 -0.53834096909103901 0.84272712131396432 
1 0.56645216852740532 0.88754436208255072 -0.90558462104004578 -0.42416564469055795 
1 -1.7014268314725882 -0.17470463791745772 0.9928952972150219 -0.11899129702752814 
1 -1.158926000000001 0.49031450000001087 0 -1 
1 -1.158926000000001 -0.49031449999999666 1 0 
1 1.158926000000001 -0.49031449999999666 0 1 
1 1.158926000000001 0.49031450000001087 -1 0 
1 -0.6498368625820774 0.4220696691753858 0.53834096909103901 -0.84272712131396432 
1 0.27300713741792748 -1.0225643308246219 0 1 
1 0.27300713741792748 0.8678086691753748 -0.90046447830184473 -0.43492956132756344 
1 1.3292950096197131 0.34524810264036887 -0.99928311463244734 -0.037858378339215563 
1 -0.95014999038028236 0.25889010264036472 0.011850901160734728 -0.99992977560510643 
1 -0.9385839903802804 -0.71700089735963957 0.90558462104004578 0.42416564469055795 
1 -0.93260823615612765 -0.24359373615612867 1 0 
1 1.2703947638438748 -0.24359373615612867 -0.93649009772921044 0.35069402169859398 
1 -0.93260823615612765 0.58138026384388297 0 -1 
1 -0.34764991407777046 0.23026791407775704 0 -1 
1 -0.34764991407777046 -0.46117608592224713 0.8013319150890974 0.5982199945334824 
1 0.57855808592223212 0.23026791407775704 -1 0 
1 -1.5054730871324367 -0.10130408713241934 1 0 
1 1.6852499128675618 -0.10130408713241934 -0.9928952972150219 0.11899129702752814 
1 -1.5054730871324367 0.28108091286757997 0 -1 
1 0.42844482238547243 0.55171117761452138 -0.80898220823187783 -0.58783312833173573 
1 -0.70689317761452486 -0.27326282238549027 1 0 
1 0.42844482238547243 -0.27326282238549027 0 1 
1 1.5859195698380049 -0.50159343016198932 0 1 
1 1.5859195698380049 0.18985056983801485 -1 0 
1 -1.8976624301619935 0.18985056983801485 0.98086512498615275 -0.19468848601265301 
1 0.45740317620764159 0.87876163370894744 -0.56798430094856722 -0.8230393878035045 
1 -0.6779348237923557 -0.76640336629105832 0.80898220823187783 0.58783312833173573 
1 0.45740317620764159 0.058570633708953324 0 1 
1 0.45216962522388826 1.519623867952447 -0.35735454377382714 -0.933968805712589 
1 -0.68316837477610903 -1.4476541320475604 0.56798430094856722 0.8230393878035045 
1 0.45216962522388826 0.19751086795244532 0 1 
1 -1.1185418182674951 0.021998318267492323 0 -1 
1 -1.1185418182674951 -0.064359681732511831 0.99928311463244734 0.037858378339215563 
1 1.1609031817325004 0.021998318267492323 -1 0 
1 0.47998615229295893 -0.48871174283057428 0 1 
1 0.47998615229295893 0.49191725716943324 -0.93438680385839168 -0.3562601588380318 
1 -0.81899084770704178 -0.0033527428305717422 0.93674516973942901 -0.35001212403265158 
1 -0.74496768681999725 -0.2330144702657293 0.99999999673305617 8.0832466314668331e-05 
1 -0.55939868682000338 -0.23299947026573875 0.93438680385839168 0.3562601588380318 
1 0.73957831317999734 0.26227052973426623 -0.94859962199331738 -0.31647868356989789 
1 -0.54279304994646793 -0.1751136334500103 0.99946030414588238 0.032849664178196861 
1 0.75618395005353278 -0.13241963345001295 -0.93674516973942901 0.35001212403265158 
1 -0.54279304994646793 0.35293936654998959 0 -1 
1 -0.70307154944465111 0.040749880732548149 0.98922498337034492 -0.14640332057689437 
1 0.5959054505553496 -0.1514961192674491 0 1 
1 0.5959054505553496 0.083443880732545495 -0.99946030414588238 -0.032849664178196861 
1 -0.47847204750412686 0.37767215529891018 -0.031702810073918002 -0.99949733958296116 
1 -0.50818804750412028 -0.55918684470108815 0.87235345390595564 0.48887570143989556 
1 0.82050495249587385 0.18542615529891293 -0.98922498337034492 0.14640332057689437 
1 -0.078612496508355889 0.42849049650834559 0 -1 
1 -0.078612496508355889 -0.5474005034916587 0.27226717629618286 0.96222169208124975 
1 0.19752250349164768 0.42849049650834559 -1 0 
1 -1.6338343244120068 0.15421118339521911 0.98400728102371304 -0.17812824282611522 
1 1.392792675587998 -0.39367881660477622 0 1 
1 1.392792675587998 0.13438218339523189 -0.99997853949954596 0.0065513769816114391 
1 -0.57643941506338336 0.42144153282730201 -0.0022061155110020287 -0.99999756652421523 
1 -0.57838441506338256 -0.46019646717269325 0.94859962199331738 0.31647868356989789 
1 0.90616158493661203 0.035088532827302288 -0.96768299634247013 0.25216982093355078 
1 -1.7029254938266263 -0.2406057117696605 0.99997853949954596 -0.0065513769816114391 
1 1.3237015061733786 -0.26043471176964772 0.0022061155110020287 0.99999756652421523 
1 1.3256465061733778 0.62120328823034754 -0.96181678421694439 -0.27369412415792899 
1 -0.10271769887630455 0.60792580188002887 5.8226069894109097e-05 -0.99999999830486241 
1 -0.10263769887630758 -0.76602919811996628 0.25569136157807043 0.96675846394761522 
1 0.26075030112369291 0.60792580188002887 -1 0 
1 1.7873606675074569 0.084922419786835235 -0.98400728102371304 0.17812824282611522 
1 -1.2392663324925479 0.63281241978683056 0 -1 
1 -1.2392663324925479 -0.74114258021316459 0.96471353554538586 0.26330171730454321 
1 -0.26073030054143231 -0.60794119945856551 1 0 
1 0.10265769945856817 -0.60794119945856551 0 1 
1 0.10265769945856817 0.76601380054142965 -0.25569136157807043 -0.96675846394761522 
1 -0.121218227671676 0.42647245885677876 0.16410563346893636 -0.9864427713069619 
1 0.034634772328324459 -0.5103635411432208 0.031702810073918002 0.99949733958296116 
1 0.064350772328317873 0.42649545885677753 -0.99999999231905223 -0.00012394311454021393 
1 1.314200398644374 0.62001786191338226 -0.96471353554538586 -0.26330171730454321 
1 -1.7124266013556309 -0.20604713808661757 0.99932913250002942 -0.036623557128421531 
1 1.312201398644369 -0.31689413808661016 0.0021336000072866403 0.99999772387291419 
1 0.49584742527616754 0.57266882262146623 -0.87235345390595564 -0.48887570143989556 
1 -0.83284557472382659 -0.17194417737853485 0.98518659134960107 -0.17148580181739287 
1 0.49584742527616754 -0.40322217737853805 0 1 
1 -0.041680244383812237 0.50460442121315907 -0.0021336000072866403 -0.99999772387291419 
1 -0.043679244383817206 -0.43230757878683335 0.9999998840963974 0.00048146359364584001 
1 0.11417275561618823 -0.43223157878684049 -0.16410563346893636 0.9864427713069619 
1 0.65422347977064987 -0.54868546267604756 0 1 
1 0.65422347977064987 0.29089053732394632 -0.98518659134960107 0.17148580181739287 
1 -0.67446952022934425 0.52216853732394952 0 -1 
1 -0.67446952022934425 -0.251528462676049 0.97589190546244553 -0.21825441313494073 
1 1.5346003948747153 -0.36690337146436036 0 1 
1 1.5346003948747153 0.31042662853565162 -0.99932913250002942 0.036623557128421531 
1 -1.4900276051252845 0.42127362853564421 0 -1 
1 -1.4900276051252845 -0.36682737146435329 0.99999999968431552 -2.5127056941573772e-05 
1 1.3649103964359881 -0.12181610356404349 0 1 
1 1.3649103964359881 0.042199896435960227 -1 0 
1 -1.4445266035640145 0.042199896435960227 0.99830020938366426 -0.05828114570366754 
1 -1.2940095588009868 0.20598382629638934 0 -1 
1 -1.2940095588009868 -0.27668917370361612 0.99362892880393261 0.11270116167968038 
1 1.5154274411990158 0.041967826296385624 -0.99830020938366426 0.05828114570366754 
1 -1.1352538350732786 0.15783484853871244 0.96442376771335048 -0.26436110960121495 
1 0.89463516492671857 -0.39858415146129289 -0.00054275636798086001 0.99999985270775171 
1 0.89433316492672077 0.15783484853871244 -1 0 
1 -0.61496261250618289 0.19504613654873992 0 -1 
1 -0.61496261250618289 -0.021185863451265163 0.99815039107523384 -0.060793065364051095 
1 0.71373038749381124 -0.10211086345125864 -0.97589190546244553 0.21825441313494073 
1 0.087269862466392567 -0.42631659991860715 -0.011850901160734728 0.99992977560510643 
1 0.075703862466390603 0.54957440008139713 -0.27226717629618286 -0.96222169208124975 
1 -0.20043113753361297 -0.42631659991860715 1 0 
1 -0.85100275847555906 0.036033249738991913 0.99887120463180257 -0.047500700599165946 
1 0.85073324152443774 -0.044891750261001562 -0.99815039107523384 0.060793065364051095 
1 -0.47795975847555638 0.036033249738991913 -1 0 
1 -0.13699212197021637 -0.45063945329638955 1 0 
1 0.13224487802978047 -0.45063945329638955 0.033656026650715432 0.99943347546001593 
1 0.16196187802977846 0.4318225467036001 -1 0 
1 -0.15747712197021713 0.4318225467036001 0.023207212215037815 -0.99973067638299773 
1 1.3697003763477227 -1.4346118535756744 -0.53966593429780718 0.84187925461937529 
1 -0.85900562365227984 2.0421711464243231 0.17195226008008374 -0.98510528384196139 
1 -0.25212562365227598 -1.4346118535756744 1 0 
1 -0.16486217291733141 1.8769693270826622 0 -1 
1 -0.16486217291733141 -1.5998136729173353 1 0 
1 0.44201782708267245 -1.5998136729173353 -0.17195226008008374 0.98510528384196139 
1 0.19585637697533542 -1.5785518769753253 0 1 
1 0.19585637697533542 1.8982311230246722 -0.20045894128820452 -0.97970210414064762 
1 -0.51553562302466815 -1.5785518769753253 1 0 
1 -2.2507251523161074 -0.99846138942525897 0.94646603931057005 0.32280340213783759 
1 2.6284288476838924 0.66563161057473508 -0.98725827698579405 -0.15912603345474685 
1 -2.2210081523161094 -0.11599938942526933 -0.033656026650715432 -0.99943347546001593 
1 1.066296050280009 2.0862358309814653 -0.61340029100646232 -0.78977217157430113 
1 -1.6340519497199892 -1.3905471690185323 1 0 
1 0.35490405028000538 -1.3905471690185323 0.20045894128820452 0.97970210414064762 
1 -1.015748408464674 -1.6006329267601416 0.61340029100646232 0.78977217157430113 
1 1.6845995915353242 1.8761500732398559 -0.70986502017418329 -0.70433774081267742 
1 -1.8194674084646749 -1.6006329267601416 1 0 
1 0.99447800000000086 0.23422250000000133 -1 0 
1 -0.99447799999999376 0.23422250000000133 0 -1 
1 -0.99447799999999376 -0.23422250000000133 1 0 
1 0.99447800000000086 -0.23422250000000133 0 1 
1 3.8200538559915387 -1.0257505854818305 -0.95834722222166369 0.28560567511872242 
1 -3.7815891440084641 1.2396834145181685 0.93736996369497283 -0.34833540038658917 
1 2.3146898559915385 -1.0257505854818305 1 0 
1 -1.112113011330365 -2.7273303327770577 0.70986502017418329 0.70433774081267742 
1 2.3919539886696342 0.74945266722293979 -0.91220615607623412 0.40973153261205225 
1 -1.112113011330365 2.3233586672229336 0 -1 
1 -4.0928162751924972 1.1723235442396742 0.95834722222166369 -0.28560567511872242 
1 3.5088267248075056 -1.0931104557603248 1 0 
1 4.1043687248075074 -1.0931104557603248 -0.96386767053487887 0.26638151906178897 
1 -0.068829137879994562 -1.1168798621200295 0.12192621138841522 0.99253916747726767 
1 0.19061186212000791 0.99509713787998066 -1 0 
1 -0.068829137879994562 0.99509713787998066 0 -1 
1 -0.21445327438866713 0.98229772561133188 0.13799584151290628 -0.99043280828390623 
1 0.078248725611331338 -1.1185022743886748 0 1 
1 0.078248725611331338 0.98229772561133188 -1 0 
1 1.0152463700437266 1.1280826173661467 -1 0 
1 -0.97370962995626797 1.1280826173661467 -0.17102181375106112 -0.98526724253945308 
1 -1.3383646299562741 -0.97271738263385998 1 0 
1 1.3079483700437251 -0.97271738263385998 -0.13799584151290628 0.99043280828390623 
1 1.170963487719817 0.7956327790782467 -1 0 
1 -0.4508625122801817 0.7956327790782467 -0.12192621138841522 -0.99253916747726767 
1 -0.71030351228018418 -1.3163442209217635 0.66514444086894198 0.74671471981014459 
1 -0.09901709565507133 -1.1337104043449528 0.17102181375106112 0.98526724253945308 
1 0.26563790434493484 0.96708959565505381 -1 0 
1 -0.09901709565507133 0.96708959565505381 0 -1 
1 -0.75268200000000718 -0.23422250000001554 1 0 
1 0.75268199999999297 -0.23422250000001554 0 1 
1 0.75268199999999297 0.23422249999998712 -1 0 
1 -0.75268200000000718 0.23422249999998712 0 -1 
1 1.5501585353866645 -0.056974023923402228 -0.98086512498615275 0.19468848601265301 
1 -1.9334234646133339 0.63446997607660194 0.91220615607623412 -0.40973153261205225 
1 1.5706435353866652 -0.93943602392339187 -0.023207212215037815 0.99973067638299773 
1 2.3192000315600936 0.87163968105888046 -0.99887120463180257 0.047500700599165946 
1 0.61746403156009677 0.95256468105887393 -0.78454237608323296 -0.62007520522084669 
1 -2.1919729684399059 -1.2679173189411159 0.90352963565997091 0.42852560890121866 
1 -1.0832451113800587 -1.3973129199135172 0.78454237608323296 0.62007520522084669 
1 1.7261918886199439 0.8231690800864726 -0.99362892880393261 -0.11270116167968038 
1 -1.0832451113800587 0.50451208008647086 0 -1 
1 0.18151650000000075 -0.95091250000000116 0 1 
1 0.18151650000000075 0.95091249999998695 -1 0 
1 -0.18151650000000075 0.95091249999998695 0 -1 
1 -0.18151650000000075 -0.95091250000000116 1 0 
1 1.4954241696704997 -0.99604127225765637 1 0 
1 3.080530169670503 -0.99604127225765637 -0.93736996369497283 0.34833540038658917 
1 -3.0157488303294997 1.2693927277423427 0.89364552920641949 -0.4487735154054644 
1 0.53839650000000461 0.23422250000000133 -1 0 
1 -0.5383964999999904 0.23422250000000133 0 -1 
1 -0.5383964999999904 -0.23422250000000133 1 0 
1 0.53839650000000461 -0.23422250000000133 0 1 
1 2.2913363229458028 -1.0135951723984817 -0.89364552920641949 0.4487735154054644 
1 -2.2198366770541966 1.2518388276015173 0.83474981743950893 -0.55062940557575257 
1 1.2145433229458078 -1.0135951723984817 1 0 
1 1.7212293340865585 -0.14514126137318328 -0.99414860360694568 0.10802108102754791 
1 -1.7131506659134459 0.22802773862680681 0.98117929203960697 -0.19309893027320402 
1 0.18300533408655895 -0.14514126137318328 1 0 
1 3.2981691754108127 -2.5194546353380076 0 1 
1 3.2981691754108127 2.4728473646619875 -0.96758379400900851 -0.25255019614154461 
1 -4.8990158245891919 0.33329036466199113 0 -1 
1 -4.8990158245891919 -0.25402063533800856 0.96386767053487887 -0.26638151906178897 
1 0.74665361476469627 -1.4337677332615897 0 1 
1 0.74665361476469627 0.46805726673839843 -0.96442376771335048 0.26436110960121495 
1 -1.2832353852353009 1.0244762667384038 0.63672588390024154 -0.77109023387114439 
1 0.93477510100464656 -1.5515992564869521 0 1 
1 0.93477510100464656 -0.96428825648695238 -0.63672588390024154 0.77109023387114439 
1 -1.0951138989953506 1.4939557435130411 0.55460921016707343 -0.83211094452473999 
1 0.099385613028168507 -0.86400161302816514 0 1 
1 0.099385613028168507 1.0282633869718438 -0.18841489184265714 -0.98208952164857144 
1 -0.26364738697183299 -0.86400161302816514 1 0 
1 -0.099385613028154296 0.86400161302816514 0 -1 
1 -0.099385613028154296 -1.0282633869718438 0.18841489184265714 0.98208952164857144 
1 0.2636473869718472 0.86400161302816514 -1 0 
1 -0.1656738303536045 -0.13290806690126544 1 0 
1 0.96039816964639613 -0.13290806690126544 -0.98117929203960697 0.19309893027320402 
1 -0.93575783035360871 0.24026093309872465 0.89990815688914461 -0.43607947574310651 
1 2.0606353741533994 -0.82456786369183988 -0.83474981743950893 0.55062940557575257 
1 -1.3737446258466051 1.4408661363081592 0 -1 
1 -1.3737446258466051 -0.45139886369184978 0.99414860360694568 -0.10802108102754791 
1 0.75869382500925298 -0.3541671028362714 0 1 
1 0.75869382500925298 1.5380978971637376 -0.59613615006053544 -0.80288336051446652 
1 -1.2711951749907442 -1.1957811028362642 0.92374972790919085 0.38299665819390127 
1 0.2342704209229538 -1.2124060790770699 0 1 
1 0.2342704209229538 0.88839392092293679 -1 0 
1 -0.55828257907705137 0.88839392092293679 0.35297861099644789 -0.93563139118940342 
1 -0.76818225539142304 -1.2368257012682164 0.65108297051227426 0.75900656486549112 
1 1.0339037446085726 0.86397429873179021 -1 0 
1 -0.04288925539142241 0.86397429873179021 -0.32634421789193657 -0.94525099917878974 
1 1.1755612034440617 -0.692161064478924 -0.35297861099644789 0.93563139118940342 
1 0.38300820344405651 1.4086389355210827 -0.65108297051227426 -0.75900656486549112 
1 -1.4190777965559391 -0.692161064478924 1 0 
1 -0.21174286897558403 0.89949636897556218 0 -1 
1 -0.21174286897558403 -1.2013036310244445 0.32634421789193657 0.94525099917878974 
1 0.5135501310244166 0.89949636897556218 -1 0 
1 -0.31316280374336714 0.25846369625664067 0 -1 
1 -0.31316280374336714 -0.11470530374334942 1 0 
1 0.45692119625663707 -0.11470530374334942 -0.89990815688914461 0.43607947574310651 
1 -0.56303599999999676 0.23422249999998712 0 -1 
1 -0.56303599999999676 -0.23422250000001554 1 0 
1 0.56303600000000387 -0.23422250000001554 0 1 
1 0.56303600000000387 0.23422249999998712 -1 0 
1 0.91079050845310405 0.33799099154690282 -0.97437151747458817 -0.22494476196228369 
1 -1.1183274915468999 -0.13045400845309985 1 0 
1 0.91079050845310405 -0.13045400845309985 0 1 
1 -1.0961376152218065 -0.3560855927562443 0.97437151747458817 0.22494476196228369 
1 0.93298038477819745 0.11235940724375837 0.0020660836093218818 0.9999978656469819 
1 0.93375138477819064 0.48552840724374846 -0.92374972790919085 -0.38299665819390127 
1 -0.55826777287644092 2.9038963474003197 0 -1 
1 -0.55826777287644092 -2.8755376525996752 0.59613615006053544 0.80288336051446652 
1 1.4716212271235563 -0.14165865259967347 -0.55460921016707343 0.83211094452473999 
1 -4.0468333598016955 -1.2996948812785405 0.96758379400900851 0.25255019614154461 
1 4.1503516401983092 0.83986211872145589 -1 0 
1 0.46433964019830398 0.83986211872145589 -0.90352963565997091 -0.42852560890121866 
1 0.40998787540386772 0.44808237540387097 -1 0 
1 -0.76481412459613196 0.44808237540387097 0.68456050008382918 -0.72895604924095225 
1 0.40998787540386772 -0.80290862459612811 0 1 
Curves 2276
1 -0.88665700000000003 -70.051284999999993 0 -0.095485632589206226 0.99543080822779406 0 
1 -1.0154860000000001 -68.708252000000002 0 0.3041698493480689 -0.95261781567823578 0 
1 -0.58665699999999998 -70.051284999999993 0 -1 0 0 
1 -1.0154860000000001 -68.708252000000002 0 1 0 0 
1 0.16778299999999999 -68.708252000000002 0 0 -1 0 
1 0.16778299999999999 -70.051284999999993 0 -1 0 0 
1 -0.58665699999999998 -70.051284999999993 0 -0.3041698493480689 0.95261781567823578 0 
1 -0.88665700000000003 -70.351280000000003 0 -0.078169570604447486 0.99694007755306757 0 
1 -1.0154860000000001 -68.708252000000002 0 0.095485632589206226 -0.99543080822779406 0 
1 -0.88665700000000003 -70.051284999999993 0 0 -1 0 
1 -0.88665700000000003 -70.351280000000003 0 1 0 0 
1 -0.58665699999999998 -70.351280000000003 0 0 -1 0 
1 -0.58665699999999998 -71.421531999999999 0 -1 0 0 
1 -0.88665700000000003 -71.421531999999999 0 0 1 0 
1 -1.0154860000000001 -71.721535000000003 0 0 1 0 
1 -1.0154860000000001 -68.708252000000002 0 0.078169570604447486 -0.99694007755306757 0 
1 -0.88665700000000003 -70.351280000000003 0 -0.093605467197853592 -0.99560936943696532 0 
1 -0.58665699999999998 -70.351280000000003 0 0 1 0 
1 -0.58665699999999998 -70.051284999999993 0 1 0 0 
1 0.16778299999999999 -70.051284999999993 0 -0.92923118855879838 -0.36949884737249594 0 
1 -0.88665700000000003 -71.421531999999999 0 -0.39458235328002028 -0.91886058054527586 0 
1 -1.0154860000000001 -71.721535000000003 0 0.093605467197853592 0.99560936943696532 0 
1 -0.88665700000000003 -70.351280000000003 0 0 -1 0 
1 0.16778299999999999 -70.051284999999993 0 1 0 0 
1 4.4708399999999999 -70.051284999999993 0 0 -1 0 
1 4.4708399999999999 -70.351280000000003 0 -1 0 0 
1 -0.58665699999999998 -70.351280000000003 0 0.92923118855879838 0.36949884737249594 0 
1 -0.58665699999999998 -70.351280000000003 0 1 0 0 
1 4.4708399999999999 -70.351280000000003 0 0 -1 0 
1 4.4708399999999999 -71.421531999999999 0 -1 0 0 
1 -0.58665699999999998 -71.421531999999999 0 0 1 0 
1 4.4708399999999999 -71.421531999999999 0 0 1 0 
1 4.4708399999999999 -70.351280000000003 0 1 0 0 
1 4.7708409999999999 -70.351280000000003 0 0 -1 0 
1 4.7708409999999999 -71.421531999999999 0 -1 0 0 
1 -0.88665700000000003 -71.721535000000003 0 -1 0 0 
1 -1.0154860000000001 -71.721535000000003 0 0.39458235328002028 0.91886058054527586 0 
1 -0.88665700000000003 -71.421531999999999 0 0 -1 0 
1 -0.54002899999999998 -72.853294000000005 0 0 1 0 
1 -0.54002899999999998 -72.196990999999997 0 1 0 0 
1 2.488267 -72.196990999999997 0 -0.97731163756525019 -0.21180642832437599 0 
1 4.2145419999999998 -71.721535000000003 0 -1 0 0 
1 3.2041949999999999 -71.721535000000003 0 0.97307888651672059 0.23047229901959856 0 
1 4.4708399999999999 -71.421531999999999 0 -0.64955242667998914 -0.76031680567651372 0 
1 3.2041949999999999 -71.721535000000003 0 -1 0 0 
1 -0.58665699999999998 -71.721535000000003 0 0 1 0 
1 -0.58665699999999998 -71.421531999999999 0 1 0 0 
1 4.4708399999999999 -71.421531999999999 0 -0.97307888651672059 -0.23047229901959856 0 
1 4.4708399999999999 -71.721535000000003 0 -1 0 0 
1 4.2145419999999998 -71.721535000000003 0 0.64955242667998914 0.76031680567651372 0 
1 4.4708399999999999 -71.421531999999999 0 0 -1 0 
1 3.2041949999999999 -71.721535000000003 0 1 0 0 
1 4.2145419999999998 -71.721535000000003 0 0 -1 0 
1 4.2145419999999998 -72.196990999999997 0 -1 0 0 
1 3.2041949999999999 -72.196990999999997 0 0 1 0 
1 2.6395900000000001 -74.306831000000003 0 0.25850935286210952 0.96600875486861582 0 
1 3.2041949999999999 -72.196990999999997 0 1 0 0 
1 4.2145419999999998 -72.196990999999997 0 -0.59819285420247281 -0.80135217550157012 0 
1 2.6395900000000001 -74.306831000000003 0 0 1 0 
1 2.6395900000000001 -72.196990999999997 0 1 0 0 
1 3.2041949999999999 -72.196990999999997 0 -0.25850935286210952 -0.96600875486861582 0 
1 9.9287609999999997 -70.051284999999993 0 -1 0 0 
1 5.8827429999999996 -70.051284999999993 0 0.97281308317038429 0.23159167777044815 0 
1 10.228761 -69.016655 0 -0.27848788689555259 -0.96043974139580979 0 
1 5.8827429999999996 -68.708252000000002 0 0.99749165243600657 -0.070784202478273245 0 
1 10.228761 -69.016655 0 -0.97281308317038429 -0.23159167777044815 0 
1 5.8827429999999996 -70.051284999999993 0 0 1 0 
1 5.8827429999999996 -70.051284999999993 0 0.99726248673434525 -0.073942765382625494 0 
1 9.9287609999999997 -70.351280000000003 0 -1 0 0 
1 4.7708409999999999 -70.351280000000003 0 0.96547682047196304 0.26048898082519512 0 
1 4.7708409999999999 -70.051284999999993 0 1 0 0 
1 5.8827429999999996 -70.051284999999993 0 -0.96547682047196304 -0.26048898082519512 0 
1 4.7708409999999999 -70.351280000000003 0 0 1 0 
1 7.3012819999999996 -71.721535000000003 0 -0.99304527918295116 0.11773306032060289 0 
1 4.7708409999999999 -71.421531999999999 0 0 1 0 
1 4.7708409999999999 -70.351280000000003 0 0.87935025231926445 -0.47617552829397486 0 
1 7.3012819999999996 -71.721535000000003 0 -0.87935025231926445 0.47617552829397486 0 
1 4.7708409999999999 -70.351280000000003 0 1 0 0 
1 9.9287609999999997 -70.351280000000003 0 -0.88666836728327669 -0.46240588929987508 0 
1 9.9287609999999997 -70.351280000000003 0 0 -1 0 
1 9.9287609999999997 -71.421531999999999 0 -0.9935446249008909 -0.11344196018470394 0 
1 7.3012819999999996 -71.721535000000003 0 0.88666836728327669 0.46240588929987508 0 
1 9.9287609999999997 -70.351280000000003 0 -0.99726248673434525 0.073942765382625494 0 
1 5.8827429999999996 -70.051284999999993 0 1 0 0 
1 9.9287609999999997 -70.051284999999993 0 0 -1 0 
1 10.228761 -70.051284999999993 0 -1 0 0 
1 9.9287609999999997 -70.051284999999993 0 0.27848788689555259 0.96043974139580979 0 
1 10.228761 -69.016655 0 0 -1 0 
1 10.228761 -69.016655 0 0.98018906994305688 -0.19806409862507937 0 
1 15.266109 -70.034537999999998 0 -0.99999447367355476 -0.0033245484430708787 0 
1 10.228761 -70.051284999999993 0 0 1 0 
1 10.228761 -70.351280000000003 0 0.90071830516722029 -0.43440365414748788 0 
1 13.069929 -71.721535000000003 0 -0.99447141288754803 0.10500766138451048 0 
1 10.228761 -71.421531999999999 0 0 1 0 
1 9.9287609999999997 -70.351280000000003 0 1 0 0 
1 10.228761 -70.351280000000003 0 0 -1 0 
1 10.228761 -71.421531999999999 0 -1 0 0 
1 9.9287609999999997 -71.421531999999999 0 0 1 0 
1 10.228761 -71.421531999999999 0 0.99447141288754803 -0.10500766138451048 0 
1 13.069929 -71.721535000000003 0 -1 0 0 
1 11.359114999999999 -71.721535000000003 0 -0.96653756994201845 0.25652509797401463 0 
1 10.228761 -70.351280000000003 0 0 1 0 
1 10.228761 -70.051284999999993 0 1 0 0 
1 15.266109 -70.051284999999993 0 0 -1 0 
1 15.266109 -70.351280000000003 0 -1 0 0 
1 10.228761 -68.708252000000002 0 0 -1 0 
1 10.228761 -69.016655 0 -0.99749165243600657 0.070784202478273245 0 
1 5.8827429999999996 -68.708252000000002 0 1 0 0 
1 4.7708409999999999 -71.421531999999999 0 0.97768670845655381 -0.21006832247483107 0 
1 6.1670959999999999 -71.721535000000003 0 -1 0 0 
1 4.7708409999999999 -71.721535000000003 0 0 1 0 
1 4.7708409999999999 -71.421531999999999 0 0.99304527918295116 -0.11773306032060289 0 
1 7.3012819999999996 -71.721535000000003 0 -1 0 0 
1 6.1670959999999999 -71.721535000000003 0 -0.97768670845655381 0.21006832247483107 0 
1 7.3012819999999996 -72.196990999999997 0 -1 0 0 
1 6.1670959999999999 -72.196990999999997 0 0 1 0 
1 6.1670959999999999 -71.721535000000003 0 1 0 0 
1 7.3012819999999996 -71.721535000000003 0 0 -1 0 
1 5.5018359999999999 -74.290237000000005 0 0 1 0 
1 5.5018359999999999 -72.196990999999997 0 1 0 0 
1 6.1670959999999999 -72.196990999999997 0 -0.30288413307376794 -0.95302738781849927 0 
1 10.228761 -71.421531999999999 0 0.3600305790159623 -0.93294050301904619 0 
1 10.344535 -71.721535000000003 0 -1 0 0 
1 10.228761 -71.721535000000003 0 0 1 0 
1 10.344535 -71.721535000000003 0 1 0 0 
1 11.359114999999999 -71.721535000000003 0 0 -1 0 
1 11.359114999999999 -72.196990999999997 0 -1 0 0 
1 10.344535 -72.196990999999997 0 0 1 0 
1 11.359114999999999 -71.721535000000003 0 -1 0 0 
1 10.344535 -71.721535000000003 0 -0.3600305790159623 0.93294050301904619 0 
1 10.228761 -71.421531999999999 0 0.96653756994201845 -0.25652509797401463 0 
1 9.9287609999999997 -71.721535000000003 0 -1 0 0 
1 7.3012819999999996 -71.721535000000003 0 0.9935446249008909 0.11344196018470394 0 
1 9.9287609999999997 -71.421531999999999 0 0 -1 0 
1 5.5018359999999999 -74.290237000000005 0 0.30288413307376794 0.95302738781849927 0 
1 6.1670959999999999 -72.196990999999997 0 1 0 0 
1 7.3012819999999996 -72.196990999999997 0 -0.65188399332672486 -0.75831870558783032 0 
1 5.3437520000000003 -74.290237000000005 0 -0.47477684719095015 0.88010621255131538 0 
1 4.2145419999999998 -72.196990999999997 0 1 0 0 
1 5.3437520000000003 -72.196990999999997 0 0 -1 0 
1 -0.54002899999999998 -73.953629000000006 0 -1 0 0 
1 -1.0154860000000001 -73.953629000000006 0 0 1 0 
1 -1.0154860000000001 -72.853294000000005 0 1 0 0 
1 -0.54002899999999998 -72.853294000000005 0 0 -1 0 
1 -0.54002899999999998 -73.953629000000006 0 0.99326688359363202 -0.11584859928455939 0 
1 2.488267 -74.306831000000003 0 -0.99195109533800663 -0.1266215797474077 0 
1 -0.54002899999999998 -74.693389999999994 0 0 1 0 
1 -0.54002899999999998 -74.693389999999994 0 0 -1 0 
1 -0.54002899999999998 -76.067077999999995 0 -0.32707961154556392 0.94499678714332302 0 
1 -1.0154860000000001 -74.693389999999994 0 1 0 0 
1 2.488267 -74.306831000000003 0 -0.99326688359363202 0.11584859928455939 0 
1 -0.54002899999999998 -73.953629000000006 0 0 1 0 
1 -0.54002899999999998 -72.853294000000005 0 0.90152829292274073 -0.43272016021882909 0 
1 2.488267 -74.306831000000003 0 -0.90152829292274073 0.43272016021882909 0 
1 -0.54002899999999998 -72.853294000000005 0 0.97731163756525019 0.21180642832437599 0 
1 2.488267 -72.196990999999997 0 0 -1 0 
1 5.3437520000000003 -74.290237000000005 0 1 0 0 
1 5.5018359999999999 -74.290237000000005 0 0 -1 0 
1 5.5018359999999999 -75.221626000000001 0 -1 0 0 
1 5.3437520000000003 -75.221626000000001 0 0 1 0 
1 2.6395900000000001 -74.306831000000003 0 0.9999811724200961 0.0061363511413653664 0 
1 5.3437520000000003 -74.290237000000005 0 0 -1 0 
1 5.3437520000000003 -75.221626000000001 0 -0.94726487377765456 0.32045164831375766 0 
1 2.488267 -74.306831000000003 0 1 0 0 
1 2.6395900000000001 -74.306831000000003 0 0.94726487377765456 -0.32045164831375766 0 
1 5.3437520000000003 -75.221626000000001 0 -0.95232343333932379 0.30509027895493929 0 
1 -0.54002899999999998 -74.693389999999994 0 0.99195109533800663 0.1266215797474077 0 
1 2.488267 -74.306831000000003 0 0.95232343333932379 -0.30509027895493929 0 
1 5.3437520000000003 -75.221626000000001 0 -0.99599412597520121 0.089418683857989137 0 
1 2.6395900000000001 -74.306831000000003 0 0.59819285420247281 0.80135217550157012 0 
1 4.2145419999999998 -72.196990999999997 0 0.47477684719095015 -0.88010621255131538 0 
1 5.3437520000000003 -74.290237000000005 0 -0.9999811724200961 -0.0061363511413653664 0 
1 5.3437520000000003 -75.221626000000001 0 0 -1 0 
1 5.3437520000000003 -75.436042999999998 0 -0.99212814386276793 0.12522677890698522 0 
1 -0.54002899999999998 -74.693389999999994 0 0.99599412597520121 -0.089418683857989137 0 
1 -0.54002899999999998 -76.067077999999995 0 0 1 0 
1 -0.54002899999999998 -74.693389999999994 0 0.99212814386276793 -0.12522677890698522 0 
1 5.3437520000000003 -75.436042999999998 0 -0.99429787292898186 -0.10663836030670366 0 
1 -1.0154860000000001 -74.693389999999994 0 0.32707961154556392 -0.94499678714332302 0 
1 -0.54002899999999998 -76.067077999999995 0 -1 0 0 
1 -1.0154860000000001 -76.067077999999995 0 0 1 0 
1 2.122954 -76.567436000000001 0 -0.98280201241875853 0.18466240653050761 0 
1 -0.54002899999999998 -76.067077999999995 0 0.99429787292898186 0.10663836030670366 0 
1 5.3437520000000003 -75.436042999999998 0 -0.94348200843354868 -0.33142374652730794 0 
1 5.3437520000000003 -75.436042999999998 0 -0.92667245761813855 -0.37586986616641577 0 
1 2.5544069999999999 -76.567436000000001 0 -1 0 0 
1 2.122954 -76.567436000000001 0 0.94348200843354868 0.33142374652730794 0 
1 5.3437520000000003 -75.436042999999998 0 -0.79601058146738923 -0.60528270600765466 0 
1 3.8898739999999998 -76.541565000000006 0 -0.99981241077132188 -0.019368615532289423 0 
1 2.5544069999999999 -76.567436000000001 0 0.92667245761813855 0.37586986616641577 0 
1 -0.54002899999999998 -77.541106999999997 0 0 1 0 
1 -0.54002899999999998 -76.067077999999995 0 0.98280201241875853 -0.18466240653050761 0 
1 2.122954 -76.567436000000001 0 -0.93919009748674687 -0.34339767148720607 0 
1 3.8898739999999998 -76.541565000000006 0 0.79601058146738923 0.60528270600765466 0 
1 5.3437520000000003 -75.436042999999998 0 0.98572904882399015 -0.16833966349185736 0 
1 5.9028970000000003 -75.531531999999999 0 -0.89380088486281573 -0.44846402109695244 0 
1 5.3437520000000003 -75.436042999999998 0 1 0 0 
1 5.9028970000000003 -75.436042999999998 0 0 -1 0 
1 5.9028970000000003 -75.531531999999999 0 -0.98572904882399015 0.16833966349185736 0 
1 5.9028970000000003 -75.531531999999999 0 1 0 0 
1 6.0959789999999998 -75.531531999999999 0 -0.20613239992056079 -0.97852410992422156 0 
1 5.9028970000000003 -76.448104999999998 0 0 1 0 
1 5.9028970000000003 -76.448104999999998 0 0 -1 0 
1 5.9028970000000003 -76.541565000000006 0 -1 0 0 
1 3.8898739999999998 -76.541565000000006 0 0.99892397422296486 0.046377728734786287 0 
1 5.9028970000000003 -75.531531999999999 0 0 -1 0 
1 5.9028970000000003 -76.448104999999998 0 -0.99892397422296486 -0.046377728734786287 0 
1 3.8898739999999998 -76.541565000000006 0 0.89380088486281573 0.44846402109695244 0 
1 5.5018359999999999 -75.257744000000002 0 0 1 0 
1 5.5018359999999999 -75.221626000000001 0 0.99991584414799084 -0.012973227116297574 0 
1 8.2856430000000003 -75.257744000000002 0 -1 0 0 
1 8.2856430000000003 -75.257744000000002 0 -0.99991584414799084 0.012973227116297574 0 
1 5.5018359999999999 -75.221626000000001 0 0 1 0 
1 5.5018359999999999 -74.290237000000005 0 0.94457822536259606 -0.32828642398193802 0 
1 9.6346439999999998 -74.307036999999994 0 -1 0 0 
1 9.5326629999999994 -74.307036999999994 0 -0.00024122696149265767 0.99999997090477621 0 
1 9.5321540000000002 -72.196990999999997 0 0.048515204077426211 -0.99882244416779387 0 
1 10.344535 -72.196990999999997 0 -0.31887137487724676 -0.94779799867054715 0 
1 9.6346439999999998 -74.307036999999994 0 -0.048515204077426211 0.99882244416779387 0 
1 9.5321540000000002 -72.196990999999997 0 1 0 0 
1 9.6346439999999998 -74.307036999999994 0 0.97442173749451944 -0.22472711785221172 0 
1 10.388301 -74.480850000000004 0 -0.99999996264429425 -0.00027333388039415179 0 
1 9.6346439999999998 -74.481055999999995 0 0 1 0 
1 9.6346439999999998 -74.481055999999995 0 -0.10590305514902676 -0.99437645935033192 0 
1 9.5329359999999994 -75.436042999999998 0 -0.00026387792841799871 0.99999996518421885 0 
1 9.5326839999999997 -74.481055999999995 0 1 0 0 
1 10.388301 -74.306831000000003 0 -0.99999996264429425 -0.00027333388039415179 0 
1 9.6346439999999998 -74.307036999999994 0 0.31887137487724676 0.94779799867054715 0 
1 10.344535 -72.196990999999997 0 0.020739291468017264 -0.99978491776451839 0 
1 9.2684180000000005 -72.196990999999997 0 -0.30571637602028168 -0.9521226273085972 0 
1 8.2856430000000003 -75.257744000000002 0 -0.94457822536259606 0.32828642398193802 0 
1 5.5018359999999999 -74.290237000000005 0 0.87408826108216231 0.48576713746234607 0 
1 10.344535 -72.196990999999997 0 1 0 0 
1 11.359114999999999 -72.196990999999997 0 -0.41800781196237613 -0.90844343199696642 0 
1 10.388301 -74.306831000000003 0 -0.020739291468017264 0.99978491776451839 0 
1 9.6346439999999998 -74.307036999999994 0 0.99999996264429425 0.00027333388039415179 0 
1 10.388301 -74.306831000000003 0 0 -1 0 
1 10.388301 -74.480850000000004 0 -0.97442173749451944 0.22472711785221172 0 
1 12.595141 -75.175208999999995 0 -0.9414525119720738 0.33714561794790149 0 
1 10.695080000000001 -74.494774000000007 0 1 0 0 
1 12.595141 -74.494774000000007 0 0 -1 0 
1 11.359114999999999 -72.196990999999997 0 0.54608986986921404 -0.83772659861450327 0 
1 12.734458999999999 -74.306831000000003 0 -1 0 0 
1 10.388301 -74.306831000000003 0 0.41800781196237613 0.90844343199696642 0 
1 10.490281 -75.436042999999998 0 -0.66730362008573485 0.74478579378266441 0 
1 9.6346439999999998 -74.481055999999995 0 0.99999996264429425 0.00027333388039415179 0 
1 10.388301 -74.480850000000004 0 0.10616044336282665 -0.99434901330720293 0 
1 10.490281 -74.480850000000004 0 0 -1 0 
1 10.490281 -75.436042999999998 0 -0.10616044336282665 0.99434901330720293 0 
1 10.388301 -74.480850000000004 0 1 0 0 
1 6.0959789999999998 -75.436042999999998 0 1 0 0 
1 7.6783460000000003 -75.436042999999998 0 -0.9981841578600682 -0.060236093807505227 0 
1 6.0959789999999998 -75.531531999999999 0 0 1 0 
1 8.2856430000000003 -75.436042999999998 0 -0.12879594355904472 -0.9916711173180025 0 
1 7.9699540000000004 -77.866707000000005 0 0 1 0 
1 7.9699540000000004 -75.436042999999998 0 1 0 0 
1 7.6783460000000003 -76.541565000000006 0 -0.99826030681160871 0.058960663534199292 0 
1 6.0959789999999998 -76.448104999999998 0 0 1 0 
1 6.0959789999999998 -75.531531999999999 0 0.84291942872221115 -0.53803980957046427 0 
1 5.9028970000000003 -76.448104999999998 0 0.20613239992056079 0.97852410992422156 0 
1 6.0959789999999998 -75.531531999999999 0 0 -1 0 
1 6.0959789999999998 -76.448104999999998 0 -1 0 0 
1 7.6783460000000003 -75.436042999999998 0 0 -1 0 
1 7.6783460000000003 -76.541565000000006 0 -0.84291942872221115 0.53803980957046427 0 
1 6.0959789999999998 -75.531531999999999 0 0.9981841578600682 0.060236093807505227 0 
1 6.0959789999999998 -76.541565000000006 0 0 1 0 
1 6.0959789999999998 -76.448104999999998 0 0.99826030681160871 -0.058960663534199292 0 
1 7.6783460000000003 -76.541565000000006 0 -1 0 0 
1 9.2684180000000005 -72.196990999999997 0 0 -1 0 
1 9.2684180000000005 -77.866707000000005 0 -0.35251107606373289 0.93580764115943682 0 
1 8.2856430000000003 -75.257744000000002 0 0.30571637602028168 0.9521226273085972 0 
1 9.6346439999999998 -74.481055999999995 0 0.66730362008573485 -0.74478579378266441 0 
1 10.490281 -75.436042999999998 0 -1 0 0 
1 9.5329359999999994 -75.436042999999998 0 0.10590305514902676 0.99437645935033192 0 
1 11.405829000000001 -76.594971000000001 0 -0.89077335503604804 0.45444782974266995 0 
1 9.5329359999999994 -75.639472999999995 0 1 0 0 
1 10.695080000000001 -75.639472999999995 0 0.59683820665090859 -0.80236161117150129 0 
1 10.695080000000001 -75.639472999999995 0 0.97142203975951147 0.23735884367234 0 
1 12.595141 -75.175208999999995 0 0 -1 0 
1 12.595141 -76.060080999999997 0 -0.97636386505745298 0.21613329916991442 0 
1 9.5329359999999994 -75.639472999999995 0 0.89077335503604804 -0.45444782974266995 0 
1 11.405829000000001 -76.594971000000001 0 -0.97938936829385648 -0.20198134882449159 0 
1 9.5326660000000007 -76.981277000000006 0 0.00020122163485314419 0.9999999797549266 0 
1 12.595141 -76.060080999999997 0 0 1 0 
1 12.595141 -75.175208999999995 0 1 0 0 
1 12.734458999999999 -75.175208999999995 0 -0.15552836865906219 -0.98783142617667863 0 
1 8.2856430000000003 -75.257744000000002 0 0.35251107606373289 -0.93580764115943682 0 
1 9.2684180000000005 -77.866707000000005 0 -0.37484364470430875 0.92708804437593195 0 
1 8.2856430000000003 -75.436042999999998 0 0 1 0 
1 10.695080000000001 -74.494774000000007 0 0.9414525119720738 -0.33714561794790149 0 
1 12.595141 -75.175208999999995 0 -0.97142203975951147 -0.23735884367234 0 
1 10.695080000000001 -75.639472999999995 0 0 1 0 
1 10.695080000000001 -75.639472999999995 0 0.97636386505745298 -0.21613329916991442 0 
1 12.595141 -76.060080999999997 0 -0.91200768957782574 -0.4101731026663209 0 
1 11.405829000000001 -76.594971000000001 0 -0.59683820665090859 0.80236161117150129 0 
1 5.5018359999999999 -74.290237000000005 0 0.65188399332672486 0.75831870558783032 0 
1 7.3012819999999996 -72.196990999999997 0 1 0 0 
1 9.2684180000000005 -72.196990999999997 0 -0.87408826108216231 -0.48576713746234607 0 
1 15.566109000000001 -70.034537999999998 0 -1 0 0 
1 15.266109 -70.034537999999998 0 0.28270631737873286 0.95920651484138453 0 
1 15.566109000000001 -69.016655 0 0 -1 0 
1 15.266109 -70.034537999999998 0 0 -1 0 
1 15.266109 -70.051284999999993 0 -1 0 0 
1 10.228761 -70.051284999999993 0 0.99999447367355476 0.0033245484430708787 0 
1 15.566109000000001 -70.351280000000003 0 0 -1 0 
1 15.566109000000001 -71.421531999999999 0 -1 0 0 
1 15.266109 -71.421531999999999 0 0 1 0 
1 15.266109 -70.351280000000003 0 1 0 0 
1 10.228761 -70.351280000000003 0 1 0 0 
1 15.266109 -70.351280000000003 0 -0.84840736660936744 -0.5293438771563892 0 
1 13.069929 -71.721535000000003 0 -0.90071830516722029 0.43440365414748788 0 
1 20.587897999999999 -70.034537999999998 0 -1 0 0 
1 20.287898999999999 -70.034537999999998 0 0 1 0 
1 20.287898999999999 -69.016655 0 0.28270545033965405 -0.95920677038282698 0 
1 20.271152000000001 -70.051284999999993 0 0 -1 0 
1 20.271152000000001 -70.351280000000003 0 -1 0 0 
1 15.582855 -70.351280000000003 0 0 1 0 
1 15.582855 -70.051284999999993 0 1 0 0 
1 18.151377 -71.721535000000003 0 -0.88229922033631425 0.47068894802611644 0 
1 15.582855 -70.351280000000003 0 1 0 0 
1 20.271152000000001 -70.351280000000003 0 -0.83981656353327749 -0.54287027880991656 0 
1 15.566109000000001 -71.421531999999999 0 0 1 0 
1 15.566109000000001 -70.351280000000003 0 1 0 0 
1 15.582855 -70.351280000000003 0 -0.01564486726810891 -0.9998776115746183 0 
1 15.266109 -71.421531999999999 0 -0.89185115832310669 -0.45232898580317971 0 
1 14.674597 -71.721535000000003 0 -1 0 0 
1 13.069929 -71.721535000000003 0 0.99079849840412482 0.13534524579803861 0 
1 15.266109 -71.421531999999999 0 -0.99079849840412482 -0.13534524579803861 0 
1 13.069929 -71.721535000000003 0 0.84840736660936744 0.5293438771563892 0 
1 15.266109 -70.351280000000003 0 0 -1 0 
1 15.266109 -71.421531999999999 0 0 -1 0 
1 15.266109 -71.721535000000003 0 -1 0 0 
1 14.674597 -71.721535000000003 0 0.89185115832310669 0.45232898580317971 0 
1 15.566109000000001 -71.721535000000003 0 0 1 0 
1 15.566109000000001 -71.421531999999999 0 0.98407957298050031 -0.17772842778384174 0 
1 17.227221 -71.721535000000003 0 -1 0 0 
1 13.069929 -72.198623999999995 0 0 1 0 
1 13.069929 -71.721535000000003 0 1 0 0 
1 14.674597 -71.721535000000003 0 -0.95853218882888203 -0.28498428549467869 0 
1 18.151377 -71.721535000000003 0 -1 0 0 
1 17.227221 -71.721535000000003 0 -0.98407957298050031 0.17772842778384174 0 
1 15.566109000000001 -71.421531999999999 0 0.99333422380288572 -0.11526976976605172 0 
1 18.151377 -71.721535000000003 0 -0.99333422380288572 0.11526976976605172 0 
1 15.566109000000001 -71.421531999999999 0 0.01564486726810891 0.9998776115746183 0 
1 15.582855 -70.351280000000003 0 0.88229922033631425 -0.47068894802611644 0 
1 20.587897999999999 -71.421531999999999 0 -1 0 0 
1 20.287898999999999 -71.421531999999999 0 0 1 0 
1 20.287898999999999 -70.351280000000003 0 1 0 0 
1 20.587897999999999 -70.351280000000003 0 0 -1 0 
1 18.151377 -71.721535000000003 0 0.83981656353327749 0.54287027880991656 0 
1 20.271152000000001 -70.351280000000003 0 0.015645801284449919 -0.99987759695983169 0 
1 20.287898999999999 -71.421531999999999 0 -0.99028502681334685 -0.13905238462280678 0 
1 18.151377 -71.721535000000003 0 1 0 0 
1 19.202501000000002 -71.721535000000003 0 0 -1 0 
1 19.202501000000002 -72.196990999999997 0 -1 0 0 
1 18.151377 -72.196990999999997 0 0 1 0 
1 20.287898999999999 -71.421531999999999 0 -0.9638598106953763 -0.26640995725812028 0 
1 19.202501000000002 -71.721535000000003 0 -1 0 0 
1 18.151377 -71.721535000000003 0 0.99028502681334685 0.13905238462280678 0 
1 20.287898999999999 -71.421531999999999 0 0 -1 0 
1 20.287898999999999 -71.721535000000003 0 -1 0 0 
1 19.202501000000002 -71.721535000000003 0 0.9638598106953763 0.26640995725812028 0 
1 20.287898999999999 -71.421531999999999 0 -0.015645801284449919 0.99987759695983169 0 
1 20.271152000000001 -70.351280000000003 0 1 0 0 
1 20.287898999999999 -70.351280000000003 0 0 -1 0 
1 15.566109000000001 -71.721535000000003 0 1 0 0 
1 17.227221 -71.721535000000003 0 0 -1 0 
1 17.227221 -72.196990999999997 0 -1 0 0 
1 15.566109000000001 -72.196990999999997 0 0 1 0 
1 15.566109000000001 -69.016655 0 -0.28270631737873286 -0.95920651484138453 0 
1 15.266109 -70.034537999999998 0 -0.98018906994305688 0.19806409862507937 0 
1 10.228761 -69.016655 0 1 0 0 
1 25.279506999999999 -70.051284999999993 0 -1 0 0 
1 20.587897999999999 -70.051284999999993 0 0 1 0 
1 20.587897999999999 -70.034537999999998 0 0.9999936291662328 -0.0035695415597595806 0 
1 28.017544000000001 -69.016655 0 -0.9205395787222691 -0.39064931077096166 0 
1 25.579505999999999 -70.051284999999993 0 -1 0 0 
1 25.279506999999999 -70.051284999999993 0 0.9354426714125752 0.35347844135180978 0 
1 20.587897999999999 -70.051284999999993 0 1 0 0 
1 25.279506999999999 -70.051284999999993 0 0 -1 0 
1 25.279506999999999 -70.351280000000003 0 -1 0 0 
1 20.587897999999999 -70.351280000000003 0 0 1 0 
1 23.232824000000001 -71.721535000000003 0 -0.88791746776301139 0.4600027939494733 0 
1 20.587897999999999 -70.351280000000003 0 1 0 0 
1 25.279506999999999 -70.351280000000003 0 -0.8309619178251012 -0.55632930097598665 0 
1 25.279506999999999 -70.051284999999993 0 -0.9999936291662328 0.0035695415597595806 0 
1 20.587897999999999 -70.034537999999998 0 -0.28270545033965405 0.95920677038282698 0 
1 20.287898999999999 -69.016655 0 0.9791870485770543 -0.20295990712196765 0 
1 28.017544000000001 -70.034537999999998 0 -1 0 0 
1 27.717545000000001 -70.034537999999998 0 0.28270545033965405 0.95920677038282698 0 
1 28.017544000000001 -69.016655 0 0 -1 0 
1 27.717545000000001 -70.034537999999998 0 0 -1 0 
1 27.717545000000001 -70.051284999999993 0 -1 0 0 
1 25.579505999999999 -70.051284999999993 0 0.9999693244177037 0.0078326383550620191 0 
1 27.717545000000001 -70.051284999999993 0 0 -1 0 
1 27.717545000000001 -70.351280000000003 0 -1 0 0 
1 25.579505999999999 -70.351280000000003 0 0 1 0 
1 25.579505999999999 -70.051284999999993 0 1 0 0 
1 34.034793999999998 -70.351280000000003 0 -1 0 0 
1 28.034289999999999 -70.351280000000003 0 0 1 0 
1 28.034289999999999 -70.051284999999993 0 1 0 0 
1 34.034793999999998 -70.051284999999993 0 0 -1 0 
1 28.017544000000001 -69.016655 0 -0.28270545033965405 -0.95920677038282698 0 
1 27.717545000000001 -70.034537999999998 0 -0.9999693244177037 -0.0078326383550620191 0 
1 25.579505999999999 -70.051284999999993 0 0.9205395787222691 0.39064931077096166 0 
1 25.279506999999999 -70.051284999999993 0 -0.9791870485770543 0.20295990712196765 0 
1 20.287898999999999 -69.016655 0 1 0 0 
1 28.017544000000001 -69.016655 0 -0.9354426714125752 -0.35347844135180978 0 
1 25.579505999999999 -70.351280000000003 0 0 -1 0 
1 25.579505999999999 -71.421531999999999 0 -1 0 0 
1 25.279506999999999 -71.421531999999999 0 0 1 0 
1 25.279506999999999 -70.351280000000003 0 1 0 0 
1 20.922609000000001 -71.721535000000003 0 -1 0 0 
1 20.587897999999999 -71.721535000000003 0 0 1 0 
1 20.587897999999999 -71.421531999999999 0 0.74466090953361341 -0.66744297869748526 0 
1 23.232824000000001 -71.721535000000003 0 0.8309619178251012 0.55632930097598665 0 
1 25.279506999999999 -70.351280000000003 0 0 -1 0 
1 25.279506999999999 -71.421531999999999 0 -0.98942720831922104 -0.14503033971425733 0 
1 23.232824000000001 -71.721535000000003 0 -0.9936286990386507 0.11270318738508976 0 
1 20.587897999999999 -71.421531999999999 0 0 1 0 
1 20.587897999999999 -70.351280000000003 0 0.88791746776301139 -0.4600027939494733 0 
1 20.922609000000001 -71.721535000000003 0 1 0 0 
1 23.232824000000001 -71.721535000000003 0 0.015864876138638479 -0.99987414493280391 0 
1 23.240368 -72.196990999999997 0 -1 0 0 
1 20.922609000000001 -72.196990999999997 0 0 1 0 
1 20.587897999999999 -71.421531999999999 0 0.9936286990386507 -0.11270318738508976 0 
1 23.232824000000001 -71.721535000000003 0 -1 0 0 
1 20.922609000000001 -71.721535000000003 0 -0.74466090953361341 0.66744297869748526 0 
1 25.279506999999999 -71.421531999999999 0 -0.97675694323435769 -0.21434988650212491 0 
1 23.912443 -71.721535000000003 0 -1 0 0 
1 23.232824000000001 -71.721535000000003 0 0.98942720831922104 0.14503033971425733 0 
1 24.923221999999999 -71.721535000000003 0 -1 0 0 
1 23.912443 -71.721535000000003 0 0.97675694323435769 0.21434988650212491 0 
1 25.279506999999999 -71.421531999999999 0 -0.76493920217531797 -0.64410248949634419 0 
1 28.017544000000001 -70.351280000000003 0 0 -1 0 
1 28.017544000000001 -71.421531999999999 0 -1 0 0 
1 27.717545000000001 -71.421531999999999 0 0 1 0 
1 27.717545000000001 -70.351280000000003 0 1 0 0 
1 28.017544000000001 -71.421531999999999 0 0 1 0 
1 28.017544000000001 -70.351280000000003 0 1 0 0 
1 28.034289999999999 -70.351280000000003 0 -0.015644867268107255 -0.99987761157461841 0 
1 27.717545000000001 -70.351280000000003 0 0 -1 0 
1 27.717545000000001 -71.421531999999999 0 -1 0 0 
1 25.579505999999999 -71.421531999999999 0 0 1 0 
1 25.579505999999999 -70.351280000000003 0 1 0 0 
1 25.579505999999999 -71.421531999999999 0 1 0 0 
1 27.717545000000001 -71.421531999999999 0 -0.90060563230446788 -0.43463719935305761 0 
1 27.095912999999999 -71.721535000000003 0 -1 0 0 
1 25.847836999999998 -71.721535000000003 0 -0.66666688670789043 0.74535579568901789 0 
1 28.644877999999999 -71.721535000000003 0 -0.90214894471416573 0.43142471133572913 0 
1 28.017544000000001 -71.421531999999999 0 0.99506294733746936 -0.099245810168837365 0 
1 31.025448000000001 -71.721535000000003 0 -1 0 0 
1 31.025448000000001 -71.721535000000003 0 -0.99506294733746936 0.099245810168837365 0 
1 28.017544000000001 -71.421531999999999 0 0.015644867268107255 0.99987761157461841 0 
1 28.034289999999999 -70.351280000000003 0 0.90914451982230327 -0.41648078236225217 0 
1 14.674597 -71.721535000000003 0 0 -1 0 
1 14.674597 -72.200255999999996 0 -0.99999948282253626 0.0010170322808002172 0 
1 13.069929 -72.198623999999995 0 0.95853218882888203 0.28498428549467869 0 
1 15.566109000000001 -72.196990999999997 0 1 0 0 
1 17.227221 -72.196990999999997 0 -0.90516001404561597 -0.42507099286229877 0 
1 12.734458999999999 -74.306831000000003 0 0.80188511550258645 0.59747825193508397 0 
1 12.734458999999999 -74.306831000000003 0 0.67745148887387985 0.73556745456998274 0 
1 14.674597 -72.200255999999996 0 0.99999329378272139 0.003662292940756318 0 
1 15.566109000000001 -72.196990999999997 0 -0.80188511550258645 -0.59747825193508397 0 
1 19.785761000000001 -75.703484000000003 0 -0.47719824612823014 0.87879567243594292 0 
1 17.883932000000001 -72.201126000000002 0 0.73463718414823298 -0.67846017397247071 0 
1 20.528662000000001 -74.643615999999994 0 -0.57397734303360903 -0.81887118015233562 0 
1 12.734458999999999 -74.306831000000003 0 0.1571485981362678 0.9875749683461027 0 
1 13.069929 -72.198623999999995 0 0.99999948282253626 -0.0010170322808002172 0 
1 14.674597 -72.200255999999996 0 -0.67745148887387985 -0.73556745456998274 0 
1 12.734458999999999 -74.306831000000003 0 0.90516001404561597 0.42507099286229877 0 
1 17.227221 -72.196990999999997 0 0.99977839029746818 -0.021051610252028796 0 
1 17.619978 -72.205260999999993 0 -0.91861480689555486 -0.39515419338815377 0 
1 18.151377 -72.196990999999997 0 1 0 0 
1 19.202501000000002 -72.196990999999997 0 0.47653477668572691 -0.87915562138286096 0 
1 20.528662000000001 -74.643615999999994 0 -0.69687067500180666 0.71719680863939039 0 
1 20.922609000000001 -72.196990999999997 0 0.78216971368726829 -0.62306543716561325 0 
1 23.247910999999998 -74.049294000000003 0 -0.81132502200285395 0.58459533753877024 0 
1 20.677242 -72.197013999999996 0 0.99999999560667463 9.373713619894836e-05 0 
1 20.677242 -74.643615999999994 0 0 1 0 
1 20.677242 -72.197013999999996 0 0.81132502200285395 -0.58459533753877024 0 
1 23.247910999999998 -74.049294000000003 0 -0.97430054471707439 -0.22525196683716681 0 
1 17.883932000000001 -72.201126000000002 0 0.99988049826455483 0.015459275216695254 0 
1 18.151377 -72.196990999999997 0 0.69687067500180666 -0.71719680863939039 0 
1 20.528662000000001 -74.643615999999994 0 -0.73463718414823298 0.67846017397247071 0 
1 23.240368 -72.196990999999997 0 0.0040721941592923921 -0.9999917085829908 0 
1 23.247910999999998 -74.049294000000003 0 -0.78216971368726829 0.62306543716561325 0 
1 20.922609000000001 -72.196990999999997 0 1 0 0 
1 17.883932000000001 -72.201126000000002 0 0.47719824612823014 -0.87879567243594292 0 
1 19.785761000000001 -75.703484000000003 0 -0.00075164043865182204 -0.99999971751828565 0 
1 19.782768000000001 -79.68544 0 -0.24591755110608202 0.96929075001156773 0 
1 20.528662000000001 -74.643615999999994 0 -0.068053816761654035 -0.99768165164253231 0 
1 20.468529 -75.525176999999999 0 -0.96755022579283934 -0.25267876952412477 0 
1 19.785761000000001 -75.703484000000003 0 0.57397734303360903 0.81887118015233562 0 
1 12.595141 -76.060080999999997 0 0.15552836865906219 0.98783142617667863 0 
1 12.734458999999999 -75.175208999999995 0 0 -1 0 
1 12.734458999999999 -76.060080999999997 0 -1 0 0 
1 17.618233 -76.599273999999994 0 -0.96001949962847255 0.27993313546827098 0 
1 12.734458999999999 -75.175208999999995 0 0 1 0 
1 12.734458999999999 -74.306831000000003 0 0.90523271723469201 -0.4249161419008417 0 
1 12.734458999999999 -76.060080999999997 0 0 1 0 
1 12.734458999999999 -75.175208999999995 0 0.93400780900597069 -0.35725258951597 0 
1 16.457560999999998 -76.599273999999994 0 -0.98967519620234312 0.14332831549227701 0 
1 20.468529 -75.703484000000003 0 -1 0 0 
1 19.785761000000001 -75.703484000000003 0 0.96755022579283934 0.25267876952412477 0 
1 20.468529 -75.525176999999999 0 0 -1 0 
1 12.734458999999999 -74.306831000000003 0 0.91861480689555486 0.39515419338815377 0 
1 17.619978 -72.205260999999993 0 -0.00039713124708435472 -0.99999992114338321 0 
1 17.618233 -76.599273999999994 0 -0.90523271723469201 0.4249161419008417 0 
1 25.253516999999999 -74.930869999999999 0 -0.99159920357272124 -0.12934844210095869 0 
1 20.697495 -75.525176999999999 0 -0.022967959439570553 0.99973620162479981 0 
1 20.677242 -74.643615999999994 0 0.9980357494548332 -0.062646969680341114 0 
1 20.528662000000001 -74.643615999999994 0 1 0 0 
1 20.677242 -74.643615999999994 0 0.022967959439570553 -0.99973620162479981 0 
1 20.697495 -75.525176999999999 0 -1 0 0 
1 20.468529 -75.525176999999999 0 0.068053816761654035 0.99768165164253231 0 
1 20.697495 -75.525176999999999 0 0.96728711530304612 -0.25368412754587449 0 
1 24.275606 -76.463584999999995 0 -0.98724761196448696 0.15919218784355529 0 
1 20.697495 -75.886619999999994 0 0 1 0 
1 23.247910999999998 -74.049294000000003 0 0.91546483125472711 -0.40239799047181402 0 
1 25.253516999999999 -74.930869999999999 0 -0.9980357494548332 0.062646969680341114 0 
1 20.677242 -74.643615999999994 0 0.97430054471707439 0.22525196683716681 0 
1 19.202501000000002 -72.196990999999997 0 0.99999999984960519 -1.734329391025293e-05 0 
1 20.528662000000001 -72.197013999999996 0 0 -1 0 
1 20.528662000000001 -74.643615999999994 0 -0.47653477668572691 0.87915562138286096 0 
1 19.960878000000001 -75.886619999999994 0 1 0 0 
1 20.697495 -75.886619999999994 0 0.75492766561973246 -0.65580806619158138 0 
1 21.512906999999998 -76.594971000000001 0 -0.9097287398577959 0.41520310677636657 0 
1 13.069929 -72.198623999999995 0 -0.1571485981362678 -0.9875749683461027 0 
1 12.734458999999999 -74.306831000000003 0 -0.54608986986921404 0.83772659861450327 0 
1 11.359114999999999 -72.196990999999997 0 0.99999954444954375 -0.00095451595327389381 0 
1 25.279506999999999 -71.421531999999999 0 0 -1 0 
1 25.279506999999999 -71.721535000000003 0 -1 0 0 
1 24.923221999999999 -71.721535000000003 0 0.76493920217531797 0.64410248949634419 0 
1 24.923221999999999 -72.196990999999997 0 1 0 0 
1 25.253516999999999 -72.196990999999997 0 -0.70520820333377698 -0.70900027500047291 0 
1 23.411121000000001 -74.049294000000003 0 0.6323807359017859 0.77465773400923055 0 
1 24.923221999999999 -72.196990999999997 0 -1 0 0 
1 23.912443 -72.196990999999997 0 0 1 0 
1 23.912443 -71.721535000000003 0 1 0 0 
1 24.923221999999999 -71.721535000000003 0 0 -1 0 
1 23.411121000000001 -74.049294000000003 0 0 1 0 
1 23.411121000000001 -72.196990999999997 0 1 0 0 
1 23.912443 -72.196990999999997 0 -0.2612487506245661 -0.96527151118071608 0 
1 25.579505999999999 -71.421531999999999 0 0.66666688670789043 -0.74535579568901789 0 
1 25.847836999999998 -71.721535000000003 0 -1 0 0 
1 25.579505999999999 -71.721535000000003 0 0 1 0 
1 28.017544000000001 -71.421531999999999 0 0.90214894471416573 -0.43142471133572913 0 
1 28.644877999999999 -71.721535000000003 0 -1 0 0 
1 28.017544000000001 -71.721535000000003 0 0 1 0 
1 27.717545000000001 -71.721535000000003 0 -1 0 0 
1 27.095912999999999 -71.721535000000003 0 0.90060563230446788 0.43463719935305761 0 
1 27.717545000000001 -71.421531999999999 0 0 -1 0 
1 25.847836999999998 -71.721535000000003 0 1 0 0 
1 27.095912999999999 -71.721535000000003 0 0 -1 0 
1 27.095912999999999 -72.355041999999997 0 -1 0 0 
1 25.847836999999998 -72.355041999999997 0 0 1 0 
1 25.751213 -74.492019999999997 0 0 1 0 
1 25.751213 -72.355041999999997 0 1 0 0 
1 25.847836999999998 -72.355041999999997 0 -0.045169103853200214 -0.99897935517061554 0 
1 23.411121000000001 -74.049294000000003 0 0.2612487506245661 0.96527151118071608 0 
1 23.912443 -72.196990999999997 0 1 0 0 
1 24.923221999999999 -72.196990999999997 0 -0.6323807359017859 -0.77465773400923055 0 
1 27.749666000000001 -76.463584999999995 0 -1 0 0 
1 24.275606 -76.463584999999995 0 0.53787219644917028 0.84302639358856679 0 
1 25.253516999999999 -74.930869999999999 0 1 0 0 
1 27.749666000000001 -74.930869999999999 0 0 -1 0 
1 25.253516999999999 -74.930869999999999 0 -0.53787219644917028 -0.84302639358856679 0 
1 24.275606 -76.463584999999995 0 -0.96728711530304612 0.25368412754587449 0 
1 20.697495 -75.525176999999999 0 0.99159920357272124 0.12934844210095869 0 
1 25.253516999999999 -72.196990999999997 0 0 -1 0 
1 25.253516999999999 -74.930869999999999 0 -0.90205224343384183 0.43162686445119813 0 
1 23.411121000000001 -74.049294000000003 0 0.70520820333377698 0.70900027500047291 0 
1 25.847836999999998 -72.355041999999997 0 1 0 0 
1 27.095912999999999 -72.355041999999997 0 0.18601279015030756 -0.98254732298271397 0 
1 27.500478999999999 -74.492019999999997 0 -1 0 0 
1 25.751213 -74.492019999999997 0 0.045169103853200214 0.99897935517061554 0 
1 23.411121000000001 -74.049294000000003 0 0.90205224343384183 -0.43162686445119813 0 
1 25.253516999999999 -74.930869999999999 0 -0.91546483125472711 0.40239799047181402 0 
1 23.247910999999998 -74.049294000000003 0 1 0 0 
1 28.045051999999998 -76.592049000000003 0 0 1 0 
1 28.045051999999998 -72.196990999999997 0 1 0 0 
1 28.644877999999999 -72.196990999999997 0 -0.13522384524231268 -0.9908150744098938 0 
1 27.095912999999999 -72.355041999999997 0 1 0 0 
1 27.500478999999999 -72.355041999999997 0 0 -1 0 
1 27.500478999999999 -74.492019999999997 0 -0.18601279015030756 0.98254732298271397 0 
1 22.767022999999998 -76.594971000000001 0 -0.94611432855888034 0.32383279218692335 0 
1 20.697495 -75.886619999999994 0 0.98724761196448696 -0.15919218784355529 0 
1 24.275606 -76.463584999999995 0 -0.99622890304162137 -0.086763890786938816 0 
1 28.644877999999999 -72.196990999999997 0 1 0 0 
1 31.025448000000001 -72.196990999999997 0 -0.15248030240915592 -0.98830650983245705 0 
1 30.347359000000001 -76.592049000000003 0 -1 0 0 
1 28.045051999999998 -76.592049000000003 0 0.13522384524231268 0.9908150744098938 0 
1 28.644877999999999 -71.721535000000003 0 1 0 0 
1 31.025448000000001 -71.721535000000003 0 0 -1 0 
1 31.025448000000001 -72.196990999999997 0 -1 0 0 
1 28.644877999999999 -72.196990999999997 0 0 1 0 
1 -1.0154860000000001 -76.741707000000005 0 0 -1 0 
1 -1.0154860000000001 -77.541106999999997 0 -0.93178126212465595 0.36302021920739258 0 
1 -3.0673439999999998 -76.741707000000005 0 1 0 0 
1 -1.0154860000000001 -78.585944999999995 0 0 1 0 
1 -1.0154860000000001 -77.541106999999997 0 1 0 0 
1 -0.54002899999999998 -77.541106999999997 0 0 -1 0 
1 -0.54002899999999998 -78.585944999999995 0 -1 0 0 
1 -3.0673439999999998 -76.741707000000005 0 0.93178126212465595 -0.36302021920739258 0 
1 -1.0154860000000001 -77.541106999999997 0 0 -1 0 
1 -1.0154860000000001 -78.585944999999995 0 -0.74373270876373787 0.66847711846775515 0 
1 -0.54002899999999998 -78.585944999999995 0 0 1 0 
1 -0.54002899999999998 -77.541106999999997 0 0.99932428079830171 0.03675570441383353 0 
1 2.122954 -77.443161000000003 0 -0.91895681196985513 -0.39435818456601163 0 
1 -1.0154860000000001 -80.021614 0 -0.53035504347056017 0.84777563533363021 0 
1 -3.0673439999999998 -76.741707000000005 0 0.74373270876373787 -0.66847711846775515 0 
1 -1.0154860000000001 -78.585944999999995 0 0 -1 0 
1 2.122954 -77.443161000000003 0 -0.99932428079830171 -0.03675570441383353 0 
1 -0.54002899999999998 -77.541106999999997 0 0.93919009748674687 0.34339767148720607 0 
1 2.122954 -76.567436000000001 0 0 -1 0 
1 4.2411190000000003 -76.860625999999996 0 0.7757901619730585 -0.63099098613674021 0 
1 5.5220479999999998 -77.902473000000001 0 0 -1 0 
1 5.5220479999999998 -78.080771999999996 0 -0.72407762326389069 0.68971849002945773 0 
1 2.5544069999999999 -77.443161000000003 0 0 1 0 
1 2.5544069999999999 -76.567436000000001 0 0.99981241077132188 0.019368615532289423 0 
1 3.8898739999999998 -76.541565000000006 0 -0.8288038412204437 -0.55953926830762979 0 
1 5.5220479999999998 -78.080771999999996 0 -0.64753074221850726 -0.76203932830395904 0 
1 4.2411190000000003 -79.588218999999995 0 0 1 0 
1 4.2411190000000003 -76.860625999999996 0 0.72407762326389069 -0.68971849002945773 0 
1 6.1039450000000004 -78.080771999999996 0 -0.20282637033119397 -0.97921471777045577 0 
1 5.7917050000000003 -79.588218999999995 0 -0.17608808230184289 0.98437441416935423 0 
1 5.5220479999999998 -78.080771999999996 0 1 0 0 
1 3.8898739999999998 -76.541565000000006 0 0 -1 0 
1 3.8898739999999998 -79.588218999999995 0 -0.52851990816525773 0.84892090719512125 0 
1 2.5544069999999999 -77.443161000000003 0 0.8288038412204437 0.55953926830762979 0 
1 5.5220479999999998 -77.902473000000001 0 -0.7757901619730585 0.63099098613674021 0 
1 4.2411190000000003 -76.860625999999996 0 1 0 0 
1 6.1039450000000004 -76.860625999999996 0 -0.48762235474580135 -0.87305465988800501 0 
1 2.122954 -77.443161000000003 0 1 0 0 
1 2.5544069999999999 -77.443161000000003 0 -0.93807450460559649 -0.34643357777352457 0 
1 -0.54002899999999998 -78.585944999999995 0 0.91895681196985513 0.39435818456601163 0 
1 2.5544069999999999 -77.443161000000003 0 -0.001476972114963355 -0.99999890927609103 0 
1 2.5512630000000001 -79.571838 0 -0.95272074649238103 0.30384729586257692 0 
1 -0.54002899999999998 -78.585944999999995 0 0.93807450460559649 0.34643357777352457 0 
1 -0.54002899999999998 -78.585944999999995 0 0.95272074649238103 -0.30384729586257692 0 
1 2.5512630000000001 -79.571838 0 -1 0 0 
1 2.122954 -79.571838 0 -0.93779428699229606 0.3471914101538387 0 
1 2.5544069999999999 -77.443161000000003 0 0.51932313892027893 -0.85457795278253501 0 
1 3.8579490000000001 -79.588218999999995 0 -0.99992142992590083 0.012535309128292276 0 
1 2.5512630000000001 -79.571838 0 0.001476972114963355 0.99999890927609103 0 
1 3.8579490000000001 -79.588218999999995 0 -0.9631952627629734 -0.26880268932986262 0 
1 2.5512630000000001 -79.952881000000005 0 0 1 0 
1 2.5512630000000001 -79.571838 0 0.99992142992590083 -0.012535309128292276 0 
1 5.9421879999999998 -81.408974000000001 0 -0.93439437156603056 0.3562403098832625 0 
1 2.122954 -79.952881000000005 0 1 0 0 
1 2.5512630000000001 -79.952881000000005 0 0.91886621604893515 -0.39456922967194447 0 
1 3.8579490000000001 -79.588218999999995 0 0 -1 0 
1 3.8579490000000001 -79.952881000000005 0 -1 0 0 
1 2.5512630000000001 -79.952881000000005 0 0.9631952627629734 0.26880268932986262 0 
1 5.9421879999999998 -80.53698 0 -0.98548653858287205 0.16975359281013644 0 
1 2.5512630000000001 -79.952881000000005 0 1 0 0 
1 3.8579490000000001 -79.952881000000005 0 0.96290256892930559 -0.26984929636621979 0 
1 2.122954 -79.571838 0 -0.98603460355288797 -0.16654056741917003 0 
1 -0.54002899999999998 -80.021614 0 0 1 0 
1 -0.54002899999999998 -78.585944999999995 0 0.93779428699229606 -0.3471914101538387 0 
1 2.5544069999999999 -77.443161000000003 0 0.52851990816525773 -0.84892090719512125 0 
1 3.8898739999999998 -79.588218999999995 0 -1 0 0 
1 3.8579490000000001 -79.588218999999995 0 -0.51932313892027893 0.85457795278253501 0 
1 5.7917050000000003 -79.952881000000005 0 -1 0 0 
1 4.8926980000000002 -79.952881000000005 0 0 1 0 
1 4.8926980000000002 -79.588218999999995 0 1 0 0 
1 5.7917050000000003 -79.588218999999995 0 0 -1 0 
1 5.9421879999999998 -80.53698 0 -0.87378624755513556 0.48631018247977853 0 
1 4.8926980000000002 -79.952881000000005 0 1 0 0 
1 5.7917050000000003 -79.952881000000005 0 0.24948594292065054 -0.96837841998104957 0 
1 4.2411190000000003 -79.588218999999995 0 0.64753074221850726 0.76203932830395904 0 
1 5.5220479999999998 -78.080771999999996 0 -0.38526577737045725 -0.92280565710616302 0 
1 4.8926980000000002 -79.588218999999995 0 -1 0 0 
1 4.8926980000000002 -79.588218999999995 0 0.38526577737045725 0.92280565710616302 0 
1 5.5220479999999998 -78.080771999999996 0 0.17608808230184289 -0.98437441416935423 0 
1 5.7917050000000003 -79.588218999999995 0 -1 0 0 
1 5.9421879999999998 -80.53698 0 -0.96290256892930559 0.26984929636621979 0 
1 3.8579490000000001 -79.952881000000005 0 1 0 0 
1 4.8926980000000002 -79.952881000000005 0 0.87378624755513556 -0.48631018247977853 0 
1 2.122954 -79.952881000000005 0 -0.99966707462865378 -0.025801936039563853 0 
1 -0.54002899999999998 -80.021614 0 0.98603460355288797 0.16654056741917003 0 
1 2.122954 -79.571838 0 0 -1 0 
1 7.9699540000000004 -77.866707000000005 0 0.12879594355904472 0.9916711173180025 0 
1 8.2856430000000003 -75.436042999999998 0 0.37484364470430875 -0.92708804437593195 0 
1 9.2684180000000005 -77.866707000000005 0 -1 0 0 
1 9.5326120000000003 -77.250900000000001 0 0.9825679850928728 -0.18590361661498697 0 
1 11.405829000000001 -77.605316000000002 0 -0.69746296012862474 -0.71662083366911444 0 
1 9.5321540000000002 -79.530456999999998 0 0.0002009162265983923 0.99999997981633471 0 
1 9.5326120000000003 -77.250900000000001 0 1 0 0 
1 11.405829000000001 -77.250900000000001 0 0 -1 0 
1 11.405829000000001 -77.605316000000002 0 -0.9825679850928728 0.18590361661498697 0 
1 11.405829000000001 -76.594971000000001 0 0 -1 0 
1 11.405829000000001 -76.981277000000006 0 -1 0 0 
1 9.5326660000000007 -76.981277000000006 0 0.97938936829385648 0.20198134882449159 0 
1 12.595141 -77.605316000000002 0 0 -1 0 
1 12.595141 -78.206649999999996 0 -0.89241384216730713 0.45121783465216081 0 
1 11.405829000000001 -77.605316000000002 0 1 0 0 
1 7.3594549999999996 -79.588218999999995 0 -1 0 0 
1 5.7917050000000003 -79.588218999999995 0 0.34840025916913625 0.93734585901409884 0 
1 6.3535389999999996 -78.076644999999999 0 0.55401368154171327 -0.83250756192637509 0 
1 7.3594549999999996 -78.072533000000007 0 0 -1 0 
1 7.3594549999999996 -79.588218999999995 0 -0.55401368154171327 0.83250756192637509 0 
1 6.3535389999999996 -78.076644999999999 0 0.99999164498293291 0.0040877823239335509 0 
1 7.8101859999999999 -78.080771999999996 0 1 0 0 
1 9.2684180000000005 -78.080771999999996 0 -0.61450424633863399 -0.7889135131507049 0 
1 7.8101859999999999 -79.952881000000005 0 0 1 0 
1 5.7917050000000003 -79.588218999999995 0 0.20282637033119397 0.97921471777045577 0 
1 6.1039450000000004 -78.080771999999996 0 0.99986332734896521 0.016532592738471585 0 
1 6.3535389999999996 -78.076644999999999 0 -0.34840025916913625 -0.93734585901409884 0 
1 12.595141 -78.206649999999996 0 -0.91793649041870462 -0.39672736174581097 0 
1 9.5321540000000002 -79.530456999999998 0 0.69746296012862474 0.71662083366911444 0 
1 11.405829000000001 -77.605316000000002 0 0.89241384216730713 -0.45121783465216081 0 
1 12.595141 -79.091117999999994 0 0 -1 0 
1 12.595141 -79.530456999999998 0 -1 0 0 
1 9.5321540000000002 -79.530456999999998 0 0.98986927907017574 0.14198172541947315 0 
1 12.595141 -79.091117999999994 0 -0.98986927907017574 -0.14198172541947315 0 
1 9.5321540000000002 -79.530456999999998 0 0.91793649041870462 0.39672736174581097 0 
1 12.595141 -78.206649999999996 0 0 -1 0 
1 12.595141 -79.863738999999995 0 0 -1 0 
1 12.595141 -80.517487000000003 0 -0.9779725850684261 0.20873337743298312 0 
1 9.5321540000000002 -79.863738999999995 0 1 0 0 
1 6.1039450000000004 -76.860625999999996 0 0 -1 0 
1 6.1039450000000004 -77.902473000000001 0 -1 0 0 
1 5.5220479999999998 -77.902473000000001 0 0.48762235474580135 0.87305465988800501 0 
1 12.595141 -76.060080999999997 0 0 -1 0 
1 12.595141 -76.594971000000001 0 -1 0 0 
1 11.405829000000001 -76.594971000000001 0 0.91200768957782574 0.4101731026663209 0 
1 5.9421879999999998 -80.53698 0 -0.24948594292065054 0.96837841998104957 0 
1 5.7917050000000003 -79.952881000000005 0 1 0 0 
1 5.9421879999999998 -79.952881000000005 0 0 -1 0 
1 -1.0154860000000001 -81.977928000000006 0 -0.95739597738621618 -0.2887783622169291 0 
1 -3.0371320000000002 -82.587715000000003 0 0.61884757024851567 0.78551109781944428 0 
1 -1.0154860000000001 -80.021614 0 0 -1 0 
1 -3.0673439999999998 -76.741707000000005 0 0.53035504347056017 -0.84777563533363021 0 
1 -1.0154860000000001 -80.021614 0 -0.61884757024851567 -0.78551109781944428 0 
1 -3.0371320000000002 -82.587715000000003 0 -0.0051679020210324885 0.99998664630518996 0 
1 -0.54002899999999998 -81.977928000000006 0 -1 0 0 
1 -1.0154860000000001 -81.977928000000006 0 0 1 0 
1 -1.0154860000000001 -80.021614 0 0.23616250802802335 -0.97171357395166291 0 
1 -1.0154860000000001 -82.587715000000003 0 -1 0 0 
1 -3.0371320000000002 -82.587715000000003 0 0.95739597738621618 0.2887783622169291 0 
1 -1.0154860000000001 -81.977928000000006 0 0 -1 0 
1 -1.0154860000000001 -84.388039000000006 0 0 1 0 
1 -1.0154860000000001 -83.301544000000007 0 1 0 0 
1 -0.54002899999999998 -83.301544000000007 0 0 -1 0 
1 -0.54002899999999998 -84.388039000000006 0 -1 0 0 
1 -0.54002899999999998 -81.977928000000006 0 0 1 0 
1 -0.54002899999999998 -80.021614 0 0.99966707462865378 0.025801936039563853 0 
1 2.122954 -79.952881000000005 0 -0.79599225634782578 -0.60530680471501175 0 
1 5.9421879999999998 -81.408974000000001 0 -0.91886621604893515 0.39456922967194447 0 
1 2.5512630000000001 -79.952881000000005 0 0.98548653858287205 -0.16975359281013644 0 
1 5.9421879999999998 -80.53698 0 0 -1 0 
1 5.9421879999999998 -81.408974000000001 0 -0.95992340335121629 -0.28026248357319994 0 
1 -0.54002899999999998 -83.301544000000007 0 0 1 0 
1 -0.54002899999999998 -81.977928000000006 0 0.99617019466761136 0.087435366162058645 0 
1 -0.54002899999999998 -84.388039000000006 0 0 1 0 
1 -0.54002899999999998 -83.301544000000007 0 0.90528067996727779 -0.42481394807372219 0 
1 3.0258989999999999 -84.974898999999994 0 -0.98672668203199498 0.16238982408430119 0 
1 -0.36173300000000003 -84.974898999999994 0 -1 0 0 
1 -0.54002899999999998 -84.974898999999994 0 0 1 0 
1 -0.54002899999999998 -84.388039000000006 0 0.29069368454979944 -0.95681616926286406 0 
1 -0.54002899999999998 -83.301544000000007 0 0.96825835409365901 -0.24995151475403893 0 
1 5.9421879999999998 -84.974898999999994 0 -1 0 0 
1 4.1264269999999996 -84.974898999999994 0 -0.94130899186031136 0.33754611809784535 0 
1 -0.54002899999999998 -81.977928000000006 0 -0.23616250802802335 0.97171357395166291 0 
1 -1.0154860000000001 -80.021614 0 1 0 0 
1 -0.54002899999999998 -80.021614 0 0 -1 0 
1 -0.54002899999999998 -84.388039000000006 0 0.96420636600079268 -0.26515294409745005 0 
1 1.5940380000000001 -84.974898999999994 0 -1 0 0 
1 -0.36173300000000003 -84.974898999999994 0 -0.29069368454979944 0.95681616926286406 0 
1 -0.36173300000000003 -84.974898999999994 0 1 0 0 
1 1.5940380000000001 -84.974898999999994 0 0 -1 0 
1 1.5940380000000001 -85.443343999999996 0 -1 0 0 
1 -0.36173300000000003 -85.443343999999996 0 0 1 0 
1 1.5940380000000001 -85.443343999999996 0 -0.77894586373481989 -0.62709117468707487 0 
1 -1.0154860000000001 -87.544144000000003 0 0.29713732216933131 0.95483475626625525 0 
1 -0.36173300000000003 -85.443343999999996 0 1 0 0 
1 -1.0154860000000001 -85.443343999999996 0 1 0 0 
1 -0.36173300000000003 -85.443343999999996 0 -0.29713732216933131 -0.95483475626625525 0 
1 -1.0154860000000001 -87.544144000000003 0 0 1 0 
1 2.6871649999999998 -87.544144000000003 0 -1 0 0 
1 -1.0154860000000001 -87.544144000000003 0 0.77894586373481989 0.62709117468707487 0 
1 1.5940380000000001 -85.443343999999996 0 0.46158904762740988 -0.88709387953610686 0 
1 -0.54002899999999998 -83.301544000000007 0 0.94130899186031136 -0.33754611809784535 0 
1 4.1264269999999996 -84.974898999999994 0 -1 0 0 
1 3.0258989999999999 -84.974898999999994 0 -0.90528067996727779 0.42481394807372219 0 
1 3.0258989999999999 -84.974898999999994 0 1 0 0 
1 4.1264269999999996 -84.974898999999994 0 0 -1 0 
1 4.1264269999999996 -85.443343999999996 0 -1 0 0 
1 3.0258989999999999 -85.443343999999996 0 0 1 0 
1 1.5940380000000001 -85.443343999999996 0 1 0 0 
1 2.6871649999999998 -85.443343999999996 0 0 -1 0 
1 2.6871649999999998 -87.544144000000003 0 -0.46158904762740988 0.88709387953610686 0 
1 3.0258989999999999 -84.974898999999994 0 -1 0 0 
1 1.5940380000000001 -84.974898999999994 0 -0.96420636600079268 0.26515294409745005 0 
1 -0.54002899999999998 -84.388039000000006 0 0.98672668203199498 -0.16238982408430119 0 
1 2.122954 -79.952881000000005 0 0.93439437156603056 -0.3562403098832625 0 
1 5.9421879999999998 -81.408974000000001 0 -0.99617019466761136 -0.087435366162058645 0 
1 -0.54002899999999998 -81.977928000000006 0 0.79599225634782578 0.60530680471501175 0 
1 5.9421879999999998 -80.53698 0 1 0 0 
1 6.1179860000000001 -80.53698 0 0 -1 0 
1 6.1179860000000001 -81.408974000000001 0 -1 0 0 
1 5.9421879999999998 -81.408974000000001 0 0 1 0 
1 9.2684180000000005 -81.465607000000006 0 -1 0 0 
1 7.6393930000000001 -81.465607000000006 0 -0.85356172480617765 0.52099172924903814 0 
1 6.1179860000000001 -80.53698 0 0.95919807573864124 -0.28273494920028513 0 
1 6.1179860000000001 -81.408974000000001 0 0.98407694353058695 -0.17774298639186301 0 
1 7.6393930000000001 -81.683768999999998 0 -0.41960922676522455 -0.90770485115674604 0 
1 6.1179860000000001 -84.974898999999994 0 0 1 0 
1 6.1179860000000001 -80.53698 0 0.85356172480617765 -0.52099172924903814 0 
1 7.6393930000000001 -81.465607000000006 0 -0.99930790250596302 0.037198333149923227 0 
1 6.1179860000000001 -81.408974000000001 0 0 1 0 
1 7.6393930000000001 -81.465607000000006 0 0 -1 0 
1 7.6393930000000001 -81.683768999999998 0 -0.98407694353058695 0.17774298639186301 0 
1 6.1179860000000001 -81.408974000000001 0 0.99930790250596302 -0.037198333149923227 0 
1 7.8101859999999999 -79.952881000000005 0 -0.94527278569444229 -0.32628110675530858 0 
1 6.1179860000000001 -80.53698 0 0 1 0 
1 6.1179860000000001 -79.952881000000005 0 1 0 0 
1 7.8101859999999999 -79.952881000000005 0 0.61450424633863399 0.7889135131507049 0 
1 9.2684180000000005 -78.080771999999996 0 0 -1 0 
1 9.2684180000000005 -81.465607000000006 0 -0.6940201274032286 0.71995559776920026 0 
1 9.5321540000000002 -79.863738999999995 0 0.9779725850684261 -0.20873337743298312 0 
1 12.595141 -80.517487000000003 0 0 -1 0 
1 12.595141 -81.408974000000001 0 -0.89281926647783816 0.45041509455831413 0 
1 12.734458999999999 -80.517487000000003 0 -0.15440193198136715 -0.98800811909640773 0 
1 12.595141 -81.408974000000001 0 0 1 0 
1 12.595141 -80.517487000000003 0 1 0 0 
1 9.5321540000000002 -79.863738999999995 0 0.89281926647783816 -0.45041509455831413 0 
1 12.595141 -81.408974000000001 0 -0.65158565432611149 -0.75857506884712034 0 
1 9.5321540000000002 -84.974898999999994 0 0 1 0 
1 -0.54002899999999998 -83.301544000000007 0 0.95992340335121629 0.28026248357319994 0 
1 5.9421879999999998 -81.408974000000001 0 0 -1 0 
1 5.9421879999999998 -84.974898999999994 0 -0.96825835409365901 0.24995151475403893 0 
1 7.6393930000000001 -81.683768999999998 0 1 0 0 
1 9.2684180000000005 -81.683768999999998 0 0 -1 0 
1 9.2684180000000005 -84.974898999999994 0 -1 0 0 
1 7.3644449999999999 -84.974898999999994 0 0.083252111823687872 0.99652851734252756 0 
1 7.8101859999999999 -79.952881000000005 0 0.6940201274032286 -0.71995559776920026 0 
1 9.2684180000000005 -81.465607000000006 0 -0.95919807573864124 0.28273494920028513 0 
1 6.1179860000000001 -80.53698 0 0.94527278569444229 0.32628110675530858 0 
1 10.930372999999999 -84.974898999999994 0 0.42302519464473137 0.90611791986241352 0 
1 12.595141 -81.408974000000001 0 -0.067772058911158964 -0.99770083092625639 0 
1 12.352914 -84.974898999999994 0 -1 0 0 
1 6.1179860000000001 -84.974898999999994 0 0.41960922676522455 0.90770485115674604 0 
1 7.6393930000000001 -81.683768999999998 0 -0.39802386645253807 -0.91737506055820606 0 
1 6.211462 -84.974898999999994 0 -1 0 0 
1 6.211462 -84.974898999999994 0 0.39802386645253807 0.91737506055820606 0 
1 7.6393930000000001 -81.683768999999998 0 -0.083252111823687872 -0.99652851734252756 0 
1 7.3644449999999999 -84.974898999999994 0 -1 0 0 
1 6.211462 -84.974898999999994 0 1 0 0 
1 7.3644449999999999 -84.974898999999994 0 0 -1 0 
1 7.3644449999999999 -85.443343999999996 0 -1 0 0 
1 6.211462 -85.443343999999996 0 0 1 0 
1 10.930372999999999 -84.974898999999994 0 1 0 0 
1 12.352914 -84.974898999999994 0 0 -1 0 
1 12.352914 -85.443343999999996 0 -1 0 0 
1 10.930372999999999 -85.443343999999996 0 0 1 0 
1 10.930372999999999 -85.443343999999996 0 -0.14856004516886015 -0.98890338910301356 0 
1 10.614776000000001 -87.544144000000003 0 0 1 0 
1 10.614776000000001 -85.443343999999996 0 1 0 0 
1 10.614776000000001 -87.544144000000003 0 0.14856004516886015 0.98890338910301356 0 
1 10.930372999999999 -85.443343999999996 0 1 0 0 
1 12.352914 -85.443343999999996 0 -0.63746864590692842 -0.77047629780908078 0 
1 13.069929 -85.443343999999996 0 -0.75980940801171293 -0.65014587862793571 0 
1 10.614776000000001 -87.544144000000003 0 0.63746864590692842 0.77047629780908078 0 
1 12.352914 -85.443343999999996 0 1 0 0 
1 10.930372999999999 -84.974898999999994 0 -1 0 0 
1 9.5321540000000002 -84.974898999999994 0 0.65158565432611149 0.75857506884712034 0 
1 12.595141 -81.408974000000001 0 -0.42302519464473137 -0.90611791986241352 0 
1 12.595141 -81.408974000000001 0 0 -1 0 
1 12.595141 -84.974898999999994 0 -1 0 0 
1 12.352914 -84.974898999999994 0 0.067772058911158964 0.99770083092625639 0 
1 16.457560999999998 -76.599273999999994 0 0 -1 0 
1 16.457560999999998 -77.613403000000005 0 -0.92289821490183854 0.38504400388916604 0 
1 12.734458999999999 -76.060080999999997 0 0.98967519620234312 -0.14332831549227701 0 
1 21.512906999999998 -77.579369 0 -0.67580564467053672 0.73707986719991225 0 
1 19.960878000000001 -75.886619999999994 0 0.83191717272238253 -0.55489982675217842 0 
1 21.512906999999998 -76.921843999999993 0 0 -1 0 
1 16.457560999999998 -76.599273999999994 0 -0.93400780900597069 0.35725258951597 0 
1 12.734458999999999 -75.175208999999995 0 0.96001949962847255 -0.27993313546827098 0 
1 17.618233 -76.599273999999994 0 -1 0 0 
1 19.960878000000001 -79.68544 0 0 1 0 
1 19.960878000000001 -75.886619999999994 0 0.67580564467053672 -0.73707986719991225 0 
1 21.512906999999998 -77.579369 0 -0.59324541557954291 -0.80502166237552619 0 
1 16.457560999999998 -77.613403000000005 0 1 0 0 
1 17.619978 -77.613403000000005 0 0 -1 0 
1 17.619978 -79.556915000000004 0 -1 0 0 
1 16.600237 -79.556915000000004 0 -0.073214412626832787 0.99731622356387439 0 
1 24.275606 -76.691733999999997 0 -0.98863743764034973 -0.15031971559287777 0 
1 22.762195999999999 -76.921843999999993 0 0.014765593283690958 0.9998909826851029 0 
1 22.767022999999998 -76.594971000000001 0 0.99794925014188307 -0.064010109680060462 0 
1 24.275606 -76.691733999999997 0 -0.99794925014188307 0.064010109680060462 0 
1 22.767022999999998 -76.594971000000001 0 0.99622890304162137 0.086763890786938816 0 
1 24.275606 -76.463584999999995 0 0 -1 0 
1 24.275606 -77.549369999999996 0 -0.92373897432153929 0.38302259374531755 0 
1 22.762195999999999 -76.921843999999993 0 0.98863743764034973 0.15031971559287777 0 
1 24.275606 -76.691733999999997 0 0 -1 0 
1 24.275606 -77.549369999999996 0 -0.99980479235817155 -0.019757964916296954 0 
1 22.757577999999999 -77.579369 0 0.007023133886216457 0.99997533749108847 0 
1 22.762195999999999 -76.921843999999993 0 0.92373897432153929 -0.38302259374531755 0 
1 22.757577999999999 -77.579369 0 0.83438936253405238 -0.55117546361391823 0 
1 24.275606 -78.582138 0 -0.93999529045232855 0.34118741759836713 0 
1 21.512906999999998 -77.579369 0 1 0 0 
1 19.782768000000001 -79.68544 0 -0.33787355635345173 -0.94119151075488927 0 
1 17.883932000000001 -84.974898999999994 0 0 1 0 
1 17.883932000000001 -72.201126000000002 0 0.24591755110608202 -0.96929075001156773 0 
1 24.275606 -77.549369999999996 0 0 1 0 
1 24.275606 -76.691733999999997 0 1 0 0 
1 24.454916000000001 -76.691733999999997 0 0 -1 0 
1 24.454916000000001 -77.549369999999996 0 -1 0 0 
1 21.512906999999998 -76.594971000000001 0 -0.75492766561973246 0.65580806619158138 0 
1 20.697495 -75.886619999999994 0 0.94611432855888034 -0.32383279218692335 0 
1 22.767022999999998 -76.594971000000001 0 -1 0 0 
1 19.960878000000001 -79.68544 0 0.59324541557954291 0.80502166237552619 0 
1 21.512906999999998 -77.579369 0 0.93999529045232855 -0.34118741759836713 0 
1 24.275606 -78.582138 0 -0.96882780259215373 -0.24773511847224855 0 
1 12.734458999999999 -79.091117999999994 0 -1 0 0 
1 12.595141 -79.091117999999994 0 0 1 0 
1 12.595141 -78.206649999999996 0 1 0 0 
1 12.734458999999999 -78.206649999999996 0 0 -1 0 
1 16.600237 -79.556915000000004 0 -0.99281888661773632 0.11962716403525776 0 
1 12.734458999999999 -79.091117999999994 0 0 1 0 
1 12.734458999999999 -78.206649999999996 0 0.94406812359676917 -0.32975047840522614 0 
1 16.600237 -79.865677000000005 0 -0.98051216268711117 0.19645838954507386 0 
1 12.734458999999999 -79.091117999999994 0 0.99281888661773632 -0.11962716403525776 0 
1 16.600237 -79.556915000000004 0 0 -1 0 
1 16.457560999999998 -77.613403000000005 0 0.073214412626832787 -0.99731622356387439 0 
1 16.600237 -79.556915000000004 0 -0.94406812359676917 0.32975047840522614 0 
1 12.734458999999999 -78.206649999999996 0 0.98754178206515419 0.15735701025241794 0 
1 12.734458999999999 -80.517487000000003 0 0 1 0 
1 12.734458999999999 -79.091117999999994 0 0.98051216268711117 -0.19645838954507386 0 
1 16.600237 -79.865677000000005 0 -0.98608136379872002 -0.1662634775555247 0 
1 19.782768000000001 -79.68544 0 0 -1 0 
1 19.782768000000001 -79.872535999999997 0 -0.34877926264359799 -0.93720490072864437 0 
1 17.883932000000001 -84.974898999999994 0 0.33787355635345173 0.94119151075488927 0 
1 20.498944999999999 -83.251366000000004 0 -0.2073533416660184 0.97826611497073512 0 
1 19.782768000000001 -79.872535999999997 0 1 0 0 
1 20.498944999999999 -79.872535999999997 0 0 -1 0 
1 12.734458999999999 -81.408974000000001 0 0.92872618465102341 0.37076633334696563 0 
1 16.600237 -79.865677000000005 0 1 0 0 
1 17.619978 -79.865677000000005 0 -0.95355455214081919 -0.30122037794864071 0 
1 23.035022999999999 -79.68544 0 -1 0 0 
1 19.960878000000001 -79.68544 0 0.96882780259215373 0.24773511847224855 0 
1 24.275606 -78.582138 0 -0.74724134005134235 -0.66455276669221253 0 
1 12.734458999999999 -78.206649999999996 0 0 1 0 
1 12.734458999999999 -76.060080999999997 0 0.92289821490183854 -0.38504400388916604 0 
1 16.457560999999998 -77.613403000000005 0 -0.98754178206515419 -0.15735701025241794 0 
1 24.454916000000001 -76.691733999999997 0 0 1 0 
1 24.454916000000001 -76.632355000000004 0 1 0 0 
1 26.374596 -76.632355000000004 0 -0.99952195742307237 -0.030916931108214581 0 
1 24.454916000000001 -77.549369999999996 0 0 1 0 
1 24.454916000000001 -76.691733999999997 0 0.99952195742307237 0.030916931108214581 0 
1 26.374596 -76.632355000000004 0 -0.90233406341002453 -0.43103739746100223 0 
1 24.454916000000001 -77.549369999999996 0 0.99913851279807864 -0.041499786067445754 0 
1 26.374596 -77.629104999999996 0 -1 0 0 
1 24.454916000000001 -77.629104999999996 0 0 1 0 
1 26.374596 -76.632355000000004 0 0 -1 0 
1 26.374596 -77.629104999999996 0 -0.99913851279807864 0.041499786067445754 0 
1 24.454916000000001 -77.549369999999996 0 0.90233406341002453 0.43103739746100223 0 
1 22.757577999999999 -77.579369 0 0.99980479235817155 0.019757964916296954 0 
1 24.275606 -77.549369999999996 0 0 -1 0 
1 24.275606 -78.582138 0 -0.83438936253405238 0.55117546361391823 0 
1 30.169342 -76.739243000000002 0 0 -1 0 
1 30.169342 -77.843040000000002 0 -0.88735932306812926 0.46107855270449472 0 
1 28.045051999999998 -76.739243000000002 0 1 0 0 
1 28.045051999999998 -76.739243000000002 0 0.88735932306812926 -0.46107855270449472 0 
1 30.169342 -77.843040000000002 0 -0.83132499873680965 -0.55578660156146575 0 
1 28.045051999999998 -79.263244999999998 0 0 1 0 
1 24.454916000000001 -78.582138 0 0 1 0 
1 24.454916000000001 -77.760955999999993 0 1 0 0 
1 27.749666000000001 -77.760955999999993 0 -0.97031587013447818 -0.24184108866189485 0 
1 30.169342 -77.843040000000002 0 0.96760596918550834 -0.25246522215262257 0 
1 31.522161000000001 -78.196014000000005 0 -0.91699210089996019 -0.39890536081516531 0 
1 30.156668 -78.790024000000003 0 0.013382343391377347 0.99991045243329435 0 
1 30.156668 -78.790024000000003 0 -0.97579670105977545 -0.21867967029621058 0 
1 28.045051999999998 -79.263244999999998 0 0.83132499873680965 0.55578660156146575 0 
1 30.169342 -77.843040000000002 0 -0.013382343391377347 -0.99991045243329435 0 
1 24.275606 -78.582138 0 1 0 0 
1 24.454916000000001 -78.582138 0 0 -1 0 
1 24.454916000000001 -79.397735999999995 0 -1 0 0 
1 24.275606 -79.397735999999995 0 0 1 0 
1 23.035022999999999 -79.68544 0 0.74724134005134235 0.66455276669221253 0 
1 24.275606 -78.582138 0 0 -1 0 
1 24.275606 -79.397735999999995 0 -0.97414707388748289 -0.22591475922669352 0 
1 24.275606 -79.397735999999995 0 0 -1 0 
1 24.275606 -79.863738999999995 0 -0.98982929750429038 0.14226019050374941 0 
1 23.035022999999999 -79.68544 0 0.97414707388748289 0.22591475922669352 0 
1 27.749666000000001 -79.494979999999998 0 -1 0 0 
1 24.454916000000001 -79.494979999999998 0 0 1 0 
1 24.454916000000001 -79.397735999999995 0 0.99956472164679699 -0.029501987037506502 0 
1 27.749666000000001 -77.760955999999993 0 0 -1 0 
1 27.749666000000001 -79.494979999999998 0 -0.96369618405167123 0.2670012450237782 0 
1 24.454916000000001 -78.582138 0 0.97031587013447818 0.24184108866189485 0 
1 30.156668 -79.263244999999998 0 -1 0 0 
1 28.045051999999998 -79.263244999999998 0 0.97579670105977545 0.21867967029621058 0 
1 30.156668 -78.790024000000003 0 0 -1 0 
1 24.454916000000001 -79.397735999999995 0 0 1 0 
1 24.454916000000001 -78.582138 0 0.96369618405167123 -0.2670012450237782 0 
1 27.749666000000001 -79.494979999999998 0 -0.99956472164679699 0.029501987037506502 0 
1 31.553324 -79.863738999999995 0 -0.99112127244091608 0.13296098418370511 0 
1 28.045051999999998 -79.393096999999997 0 1 0 0 
1 30.342763999999999 -79.393096999999997 0 0.93203882476784505 -0.36235842632036902 0 
1 24.275606 -79.863738999999995 0 -0.99997485965927724 -0.0070908426444856419 0 
1 23.035022999999999 -79.872535999999997 0 0 1 0 
1 23.035022999999999 -79.68544 0 0.98982929750429038 -0.14226019050374941 0 
1 19.960878000000001 -75.886619999999994 0 0.9097287398577959 -0.41520310677636657 0 
1 21.512906999999998 -76.594971000000001 0 0 -1 0 
1 21.512906999999998 -76.921843999999993 0 -0.83191717272238253 0.55489982675217842 0 
1 12.734458999999999 -81.408974000000001 0 -1 0 0 
1 12.595141 -81.408974000000001 0 0.15440193198136715 0.98800811909640773 0 
1 12.734458999999999 -80.517487000000003 0 0 -1 0 
1 13.069929 -84.974898999999994 0 1 0 0 
1 14.971757999999999 -84.974898999999994 0 0 -1 0 
1 14.971757999999999 -85.443343999999996 0 -1 0 0 
1 13.069929 -85.443343999999996 0 0 1 0 
1 12.734458999999999 -81.408974000000001 0 0.53146650336912094 -0.84707930903581896 0 
1 14.971757999999999 -84.974898999999994 0 -1 0 0 
1 13.069929 -84.974898999999994 0 -0.093663007428839415 0.99560395792673773 0 
1 17.619978 -79.865677000000005 0 0 -1 0 
1 17.619978 -84.974898999999994 0 -0.80772666074708377 0.58955715712589363 0 
1 12.734458999999999 -81.408974000000001 0 0.95355455214081919 0.30122037794864071 0 
1 12.734458999999999 -81.408974000000001 0 0 1 0 
1 12.734458999999999 -80.517487000000003 0 0.98608136379872002 0.1662634775555247 0 
1 16.600237 -79.865677000000005 0 -0.92872618465102341 -0.37076633334696563 0 
1 13.069929 -84.974898999999994 0 -1 0 0 
1 12.734458999999999 -84.974898999999994 0 0 1 0 
1 12.734458999999999 -81.408974000000001 0 0.093663007428839415 -0.99560395792673773 0 
1 20.491585000000001 -84.083420000000004 0 -0.94623206766140633 -0.32348859968972615 0 
1 17.883932000000001 -84.974898999999994 0 0.83495795453952815 0.55031374156127277 0 
1 20.498944999999999 -83.251366000000004 0 -0.0088452336962998885 -0.99996088015524776 0 
1 23.035022999999999 -79.872535999999997 0 -0.57225631971890123 -0.82007481642943947 0 
1 20.677242 -83.251366000000004 0 0 1 0 
1 20.677242 -79.872535999999997 0 1 0 0 
1 20.498944999999999 -83.251366000000004 0 1 0 0 
1 20.677242 -83.251366000000004 0 0 -1 0 
1 20.677242 -84.083420000000004 0 -1 0 0 
1 20.491585000000001 -84.083420000000004 0 0.0088452336962998885 0.99996088015524776 0 
1 17.319326 -84.977492999999996 0 -0.99999721693597599 0.0023592626608208581 0 
1 16.219833000000001 -84.974898999999994 0 -0.6989834916877592 0.71513780374693403 0 
1 12.734458999999999 -81.408974000000001 0 0.78914269731810105 -0.61420990163747125 0 
1 14.971757999999999 -84.974898999999994 0 -0.53146650336912094 0.84707930903581896 0 
1 12.734458999999999 -81.408974000000001 0 0.6989834916877592 -0.71513780374693403 0 
1 16.219833000000001 -84.974898999999994 0 -1 0 0 
1 20.677242 -84.083420000000004 0 0 1 0 
1 20.677242 -83.251366000000004 0 0.99894763528591846 -0.045865258711488971 0 
1 24.776291000000001 -83.439567999999994 0 -0.98788762964409249 -0.15517097407755254 0 
1 17.883932000000001 -84.974898999999994 0 0.34877926264359799 0.93720490072864437 0 
1 19.782768000000001 -79.872535999999997 0 0.2073533416660184 -0.97826611497073512 0 
1 20.498944999999999 -83.251366000000004 0 -0.83495795453952815 -0.55031374156127277 0 
1 17.319326 -84.977492999999996 0 -0.78914269731810105 0.61420990163747125 0 
1 12.734458999999999 -81.408974000000001 0 0.80772666074708377 -0.58955715712589363 0 
1 17.619978 -84.974898999999994 0 -0.99996278161643848 -0.008627594213625819 0 
1 15.307067999999999 -87.544144000000003 0 -0.72897079901758766 0.68454479340628971 0 
1 13.069929 -85.443343999999996 0 1 0 0 
1 14.971757999999999 -85.443343999999996 0 0.15761557893961445 -0.98750054646847174 0 
1 14.971757999999999 -85.443343999999996 0 1 0 0 
1 15.307067999999999 -85.443343999999996 0 0 -1 0 
1 15.307067999999999 -87.544144000000003 0 -0.15761557893961445 0.98750054646847174 0 
1 10.614776000000001 -87.544144000000003 0 0.75980940801171293 0.65014587862793571 0 
1 13.069929 -85.443343999999996 0 0.72897079901758766 -0.68454479340628971 0 
1 15.307067999999999 -87.544144000000003 0 -1 0 0 
1 16.219833000000001 -85.443343999999996 0 0 1 0 
1 16.219833000000001 -84.974898999999994 0 0.99999721693597599 -0.0023592626608208581 0 
1 17.319326 -84.977492999999996 0 0 -1 0 
1 17.319326 -85.443343999999996 0 -1 0 0 
1 20.491585000000001 -84.083420000000004 0 -0.77298716664567624 -0.63442165804856443 0 
1 19.405396 -84.974898999999994 0 -1 0 0 
1 17.883932000000001 -84.974898999999994 0 0.94623206766140633 0.32348859968972615 0 
1 19.405396 -84.974898999999994 0 0.91824414422785772 -0.39601476183502216 0 
1 20.491585000000001 -85.443343999999996 0 -1 0 0 
1 19.405396 -85.443343999999996 0 0 1 0 
1 20.491585000000001 -85.443343999999996 0 -0.91824414422785772 0.39601476183502216 0 
1 19.405396 -84.974898999999994 0 0.77298716664567624 0.63442165804856443 0 
1 20.491585000000001 -84.083420000000004 0 0 -1 0 
1 20.677242 -83.251366000000004 0 0.57225631971890123 0.82007481642943947 0 
1 23.035022999999999 -79.872535999999997 0 0.4386784828113422 -0.89864408344924795 0 
1 24.776291000000001 -83.439567999999994 0 -0.99894763528591846 0.045865258711488971 0 
1 24.776291000000001 -79.863738999999995 0 0 -1 0 
1 24.776291000000001 -83.439567999999994 0 -0.13866657066604865 0.99033912483538578 0 
1 24.275606 -79.863738999999995 0 1 0 0 
1 24.362034000000001 -84.974898999999994 0 -0.97195895101829521 0.23515058480772549 0 
1 20.677242 -84.083420000000004 0 0.98788762964409249 0.15517097407755254 0 
1 24.776291000000001 -83.439567999999994 0 -0.26050034855083398 -0.96547375334852792 0 
1 21.988479999999999 -84.974898999999994 0 -1 0 0 
1 20.677242 -84.974898999999994 0 0 1 0 
1 20.677242 -84.083420000000004 0 0.82697425358614751 -0.56223979217557529 0 
1 24.362034000000001 -84.974898999999994 0 -1 0 0 
1 21.988479999999999 -84.974898999999994 0 -0.82697425358614751 0.56223979217557529 0 
1 20.677242 -84.083420000000004 0 0.97195895101829521 -0.23515058480772549 0 
1 21.988479999999999 -84.974898999999994 0 1 0 0 
1 24.362034000000001 -84.974898999999994 0 0 -1 0 
1 24.362034000000001 -85.443343999999996 0 -1 0 0 
1 21.988479999999999 -85.443343999999996 0 0 1 0 
1 24.362034000000001 -84.974898999999994 0 0.26050034855083398 0.96547375334852792 0 
1 24.776291000000001 -83.439567999999994 0 0.20766682719320548 -0.97819961607205075 0 
1 25.102233999999999 -84.974898999999994 0 -1 0 0 
1 24.275606 -79.863738999999995 0 0.13866657066604865 -0.99033912483538578 0 
1 24.776291000000001 -83.439567999999994 0 -0.4386784828113422 0.89864408344924795 0 
1 23.035022999999999 -79.872535999999997 0 0.99997485965927724 0.0070908426444856419 0 
1 26.204432000000001 -84.974898999999994 0 -1 0 0 
1 25.102233999999999 -84.974898999999994 0 -0.094588043881330935 0.99551650009163761 0 
1 24.956356 -83.439567999999994 0 0.63078122045403762 -0.77596072833779095 0 
1 24.956356 -79.982596999999998 0 1 0 0 
1 27.749666000000001 -79.982596999999998 0 -0.62849247774332628 -0.77781566287910053 0 
1 24.956356 -83.439567999999994 0 0 1 0 
1 24.776291000000001 -83.439567999999994 0 1 0 0 
1 24.956356 -83.439567999999994 0 0.094588043881330935 -0.99551650009163761 0 
1 25.102233999999999 -84.974898999999994 0 -0.20766682719320548 0.97819961607205075 0 
1 24.956356 -83.439567999999994 0 0.87634696268226775 -0.48168039299681287 0 
1 27.749666000000001 -84.974898999999994 0 -1 0 0 
1 26.204432000000001 -84.974898999999994 0 -0.63078122045403762 0.77596072833779095 0 
1 27.749666000000001 -79.982596999999998 0 0 -1 0 
1 27.749666000000001 -84.974898999999994 0 -0.87634696268226775 0.48168039299681287 0 
1 24.956356 -83.439567999999994 0 0.62849247774332628 0.77781566287910053 0 
1 30.186384 -84.974898999999994 0 -1 0 0 
1 28.582155 -84.974898999999994 0 0.50256538302815135 0.86453920430583575 0 
1 31.553324 -79.863738999999995 0 -0.25836206806846829 -0.96604815707260905 0 
1 25.102233999999999 -84.974898999999994 0 1 0 0 
1 26.204432000000001 -84.974898999999994 0 0 -1 0 
1 26.204432000000001 -85.443343999999996 0 -1 0 0 
1 25.102233999999999 -85.443343999999996 0 0 1 0 
1 21.618207999999999 -87.544144000000003 0 0 1 0 
1 21.618207999999999 -85.443343999999996 0 1 0 0 
1 21.988479999999999 -85.443343999999996 0 -0.17357737896248293 -0.98482023411002007 0 
1 21.618207999999999 -87.544144000000003 0 0.17357737896248293 0.98482023411002007 0 
1 21.988479999999999 -85.443343999999996 0 1 0 0 
1 24.362034000000001 -85.443343999999996 0 -0.79399742266240014 -0.60792112383553998 0 
1 24.362034000000001 -85.443343999999996 0 1 0 0 
1 25.102233999999999 -85.443343999999996 0 0.62288456255695079 -0.78231376168915512 0 
1 26.774908 -87.544144000000003 0 -0.75419543194308547 0.65665002127174477 0 
1 21.618207999999999 -87.544144000000003 0 0.79399742266240014 0.60792112383553998 0 
1 24.362034000000001 -85.443343999999996 0 0.75419543194308547 -0.65665002127174477 0 
1 26.774908 -87.544144000000003 0 -1 0 0 
1 26.204432000000001 -85.443343999999996 0 0.26206138246054539 -0.96505120683975509 0 
1 26.774908 -87.544144000000003 0 -0.62288456255695079 0.78231376168915512 0 
1 25.102233999999999 -85.443343999999996 0 1 0 0 
1 28.045051999999998 -84.974898999999994 0 0.56590973612562412 0.82446720405254847 0 
1 31.553324 -79.863738999999995 0 -0.50256538302815135 -0.86453920430583575 0 
1 28.582155 -84.974898999999994 0 -1 0 0 
1 28.582155 -84.974898999999994 0 1 0 0 
1 30.186384 -84.974898999999994 0 0 -1 0 
1 30.186384 -85.443343999999996 0 -1 0 0 
1 28.582155 -85.443343999999996 0 0 1 0 
1 26.204432000000001 -85.443343999999996 0 0.99998898183643192 -0.004694273717669166 0 
1 26.774908 -85.446021999999999 0 0 -1 0 
1 26.774908 -87.544144000000003 0 -0.26206138246054539 0.96505120683975509 0 
1 28.582155 -85.443343999999996 0 1 0 0 
1 30.186384 -85.443343999999996 0 0.34055089052251875 -0.94022608502653215 0 
1 30.947296000000001 -87.544144000000003 0 -1 0 0 
1 27.926931 -87.544144000000003 0 0.29774669506237372 0.95464491072829483 0 
1 27.926931 -87.544144000000003 0 0 1 0 
1 27.926931 -85.443343999999996 0 1 0 0 
1 28.582155 -85.443343999999996 0 -0.29774669506237372 -0.95464491072829483 0 
1 34.351542999999999 -70.034537999999998 0 -1 0 0 
1 34.051540000000003 -70.034537999999998 0 0 1 0 
1 34.051540000000003 -69.016655 0 0.28270891849180524 -0.9592057482131735 0 
1 34.051540000000003 -71.421531999999999 0 -0.015644867268113889 0.9998776115746183 0 
1 34.034793999999998 -70.351280000000003 0 1 0 0 
1 34.051540000000003 -70.351280000000003 0 0 -1 0 
1 34.051540000000003 -71.421531999999999 0 0 1 0 
1 34.051540000000003 -70.351280000000003 0 1 0 0 
1 34.351542999999999 -70.351280000000003 0 0 -1 0 
1 34.351542999999999 -71.421531999999999 0 -1 0 0 
1 31.557053 -71.721535000000003 0 0.87509540545003406 0.48395044308300883 0 
1 34.034793999999998 -70.351280000000003 0 0.015644867268113889 -0.9998776115746183 0 
1 34.051540000000003 -71.421531999999999 0 -0.99284551417028666 -0.11940596715382037 0 
1 28.034289999999999 -70.351280000000003 0 1 0 0 
1 34.034793999999998 -70.351280000000003 0 -0.87509540545003406 -0.48395044308300883 0 
1 31.557053 -71.721535000000003 0 -1 0 0 
1 31.025448000000001 -71.721535000000003 0 -0.90914451982230327 0.41648078236225217 0 
1 34.351542999999999 -70.051284999999993 0 0 1 0 
1 34.351542999999999 -70.034537999999998 0 1 0 0 
1 39.108654000000001 -70.034537999999998 0 0 -1 0 
1 39.108654000000001 -70.051284999999993 0 -1 0 0 
1 39.108654000000001 -70.034537999999998 0 -1 0 0 
1 34.351542999999999 -70.034537999999998 0 -0.28270891849180524 0.9592057482131735 0 
1 34.051540000000003 -69.016655 0 1 0 0 
1 39.408653000000001 -69.016655 0 -0.28270545033965405 -0.95920677038282698 0 
1 39.108654000000001 -70.051284999999993 0 0 -1 0 
1 39.108654000000001 -70.351280000000003 0 -1 0 0 
1 34.351542999999999 -70.351280000000003 0 0 1 0 
1 34.351542999999999 -70.051284999999993 0 1 0 0 
1 39.108654000000001 -70.351280000000003 0 -0.90184713657684101 -0.43205525369812692 0 
1 36.248463000000001 -71.721535000000003 0 -0.81062705173773919 0.58556279167223457 0 
1 34.351542999999999 -70.351280000000003 0 1 0 0 
1 31.557053 -71.721535000000003 0 0.99284551417028666 0.11940596715382037 0 
1 34.051540000000003 -71.421531999999999 0 -0.97773508148752408 -0.20984306142587789 0 
1 32.653717 -71.721535000000003 0 -1 0 0 
1 31.557053 -71.721535000000003 0 1 0 0 
1 32.653717 -71.721535000000003 0 0 -1 0 
1 32.653717 -72.196990999999997 0 -1 0 0 
1 31.557053 -72.196990999999997 0 0 1 0 
1 34.051540000000003 -71.721535000000003 0 -1 0 0 
1 32.653717 -71.721535000000003 0 0.97773508148752408 0.20984306142587789 0 
1 34.051540000000003 -71.421531999999999 0 0 -1 0 
1 31.557053 -72.196990999999997 0 -0.0079386666782066823 -0.99996848828919227 0 
1 31.522161000000001 -76.592049000000003 0 -0.11230133740506501 0.9936741969161893 0 
1 31.025448000000001 -72.196990999999997 0 1 0 0 
1 34.351542999999999 -71.721535000000003 0 0 1 0 
1 34.351542999999999 -71.421531999999999 0 0.73752507745423668 -0.67531974658388483 0 
1 34.679180000000002 -71.721535000000003 0 -1 0 0 
1 34.351542999999999 -71.421531999999999 0 0 1 0 
1 34.351542999999999 -70.351280000000003 0 0.81062705173773919 -0.58556279167223457 0 
1 36.248463000000001 -71.721535000000003 0 -0.98772368322098647 0.15621115710591332 0 
1 34.679180000000002 -71.721535000000003 0 -0.73752507745423668 0.67531974658388483 0 
1 34.351542999999999 -71.421531999999999 0 0.98772368322098647 -0.15621115710591332 0 
1 36.248463000000001 -71.721535000000003 0 -1 0 0 
1 34.679180000000002 -71.721535000000003 0 1 0 0 
1 36.248463000000001 -71.721535000000003 0 0 -1 0 
1 36.248463000000001 -72.196990999999997 0 -1 0 0 
1 34.679180000000002 -72.196990999999997 0 0 1 0 
1 39.108654000000001 -71.421531999999999 0 -0.97687451715268236 -0.21381341804880655 0 
1 37.737994999999998 -71.721535000000003 0 -1 0 0 
1 36.248463000000001 -71.721535000000003 0 0.99454411034546897 0.10431688538841478 0 
1 39.108654000000001 -71.421531999999999 0 -0.72605151493164544 -0.68764031125688274 0 
1 38.791893000000002 -71.721535000000003 0 -1 0 0 
1 37.737994999999998 -71.721535000000003 0 0.97687451715268236 0.21381341804880655 0 
1 38.791893000000002 -71.721535000000003 0 0.72605151493164544 0.68764031125688274 0 
1 39.108654000000001 -71.421531999999999 0 0 -1 0 
1 39.108654000000001 -71.721535000000003 0 -1 0 0 
1 36.248463000000001 -71.721535000000003 0 0.90184713657684101 0.43205525369812692 0 
1 39.108654000000001 -70.351280000000003 0 0 -1 0 
1 39.108654000000001 -71.421531999999999 0 -0.99454411034546897 -0.10431688538841478 0 
1 37.737994999999998 -71.721535000000003 0 1 0 0 
1 38.791893000000002 -71.721535000000003 0 0 -1 0 
1 38.791893000000002 -72.196990999999997 0 -1 0 0 
1 37.737994999999998 -72.196990999999997 0 0 1 0 
1 39.408653000000001 -71.421531999999999 0 -1 0 0 
1 39.108654000000001 -71.421531999999999 0 0 1 0 
1 39.108654000000001 -70.351280000000003 0 1 0 0 
1 39.408653000000001 -70.351280000000003 0 0 -1 0 
1 39.425400000000003 -70.051284999999993 0 1 0 0 
1 44.384532999999998 -70.051284999999993 0 0 -1 0 
1 44.384532999999998 -70.351280000000003 0 -1 0 0 
1 39.425400000000003 -70.351280000000003 0 0 1 0 
1 39.408653000000001 -71.421531999999999 0 0 1 0 
1 39.408653000000001 -70.351280000000003 0 1 0 0 
1 39.425400000000003 -70.351280000000003 0 -0.015645801284453233 -0.99987759695983158 0 
1 44.401279000000002 -70.034537999999998 0 0 1 0 
1 44.401279000000002 -69.016655 0 0.28270631737872975 -0.95920651484138542 0 
1 44.701279 -70.034537999999998 0 -1 0 0 
1 49.600772999999997 -69.016655 0 -0.97909378209946674 -0.20340935537521831 0 
1 44.701279 -70.034537999999998 0 -0.28270631737872975 0.95920651484138542 0 
1 44.401279000000002 -69.016655 0 1 0 0 
1 44.401279000000002 -71.421531999999999 0 -0.015644867268113889 0.9998776115746183 0 
1 44.384532999999998 -70.351280000000003 0 1 0 0 
1 44.401279000000002 -70.351280000000003 0 0 -1 0 
1 44.701279 -70.351280000000003 0 0 1 0 
1 44.701279 -70.051284999999993 0 1 0 0 
1 49.600772999999997 -70.051284999999993 0 0 -1 0 
1 49.600772999999997 -70.351280000000003 0 -1 0 0 
1 41.110767000000003 -71.721535000000003 0 -0.77591245729334812 0.63084059683647375 0 
1 39.425400000000003 -70.351280000000003 0 1 0 0 
1 44.384532999999998 -70.351280000000003 0 -0.92245691277953012 -0.38610004411455107 0 
1 39.514572000000001 -71.721535000000003 0 -1 0 0 
1 39.408653000000001 -71.721535000000003 0 0 1 0 
1 39.408653000000001 -71.421531999999999 0 0.33291958457561066 -0.9429552217396131 0 
1 39.408653000000001 -71.421531999999999 0 0.98482018009110217 -0.17357768544755192 0 
1 41.110767000000003 -71.721535000000003 0 -1 0 0 
1 39.514572000000001 -71.721535000000003 0 -0.33291958457561066 0.9429552217396131 0 
1 41.110767000000003 -71.721535000000003 0 0.99586955356702012 0.090795552083922051 0 
1 44.401279000000002 -71.421531999999999 0 -0.9772943363375094 -0.21188624344828774 0 
1 43.017558999999999 -71.721535000000003 0 -1 0 0 
1 39.514572000000001 -71.721535000000003 0 1 0 0 
1 41.110767000000003 -71.721535000000003 0 0 -1 0 
1 41.110767000000003 -72.196990999999997 0 -1 0 0 
1 39.514572000000001 -72.196990999999997 0 0 1 0 
1 41.110767000000003 -71.721535000000003 0 -0.98482018009110217 0.17357768544755192 0 
1 39.408653000000001 -71.421531999999999 0 0.015645801284453233 0.99987759695983158 0 
1 39.425400000000003 -70.351280000000003 0 0.77591245729334812 -0.63084059683647375 0 
1 44.701279 -70.351280000000003 0 0 -1 0 
1 44.701279 -71.421531999999999 0 -1 0 0 
1 44.401279000000002 -71.421531999999999 0 0 1 0 
1 44.401279000000002 -70.351280000000003 0 1 0 0 
1 43.017558999999999 -71.721535000000003 0 0.9772943363375094 0.21188624344828774 0 
1 44.401279000000002 -71.421531999999999 0 -0.77441346878865835 -0.6326798395387021 0 
1 44.034069000000002 -71.721535000000003 0 -1 0 0 
1 44.701279 -71.421531999999999 0 0.83869043290123124 -0.54460844444421297 0 
1 45.16328 -71.721535000000003 0 -1 0 0 
1 44.701279 -71.721535000000003 0 0 1 0 
1 43.017558999999999 -71.721535000000003 0 1 0 0 
1 44.034069000000002 -71.721535000000003 0 0 -1 0 
1 44.034069000000002 -72.196990999999997 0 -1 0 0 
1 43.017558999999999 -72.196990999999997 0 0 1 0 
1 44.401279000000002 -71.421531999999999 0 0 -1 0 
1 44.401279000000002 -71.721535000000003 0 -1 0 0 
1 44.034069000000002 -71.721535000000003 0 0.77441346878865835 0.6326798395387021 0 
1 44.401279000000002 -71.421531999999999 0 -0.99586955356702012 -0.090795552083922051 0 
1 41.110767000000003 -71.721535000000003 0 0.92245691277953012 0.38610004411455107 0 
1 44.384532999999998 -70.351280000000003 0 0.015644867268113889 -0.9998776115746183 0 
1 46.538485999999999 -71.721535000000003 0 -0.98692853757144772 0.16115849877398186 0 
1 44.701279 -71.421531999999999 0 0 1 0 
1 44.701279 -70.351280000000003 0 0.80159934551720757 -0.59786159708279019 0 
1 39.408653000000001 -69.016655 0 0 -1 0 
1 39.408653000000001 -70.034537999999998 0 -1 0 0 
1 39.108654000000001 -70.034537999999998 0 0.28270545033965405 0.95920677038282698 0 
1 33.005671999999997 -72.196990999999997 0 0 -1 0 
1 33.005671999999997 -76.592049000000003 0 -0.079824179136835885 0.99680895884072518 0 
1 32.653717 -72.196990999999997 0 1 0 0 
1 36.783352000000001 -75.584625000000003 0 -0.71919125632624092 0.69481215938114038 0 
1 33.276854999999998 -72.196990999999997 0 1 0 0 
1 34.679180000000002 -72.196990999999997 0 0.52763483647953269 -0.84947129400187327 0 
1 36.783352000000001 -75.584625000000003 0 -0.52763483647953269 0.84947129400187327 0 
1 34.679180000000002 -72.196990999999997 0 1 0 0 
1 36.248463000000001 -72.196990999999997 0 0.15596240877026643 -0.98776299133475143 0 
1 33.276854999999998 -72.196990999999997 0 0.71919125632624092 -0.69481215938114038 0 
1 36.783352000000001 -75.584625000000003 0 -0.93698058582502941 -0.34938142736411282 0 
1 33.276854999999998 -76.892128 0 0 1 0 
1 36.961646999999999 -75.584625000000003 0 0.4753346267197065 0.87980508786960154 0 
1 38.791893000000002 -72.196990999999997 0 1 0 0 
1 39.044238999999997 -72.196990999999997 0 -0.52371327015199753 -0.85189460067939216 0 
1 38.791893000000002 -72.196990999999997 0 -0.4753346267197065 -0.87980508786960154 0 
1 36.961646999999999 -75.584625000000003 0 0.22338031390926172 0.97473136574022279 0 
1 37.737994999999998 -72.196990999999997 0 1 0 0 
1 36.248463000000001 -72.196990999999997 0 1 0 0 
1 36.783352000000001 -72.196990999999997 0 0 -1 0 
1 36.783352000000001 -75.584625000000003 0 -0.15596240877026643 0.98776299133475143 0 
1 33.005671999999997 -76.592049000000003 0 -1 0 0 
1 31.522161000000001 -76.592049000000003 0 0.0079386666782066823 0.99996848828919227 0 
1 31.557053 -72.196990999999997 0 1 0 0 
1 32.653717 -72.196990999999997 0 0.079824179136835885 -0.99680895884072518 0 
1 34.732940999999997 -76.592049000000003 0 -1 0 0 
1 34.554645999999998 -76.592049000000003 0 0.91123073573341928 0.41189628094306896 0 
1 36.783352000000001 -75.584625000000003 0 -0.89751888865319052 -0.44097601353218957 0 
1 34.554645999999998 -76.592049000000003 0 0 -1 0 
1 34.554645999999998 -76.624686999999994 0 -0.97879118248634556 -0.20486049176691309 0 
1 33.276854999999998 -76.892128 0 0.9735152083110481 0.2286222631046608 0 
1 36.783352000000001 -75.584625000000003 0 -0.91123073573341928 -0.41189628094306896 0 
1 34.554645999999998 -76.592049000000003 0 -0.9735152083110481 -0.2286222631046608 0 
1 33.276854999999998 -76.892128 0 0.93698058582502941 0.34938142736411282 0 
1 31.025448000000001 -72.196990999999997 0 0.11230133740506501 -0.9936741969161893 0 
1 31.522161000000001 -76.592049000000003 0 -1 0 0 
1 30.347359000000001 -76.592049000000003 0 0.15248030240915592 0.98830650983245705 0 
1 37.001488000000002 -76.494240000000005 0 -1 0 0 
1 36.864455999999997 -76.494240000000005 0 0.10624375165614269 0.99434011547057077 0 
1 36.961646999999999 -75.584625000000003 0 0.043757896337493267 -0.99904216452966454 0 
1 36.783352000000001 -75.584625000000003 0 0.088810672191917989 -0.9960485251757667 0 
1 36.864455999999997 -76.494240000000005 0 -0.99894884763790115 -0.045838846003248161 0 
1 34.732940999999997 -76.592049000000003 0 0.89751888865319052 0.44097601353218957 0 
1 37.882846999999998 -76.592049000000003 0 -0.99389855069795496 0.11029810025791391 0 
1 37.001488000000002 -76.494240000000005 0 -0.043757896337493267 0.99904216452966454 0 
1 36.961646999999999 -75.584625000000003 0 0.67481972364505294 -0.73798261536408472 0 
1 37.001488000000002 -76.494240000000005 0 0.99389855069795496 -0.11029810025791391 0 
1 37.882846999999998 -76.592049000000003 0 -1 0 0 
1 37.001488000000002 -76.592049000000003 0 0 1 0 
1 37.882846999999998 -76.592049000000003 0 -0.67481972364505294 0.73798261536408472 0 
1 36.961646999999999 -75.584625000000003 0 0.52371327015199753 0.85189460067939216 0 
1 39.044238999999997 -72.196990999999997 0 -0.25548021758278228 -0.96681428331601216 0 
1 34.732940999999997 -76.592049000000003 0 0.99894884763790115 0.045838846003248161 0 
1 36.864455999999997 -76.494240000000005 0 0 -1 0 
1 36.864455999999997 -76.592049000000003 0 -1 0 0 
1 36.783352000000001 -75.584625000000003 0 1 0 0 
1 36.961646999999999 -75.584625000000003 0 -0.10624375165614269 -0.99434011547057077 0 
1 36.864455999999997 -76.494240000000005 0 -0.088810672191917989 0.9960485251757667 0 
1 42.726562000000001 -73.266768999999996 0 -0.95358265662563924 0.30113139488068713 0 
1 39.338932 -72.196990999999997 0 1 0 0 
1 39.514572000000001 -72.196990999999997 0 0.94876172212353305 -0.31599239648002281 0 
1 42.726562000000001 -73.266768999999996 0 -0.94876172212353305 0.31599239648002281 0 
1 39.514572000000001 -72.196990999999997 0 1 0 0 
1 41.110767000000003 -72.196990999999997 0 0.83381299014875365 -0.55204700656664596 0 
1 41.110767000000003 -72.196990999999997 0 1 0 0 
1 42.726562000000001 -72.196990999999997 0 0 -1 0 
1 42.726562000000001 -73.266768999999996 0 -0.83381299014875365 0.55204700656664596 0 
1 42.726562000000001 -73.266768999999996 0 1 0 0 
1 42.845427999999998 -73.266768999999996 0 0.00017611163185580743 -0.99999998449234651 0 
1 42.845585 -74.158248999999998 0 -1 0 0 
1 42.726562000000001 -74.158248999999998 0 0 1 0 
1 39.338932 -72.196990999999997 0 0.86542644872532237 -0.50103598857435094 0 
1 42.726562000000001 -74.158248999999998 0 -0.87970602510214935 -0.47551793804122316 0 
1 40.527576000000003 -75.346892999999994 0 -0.35305770375762163 0.93560154863990874 0 
1 39.338932 -76.594971000000001 0 0 1 0 
1 39.338932 -72.196990999999997 0 0.35305770375762163 -0.93560154863990874 0 
1 40.527576000000003 -75.346892999999994 0 -0.68965465085194422 -0.72413842775969495 0 
1 42.845427999999998 -73.266768999999996 0 0 1 0 
1 42.845427999999998 -72.196990999999997 0 1 0 0 
1 43.017558999999999 -72.196990999999997 0 -0.15886017850637565 -0.98730109069367622 0 
1 42.845427999999998 -73.266768999999996 0 0.15886017850637565 0.98730109069367622 0 
1 43.017558999999999 -72.196990999999997 0 1 0 0 
1 44.034069000000002 -72.196990999999997 0 -0.74329380421531765 -0.66896511165764183 0 
1 44.714374999999997 -74.508751000000004 0 0 1 0 
1 44.714374999999997 -72.196990999999997 0 1 0 0 
1 45.16328 -72.196990999999997 0 -0.19062256052734755 -0.9816634043387773 0 
1 44.034069000000002 -72.196990999999997 0 1 0 0 
1 44.568958000000002 -72.196990999999997 0 -0.84963999863228512 -0.5273631317452242 0 
1 42.845427999999998 -73.266768999999996 0 0.74329380421531765 0.66896511165764183 0 
1 42.726562000000001 -75.346892999999994 0 -1 0 0 
1 40.527576000000003 -75.346892999999994 0 0.87970602510214935 0.47551793804122316 0 
1 42.726562000000001 -74.158248999999998 0 0 -1 0 
1 40.869633 -75.554908999999995 0 1 0 0 
1 42.845585 -75.554908999999995 0 -0.00015723160020796238 -0.99999998763911191 0 
1 42.845427999999998 -76.553436000000005 0 -1 0 0 
1 41.641925999999998 -76.553436000000005 0 -0.61179661036440935 0.79101511208485709 0 
1 36.961646999999999 -72.196990999999997 0 1 0 0 
1 37.737994999999998 -72.196990999999997 0 -0.22338031390926172 -0.97473136574022279 0 
1 36.961646999999999 -75.584625000000003 0 0 1 0 
1 40.527576000000003 -75.346892999999994 0 0 -1 0 
1 40.527576000000003 -76.594971000000001 0 -1 0 0 
1 39.338932 -76.594971000000001 0 0.68965465085194422 0.72413842775969495 0 
1 40.869633 -76.783812999999995 0 0 1 0 
1 40.869633 -75.554908999999995 0 0.61179661036440935 -0.79101511208485709 0 
1 41.641925999999998 -76.553436000000005 0 -0.95827280655266334 -0.2858552574672748 0 
1 42.845427999999998 -73.266768999999996 0 0.81130205160848567 -0.58462721545944307 0 
1 44.568958000000002 -74.508751000000004 0 -0.97993827726960303 0.19930121108985444 0 
1 42.845585 -74.158248999999998 0 -0.00017611163185580743 0.99999998449234651 0 
1 44.568958000000002 -74.508751000000004 0 -0.81130205160848567 0.58462721545944307 0 
1 42.845427999999998 -73.266768999999996 0 0.84963999863228512 0.5273631317452242 0 
1 44.568958000000002 -72.196990999999997 0 0 -1 0 
1 44.568958000000002 -74.508751000000004 0 1 0 0 
1 44.714374999999997 -74.508751000000004 0 0.045902013333769871 -0.99894594707216589 0 
1 44.752887999999999 -75.346892999999994 0 -1 0 0 
1 44.568958000000002 -75.346892999999994 0 0 1 0 
1 44.568958000000002 -74.508751000000004 0 0 -1 0 
1 44.568958000000002 -75.346892999999994 0 -0.99279405686240774 -0.11983305328114749 0 
1 42.845585 -75.554908999999995 0 0 1 0 
1 42.845585 -74.158248999999998 0 0.97993827726960303 -0.19930121108985444 0 
1 44.568958000000002 -76.738472000000002 0 -0.82432227429667437 0.5661208246464341 0 
1 42.845585 -75.554908999999995 0 0.99279405686240774 0.11983305328114749 0 
1 44.568958000000002 -75.346892999999994 0 0 -1 0 
1 49.474831000000002 -72.196990999999997 0 1 0 0 
1 50.215012000000002 -72.196990999999997 0 0.038937017957852281 -0.99924166678163995 0 
1 50.386547 -76.599097999999998 0 -0.20280509822747064 0.97921912365565356 0 
1 46.538485999999999 -72.196990999999997 0 -0.61944287561522382 -0.78504173382664344 0 
1 44.714374999999997 -74.508751000000004 0 0.19062256052734755 0.9816634043387773 0 
1 45.16328 -72.196990999999997 0 1 0 0 
1 42.726562000000001 -74.158248999999998 0 -0.86542644872532237 0.50103598857435094 0 
1 39.338932 -72.196990999999997 0 0.95358265662563924 -0.30113139488068713 0 
1 42.726562000000001 -73.266768999999996 0 0 -1 0 
1 44.701279 -70.034537999999998 0 0.99999415831978544 -0.003418088106522151 0 
1 49.600772999999997 -70.051284999999993 0 -1 0 0 
1 44.701279 -70.051284999999993 0 0 1 0 
1 49.600772999999997 -69.016655 0 0 -1 0 
1 49.600772999999997 -70.051284999999993 0 -0.99999415831978544 0.003418088106522151 0 
1 44.701279 -70.034537999999998 0 0.97909378209946674 0.20340935537521831 0 
1 53.469470999999999 -68.693199000000007 0 0 -1 0 
1 53.469470999999999 -70.051284999999993 0 -0.96604960292875675 0.25835666177049027 0 
1 49.600772999999997 -69.016655 0 0.99652302858844821 0.083317786173823349 0 
1 49.900772000000003 -70.051284999999993 0 -1 0 0 
1 49.600772999999997 -70.051284999999993 0 0 1 0 
1 49.600772999999997 -69.016655 0 0.27848703059649677 -0.96043998968678201 0 
1 46.538485999999999 -71.721535000000003 0 0 -1 0 
1 46.538485999999999 -72.196990999999997 0 -1 0 0 
1 45.16328 -72.196990999999997 0 0 1 0 
1 45.16328 -71.721535000000003 0 1 0 0 
1 44.701279 -71.421531999999999 0 0.98692853757144772 -0.16115849877398186 0 
1 46.538485999999999 -71.721535000000003 0 -1 0 0 
1 45.16328 -71.721535000000003 0 -0.83869043290123124 0.54460844444421297 0 
1 46.538485999999999 -71.721535000000003 0 0.99523550395351701 0.097500213694069485 0 
1 49.600772999999997 -71.421531999999999 0 -0.97969355376559975 -0.20050072496160676 0 
1 48.134887999999997 -71.721535000000003 0 -1 0 0 
1 46.538485999999999 -71.721535000000003 0 -0.80159934551720757 0.59786159708279019 0 
1 44.701279 -70.351280000000003 0 1 0 0 
1 49.600772999999997 -70.351280000000003 0 -0.91278663806001781 -0.40843671894075601 0 
1 49.600772999999997 -69.016655 0 0.96604960292875675 -0.25835666177049027 0 
1 53.469470999999999 -70.051284999999993 0 -1 0 0 
1 49.900772000000003 -70.051284999999993 0 -0.27848703059649677 0.96043998968678201 0 
1 53.469470999999999 -70.051284999999993 0 -0.99648533534753181 -0.083767394834249942 0 
1 49.900772000000003 -70.351280000000003 0 0 1 0 
1 49.900772000000003 -70.051284999999993 0 1 0 0 
1 49.900772000000003 -71.421531999999999 0 -1 0 0 
1 49.600772999999997 -71.421531999999999 0 0 1 0 
1 49.600772999999997 -70.351280000000003 0 1 0 0 
1 49.900772000000003 -70.351280000000003 0 0 -1 0 
1 49.900772000000003 -70.351280000000003 0 0.90166525683970988 -0.43243469403851031 0 
1 52.757877000000001 -71.721535000000003 0 -0.99453241454869334 0.10442833146204138 0 
1 49.900772000000003 -71.421531999999999 0 0 1 0 
1 49.474831000000002 -71.721535000000003 0 -1 0 0 
1 48.134887999999997 -71.721535000000003 0 0.97969355376559975 0.20050072496160676 0 
1 49.600772999999997 -71.421531999999999 0 -0.38707765636958713 -0.92204711806904316 0 
1 52.757877000000001 -71.721535000000003 0 -0.90166525683970988 0.43243469403851031 0 
1 49.900772000000003 -70.351280000000003 0 0.99648533534753181 0.083767394834249942 0 
1 53.469470999999999 -70.051284999999993 0 -0.39195121637394392 -0.91998600205817582 0 
1 46.538485999999999 -71.721535000000003 0 0.91278663806001781 0.40843671894075601 0 
1 49.600772999999997 -70.351280000000003 0 0 -1 0 
1 49.600772999999997 -71.421531999999999 0 -0.99523550395351701 -0.097500213694069485 0 
1 53.469470999999999 -68.693199000000007 0 -0.99652302858844821 -0.083317786173823349 0 
1 49.600772999999997 -69.016655 0 0 1 0 
1 49.600772999999997 -68.693199000000007 0 1 0 0 
1 48.134887999999997 -71.721535000000003 0 1 0 0 
1 49.474831000000002 -71.721535000000003 0 0 -1 0 
1 49.474831000000002 -72.196990999999997 0 -1 0 0 
1 48.134887999999997 -72.196990999999997 0 0 1 0 
1 48.134887999999997 -72.196990999999997 0 -0.021935350686334402 -0.99975939124884827 0 
1 48.038302999999999 -76.599097999999998 0 0 1 0 
1 48.038302999999999 -72.196990999999997 0 1 0 0 
1 49.474831000000002 -72.196990999999997 0 -0.31022717785123594 -0.95066245225235313 0 
1 48.038302999999999 -76.599097999999998 0 0.021935350686334402 0.99975939124884827 0 
1 48.134887999999997 -72.196990999999997 0 1 0 0 
1 49.900772000000003 -71.421531999999999 0 0.72330192736180343 -0.69053191227828159 0 
1 50.215012000000002 -71.721535000000003 0 -1 0 0 
1 49.900772000000003 -71.721535000000003 0 0 1 0 
1 50.215012000000002 -71.721535000000003 0 1 0 0 
1 51.225357000000002 -71.721535000000003 0 0 -1 0 
1 51.225357000000002 -72.196990999999997 0 -1 0 0 
1 50.215012000000002 -72.196990999999997 0 0 1 0 
1 49.900772000000003 -71.421531999999999 0 0.99453241454869334 -0.10442833146204138 0 
1 52.757877000000001 -71.721535000000003 0 -1 0 0 
1 51.225357000000002 -71.721535000000003 0 -0.9752979202370109 0.22089356437289256 0 
1 51.225357000000002 -71.721535000000003 0 -1 0 0 
1 50.215012000000002 -71.721535000000003 0 -0.72330192736180343 0.69053191227828159 0 
1 49.900772000000003 -71.421531999999999 0 0.9752979202370109 -0.22089356437289256 0 
1 49.600772999999997 -71.721535000000003 0 -1 0 0 
1 49.474831000000002 -71.721535000000003 0 0.38707765636958713 0.92204711806904316 0 
1 49.600772999999997 -71.421531999999999 0 0 -1 0 
1 51.225357000000002 -72.196990999999997 0 -0.18717960000632336 -0.9823257083785768 0 
1 50.386547 -76.599097999999998 0 -0.038937017957852281 0.99924166678163995 0 
1 50.215012000000002 -72.196990999999997 0 1 0 0 
1 52.757877000000001 -71.721535000000003 0 0.39195121637394392 0.91998600205817582 0 
1 53.469470999999999 -70.051284999999993 0 0.97564757614760611 -0.21934403834456295 0 
1 54.803856000000003 -70.351280000000003 0 -0.83087342219887517 -0.55646145983664463 0 
1 44.714374999999997 -74.508751000000004 0 0.61944287561522382 0.78504173382664344 0 
1 46.538485999999999 -72.196990999999997 0 1 0 0 
1 47.718864000000004 -72.196990999999997 0 -0.7925456309080664 -0.60981261296281419 0 
1 53.469470999999999 -70.051284999999993 0 1 0 0 
1 54.803856000000003 -70.051284999999993 0 0 -1 0 
1 54.803856000000003 -70.351280000000003 0 -0.97564757614760611 0.21934403834456295 0 
1 55.103855000000003 -70.051284999999993 0 1 0 0 
1 59.240692000000003 -70.051284999999993 0 -0.99738089798329899 -0.072328032864362207 0 
1 55.103855000000003 -70.351280000000003 0 0 1 0 
1 54.803856000000003 -70.351280000000003 0 1 0 0 
1 55.103855000000003 -70.351280000000003 0 0 -1 0 
1 55.103855000000003 -71.421531999999999 0 -1 0 0 
1 54.803856000000003 -71.421531999999999 0 0 1 0 
1 54.803856000000003 -70.351280000000003 0 0 -1 0 
1 54.803856000000003 -71.421531999999999 0 -0.98942004617501911 -0.1450791929499998 0 
1 52.757877000000001 -71.721535000000003 0 0.83087342219887517 0.55646145983664463 0 
1 60.291817000000002 -70.051284999999993 0 -1 0 0 
1 59.991813999999998 -70.051284999999993 0 0.27446544422905333 0.9615969633501078 0 
1 60.379447999999996 -68.693199000000007 0 -0.064391460358901323 -0.99792471651565384 0 
1 59.240692000000003 -68.693199000000007 0 0.48398263359978311 -0.87507760248666988 0 
1 59.991813999999998 -70.051284999999993 0 -1 0 0 
1 59.240692000000003 -70.051284999999993 0 0 1 0 
1 60.291817000000002 -70.351280000000003 0 0 1 0 
1 60.291817000000002 -70.051284999999993 0 0.064391460358901323 0.99792471651565384 0 
1 60.379447999999996 -68.693199000000007 0 -0.052777198321117574 -0.99860631248624376 0 
1 59.240692000000003 -70.051284999999993 0 1 0 0 
1 59.991813999999998 -70.051284999999993 0 0 -1 0 
1 59.991813999999998 -70.351280000000003 0 -0.92867003660025038 0.37090694671425278 0 
1 59.991813999999998 -70.351280000000003 0 1 0 0 
1 60.291817000000002 -70.351280000000003 0 0 -1 0 
1 60.291817000000002 -71.421531999999999 0 -1 0 0 
1 59.991813999999998 -71.421531999999999 0 0 1 0 
1 55.103855000000003 -70.351280000000003 0 0.99738089798329899 0.072328032864362207 0 
1 59.240692000000003 -70.051284999999993 0 0.92867003660025038 -0.37090694671425278 0 
1 59.991813999999998 -70.351280000000003 0 -1 0 0 
1 60.291817000000002 -70.351280000000003 0 0.052777198321117574 0.99860631248624376 0 
1 60.379447999999996 -68.693199000000007 0 0 -1 0 
1 60.379447999999996 -71.721535000000003 0 -0.063821950500370234 0.99796130117070592 0 
1 60.379447999999996 -68.693199000000007 0 -0.27446544422905333 -0.9615969633501078 0 
1 59.991813999999998 -70.051284999999993 0 -0.48398263359978311 0.87507760248666988 0 
1 59.240692000000003 -68.693199000000007 0 1 0 0 
1 56.619835000000002 -71.721535000000003 0 -0.74186337727658536 0.67055106401807962 0 
1 55.103855000000003 -70.351280000000003 0 1 0 0 
1 59.991813999999998 -70.351280000000003 0 -0.92642935002750559 -0.3764686698884962 0 
1 54.803856000000003 -71.421531999999999 0 0 -1 0 
1 54.803856000000003 -71.721535000000003 0 -1 0 0 
1 53.849079000000003 -71.721535000000003 0 0.95401365574514041 0.29976314758787964 0 
1 54.803856000000003 -71.421531999999999 0 -0.95401365574514041 -0.29976314758787964 0 
1 53.849079000000003 -71.721535000000003 0 -1 0 0 
1 52.757877000000001 -71.721535000000003 0 0.98942004617501911 0.1450791929499998 0 
1 55.103855000000003 -71.421531999999999 0 0.8618998434151619 -0.50707855399426982 0 
1 55.613781000000003 -71.721535000000003 0 -1 0 0 
1 55.103855000000003 -71.721535000000003 0 0 1 0 
1 55.613781000000003 -71.721535000000003 0 -0.8618998434151619 0.50707855399426982 0 
1 55.103855000000003 -71.421531999999999 0 0.98097600148626141 -0.1941290408672191 0 
1 56.619835000000002 -71.721535000000003 0 -1 0 0 
1 53.849079000000003 -71.721535000000003 0 0 -1 0 
1 53.849079000000003 -72.196990999999997 0 -1 0 0 
1 52.757877000000001 -72.196990999999997 0 0 1 0 
1 52.757877000000001 -71.721535000000003 0 1 0 0 
1 59.991813999999998 -71.421531999999999 0 0 -1 0 
1 59.991813999999998 -71.721535000000003 0 -1 0 0 
1 56.619835000000002 -71.721535000000003 0 0.9960655636657757 0.088619370789802615 0 
1 55.103855000000003 -70.351280000000003 0 0.74186337727658536 -0.67055106401807962 0 
1 56.619835000000002 -71.721535000000003 0 -0.98097600148626141 0.1941290408672191 0 
1 55.103855000000003 -71.421531999999999 0 0 1 0 
1 60.291817000000002 -71.421531999999999 0 0.28038368326959251 -0.95988800917407913 0 
1 60.379447999999996 -71.721535000000003 0 -1 0 0 
1 60.291817000000002 -71.721535000000003 0 0 1 0 
1 60.379447999999996 -71.721535000000003 0 -0.28038368326959251 0.95988800917407913 0 
1 60.291817000000002 -71.421531999999999 0 0 1 0 
1 60.291817000000002 -70.351280000000003 0 0.063821950500370234 -0.99796130117070592 0 
1 55.613781000000003 -71.721535000000003 0 1 0 0 
1 56.619835000000002 -71.721535000000003 0 0 -1 0 
1 56.619835000000002 -72.196990999999997 0 -1 0 0 
1 55.613781000000003 -72.196990999999997 0 0 1 0 
1 56.619835000000002 -71.721535000000003 0 0.92642935002750559 0.3764686698884962 0 
1 59.991813999999998 -70.351280000000003 0 0 -1 0 
1 59.991813999999998 -71.421531999999999 0 -0.9960655636657757 -0.088619370789802615 0 
1 54.697071000000001 -74.158248999999998 0 -0.82641864480507321 0.56305614597351317 0 
1 51.818458999999997 -72.196990999999997 0 1 0 0 
1 52.757877000000001 -72.196990999999997 0 0.70309558433781905 -0.71109535175295646 0 
1 54.697071000000001 -74.158248999999998 0 -0.70309558433781905 0.71109535175295646 0 
1 52.757877000000001 -72.196990999999997 0 1 0 0 
1 53.849079000000003 -72.196990999999997 0 0.39686400757229695 -0.91787742073419365 0 
1 51.818458999999997 -72.196990999999997 0 0.82641864480507321 -0.56305614597351317 0 
1 54.697071000000001 -74.158248999999998 0 -0.52408129783605084 -0.85166824131141616 0 
1 54.05706 -75.198311000000004 0 -0.59788025007177703 0.8015854331099771 0 
1 53.849079000000003 -72.196990999999997 0 1 0 0 
1 54.697071000000001 -72.196990999999997 0 0 -1 0 
1 54.697071000000001 -74.158248999999998 0 -0.39686400757229695 0.91787742073419365 0 
1 54.862620999999997 -75.081108 0 -1 0 0 
1 54.697071000000001 -75.081108 0 0 1 0 
1 54.697071000000001 -74.158248999999998 0 1 0 0 
1 54.862152000000002 -74.158248999999998 0 0.00050820324603318941 -0.99999987086472208 0 
1 54.862152000000002 -74.158248999999998 0 1 0 0 
1 56.803448000000003 -74.158248999999998 0 -0.90310319208614631 -0.4294235955834439 0 
1 54.862620999999997 -75.081108 0 -0.00050820324603318941 0.99999987086472208 0 
1 55.613781000000003 -72.196990999999997 0 -0.35785856430045998 -0.93377580176229324 0 
1 54.862152000000002 -74.158248999999998 0 0 1 0 
1 54.862152000000002 -72.196990999999997 0 1 0 0 
1 51.818458999999997 -76.464057999999994 0 0 1 0 
1 51.818458999999997 -72.196990999999997 0 0.59788025007177703 -0.8015854331099771 0 
1 54.05706 -75.198311000000004 0 -0.87048774086966241 -0.4921900984331477 0 
1 54.697071000000001 -75.081108 0 -0.98364261699047817 -0.18013106905840406 0 
1 54.05706 -75.198311000000004 0 0.52408129783605084 0.85166824131141616 0 
1 54.697071000000001 -74.158248999999998 0 0 -1 0 
1 44.752887999999999 -75.346892999999994 0 0.92126024376470772 -0.38894673576029853 0 
1 47.718864000000004 -76.599097999999998 0 -1 0 0 
1 44.752887999999999 -76.599097999999998 0 0 1 0 
1 44.752887999999999 -75.346892999999994 0 -0.045902013333769871 0.99894594707216589 0 
1 44.714374999999997 -74.508751000000004 0 0.82087091376055266 -0.57111377407826136 0 
1 47.718864000000004 -76.599097999999998 0 -0.92126024376470772 0.38894673576029853 0 
1 51.521884999999997 -79.566376000000005 0 -0.35735454377382714 0.933968805712589 0 
1 50.386547 -76.599097999999998 0 0.24973579637547269 0.96831401518758808 0 
1 51.521884999999997 -72.196990999999997 0 0 -1 0 
1 50.241306000000002 -76.738472000000002 0 0 -1 0 
1 50.241306000000002 -77.921211 0 -0.88105363515968582 0.47301637600817098 0 
1 48.038302999999999 -76.738472000000002 0 1 0 0 
1 47.718864000000004 -72.196990999999997 0 0 -1 0 
1 47.718864000000004 -76.599097999999998 0 -0.82087091376055266 0.57111377407826136 0 
1 44.714374999999997 -74.508751000000004 0 0.7925456309080664 0.60981261296281419 0 
1 42.845427999999998 -76.553436000000005 0 0.00015723160020796238 0.99999998763911191 0 
1 42.845585 -75.554908999999995 0 0.82432227429667437 -0.5661208246464341 0 
1 44.568958000000002 -76.738472000000002 0 -0.99428639469843982 0.10674532925415674 0 
1 54.697071000000001 -75.081108 0 0 -1 0 
1 54.697071000000001 -75.198311000000004 0 -1 0 0 
1 54.05706 -75.198311000000004 0 0.98364261699047817 0.18013106905840406 0 
1 55.326175999999997 -75.465759000000006 0 -0.7305694352158707 -0.68283841450841332 0 
1 54.258094999999997 -76.464057999999994 0 0 1 0 
1 54.258094999999997 -75.285683000000006 0 0.98608340122850446 -0.1662513934426546 0 
1 54.05706 -75.198311000000004 0 0 -1 0 
1 54.05706 -76.464057999999994 0 -1 0 0 
1 51.818458999999997 -76.464057999999994 0 0.87048774086966241 0.4921900984331477 0 
1 49.474831000000002 -72.196990999999997 0 0.20280509822747064 -0.97921912365565356 0 
1 50.386547 -76.599097999999998 0 -1 0 0 
1 48.038302999999999 -76.599097999999998 0 0.31022717785123594 0.95066245225235313 0 
1 51.521884999999997 -72.196990999999997 0 -0.24973579637547269 -0.96831401518758808 0 
1 50.386547 -76.599097999999998 0 0.18717960000632336 0.9823257083785768 0 
1 51.225357000000002 -72.196990999999997 0 1 0 0 
1 56.803448000000003 -74.158248999999998 0 -0.51862873402843479 0.85499955335664546 0 
1 55.613781000000003 -72.196990999999997 0 1 0 0 
1 56.619835000000002 -72.196990999999997 0 0.093212414702741817 -0.9956462452825724 0 
1 56.803448000000003 -72.196990999999997 0 0 -1 0 
1 56.803448000000003 -74.158248999999998 0 -0.093212414702741817 0.9956462452825724 0 
1 56.619835000000002 -72.196990999999997 0 1 0 0 
1 60.015644000000002 -72.613014000000007 0 -0.89107955184177012 -0.45384714639344187 0 
1 56.981743000000002 -74.158248999999998 0 0 1 0 
1 56.981743000000002 -72.200996000000004 0 0.9909041660728114 -0.13456943805911628 0 
1 56.981743000000002 -74.158248999999998 0 -0.15437586602019823 -0.98801219222766368 0 
1 56.833163999999996 -75.109161 0 -0.031234752377714219 0.99951207608707904 0 
1 56.803448000000003 -74.158248999999998 0 1 0 0 
1 56.803448000000003 -74.158248999999998 0 0.031234752377714219 -0.99951207608707904 0 
1 56.833163999999996 -75.109161 0 -0.99989868102489443 0.014234735145993391 0 
1 54.862620999999997 -75.081108 0 0.90310319208614631 0.4294235955834439 0 
1 60.379311000000001 -74.046402 0 -0.24592003688569933 0.96929011934411891 0 
1 60.015644000000002 -72.613014000000007 0 1 0 0 
1 60.379395000000002 -72.613014000000007 0 -5.86024159940263e-05 -0.99999999828287844 0 
1 60.015644000000002 -72.613014000000007 0 0 -1 0 
1 60.015644000000002 -74.046402 0 -0.99932115055443504 -0.036840711917119004 0 
1 56.981743000000002 -74.158248999999998 0 0.89107955184177012 0.45384714639344187 0 
1 60.015644000000002 -74.046402 0 0 -1 0 
1 60.015644000000002 -75.762917000000002 0 -0.97749812296467942 0.21094411487531126 0 
1 56.986015000000002 -75.109122999999997 0 0.94362982417285179 0.33100265094333126 0 
1 60.015644000000002 -74.046402 0 -0.94362982417285179 -0.33100265094333126 0 
1 56.986015000000002 -75.109122999999997 0 -0.0044926634724528859 0.99998990793653675 0 
1 56.981743000000002 -74.158248999999998 0 0.99932115055443504 0.036840711917119004 0 
1 60.015644000000002 -72.613014000000007 0 0.24592003688569933 -0.96929011934411891 0 
1 60.379311000000001 -74.046402 0 -1 0 0 
1 60.015644000000002 -74.046402 0 0 1 0 
1 60.015644000000002 -72.196990999999997 0 0 -1 0 
1 60.015644000000002 -72.613014000000007 0 -0.9909041660728114 0.13456943805911628 0 
1 56.981743000000002 -72.200996000000004 0 0.99999912869206864 0.0013200814760989928 0 
1 56.981743000000002 -74.158248999999998 0 0.0044926634724528859 -0.99998990793653675 0 
1 56.986015000000002 -75.109122999999997 0 -0.99999996909700239 -0.00024860811397517819 0 
1 56.833163999999996 -75.109161 0 0.15437586602019823 0.98801219222766368 0 
1 54.862620999999997 -75.198311000000004 0 0 1 0 
1 54.862620999999997 -75.081108 0 0.98373394429653238 -0.17963164208676327 0 
1 55.504471000000002 -75.198311000000004 0 -1 0 0 
1 54.258094999999997 -75.285683000000006 0 1 0 0 
1 55.326175999999997 -75.285683000000006 0 0 -1 0 
1 55.326175999999997 -75.465759000000006 0 -0.98608340122850446 0.1662513934426546 0 
1 55.326175999999997 -75.465759000000006 0 1 0 0 
1 55.504471000000002 -75.465759000000006 0 0 -1 0 
1 55.504471000000002 -76.464057999999994 0 -0.17581674752909326 0.98442291282166494 0 
1 56.833163999999996 -75.109161 0 0 -1 0 
1 56.833163999999996 -76.565253999999996 0 -0.99711222726342075 0.075942124290676011 0 
1 55.504471000000002 -76.464057999999994 0 0 1 0 
1 55.504471000000002 -75.465759000000006 0 0.96582111370063317 0.25920952206674153 0 
1 55.326175999999997 -75.465759000000006 0 0.17581674752909326 -0.98442291282166494 0 
1 55.504471000000002 -76.464057999999994 0 -1 0 0 
1 54.258094999999997 -76.464057999999994 0 0.7305694352158707 0.68283841450841332 0 
1 55.504471000000002 -75.465759000000006 0 0 1 0 
1 55.504471000000002 -75.198311000000004 0 0.99775663433924455 0.066945490005100985 0 
1 56.833163999999996 -75.109161 0 -0.96582111370063317 -0.25920952206674153 0 
1 60.015644000000002 -75.762917000000002 0 -0.99999999988473254 1.5183377236039693e-05 0 
1 56.986015000000002 -75.762871000000004 0 0 1 0 
1 56.986015000000002 -75.109122999999997 0 0.97749812296467942 -0.21094411487531126 0 
1 60.015644000000002 -77.427017000000006 0 -0.96181678421694439 0.27369412415792899 0 
1 56.987071999999998 -76.565207999999998 0 0.97748859842292568 0.21098824600717556 0 
1 60.015644000000002 -75.911499000000006 0 0 -1 0 
1 56.987071999999998 -75.911452999999995 0 0.99999999988465205 -1.518867638162566e-05 0 
1 60.015644000000002 -75.911499000000006 0 -0.97748859842292568 -0.21098824600717556 0 
1 56.987071999999998 -76.565207999999998 0 0 1 0 
1 55.504471000000002 -76.464057999999994 0 0.99711222726342075 -0.075942124290676011 0 
1 56.833163999999996 -76.565253999999996 0 -0.96023829178607589 -0.27918170245873758 0 
1 55.504471000000002 -76.951560999999998 0 0 1 0 
1 54.862620999999997 -75.081108 0 0.99989868102489443 -0.014234735145993391 0 
1 56.833163999999996 -75.109161 0 -0.99775663433924455 -0.066945490005100985 0 
1 55.504471000000002 -75.198311000000004 0 -0.98373394429653238 0.17963164208676327 0 
1 55.613781000000003 -72.196990999999997 0 0.51862873402843479 -0.85499955335664546 0 
1 56.803448000000003 -74.158248999999998 0 -1 0 0 
1 54.862152000000002 -74.158248999999998 0 0.35785856430045998 0.93377580176229324 0 
1 56.987071999999998 -76.565207999999998 0 -0.96768299634247013 -0.25216982093355078 0 
1 55.504471000000002 -76.951560999999998 0 0.96023829178607589 0.27918170245873758 0 
1 56.833163999999996 -76.565253999999996 0 0.99999995533542052 0.00029887983693490245 0 
1 32.938136999999998 -76.892128 0 1 0 0 
1 33.276854999999998 -76.892128 0 0.0028373292527792662 -0.99999597477325441 0 
1 33.284359000000002 -79.536857999999995 0 -1 0 0 
1 32.938136999999998 -79.536857999999995 0 0 1 0 
1 31.699804 -78.196014000000005 0 0 1 0 
1 31.699804 -77.611816000000005 0 1 0 0 
1 32.689709000000001 -77.611816000000005 0 -0.86121059652660548 -0.50824827439971543 0 
1 31.522161000000001 -76.592049000000003 0 0 -1 0 
1 31.522161000000001 -78.196014000000005 0 -0.95770652381136046 0.28774678842544898 0 
1 30.347359000000001 -77.843040000000002 0 0.68456050008382918 0.72895604924095225 0 
1 31.699804 -78.196014000000005 0 -0.91608171202427502 -0.40099164192620451 0 
1 30.342763999999999 -78.790024000000003 0 0.89311739602461415 0.44982365091023457 0 
1 31.522161000000001 -78.196014000000005 0 1 0 0 
1 30.156668 -78.790024000000003 0 0.91699210089996019 0.39890536081516531 0 
1 31.522161000000001 -78.196014000000005 0 -0.89311739602461415 -0.44982365091023457 0 
1 30.342763999999999 -78.790024000000003 0 -1 0 0 
1 33.284359000000002 -79.536857999999995 0 -0.0028373292527792662 0.99999597477325441 0 
1 33.276854999999998 -76.892128 0 0.40940543245224792 -0.91235255898067613 0 
1 34.554645999999998 -79.739661999999996 0 -0.98749416936698564 0.15765552786441425 0 
1 37.674830999999998 -79.091117999999994 0 -0.91213317600374022 -0.40989397316053555 0 
1 36.682929999999999 -79.536857999999995 0 -0.099933705624790772 0.9949940977111863 0 
1 36.551608999999999 -78.229354999999998 0 0.79339275909280071 -0.60871005398228251 0 
1 36.682929999999999 -79.536857999999995 0 -0.99463520802998717 -0.10344468544659161 0 
1 34.732940999999997 -79.739661999999996 0 0.76931228683469044 0.63887291797757328 0 
1 36.551608999999999 -78.229354999999998 0 0.099933705624790772 -0.9949940977111863 0 
1 36.694201999999997 -77.601173000000003 0 0.87145741746029781 -0.49047117097075982 0 
1 37.763328999999999 -78.202895999999996 0 -0.99969390317693518 -0.024740653808351262 0 
1 36.694201999999997 -78.229354999999998 0 0 1 0 
1 34.554645999999998 -79.739661999999996 0 -0.40940543245224792 0.91235255898067613 0 
1 33.276854999999998 -76.892128 0 0.97879118248634556 0.20486049176691309 0 
1 34.554645999999998 -76.624686999999994 0 0 -1 0 
1 34.732940999999997 -76.868149000000003 0 1 0 0 
1 36.551608999999999 -76.868149000000003 0 0 -1 0 
1 36.551608999999999 -78.229354999999998 0 -0.80059019403010878 0.59921226724995613 0 
1 31.553324 -79.091117999999994 0 -0.97043340729042193 0.24136901626907736 0 
1 30.342763999999999 -78.790024000000003 0 0.97503984763426399 -0.22202994285760527 0 
1 31.665012000000001 -79.091117999999994 0 -1 0 0 
1 31.665012000000001 -79.091117999999994 0 -0.97503984763426399 0.22202994285760527 0 
1 30.342763999999999 -78.790024000000003 0 0.91608171202427502 0.40099164192620451 0 
1 31.699804 -78.196014000000005 0 -0.03883989745870739 -0.99924544650721181 0 
1 32.689709000000001 -79.536857999999995 0 -1 0 0 
1 31.665012000000001 -79.536857999999995 0 0 1 0 
1 31.665012000000001 -79.091117999999994 0 0.9169981935194802 -0.39889135498530187 0 
1 30.342763999999999 -79.393096999999997 0 0.97026702923720887 0.24203696406789063 0 
1 31.553324 -79.091117999999994 0 0 -1 0 
1 31.553324 -79.863738999999995 0 -0.93203882476784505 0.36235842632036902 0 
1 31.699804 -78.196014000000005 0 0.5939433460047816 -0.80450686866964927 0 
1 32.689709000000001 -79.536857999999995 0 -0.9169981935194802 0.39889135498530187 0 
1 31.665012000000001 -79.091117999999994 0 0.03883989745870739 0.99924544650721181 0 
1 28.045051999999998 -79.393096999999997 0 0.99112127244091608 -0.13296098418370511 0 
1 31.553324 -79.863738999999995 0 -0.56590973612562412 -0.82446720405254847 0 
1 28.045051999999998 -84.974898999999994 0 0 1 0 
1 31.699804 -78.196014000000005 0 0.86121059652660548 0.50824827439971543 0 
1 32.689709000000001 -77.611816000000005 0 0 -1 0 
1 32.689709000000001 -79.536857999999995 0 -0.5939433460047816 0.80450686866964927 0 
1 36.694201999999997 -78.229354999999998 0 0.99969390317693518 0.024740653808351262 0 
1 37.763328999999999 -78.202895999999996 0 -0.099144108045393059 -0.99507308567757147 0 
1 37.674830999999998 -79.091117999999994 0 -0.75116561206340948 0.66011379568480733 0 
1 34.732940999999997 -79.739661999999996 0 0 1 0 
1 34.732940999999997 -76.868149000000003 0 0.80059019403010878 -0.59921226724995613 0 
1 36.551608999999999 -78.229354999999998 0 -0.76931228683469044 -0.63887291797757328 0 
1 37.674830999999998 -79.091117999999994 0 0 -1 0 
1 37.674830999999998 -79.536857999999995 0 -1 0 0 
1 36.682929999999999 -79.536857999999995 0 0.91213317600374022 0.40989397316053555 0 
1 36.694201999999997 -78.229354999999998 0 0.75116561206340948 -0.66011379568480733 0 
1 37.674830999999998 -79.091117999999994 0 -0.79339275909280071 0.60871005398228251 0 
1 36.551608999999999 -78.229354999999998 0 1 0 0 
1 36.694201999999997 -77.601173000000003 0 1 0 0 
1 37.763328999999999 -77.601173000000003 0 0 -1 0 
1 37.763328999999999 -78.202895999999996 0 -0.87145741746029781 0.49047117097075982 0 
1 30.342763999999999 -79.393096999999997 0 0 1 0 
1 30.342763999999999 -78.790024000000003 0 0.97043340729042193 -0.24136901626907736 0 
1 31.553324 -79.091117999999994 0 -0.97026702923720887 -0.24203696406789063 0 
1 40.603164999999997 -77.217667000000006 0 -0.93532953652215522 0.35377769589001856 0 
1 39.456127000000002 -76.783812999999995 0 1 0 0 
1 40.603164999999997 -76.783812999999995 0 0 -1 0 
1 41.639355000000002 -77.545883000000003 0 -0.74238400932384563 -0.66997461347446008 0 
1 39.456127000000002 -79.516166999999996 0 0.44652458428189817 0.89477136500442278 0 
1 40.603164999999997 -77.217667000000006 0 0.95331861215094205 -0.30196626256355485 0 
1 41.639355000000002 -77.217667000000006 0 0 -1 0 
1 41.639355000000002 -77.545883000000003 0 -0.95331861215094205 0.30196626256355485 0 
1 40.603164999999997 -77.217667000000006 0 1 0 0 
1 39.456127000000002 -79.516166999999996 0 0 1 0 
1 39.456127000000002 -76.783812999999995 0 0.93532953652215522 -0.35377769589001856 0 
1 40.603164999999997 -77.217667000000006 0 -0.44652458428189817 -0.89477136500442278 0 
1 41.641925999999998 -76.553436000000005 0 -0.005582067499360811 -0.99998442013985034 0 
1 41.640639999999998 -76.783812999999995 0 -1 0 0 
1 40.869633 -76.783812999999995 0 0.95827280655266334 0.2858552574672748 0 
1 46.505215 -76.738472000000002 0 0 -1 0 
1 46.505215 -77.783607000000003 0 -0.87998970718774516 0.47499275283274217 0 
1 44.568958000000002 -76.738472000000002 0 1 0 0 
1 42.845427999999998 -77.545883000000003 0 -0.11684295855714714 -0.99315040302847024 0 
1 42.726562000000001 -78.556229000000002 0 -0.73252579380142302 0.6807392756522832 0 
1 41.639355000000002 -77.545883000000003 0 1 0 0 
1 44.568958000000002 -76.738472000000002 0 0.87998970718774516 -0.47499275283274217 0 
1 46.505215 -77.783607000000003 0 -0.99789703135332664 0.064819092991323851 0 
1 42.845427999999998 -77.545883000000003 0 0.90555859571634612 0.42422120376548761 0 
1 46.505215 -77.783607000000003 0 1 0 0 
1 47.718864000000004 -77.783607000000003 0 0 -1 0 
1 47.718864000000004 -79.566376000000005 0 -1 0 0 
1 46.792656000000001 -79.566376000000005 0 -0.15917717693325883 0.98725003233403752 0 
1 42.845427999999998 -76.553436000000005 0 0.99428639469843982 -0.10674532925415674 0 
1 44.568958000000002 -76.738472000000002 0 -0.90555859571634612 -0.42422120376548761 0 
1 42.845427999999998 -77.545883000000003 0 0 1 0 
1 46.505215 -77.783607000000003 0 -0.97815791827127374 -0.20786314469671688 0 
1 42.869427000000002 -78.556229000000002 0 -0.023746550729868358 0.99971801090529211 0 
1 42.845427999999998 -77.545883000000003 0 0.99789703135332664 -0.064819092991323851 0 
1 38.919224 -79.683448999999996 0 -1 0 0 
1 38.031424999999999 -79.683448999999996 0 -0.28823125612250872 0.95756082991841351 0 
1 37.85313 -79.091117999999994 0 0.87413758900726035 -0.48567836629252298 0 
1 37.763328999999999 -78.202895999999996 0 1 0 0 
1 37.882846999999998 -78.202895999999996 0 -0.033438016678777542 -0.99944079316415224 0 
1 37.85313 -79.091117999999994 0 -0.10058919206689375 0.99492804485516928 0 
1 39.044238999999997 -79.683448999999996 0 -0.61719717150537545 0.78680852275872315 0 
1 37.882846999999998 -78.202895999999996 0 0 1 0 
1 37.882846999999998 -76.592049000000003 0 0.35168540054982028 -0.93611825056459208 0 
1 38.919224 -79.683448999999996 0 -0.87413758900726035 0.48567836629252298 0 
1 37.85313 -79.091117999999994 0 0.89539437302285452 -0.44527397943177571 0 
1 39.044238999999997 -79.683448999999996 0 -1 0 0 
1 38.031424999999999 -79.683448999999996 0 -1 0 0 
1 37.85313 -79.683448999999996 0 0 1 0 
1 37.85313 -79.091117999999994 0 0.28823125612250872 -0.95756082991841351 0 
1 38.919224 -79.683448999999996 0 0 -1 0 
1 38.919224 -79.863738999999995 0 -1 0 0 
1 38.031424999999999 -79.863738999999995 0 0 1 0 
1 38.031424999999999 -79.683448999999996 0 1 0 0 
1 37.85313 -79.091117999999994 0 0.033438016678777542 0.99944079316415224 0 
1 37.882846999999998 -78.202895999999996 0 0.61719717150537545 -0.78680852275872315 0 
1 39.044238999999997 -79.683448999999996 0 -0.89539437302285452 0.44527397943177571 0 
1 42.726562000000001 -79.516166999999996 0 -1 0 0 
1 39.456127000000002 -79.516166999999996 0 0.95952059736615247 0.28163846191545289 0 
1 42.726562000000001 -78.556229000000002 0 0 -1 0 
1 42.726562000000001 -78.556229000000002 0 -0.95952059736615247 -0.28163846191545289 0 
1 39.456127000000002 -79.516166999999996 0 0.74238400932384563 0.66997461347446008 0 
1 41.639355000000002 -77.545883000000003 0 0.73252579380142302 -0.6807392756522832 0 
1 46.792656000000001 -79.566376000000005 0 -0.99768103215276427 -0.068062897988515988 0 
1 42.869427000000002 -79.834023000000002 0 0 1 0 
1 42.869427000000002 -78.556229000000002 0 0.96841449345136432 -0.24934588200597491 0 
1 46.792656000000001 -79.566376000000005 0 -0.96841449345136432 0.24934588200597491 0 
1 42.869427000000002 -78.556229000000002 0 0.97815791827127374 0.20786314469671688 0 
1 46.505215 -77.783607000000003 0 0.15917717693325883 -0.98725003233403752 0 
1 42.726562000000001 -78.556229000000002 0 0.11684295855714714 0.99315040302847024 0 
1 42.845427999999998 -77.545883000000003 0 0.023746550729868358 -0.99971801090529211 0 
1 42.869427000000002 -78.556229000000002 0 -1 0 0 
1 41.759754000000001 -79.677895000000007 0 0 -1 0 
1 41.759754000000001 -79.834023000000002 0 -0.99792674062102416 0.06436008354173689 0 
1 39.338932 -79.677895000000007 0 1 0 0 
1 37.763328999999999 -78.202895999999996 0 0.10058919206689375 -0.99492804485516928 0 
1 37.85313 -79.091117999999994 0 -1 0 0 
1 37.674830999999998 -79.091117999999994 0 0.099144108045393059 0.99507308567757147 0 
1 39.044238999999997 -79.683448999999996 0 -0.35168540054982028 0.93611825056459208 0 
1 37.882846999999998 -76.592049000000003 0 0.25548021758278228 0.96681428331601216 0 
1 39.044238999999997 -72.196990999999997 0 0 -1 0 
1 32.441074 -84.974898999999994 0 0.11189873593394234 0.99371961482924642 0 
1 33.016621000000001 -79.863738999999995 0 0 -1 0 
1 33.016621000000001 -84.974898999999994 0 -1 0 0 
1 32.441074 -85.446845999999994 0 -0.92220270527282244 0.38670682743842005 0 
1 31.315594000000001 -84.974898999999994 0 1 0 0 
1 32.441074 -84.974898999999994 0 0 -1 0 
1 31.315594000000001 -84.974898999999994 0 -1 0 0 
1 30.186384 -84.974898999999994 0 0.25836206806846829 0.96604815707260905 0 
1 31.553324 -79.863738999999995 0 -0.046461716822207955 -0.99892007131198091 0 
1 32.441074 -84.974898999999994 0 -1 0 0 
1 31.315594000000001 -84.974898999999994 0 0.046461716822207955 0.99892007131198091 0 
1 31.553324 -79.863738999999995 0 0.1711264878689395 -0.98524906757105934 0 
1 34.554645999999998 -79.739661999999996 0 -1 0 0 
1 33.284359000000002 -79.739661999999996 0 0 1 0 
1 33.284359000000002 -79.536857999999995 0 0.98749416936698564 -0.15765552786441425 0 
1 33.276854999999998 -79.863738999999995 0 0.23721622295337147 -0.97145687684412241 0 
1 34.524929 -84.974898999999994 0 -1 0 0 
1 33.276854999999998 -84.974898999999994 0 0 1 0 
1 36.129596999999997 -84.974898999999994 0 -1 0 0 
1 34.524929 -84.974898999999994 0 -0.23721622295337147 0.97145687684412241 0 
1 33.276854999999998 -79.863738999999995 0 0.487366359201368 -0.8731975904220094 0 
1 33.276854999999998 -79.863738999999995 0 1 0 0 
1 38.031424999999999 -79.863738999999995 0 -0.34873387683459095 -0.93722178973171366 0 
1 36.129596999999997 -84.974898999999994 0 -0.487366359201368 0.8731975904220094 0 
1 34.732940999999997 -79.739661999999996 0 0.99463520802998717 0.10344468544659161 0 
1 36.682929999999999 -79.536857999999995 0 0 -1 0 
1 36.682929999999999 -79.739661999999996 0 -1 0 0 
1 31.315598000000001 -85.448746 0 -8.4415433682529149e-06 0.99999999996437017 0 
1 31.315594000000001 -84.974898999999994 0 0.92220270527282244 -0.38670682743842005 0 
1 32.441074 -85.446845999999994 0 -0.99999857503629996 -0.0016881721978746784 0 
1 30.186384 -85.443343999999996 0 0.99996870508810365 -0.0079113111695399072 0 
1 30.947296000000001 -85.449364000000003 0 0 -1 0 
1 30.947296000000001 -87.544144000000003 0 -0.34055089052251875 0.94022608502653215 0 
1 36.129596999999997 -85.443343999999996 0 -1 0 0 
1 34.524929 -85.443343999999996 0 0 1 0 
1 34.524929 -84.974898999999994 0 1 0 0 
1 36.129596999999997 -84.974898999999994 0 0 -1 0 
1 36.562099000000003 -87.544144000000003 0 -0.69615122634420223 0.71789516648286711 0 
1 34.524929 -85.443343999999996 0 1 0 0 
1 36.129596999999997 -85.443343999999996 0 0.2016459221676106 -0.97945848409882785 0 
1 32.929993000000003 -87.544144000000003 0 0.60468137865276517 0.79646746971272542 0 
1 34.524929 -85.443343999999996 0 0.69615122634420223 -0.71789516648286711 0 
1 36.562099000000003 -87.544144000000003 0 -1 0 0 
1 36.562099000000003 -85.446021999999999 0 0 -1 0 
1 36.562099000000003 -87.544144000000003 0 -0.2016459221676106 0.97945848409882785 0 
1 36.129596999999997 -85.443343999999996 0 0.9999808308691559 -0.0061917601885554873 0 
1 32.926459999999999 -85.446029999999993 0 0.99999858820166643 0.0016803555201300451 0 
1 34.524929 -85.443343999999996 0 -0.60468137865276517 -0.79646746971272542 0 
1 32.929993000000003 -87.544144000000003 0 -0.0016838908615597458 0.99999858225477822 0 
1 32.441074 -84.974898999999994 0 -0.1711264878689395 0.98524906757105934 0 
1 31.553324 -79.863738999999995 0 1 0 0 
1 33.016621000000001 -79.863738999999995 0 -0.11189873593394234 -0.99371961482924642 0 
1 36.902214000000001 -84.974898999999994 0 0.21572831792626551 0.97645342584513684 0 
1 38.031424999999999 -79.863738999999995 0 0.09262341833688198 -0.99570121139606482 0 
1 38.506881999999997 -84.974898999999994 0 -1 0 0 
1 38.919224 -79.863738999999995 0 -0.080413578383721165 -0.99676158453841168 0 
1 38.506881999999997 -84.974898999999994 0 -0.09262341833688198 0.99570121139606482 0 
1 38.031424999999999 -79.863738999999995 0 1 0 0 
1 38.919224 -79.863738999999995 0 0.024451909436532533 -0.99970100736415568 0 
1 39.044238999999997 -84.974898999999994 0 -1 0 0 
1 38.506881999999997 -84.974898999999994 0 0.080413578383721165 0.99676158453841168 0 
1 38.506881999999997 -85.445244000000002 0 -0.95962672376977465 0.28127664500787963 0 
1 36.902214000000001 -84.974898999999994 0 1 0 0 
1 38.506881999999997 -84.974898999999994 0 0 -1 0 
1 39.044238999999997 -84.974898999999994 0 -0.024451909436532533 0.99970100736415568 0 
1 38.919224 -79.863738999999995 0 1 0 0 
1 39.044238999999997 -79.863738999999995 0 0 -1 0 
1 36.129596999999997 -84.974898999999994 0 0.34873387683459095 0.93722178973171366 0 
1 38.031424999999999 -79.863738999999995 0 -0.21572831792626551 -0.97645342584513684 0 
1 36.902214000000001 -84.974898999999994 0 -1 0 0 
1 39.338932 -84.974898999999994 0 0 1 0 
1 39.338932 -79.677895000000007 0 0.99792674062102416 -0.06436008354173689 0 
1 41.759754000000001 -79.834023000000002 0 -0.42602556344481274 -0.90471112477493609 0 
1 39.338932 -84.974898999999994 0 0.42602556344481274 0.90471112477493609 0 
1 41.759754000000001 -79.834023000000002 0 0.96349591990731354 -0.26772301418062588 0 
1 47.748581000000001 -81.498115999999996 0 -0.9241360456446297 -0.38206356688423854 0 
1 47.748581000000001 -81.498115999999996 0 -0.91239409795402848 -0.40931285103042497 0 
1 39.998528 -84.974898999999994 0 -1 0 0 
1 39.338932 -84.974898999999994 0 0.9241360456446297 0.38206356688423854 0 
1 47.748581000000001 -81.498115999999996 0 -0.96349591990731354 0.26772301418062588 0 
1 41.759754000000001 -79.834023000000002 0 1 0 0 
1 42.869427000000002 -79.834023000000002 0 0.94646603931057005 -0.32280340213783759 0 
1 47.748581000000001 -81.498115999999996 0 -0.87669533407765798 -0.4810460385518871 0 
1 41.412224000000002 -84.974898999999994 0 -1 0 0 
1 39.998528 -84.974898999999994 0 0.91239409795402848 0.40931285103042497 0 
1 42.869427000000002 -79.834023000000002 0 0.99768103215276427 0.068062897988515988 0 
1 46.792656000000001 -79.566376000000005 0 0 -1 0 
1 46.792656000000001 -79.924210000000002 0 -0.999735881705625 0.022981880477378574 0 
1 39.998528 -84.974898999999994 0 0.94909778270946454 -0.31498158494740319 0 
1 41.412224000000002 -85.444068999999999 0 -0.99999991814410716 -0.0004046131227532473 0 
1 39.998528 -85.444641000000004 0 0 1 0 
1 38.506881999999997 -85.445244000000002 0 -0.99999991846396685 -0.00040382181682619545 0 
1 36.902214000000001 -85.445892000000001 0 0 1 0 
1 36.902214000000001 -84.974898999999994 0 0.95962672376977465 -0.28127664500787963 0 
1 39.998528 -84.974898999999994 0 1 0 0 
1 41.412224000000002 -84.974898999999994 0 0 -1 0 
1 41.412224000000002 -85.444068999999999 0 -0.94909778270946454 0.31498158494740319 0 
1 43.320884999999997 -84.974898999999994 0 1 0 0 
1 44.932568000000003 -84.974898999999994 0 0 -1 0 
1 44.932568000000003 -85.443343999999996 0 -1 0 0 
1 43.320884999999997 -85.443343999999996 0 0 1 0 
1 43.320884999999997 -84.974898999999994 0 0.78650133495587593 0.61758857673424061 0 
1 47.748581000000001 -81.498115999999996 0 -0.62939728253676974 -0.77708368965982677 0 
1 44.932568000000003 -84.974898999999994 0 -1 0 0 
1 44.932568000000003 -84.974898999999994 0 0.62939728253676974 0.77708368965982677 0 
1 47.748581000000001 -81.498115999999996 0 -0.53966593429780718 -0.84187925461937529 0 
1 45.519874999999999 -84.974898999999994 0 -1 0 0 
1 44.932568000000003 -85.443343999999996 0 -0.62775886997436348 -0.77840786299247411 0 
1 43.229331999999999 -87.555321000000006 0 0.043308757188111363 0.99906173560537359 0 
1 43.320884999999997 -85.443343999999996 0 1 0 0 
1 43.320884999999997 -85.443343999999996 0 -0.043308757188111363 -0.99906173560537359 0 
1 43.229331999999999 -87.555321000000006 0 0 1 0 
1 43.229331999999999 -85.443343999999996 0 1 0 0 
1 43.229331999999999 -87.555321000000006 0 0.62775886997436348 0.77840786299247411 0 
1 44.932568000000003 -85.443343999999996 0 1 0 0 
1 45.519874999999999 -85.443343999999996 0 -0.73518251886671859 -0.67786920858878597 0 
1 47.401142 -87.555321000000006 0 -1 0 0 
1 43.229331999999999 -87.555321000000006 0 0.73518251886671859 0.67786920858878597 0 
1 45.519874999999999 -85.443343999999996 0 0.66514444086894198 -0.74671471981014459 0 
1 45.519874999999999 -84.974898999999994 0 1 0 0 
1 47.141700999999998 -84.974898999999994 0 0 -1 0 
1 47.141700999999998 -85.443343999999996 0 -1 0 0 
1 45.519874999999999 -85.443343999999996 0 0 1 0 
1 47.748581000000001 -81.498115999999996 0 -0.78650133495587593 -0.61758857673424061 0 
1 43.320884999999997 -84.974898999999994 0 -1 0 0 
1 41.412224000000002 -84.974898999999994 0 0.87669533407765798 0.4810460385518871 0 
1 42.869427000000002 -79.834023000000002 0 0.999735881705625 -0.022981880477378574 0 
1 46.792656000000001 -79.924210000000002 0 0.8013319150890974 -0.5982199945334824 0 
1 47.718864000000004 -80.615654000000006 0 -0.98725827698579405 0.15912603345474685 0 
1 30.169342 -77.843040000000002 0 1 0 0 
1 30.347359000000001 -77.843040000000002 0 0.95770652381136046 -0.28774678842544898 0 
1 31.522161000000001 -78.196014000000005 0 -0.96760596918550834 0.25246522215262257 0 
1 48.038302999999999 -79.566376000000005 0 0 1 0 
1 48.038302999999999 -76.738472000000002 0 0.88105363515968582 -0.47301637600817098 0 
1 50.241306000000002 -77.921211 0 0 -1 0 
1 50.241306000000002 -78.741401999999994 0 -0.93649009772921044 -0.35069402169859398 0 
1 50.386547 -77.921211 0 0 -1 0 
1 50.386547 -78.741401999999994 0 -1 0 0 
1 50.241306000000002 -78.741401999999994 0 0 1 0 
1 50.241306000000002 -77.921211 0 1 0 0 
1 52.026046999999998 -77.635033000000007 0 0.95186960130889831 -0.30650328237074248 0 
1 52.948891000000003 -77.932190000000006 0 0 -1 0 
1 52.948891000000003 -78.080771999999996 0 -0.90046447830184473 0.43492956132756344 0 
1 52.026046999999998 -77.635033000000007 0 1 0 0 
1 52.948891000000003 -77.635033000000007 0 0 -1 0 
1 52.948891000000003 -77.932190000000006 0 -0.95186960130889831 0.30650328237074248 0 
1 52.026046999999998 -79.525406000000004 0 0.53834096909103901 0.84272712131396432 0 
1 52.948891000000003 -78.080771999999996 0 0.90558462104004578 -0.42416564469055795 0 
1 55.216769999999997 -79.143021000000005 0 -0.9928952972150219 -0.11899129702752814 0 
1 55.504471000000002 -76.951560999999998 0 0 -1 0 
1 55.504471000000002 -77.932190000000006 0 -1 0 0 
1 53.186619 -77.932190000000006 0 0 1 0 
1 53.186619 -76.951560999999998 0 1 0 0 
1 52.948891000000003 -78.080771999999996 0 -0.53834096909103901 -0.84272712131396432 0 
1 52.026046999999998 -79.525406000000004 0 0 1 0 
1 52.026046999999998 -77.635033000000007 0 0.90046447830184473 -0.43492956132756344 0 
1 52.948891000000003 -78.080771999999996 0 0.99928311463244734 -0.037858378339215563 0 
1 55.228335999999999 -78.16713 0 -0.011850901160734728 -0.99992977560510643 0 
1 55.216769999999997 -79.143021000000005 0 -0.90558462104004578 0.42416564469055795 0 
1 50.241306000000002 -79.566376000000005 0 -1 0 0 
1 48.038302999999999 -79.566376000000005 0 0.93649009772921044 0.35069402169859398 0 
1 50.241306000000002 -78.741401999999994 0 0 -1 0 
1 47.718864000000004 -79.924210000000002 0 0 -1 0 
1 47.718864000000004 -80.615654000000006 0 -0.8013319150890974 0.5982199945334824 0 
1 46.792656000000001 -79.924210000000002 0 1 0 0 
1 55.216769999999997 -79.525406000000004 0 -1 0 0 
1 52.026046999999998 -79.525406000000004 0 0.9928952972150219 0.11899129702752814 0 
1 55.216769999999997 -79.143021000000005 0 0 -1 0 
1 50.386547 -78.741401999999994 0 0.80898220823187783 -0.58783312833173573 0 
1 51.521884999999997 -79.566376000000005 0 -1 0 0 
1 50.386547 -79.566376000000005 0 0 1 0 
1 48.038302999999999 -80.615654000000006 0 0 1 0 
1 48.038302999999999 -79.924210000000002 0 1 0 0 
1 51.521884999999997 -79.924210000000002 0 -0.98086512498615275 -0.19468848601265301 0 
1 50.386547 -77.921211 0 0.56798430094856722 -0.8230393878035045 0 
1 51.521884999999997 -79.566376000000005 0 -0.80898220823187783 0.58783312833173573 0 
1 50.386547 -78.741401999999994 0 0 1 0 
1 50.386547 -76.599097999999998 0 0.35735454377382714 -0.933968805712589 0 
1 51.521884999999997 -79.566376000000005 0 -0.56798430094856722 0.8230393878035045 0 
1 50.386547 -77.921211 0 0 1 0 
1 55.228335999999999 -78.080771999999996 0 0 -1 0 
1 55.228335999999999 -78.16713 0 -0.99928311463244734 0.037858378339215563 0 
1 52.948891000000003 -78.080771999999996 0 1 0 0 
1 55.504471000000002 -77.932190000000006 0 0 1 0 
1 55.504471000000002 -76.951560999999998 0 0.93438680385839168 -0.3562601588380318 0 
1 56.803448000000003 -77.446831000000003 0 -0.93674516973942901 -0.35001212403265158 0 
1 56.989016999999997 -77.446845999999994 0 -0.99999999673305617 8.0832466314668331e-05 0 
1 56.803448000000003 -77.446831000000003 0 -0.93438680385839168 0.3562601588380318 0 
1 55.504471000000002 -76.951560999999998 0 0.94859962199331738 -0.31647868356989789 0 
1 56.803448000000003 -77.974884000000003 0 -0.99946030414588238 0.032849664178196861 0 
1 55.504471000000002 -77.932190000000006 0 0.93674516973942901 0.35001212403265158 0 
1 56.803448000000003 -77.446831000000003 0 0 -1 0 
1 56.803448000000003 -77.974884000000003 0 -0.98922498337034492 -0.14640332057689437 0 
1 55.504471000000002 -78.16713 0 0 1 0 
1 55.504471000000002 -77.932190000000006 0 0.99946030414588238 -0.032849664178196861 0 
1 56.803448000000003 -77.974884000000003 0 0.031702810073918002 -0.99949733958296116 0 
1 56.833163999999996 -78.911743000000001 0 -0.87235345390595564 0.48887570143989556 0 
1 55.504471000000002 -78.16713 0 0.98922498337034492 0.14640332057689437 0 
1 55.504471000000002 -78.16713 0 0 -1 0 
1 55.504471000000002 -79.143021000000005 0 -0.27226717629618286 0.96222169208124975 0 
1 55.228335999999999 -78.16713 0 1 0 0 
1 60.015644000000002 -77.427017000000006 0 -0.98400728102371304 -0.17812824282611522 0 
1 56.989016999999997 -77.974907000000002 0 0 1 0 
1 56.989016999999997 -77.446845999999994 0 0.99997853949954596 0.0065513769816114391 0 
1 56.987071999999998 -76.565207999999998 0 0.0022061155110020287 -0.99999756652421523 0 
1 56.989016999999997 -77.446845999999994 0 -0.94859962199331738 0.31647868356989789 0 
1 55.504471000000002 -76.951560999999998 0 0.96768299634247013 0.25216982093355078 0 
1 60.015644000000002 -77.427017000000006 0 -0.99997853949954596 -0.0065513769816114391 0 
1 56.989016999999997 -77.446845999999994 0 -0.0022061155110020287 0.99999756652421523 0 
1 56.987071999999998 -76.565207999999998 0 0.96181678421694439 -0.27369412415792899 0 
1 60.379111999999999 -77.427017000000006 0 -5.8226069894109097e-05 -0.99999999830486241 0 
1 60.379032000000002 -78.800972000000002 0 -0.25569136157807043 0.96675846394761522 0 
1 60.015644000000002 -77.427017000000006 0 1 0 0 
1 56.989016999999997 -77.974907000000002 0 0.98400728102371304 0.17812824282611522 0 
1 60.015644000000002 -77.427017000000006 0 0 -1 0 
1 60.015644000000002 -78.800972000000002 0 -0.96471353554538586 0.26330171730454321 0 
1 60.379032000000002 -78.800972000000002 0 -1 0 0 
1 60.015644000000002 -78.800972000000002 0 0 1 0 
1 60.015644000000002 -77.427017000000006 0 0.25569136157807043 -0.96675846394761522 0 
1 56.989016999999997 -77.974907000000002 0 -0.16410563346893636 -0.9864427713069619 0 
1 56.833163999999996 -78.911743000000001 0 -0.031702810073918002 0.99949733958296116 0 
1 56.803448000000003 -77.974884000000003 0 0.99999999231905223 -0.00012394311454021393 0 
1 56.989016999999997 -77.974907000000002 0 0.96471353554538586 -0.26330171730454321 0 
1 60.015644000000002 -78.800972000000002 0 -0.99932913250002942 -0.036623557128421531 0 
1 56.991016000000002 -78.911818999999994 0 -0.0021336000072866403 0.99999772387291419 0 
1 55.504471000000002 -78.16713 0 0.87235345390595564 -0.48887570143989556 0 
1 56.833163999999996 -78.911743000000001 0 -0.98518659134960107 -0.17148580181739287 0 
1 55.504471000000002 -79.143021000000005 0 0 1 0 
1 56.989016999999997 -77.974907000000002 0 0.0021336000072866403 -0.99999772387291419 0 
1 56.991016000000002 -78.911818999999994 0 -0.9999998840963974 0.00048146359364584001 0 
1 56.833163999999996 -78.911743000000001 0 0.16410563346893636 0.9864427713069619 0 
1 55.504471000000002 -79.982596999999998 0 0 1 0 
1 55.504471000000002 -79.143021000000005 0 0.98518659134960107 0.17148580181739287 0 
1 56.833163999999996 -78.911743000000001 0 0 -1 0 
1 56.833163999999996 -79.68544 0 -0.97589190546244553 -0.21825441313494073 0 
1 56.991016000000002 -79.589149000000006 0 0 1 0 
1 56.991016000000002 -78.911818999999994 0 0.99932913250002942 0.036623557128421531 0 
1 60.015644000000002 -78.800972000000002 0 0 -1 0 
1 60.015644000000002 -79.589072999999999 0 -0.99999999968431552 -2.5127056941573772e-05 0 
1 57.206206999999999 -79.901672000000005 0 0 1 0 
1 57.206206999999999 -79.737656000000001 0 1 0 0 
1 60.015644000000002 -79.737656000000001 0 -0.99830020938366426 -0.05828114570366754 0 
1 60.015644000000002 -79.737656000000001 0 0 -1 0 
1 60.015644000000002 -80.220329000000007 0 -0.99362892880393261 0.11270116167968038 0 
1 57.206206999999999 -79.901672000000005 0 0.99830020938366426 0.05828114570366754 0 
1 62.408566 -79.663910000000001 0 -0.96442376771335048 -0.26436110960121495 0 
1 60.378677000000003 -80.220329000000007 0 0.00054275636798086001 0.99999985270775171 0 
1 60.378979000000001 -79.663910000000001 0 1 0 0 
1 56.833163999999996 -79.68544 0 0 -1 0 
1 56.833163999999996 -79.901672000000005 0 -0.99815039107523384 -0.060793065364051095 0 
1 55.504471000000002 -79.982596999999998 0 0.97589190546244553 0.21825441313494073 0 
1 55.216769999999997 -79.143021000000005 0 0.011850901160734728 0.99992977560510643 0 
1 55.228335999999999 -78.16713 0 0.27226717629618286 -0.96222169208124975 0 
1 55.504471000000002 -79.143021000000005 0 -1 0 0 
1 57.206206999999999 -79.901672000000005 0 -0.99887120463180257 -0.047500700599165946 0 
1 55.504471000000002 -79.982596999999998 0 0.99815039107523384 0.060793065364051095 0 
1 56.833163999999996 -79.901672000000005 0 1 0 0 
1 48.017817999999998 -81.498115999999996 0 -1 0 0 
1 47.748581000000001 -81.498115999999996 0 -0.033656026650715432 0.99943347546001593 0 
1 47.718864000000004 -80.615654000000006 0 1 0 0 
1 48.038302999999999 -80.615654000000006 0 -0.023207212215037815 -0.99973067638299773 0 
1 45.519874999999999 -84.974898999999994 0 0.53966593429780718 0.84187925461937529 0 
1 47.748581000000001 -81.498115999999996 0 -0.17195226008008374 -0.98510528384196139 0 
1 47.141700999999998 -84.974898999999994 0 -1 0 0 
1 47.748581000000001 -81.498115999999996 0 0 -1 0 
1 47.748581000000001 -84.974898999999994 0 -1 0 0 
1 47.141700999999998 -84.974898999999994 0 0.17195226008008374 0.98510528384196139 0 
1 48.017817999999998 -84.974898999999994 0 0 1 0 
1 48.017817999999998 -81.498115999999996 0 0.20045894128820452 -0.97970210414064762 0 
1 48.729210000000002 -84.974898999999994 0 -1 0 0 
1 47.748581000000001 -81.498115999999996 0 -0.94646603931057005 0.32280340213783759 0 
1 42.869427000000002 -79.834023000000002 0 0.98725827698579405 -0.15912603345474685 0 
1 47.718864000000004 -80.615654000000006 0 0.033656026650715432 -0.99943347546001593 0 
1 48.017817999999998 -81.498115999999996 0 0.61340029100646232 -0.78977217157430113 0 
1 50.718165999999997 -84.974898999999994 0 -1 0 0 
1 48.729210000000002 -84.974898999999994 0 -0.20045894128820452 0.97970210414064762 0 
1 50.718165999999997 -84.974898999999994 0 -0.61340029100646232 0.78977217157430113 0 
1 48.017817999999998 -81.498115999999996 0 0.70986502017418329 -0.70433774081267742 0 
1 51.521884999999997 -84.974898999999994 0 -1 0 0 
1 48.729210000000002 -84.974898999999994 0 1 0 0 
1 50.718165999999997 -84.974898999999994 0 0 -1 0 
1 50.718165999999997 -85.443343999999996 0 -1 0 0 
1 48.729210000000002 -85.443343999999996 0 0 1 0 
1 52.414000999999999 -84.974898999999994 0 0.95834722222166369 0.28560567511872242 0 
1 60.015644000000002 -82.709464999999994 0 -0.93736996369497283 -0.34833540038658917 0 
1 53.919364999999999 -84.974898999999994 0 -1 0 0 
1 51.521884999999997 -84.974898999999994 0 -0.70986502017418329 0.70433774081267742 0 
1 48.017817999999998 -81.498115999999996 0 0.91220615607623412 0.40973153261205225 0 
1 51.521884999999997 -79.924210000000002 0 0 -1 0 
1 60.015644000000002 -82.709464999999994 0 -0.95834722222166369 -0.28560567511872242 0 
1 52.414000999999999 -84.974898999999994 0 -1 0 0 
1 51.818458999999997 -84.974898999999994 0 0.96386767053487887 0.26638151906178897 0 
1 47.401142 -87.555321000000006 0 -0.12192621138841522 0.99253916747726767 0 
1 47.141700999999998 -85.443343999999996 0 1 0 0 
1 47.401142 -85.443343999999996 0 0 -1 0 
1 48.729210000000002 -85.443343999999996 0 -0.13799584151290628 -0.99043280828390623 0 
1 48.436508000000003 -87.544144000000003 0 0 1 0 
1 48.436508000000003 -85.443343999999996 0 1 0 0 
1 48.729210000000002 -85.443343999999996 0 1 0 0 
1 50.718165999999997 -85.443343999999996 0 0.17102181375106112 -0.98526724253945308 0 
1 51.082821000000003 -87.544144000000003 0 -1 0 0 
1 48.436508000000003 -87.544144000000003 0 0.13799584151290628 0.99043280828390623 0 
1 45.519874999999999 -85.443343999999996 0 1 0 0 
1 47.141700999999998 -85.443343999999996 0 0.12192621138841522 -0.99253916747726767 0 
1 47.401142 -87.555321000000006 0 -0.66514444086894198 0.74671471981014459 0 
1 51.082821000000003 -87.544144000000003 0 -0.17102181375106112 0.98526724253945308 0 
1 50.718165999999997 -85.443343999999996 0 1 0 0 
1 51.082821000000003 -85.443343999999996 0 0 -1 0 
1 53.919364999999999 -85.443343999999996 0 -1 0 0 
1 52.414000999999999 -85.443343999999996 0 0 1 0 
1 52.414000999999999 -84.974898999999994 0 1 0 0 
1 53.919364999999999 -84.974898999999994 0 0 -1 0 
1 48.038302999999999 -80.615654000000006 0 0.98086512498615275 0.19468848601265301 0 
1 51.521884999999997 -79.924210000000002 0 -0.91220615607623412 -0.40973153261205225 0 
1 48.017817999999998 -81.498115999999996 0 0.023207212215037815 0.99973067638299773 0 
1 55.504471000000002 -79.982596999999998 0 0.99887120463180257 0.047500700599165946 0 
1 57.206206999999999 -79.901672000000005 0 0.78454237608323296 -0.62007520522084669 0 
1 60.015644000000002 -82.122153999999995 0 -0.90352963565997091 0.42852560890121866 0 
1 60.015644000000002 -82.122153999999995 0 -0.78454237608323296 0.62007520522084669 0 
1 57.206206999999999 -79.901672000000005 0 0.99362892880393261 -0.11270116167968038 0 
1 60.015644000000002 -80.220329000000007 0 0 -1 0 
1 60.015644000000002 -82.122153999999995 0 0 1 0 
1 60.015644000000002 -80.220329000000007 0 1 0 0 
1 60.378677000000003 -80.220329000000007 0 0 -1 0 
1 60.378677000000003 -82.122153999999995 0 -1 0 0 
1 55.504471000000002 -84.974898999999994 0 -1 0 0 
1 53.919364999999999 -84.974898999999994 0 0.93736996369497283 0.34833540038658917 0 
1 60.015644000000002 -82.709464999999994 0 -0.89364552920641949 -0.4487735154054644 0 
1 55.504471000000002 -84.974898999999994 0 1 0 0 
1 56.581263999999997 -84.974898999999994 0 0 -1 0 
1 56.581263999999997 -85.443343999999996 0 -1 0 0 
1 55.504471000000002 -85.443343999999996 0 0 1 0 
1 55.504471000000002 -84.974898999999994 0 0.89364552920641949 0.4487735154054644 0 
1 60.015644000000002 -82.709464999999994 0 -0.83474981743950893 -0.55062940557575257 0 
1 56.581263999999997 -84.974898999999994 0 -1 0 0 
1 56.581263999999997 -84.974898999999994 0 0.99414860360694568 0.10802108102754791 0 
1 60.015644000000002 -84.601730000000003 0 -0.98117929203960697 -0.19309893027320402 0 
1 58.119487999999997 -84.974898999999994 0 -1 0 0 
1 51.818458999999997 -84.974898999999994 0 0 1 0 
1 51.818458999999997 -79.982596999999998 0 0.96758379400900851 -0.25255019614154461 0 
1 60.015644000000002 -82.122153999999995 0 0 -1 0 
1 60.015644000000002 -82.709464999999994 0 -0.96386767053487887 -0.26638151906178897 0 
1 60.378677000000003 -82.122153999999995 0 0 1 0 
1 60.378677000000003 -80.220329000000007 0 0.96442376771335048 0.26436110960121495 0 
1 62.408566 -79.663910000000001 0 -0.63672588390024154 -0.77109023387114439 0 
1 60.378677000000003 -82.709464999999994 0 0 1 0 
1 60.378677000000003 -82.122153999999995 0 0.63672588390024154 0.77109023387114439 0 
1 62.408566 -79.663910000000001 0 -0.55460921016707343 -0.83211094452473999 0 
1 60.015644000000002 -84.601730000000003 0 0 1 0 
1 60.015644000000002 -82.709464999999994 0 0.18841489184265714 -0.98208952164857144 0 
1 60.378677000000003 -84.601730000000003 0 -1 0 0 
1 60.378677000000003 -82.709464999999994 0 0 -1 0 
1 60.378677000000003 -84.601730000000003 0 -0.18841489184265714 0.98208952164857144 0 
1 60.015644000000002 -82.709464999999994 0 1 0 0 
1 59.245559999999998 -84.974898999999994 0 -1 0 0 
1 58.119487999999997 -84.974898999999994 0 0.98117929203960697 0.19309893027320402 0 
1 60.015644000000002 -84.601730000000003 0 -0.89990815688914461 -0.43607947574310651 0 
1 56.581263999999997 -84.974898999999994 0 0.83474981743950893 0.55062940557575257 0 
1 60.015644000000002 -82.709464999999994 0 0 -1 0 
1 60.015644000000002 -84.601730000000003 0 -0.99414860360694568 -0.10802108102754791 0 
1 60.378677000000003 -84.601730000000003 0 0 1 0 
1 60.378677000000003 -82.709464999999994 0 0.59613615006053544 -0.80288336051446652 0 
1 62.408566 -85.443343999999996 0 -0.92374972790919085 0.38299665819390127 0 
1 54.711917999999997 -87.544144000000003 0 0 1 0 
1 54.711917999999997 -85.443343999999996 0 1 0 0 
1 55.504471000000002 -85.443343999999996 0 -0.35297861099644789 -0.93563139118940342 0 
1 57.306556999999998 -87.544144000000003 0 -0.65108297051227426 0.75900656486549112 0 
1 55.504471000000002 -85.443343999999996 0 1 0 0 
1 56.581263999999997 -85.443343999999996 0 0.32634421789193657 -0.94525099917878974 0 
1 54.711917999999997 -87.544144000000003 0 0.35297861099644789 0.93563139118940342 0 
1 55.504471000000002 -85.443343999999996 0 0.65108297051227426 -0.75900656486549112 0 
1 57.306556999999998 -87.544144000000003 0 -1 0 0 
1 57.306556999999998 -85.443343999999996 0 0 -1 0 
1 57.306556999999998 -87.544144000000003 0 -0.32634421789193657 0.94525099917878974 0 
1 56.581263999999997 -85.443343999999996 0 1 0 0 
1 60.015644000000002 -84.601730000000003 0 0 -1 0 
1 60.015644000000002 -84.974898999999994 0 -1 0 0 
1 59.245559999999998 -84.974898999999994 0 0.89990815688914461 0.43607947574310651 0 
1 59.245559999999998 -84.974898999999994 0 0 -1 0 
1 59.245559999999998 -85.443343999999996 0 -1 0 0 
1 58.119487999999997 -85.443343999999996 0 0 1 0 
1 58.119487999999997 -84.974898999999994 0 1 0 0 
1 60.379447999999996 -84.974898999999994 0 0.97437151747458817 -0.22494476196228369 0 
1 62.408566 -85.443343999999996 0 -1 0 0 
1 60.379447999999996 -85.443343999999996 0 0 1 0 
1 62.408566 -85.443343999999996 0 -0.97437151747458817 0.22494476196228369 0 
1 60.379447999999996 -84.974898999999994 0 -0.0020660836093218818 0.9999978656469819 0 
1 60.378677000000003 -84.601730000000003 0 0.92374972790919085 -0.38299665819390127 0 
1 62.408566 -79.663910000000001 0 0 -1 0 
1 62.408566 -85.443343999999996 0 -0.59613615006053544 0.80288336051446652 0 
1 60.378677000000003 -82.709464999999994 0 0.55460921016707343 0.83211094452473999 0 
1 60.015644000000002 -82.122153999999995 0 -0.96758379400900851 0.25255019614154461 0 
1 51.818458999999997 -79.982596999999998 0 1 0 0 
1 55.504471000000002 -79.982596999999998 0 0.90352963565997091 -0.42852560890121866 0 
1 30.347359000000001 -76.592049000000003 0 1 0 0 
1 31.522161000000001 -76.592049000000003 0 -0.68456050008382918 -0.72895604924095225 0 
1 30.347359000000001 -77.843040000000002 0 0 1 0 
Polygon3D 0
PolygonOnTriangulations 0
Surfaces 725
1 -0.86091243201439072 -69.445624288991709 0 -0 -0 -1 -1 0 0 0 1 -0 
1 -0.33334450379246788 -69.318376093556267 0 -0 -0 -1 -1 0 0 0 1 -0 
1 -0.94521087445956486 -69.529485556531455 0 -0 -0 -1 -1 0 0 0 1 -0 
1 -0.73665700000000001 -70.88640599999998 0 -0 -0 -1 -1 0 0 0 1 -0 
1 -0.98321961399001645 -70.215143461474554 0 -0 -0 -1 -1 0 0 0 1 -0 
1 -0.27007150384654866 -70.140647996153447 0 -0 -0 -1 -1 0 0 0 1 -0 
1 -0.92621082789761577 -71.041519691371136 0 -0 -0 -1 -1 0 0 0 1 -0 
1 2.0027260038465484 -70.212088391390225 0 -0 -0 -1 -1 0 0 0 1 -0 
1 1.9420915000000003 -70.886406000000008 0 -0 -0 -1 -1 0 0 0 1 -0 
1 4.6208404999999999 -70.886406000000008 0 -0 -0 -1 -1 0 0 0 1 -0 
1 -0.92548714518400899 -71.597117854815991 0 -0 -0 -1 -1 0 0 0 1 -0 
1 0.82761877928021588 -72.378642279280214 0 -0 -0 -1 -1 0 0 0 1 -0 
1 3.8633263557929638 -71.627527344125596 0 -0 -0 -1 -1 0 0 0 1 -0 
1 1.8758514718336858 -71.553351880406581 0 -0 -0 -1 -1 0 0 0 1 -0 
1 4.3831221723733496 -71.611964672373361 0 -0 -0 -1 -1 0 0 0 1 -0 
1 3.7093685000000001 -71.959263000000007 0 -0 -0 -1 -1 0 0 0 1 -0 
1 3.2866718303818532 -73.069006471794381 0 -0 -0 -1 -1 0 0 0 1 -0 
1 2.7993011461361772 -73.129319646136153 0 -0 -0 -1 -1 0 0 0 1 -0 
1 8.2196993170108428 -69.752208219279396 0 -0 -0 -1 -1 0 0 0 1 -0 
1 7.7687162659005073 -69.225843782733008 0 -0 -0 -1 -1 0 0 0 1 -0 
1 7.3426378581284526 -70.275913260015329 0 -0 -0 -1 -1 0 0 0 1 -0 
1 5.2617329998597659 -70.136223499859781 0 -0 -0 -1 -1 0 0 0 1 -0 
1 5.8276107134619775 -71.221604732561218 0 -0 -0 -1 -1 0 0 0 1 -0 
1 7.3469641666230583 -70.715116740130924 0 -0 -0 -1 -1 0 0 0 1 -0 
1 8.8255646655455351 -71.224279017256904 0 -0 -0 -1 -1 0 0 0 1 -0 
1 7.9779741420117842 -70.129060357988223 0 -0 -0 -1 -1 0 0 0 1 -0 
1 10.143106966072748 -69.598315966072761 0 -0 -0 -1 -1 0 0 0 1 -0 
1 12.514997461613911 -69.758808077045742 0 -0 -0 -1 -1 0 0 0 1 -0 
1 11.434648683357754 -71.229627290970015 0 -0 -0 -1 -1 0 0 0 1 -0 
1 10.078761000000002 -70.886405999999994 0 -0 -0 -1 -1 0 0 0 1 -0 
1 11.643510265336875 -71.616262943693073 0 -0 -0 -1 -1 0 0 0 1 -0 
1 12.747435000000001 -70.201282499999991 0 -0 -0 -1 -1 0 0 0 1 -0 
1 8.1301205658166165 -68.788084934183374 0 -0 -0 -1 -1 0 0 0 1 -0 
1 5.401934270515854 -71.638567729484151 0 -0 -0 -1 -1 0 0 0 1 -0 
1 6.032525419633231 -71.604823903136477 0 -0 -0 -1 -1 0 0 0 1 -0 
1 6.7341890000000006 -71.959263000000007 0 -0 -0 -1 -1 0 0 0 1 -0 
1 5.6939438664525444 -73.103091866452544 0 -0 -0 -1 -1 0 0 0 1 -0 
1 10.263095532495553 -71.595085967504446 0 -0 -0 -1 -1 0 0 0 1 -0 
1 10.851825 -71.959262999999993 0 -0 -0 -1 -1 0 0 0 1 -0 
1 10.752273194329879 -71.632272003255835 0 -0 -0 -1 -1 0 0 0 1 -0 
1 8.6857543585321846 -71.642266358532183 0 -0 -0 -1 -1 0 0 0 1 -0 
1 6.2590025439106318 -73.048725010365374 0 -0 -0 -1 -1 0 0 0 1 -0 
1 4.99016060684633 -73.032600393153672 0 -0 -0 -1 -1 0 0 0 1 -0 
1 -0.77775749999999999 -73.403461500000006 0 -0 -0 -1 -1 0 0 0 1 -0 
1 0.81039536057452255 -74.31618128949242 0 -0 -0 -1 -1 0 0 0 1 -0 
1 -0.67888200935098908 -75.28135850935098 0 -0 -0 -1 -1 0 0 0 1 -0 
1 0.7522197773723025 -73.77758495015371 0 -0 -0 -1 -1 0 0 0 1 -0 
1 1.3469940808936998 -73.117720292436971 0 -0 -0 -1 -1 0 0 0 1 -0 
1 5.4227940000000006 -74.755931500000003 0 -0 -0 -1 -1 0 0 0 1 -0 
1 4.1857008572059495 -74.569004331859702 0 -0 -0 -1 -1 0 0 0 1 -0 
1 3.9179064751094983 -74.752701291397415 0 -0 -0 -1 -1 0 0 0 1 -0 
1 2.4170280217918578 -74.792280808119997 0 -0 -0 -1 -1 0 0 0 1 -0 
1 4.0417540430836443 -73.616186912848306 0 -0 -0 -1 -1 0 0 0 1 -0 
1 2.4541992205385705 -75.01686707076243 0 -0 -0 -1 -1 0 0 0 1 -0 
1 2.0962089030858397 -75.404903176328872 0 -0 -0 -1 -1 0 0 0 1 -0 
1 -0.87663299064901101 -75.479109490649009 0 -0 -0 -1 -1 0 0 0 1 -0 
1 2.4169643513119947 -75.949789687279406 0 -0 -0 -1 -1 0 0 0 1 -0 
1 3.7402988122832403 -76.03734305970643 0 -0 -0 -1 -1 0 0 0 1 -0 
1 3.9893566855540112 -76.11753321304657 0 -0 -0 -1 -1 0 0 0 1 -0 
1 0.51184248359448636 -76.717219563431598 0 -0 -0 -1 -1 0 0 0 1 -0 
1 4.8752318318505576 -75.950289365054445 0 -0 -0 -1 -1 0 0 0 1 -0 
1 5.6451729862170348 -75.461939013782981 0 -0 -0 -1 -1 0 0 0 1 -0 
1 5.9561965587617589 -75.946577058761761 0 -0 -0 -1 -1 0 0 0 1 -0 
1 4.9192084005275554 -76.517657900527553 0 -0 -0 -1 -1 0 0 0 1 -0 
1 5.0743458926680001 -76.206438299654991 0 -0 -0 -1 -1 0 0 0 1 -0 
1 6.8847685733417681 -75.248655926658245 0 -0 -0 -1 -1 0 0 0 1 -0 
1 6.6991594821191143 -74.966062351086919 0 -0 -0 -1 -1 0 0 0 1 -0 
1 9.5585256412250263 -73.276893359623585 0 -0 -0 -1 -1 0 0 0 1 -0 
1 9.814926167198351 -73.085628566296208 0 -0 -0 -1 -1 0 0 0 1 -0 
1 9.9729240954745801 -74.432502442550813 0 -0 -0 -1 -1 0 0 0 1 -0 
1 9.5596501866175174 -74.934416055741224 0 -0 -0 -1 -1 0 0 0 1 -0 
1 10.149054591662045 -73.408162796765879 0 -0 -0 -1 -1 0 0 0 1 -0 
1 7.674146415595053 -73.822867677626192 0 -0 -0 -1 -1 0 0 0 1 -0 
1 10.673109059950059 -73.055430080280473 0 -0 -0 -1 -1 0 0 0 1 -0 
1 10.05002090452542 -74.355384557449185 0 -0 -0 -1 -1 0 0 0 1 -0 
1 11.785678780025359 -74.694423219974638 0 -0 -0 -1 -1 0 0 0 1 -0 
1 11.509260596569826 -73.596276049756199 0 -0 -0 -1 -1 0 0 0 1 -0 
1 10.170441679042918 -74.838395375920328 0 -0 -0 -1 -1 0 0 0 1 -0 
1 10.463428885229478 -74.934308614770529 0 -0 -0 -1 -1 0 0 0 1 -0 
1 6.8640098889205365 -75.460634888920538 0 -0 -0 -1 -1 0 0 0 1 -0 
1 8.0539799368327127 -76.577556436832722 0 -0 -0 -1 -1 0 0 0 1 -0 
1 6.7215569293266979 -76.192661444968422 0 -0 -0 -1 -1 0 0 0 1 -0 
1 6.0426794412382421 -76.03305994123825 0 -0 -0 -1 -1 0 0 0 1 -0 
1 7.0786397763308395 -75.83316807374166 0 -0 -0 -1 -1 0 0 0 1 -0 
1 6.8644869076306163 -76.517510592369391 0 -0 -0 -1 -1 0 0 0 1 -0 
1 9.015717505459838 -75.038112496083684 0 -0 -0 -1 -1 0 0 0 1 -0 
1 9.9035869096769318 -75.101403022510027 0 -0 -0 -1 -1 0 0 0 1 -0 
1 10.531995974908272 -75.992610369043803 0 -0 -0 -1 -1 0 0 0 1 -0 
1 11.820726742558083 -75.626083999504004 0 -0 -0 -1 -1 0 0 0 1 -0 
1 10.234739495385654 -76.405134637511892 0 -0 -0 -1 -1 0 0 0 1 -0 
1 12.632695567752162 -75.585540567752162 0 -0 -0 -1 -1 0 0 0 1 -0 
1 8.7613517091451421 -76.565275228384621 0 -0 -0 -1 -1 0 0 0 1 -0 
1 11.432661892995753 -75.105600104646911 0 -0 -0 -1 -1 0 0 0 1 -0 
1 11.590005269855427 -76.061780407956263 0 -0 -0 -1 -1 0 0 0 1 -0 
1 7.2805373966437932 -73.015781176703655 0 -0 -0 -1 -1 0 0 0 1 -0 
1 15.480286774960023 -69.589774274960021 0 -0 -0 -1 -1 0 0 0 1 -0 
1 12.751614790454175 -70.047091290454176 0 -0 -0 -1 -1 0 0 0 1 -0 
1 15.416109000000002 -70.886406000000008 0 -0 -0 -1 -1 0 0 0 1 -0 
1 12.767245895005967 -70.71626487087569 0 -0 -0 -1 -1 0 0 0 1 -0 
1 20.373720904363509 -69.5897740956365 0 -0 -0 -1 -1 0 0 0 1 -0 
1 17.927003500000001 -70.201282499999991 0 -0 -0 -1 -1 0 0 0 1 -0 
1 17.942421256840056 -70.719119746341846 0 -0 -0 -1 -1 0 0 0 1 -0 
1 15.570328250622561 -70.882252250622571 0 -0 -0 -1 -1 0 0 0 1 -0 
1 14.180852222272401 -71.625208031553512 0 -0 -0 -1 -1 0 0 0 1 -0 
1 14.36804438993661 -71.210966610301796 0 -0 -0 -1 -1 0 0 0 1 -0 
1 15.027421571227515 -71.628602071227519 0 -0 -0 -1 -1 0 0 0 1 -0 
1 16.328382612288305 -71.639815887711691 0 -0 -0 -1 -1 0 0 0 1 -0 
1 13.770345949541511 -71.85816244954151 0 -0 -0 -1 -1 0 0 0 1 -0 
1 16.856361752422082 -71.598116668131638 0 -0 -0 -1 -1 0 0 0 1 -0 
1 16.653663806070792 -71.223548627375209 0 -0 -0 -1 -1 0 0 0 1 -0 
1 20.437898499999999 -70.886405999999994 0 -0 -0 -1 -1 0 0 0 1 -0 
1 19.413198198921318 -71.209212244020677 0 -0 -0 -1 -1 0 0 0 1 -0 
1 18.676939000000001 -71.959262999999993 0 -0 -0 -1 -1 0 0 0 1 -0 
1 19.224572354653784 -71.607907443737034 0 -0 -0 -1 -1 0 0 0 1 -0 
1 19.810026425695888 -71.636359925695885 0 -0 -0 -1 -1 0 0 0 1 -0 
1 20.283679495466107 -70.882252004533882 0 -0 -0 -1 -1 0 0 0 1 -0 
1 16.396664999999999 -71.959262999999993 0 -0 -0 -1 -1 0 0 0 1 -0 
1 13.062275092539902 -69.290159390346815 0 -0 -0 -1 -1 0 0 0 1 -0 
1 22.929523222412868 -70.04709077758713 0 -0 -0 -1 -1 0 0 0 1 -0 
1 26.653898231087386 -69.560383825430264 0 -0 -0 -1 -1 0 0 0 1 -0 
1 22.933702499999999 -70.201282499999991 0 -0 -0 -1 -1 0 0 0 1 -0 
1 22.954321128101274 -70.719205048840749 0 -0 -0 -1 -1 0 0 0 1 -0 
1 22.619143311523739 -69.753211539612025 0 -0 -0 -1 -1 0 0 0 1 -0 
1 27.931722095636495 -69.5897740956365 0 -0 -0 -1 -1 0 0 0 1 -0 
1 26.652695853099193 -70.047081853099201 0 -0 -0 -1 -1 0 0 0 1 -0 
1 26.648525499999998 -70.201282500000005 0 -0 -0 -1 -1 0 0 0 1 -0 
1 31.034542000000002 -70.201282499999991 0 -0 -0 -1 -1 0 0 0 1 -0 
1 26.937671947188949 -69.71853360467945 0 -0 -0 -1 -1 0 0 0 1 -0 
1 24.173436682900775 -69.280156800889671 0 -0 -0 -1 -1 0 0 0 1 -0 
1 25.429506500000002 -70.886405999999994 0 -0 -0 -1 -1 0 0 0 1 -0 
1 20.708945273407267 -71.617841726592729 0 -0 -0 -1 -1 0 0 0 1 -0 
1 24.451678841330232 -71.205351686710202 0 -0 -0 -1 -1 0 0 0 1 -0 
1 21.699456153960263 -71.224742637498707 0 -0 -0 -1 -1 0 0 0 1 -0 
1 22.079617461519696 -71.959584462168934 0 -0 -0 -1 -1 0 0 0 1 -0 
1 21.885908395282375 -71.635451325115753 0 -0 -0 -1 -1 0 0 0 1 -0 
1 24.25883061970908 -71.596111511098798 0 -0 -0 -1 -1 0 0 0 1 -0 
1 24.615213294989346 -71.624249366750121 0 -0 -0 -1 -1 0 0 0 1 -0 
1 27.867544500000001 -70.886405999999994 0 -0 -0 -1 -1 0 0 0 1 -0 
1 28.021763250622563 -70.882252250622557 0 -0 -0 -1 -1 0 0 0 1 -0 
1 26.648525500000002 -70.886406000000008 0 -0 -0 -1 -1 0 0 0 1 -0 
1 26.63213559424673 -71.541727676756707 0 -0 -0 -1 -1 0 0 0 1 -0 
1 29.508216111644519 -71.630084447494639 0 -0 -0 -1 -1 0 0 0 1 -0 
1 29.308407476329059 -71.233749687448778 0 -0 -0 -1 -1 0 0 0 1 -0 
1 13.974484242709194 -72.062404757933123 0 -0 -0 -1 -1 0 0 0 1 -0 
1 14.923626699057145 -73.079366149967697 0 -0 -0 -1 -1 0 0 0 1 -0 
1 14.093775547333797 -73.123683193394399 0 -0 -0 -1 -1 0 0 0 1 -0 
1 19.178187107129624 -73.915465427224277 0 -0 -0 -1 -1 0 0 0 1 -0 
1 13.485908040889967 -72.997120986029458 0 -0 -0 -1 -1 0 0 0 1 -0 
1 15.168576821348708 -73.21530076289163 0 -0 -0 -1 -1 0 0 0 1 -0 
1 19.445689028397787 -73.242832379164881 0 -0 -0 -1 -1 0 0 0 1 -0 
1 21.975016025360944 -73.087567559564235 0 -0 -0 -1 -1 0 0 0 1 -0 
1 21.581564951534411 -73.602303017904632 0 -0 -0 -1 -1 0 0 0 1 -0 
1 19.225289254647592 -73.376449086433396 0 -0 -0 -1 -1 0 0 0 1 -0 
1 22.384557645077333 -72.822623565072675 0 -0 -0 -1 -1 0 0 0 1 -0 
1 19.075080765718404 -75.881982124219121 0 -0 -0 -1 -1 0 0 0 1 -0 
1 20.254463259103421 -75.254098226869701 0 -0 -0 -1 -1 0 0 0 1 -0 
1 12.696904432247836 -75.649749432247845 0 -0 -0 -1 -1 0 0 0 1 -0 
1 14.989529151318582 -75.593175302217858 0 -0 -0 -1 -1 0 0 0 1 -0 
1 14.40520268053838 -76.052406019032944 0 -0 -0 -1 -1 0 0 0 1 -0 
1 20.165997068519587 -75.653182568519597 0 -0 -0 -1 -1 0 0 0 1 -0 
1 15.887133227689368 -74.374004792228689 0 -0 -0 -1 -1 0 0 0 1 -0 
1 22.770361862316562 -75.014565235678134 0 -0 -0 -1 -1 0 0 0 1 -0 
1 20.592528025264027 -75.100930994809275 0 -0 -0 -1 -1 0 0 0 1 -0 
1 22.402405983125568 -76.066044244641731 0 -0 -0 -1 -1 0 0 0 1 -0 
1 22.983441588947343 -74.594559531243021 0 -0 -0 -1 -1 0 0 0 1 -0 
1 20.11304505230823 -73.172844239487688 0 -0 -0 -1 -1 0 0 0 1 -0 
1 20.764567863723073 -76.166736847846238 0 -0 -0 -1 -1 0 0 0 1 -0 
1 12.378811211158734 -72.968816843458569 0 -0 -0 -1 -1 0 0 0 1 -0 
1 25.148994239299149 -71.619163239299155 0 -0 -0 -1 -1 0 0 0 1 -0 
1 24.305103180389299 -73.065792553444439 0 -0 -0 -1 -1 0 0 0 1 -0 
1 24.417832500000003 -71.959263000000007 0 -0 -0 -1 -1 0 0 0 1 -0 
1 23.553112015533795 -73.014472515533797 0 -0 -0 -1 -1 0 0 0 1 -0 
1 25.672212091787824 -71.612992908212178 0 -0 -0 -1 -1 0 0 0 1 -0 
1 28.273221103439543 -71.629523396560444 0 -0 -0 -1 -1 0 0 0 1 -0 
1 27.464578313965454 -71.629382813965464 0 -0 -0 -1 -1 0 0 0 1 -0 
1 26.471875000000001 -72.038288499999993 0 -0 -0 -1 -1 0 0 0 1 -0 
1 25.775914830986121 -73.399920830986105 0 -0 -0 -1 -1 0 0 0 1 -0 
1 24.032521581420283 -72.94720542984588 0 -0 -0 -1 -1 0 0 0 1 -0 
1 26.185764915912273 -75.777629459926246 0 -0 -0 -1 -1 0 0 0 1 -0 
1 23.118308275231485 -75.592735462281865 0 -0 -0 -1 -1 0 0 0 1 -0 
1 24.673161232381847 -73.664085555093848 0 -0 -0 -1 -1 0 0 0 1 -0 
1 26.557804284922096 -73.496774576842398 0 -0 -0 -1 -1 0 0 0 1 -0 
1 24.254427290136825 -74.473718625944812 0 -0 -0 -1 -1 0 0 0 1 -0 
1 28.205194124375531 -74.254749124375536 0 -0 -0 -1 -1 0 0 0 1 -0 
1 27.389847884091772 -73.331879115908237 0 -0 -0 -1 -1 0 0 0 1 -0 
1 22.475221184695108 -76.267925383014898 0 -0 -0 -1 -1 0 0 0 1 -0 
1 29.518499037692358 -74.381842088709305 0 -0 -0 -1 -1 0 0 0 1 -0 
1 29.835163000000001 -71.959262999999993 0 -0 -0 -1 -1 0 0 0 1 -0 
1 -1.8791208000437418 -76.979112800043737 0 -0 -0 -1 -1 0 0 0 1 -0 
1 -0.77775749999999999 -78.063525999999982 0 -0 -0 -1 -1 0 0 0 1 -0 
1 -1.8629321237815091 -77.541812403043082 0 -0 -0 -1 -1 0 0 0 1 -0 
1 0.58091349489753086 -77.811605736530836 0 -0 -0 -1 -1 0 0 0 1 -0 
1 -1.8587501783618023 -78.300236666799606 0 -0 -0 -1 -1 0 0 0 1 -0 
1 0.97434148981849023 -77.230547756976861 0 -0 -0 -1 -1 0 0 0 1 -0 
1 4.9133175355002852 -77.455604525076424 0 -0 -0 -1 -1 0 0 0 1 -0 
1 3.0691749072815653 -76.842331994836073 0 -0 -0 -1 -1 0 0 0 1 -0 
1 4.611780281902857 -78.204878630701927 0 -0 -0 -1 -1 0 0 0 1 -0 
1 5.8043680382513791 -78.714423402675934 0 -0 -0 -1 -1 0 0 0 1 -0 
1 3.5052881395787634 -77.982898233492918 0 -0 -0 -1 -1 0 0 0 1 -0 
1 5.2328417953200663 -77.175403302629974 0 -0 -0 -1 -1 0 0 0 1 -0 
1 0.99954516896876422 -77.977357926584503 0 -0 -0 -1 -1 0 0 0 1 -0 
1 1.3860001710007883 -78.533780059432544 0 -0 -0 -1 -1 0 0 0 1 -0 
1 0.99980852980934098 -79.111310563440057 0 -0 -0 -1 -1 0 0 0 1 -0 
1 2.9719166184529144 -78.746691554153301 0 -0 -0 -1 -1 0 0 0 1 -0 
1 3.1228336024269243 -79.687746054233031 0 -0 -0 -1 -1 0 0 0 1 -0 
1 4.0403847855409945 -80.642927554828049 0 -0 -0 -1 -1 0 0 0 1 -0 
1 3.2832890271462256 -79.849233027146227 0 -0 -0 -1 -1 0 0 0 1 -0 
1 4.2543154867174815 -80.189720408195058 0 -0 -0 -1 -1 0 0 0 1 -0 
1 0.51743967628864096 -79.403077628059052 0 -0 -0 -1 -1 0 0 0 1 -0 
1 3.2183409205374165 -78.522445134481146 0 -0 -0 -1 -1 0 0 0 1 -0 
1 5.3422014999999998 -79.77055 0 -0 -0 -1 -1 0 0 0 1 -0 
1 5.4927170099145357 -80.147805434720951 0 -0 -0 -1 -1 0 0 0 1 -0 
1 4.9583214577356953 -78.949690358048343 0 -0 -0 -1 -1 0 0 0 1 -0 
1 5.4065817512874501 -79.001231308989901 0 -0 -0 -1 -1 0 0 0 1 -0 
1 4.9178921071755086 -80.176254927884699 0 -0 -0 -1 -1 0 0 0 1 -0 
1 0.87976562547632542 -79.882779383235246 0 -0 -0 -1 -1 0 0 0 1 -0 
1 8.4951014374720994 -76.899055645945595 0 -0 -0 -1 -1 0 0 0 1 -0 
1 10.158385455766673 -78.192926022798019 0 -0 -0 -1 -1 0 0 0 1 -0 
1 10.549516182620517 -77.347812317379493 0 -0 -0 -1 -1 0 0 0 1 -0 
1 10.555969116444899 -76.874845616444901 0 -0 -0 -1 -1 0 0 0 1 -0 
1 12.114973720790397 -77.791494279209601 0 -0 -0 -1 -1 0 0 0 1 -0 
1 6.5153288177973998 -79.069596432919951 0 -0 -0 -1 -1 0 0 0 1 -0 
1 7.0322576523692293 -78.655951401844348 0 -0 -0 -1 -1 0 0 0 1 -0 
1 8.2999722110844818 -78.777496711084481 0 -0 -0 -1 -1 0 0 0 1 -0 
1 6.0276013084877942 -78.778054828911792 0 -0 -0 -1 -1 0 0 0 1 -0 
1 11.016205763018661 -78.584357325252029 0 -0 -0 -1 -1 0 0 0 1 -0 
1 11.165645289311154 -79.412785289311131 0 -0 -0 -1 -1 0 0 0 1 -0 
1 11.248807040508936 -79.029049711801648 0 -0 -0 -1 -1 0 0 0 1 -0 
1 11.209837164387242 -80.044423335612763 0 -0 -0 -1 -1 0 0 0 1 -0 
1 5.920598659100035 -77.489151659100031 0 -0 -0 -1 -1 0 0 0 1 -0 
1 12.105520704951909 -76.432561704951908 0 -0 -0 -1 -1 0 0 0 1 -0 
1 5.8997989350297395 -80.212078064970257 0 -0 -0 -1 -1 0 0 0 1 -0 
1 -1.7567024368380844 -81.504947377657984 0 -0 -0 -1 -1 0 0 0 1 -0 
1 -2.4928198889725719 -79.695020633431355 0 -0 -0 -1 -1 0 0 0 1 -0 
1 -0.88238475342721179 -81.104398253427206 0 -0 -0 -1 -1 0 0 0 1 -0 
1 -1.8963530098150281 -82.412777490184965 0 -0 -0 -1 -1 0 0 0 1 -0 
1 -0.77775749999999999 -83.844791499999999 0 -0 -0 -1 -1 0 0 0 1 -0 
1 0.46445740656767737 -80.646730676471975 0 -0 -0 -1 -1 0 0 0 1 -0 
1 4.4314558927976728 -80.525297018086363 0 -0 -0 -1 -1 0 0 0 1 -0 
1 2.4069146567462179 -82.085782525087552 0 -0 -0 -1 -1 0 0 0 1 -0 
1 1.0187091725794544 -84.328561781833457 0 -0 -0 -1 -1 0 0 0 1 -0 
1 -0.48883333543147595 -84.719421335431477 0 -0 -0 -1 -1 0 0 0 1 -0 
1 2.6814659757247652 -84.251023600205301 0 -0 -0 -1 -1 0 0 0 1 -0 
1 -0.6731302465727883 -80.895143746572785 0 -0 -0 -1 -1 0 0 0 1 -0 
1 0.43804724634278897 -84.801467563129094 0 -0 -0 -1 -1 0 0 0 1 -0 
1 0.61615249999999977 -85.209121499999981 0 -0 -0 -1 -1 0 0 0 1 -0 
1 0.087808198538757626 -86.220051193181064 0 -0 -0 -1 -1 0 0 0 1 -0 
1 -0.82720493206392132 -86.35514856793607 0 -0 -0 -1 -1 0 0 0 1 -0 
1 0.96946655177397822 -86.906577468050742 0 -0 -0 -1 -1 0 0 0 1 -0 
1 1.7726623021842156 -84.230328112214963 0 -0 -0 -1 -1 0 0 0 1 -0 
1 3.5761630000000002 -85.209121499999981 0 -0 -0 -1 -1 0 0 0 1 -0 
1 2.3470376817511847 -86.287307818248806 0 -0 -0 -1 -1 0 0 0 1 -0 
1 1.2351216880804647 -84.739348640236088 0 -0 -0 -1 -1 0 0 0 1 -0 
1 2.6331974339753521 -81.221841121667865 0 -0 -0 -1 -1 0 0 0 1 -0 
1 6.030087 -80.972977 0 -0 -0 -1 -1 0 0 0 1 -0 
1 7.6614512125517296 -81.114255071254519 0 -0 -0 -1 -1 0 0 0 1 -0 
1 6.5682410685970058 -82.957789411820272 0 -0 -0 -1 -1 0 0 0 1 -0 
1 6.7198797066057727 -81.15430173040491 0 -0 -0 -1 -1 0 0 0 1 -0 
1 6.9291836938166433 -81.497721935785606 0 -0 -0 -1 -1 0 0 0 1 -0 
1 6.8425540190317031 -80.12339851903171 0 -0 -0 -1 -1 0 0 0 1 -0 
1 8.8533291030837944 -79.795064266419146 0 -0 -0 -1 -1 0 0 0 1 -0 
1 11.246807988454007 -80.48816340818999 0 -0 -0 -1 -1 0 0 0 1 -0 
1 12.632675590607169 -80.931106090607159 0 -0 -0 -1 -1 0 0 0 1 -0 
1 10.472550113435522 -82.231678803938777 0 -0 -0 -1 -1 0 0 0 1 -0 
1 3.3803962523584521 -83.232207801957983 0 -0 -0 -1 -1 0 0 0 1 -0 
1 8.3823022747691969 -83.374012304131213 0 -0 -0 -1 -1 0 0 0 1 -0 
1 7.7590529897525817 -80.72708457032347 0 -0 -0 -1 -1 0 0 0 1 -0 
1 12.028081051852721 -83.475894977675523 0 -0 -0 -1 -1 0 0 0 1 -0 
1 6.8925035297624166 -83.350385742226337 0 -0 -0 -1 -1 0 0 0 1 -0 
1 7.1424341750552127 -83.565225833442227 0 -0 -0 -1 -1 0 0 0 1 -0 
1 6.7879535000000013 -85.209121499999981 0 -0 -0 -1 -1 0 0 0 1 -0 
1 11.641643499999999 -85.209121499999995 0 -0 -0 -1 -1 0 0 0 1 -0 
1 10.699568586100693 -86.420738086100698 0 -0 -0 -1 -1 0 0 0 1 -0 
1 11.278772684823481 -86.255563132002692 0 -0 -0 -1 -1 0 0 0 1 -0 
1 11.789261181408264 -86.380910717767904 0 -0 -0 -1 -1 0 0 0 1 -0 
1 11.221844039914414 -83.440378404821843 0 -0 -0 -1 -1 0 0 0 1 -0 
1 12.532529860491353 -83.250438860491357 0 -0 -0 -1 -1 0 0 0 1 -0 
1 14.810290026416205 -76.651259296290007 0 -0 -0 -1 -1 0 0 0 1 -0 
1 20.842760053685534 -76.676352242775565 0 -0 -0 -1 -1 0 0 0 1 -0 
1 15.161429000431086 -75.967995550494905 0 -0 -0 -1 -1 0 0 0 1 -0 
1 20.398498061776653 -77.762600924895551 0 -0 -0 -1 -1 0 0 0 1 -0 
1 17.073131003043244 -78.562334361280435 0 -0 -0 -1 -1 0 0 0 1 -0 
1 23.446800246381923 -76.728768916977288 0 -0 -0 -1 -1 0 0 0 1 -0 
1 23.574198399060045 -76.5856626340194 0 -0 -0 -1 -1 0 0 0 1 -0 
1 23.680065868310358 -77.04808514575906 0 -0 -0 -1 -1 0 0 0 1 -0 
1 23.387133808294951 -77.369063164696939 0 -0 -0 -1 -1 0 0 0 1 -0 
1 22.925492217301613 -77.97679664536517 0 -0 -0 -1 -1 0 0 0 1 -0 
1 18.368958939325701 -78.611357987520961 0 -0 -0 -1 -1 0 0 0 1 -0 
1 24.365261000000004 -77.120551999999989 0 -0 -0 -1 -1 0 0 0 1 -0 
1 21.695549499789749 -76.339029298623643 0 -0 -0 -1 -1 0 0 0 1 -0 
1 21.985049863019825 -78.693511878504836 0 -0 -0 -1 -1 0 0 0 1 -0 
1 12.664800000000001 -78.648883999999995 0 -0 -0 -1 -1 0 0 0 1 -0 
1 14.474676362020009 -79.052632267893003 0 -0 -0 -1 -1 0 0 0 1 -0 
1 14.740619263567634 -79.413424894249587 0 -0 -0 -1 -1 0 0 0 1 -0 
1 15.009600205774353 -78.44956371881554 0 -0 -0 -1 -1 0 0 0 1 -0 
1 14.370554281835293 -79.829422969673161 0 -0 -0 -1 -1 0 0 0 1 -0 
1 18.849137727498164 -82.333011962329905 0 -0 -0 -1 -1 0 0 0 1 -0 
1 20.301134102144772 -81.401673397855248 0 -0 -0 -1 -1 0 0 0 1 -0 
1 15.162540641261053 -80.560971289980841 0 -0 -0 -1 -1 0 0 0 1 -0 
1 22.188443800314612 -79.318363489496534 0 -0 -0 -1 -1 0 0 0 1 -0 
1 14.194438734317444 -77.307366461561244 0 -0 -0 -1 -1 0 0 0 1 -0 
1 25.400140781919557 -76.647429281919557 0 -0 -0 -1 -1 0 0 0 1 -0 
1 25.24695237275284 -76.928169071550357 0 -0 -0 -1 -1 0 0 0 1 -0 
1 25.395236051422579 -77.608757448577407 0 -0 -0 -1 -1 0 0 0 1 -0 
1 25.604372860521323 -77.288518697952654 0 -0 -0 -1 -1 0 0 0 1 -0 
1 23.695953545584405 -77.897812423794534 0 -0 -0 -1 -1 0 0 0 1 -0 
1 29.315732335090015 -77.082606164910004 0 -0 -0 -1 -1 0 0 0 1 -0 
1 28.748470249694883 -77.962482158099306 0 -0 -0 -1 -1 0 0 0 1 -0 
1 25.922193940498779 -77.991449940498782 0 -0 -0 -1 -1 0 0 0 1 -0 
1 30.674651675255109 -78.276775188582278 0 -0 -0 -1 -1 0 0 0 1 -0 
1 29.28124319858728 -78.694422860966071 0 -0 -0 -1 -1 0 0 0 1 -0 
1 24.365261 -78.989936999999998 0 -0 -0 -1 -1 0 0 0 1 -0 
1 23.790247824647736 -79.241010894822779 0 -0 -0 -1 -1 0 0 0 1 -0 
1 23.75189757409634 -79.653044592459807 0 -0 -0 -1 -1 0 0 0 1 -0 
1 26.078338689468314 -79.470310310531687 0 -0 -0 -1 -1 0 0 0 1 -0 
1 26.436455972664863 -78.610884047729783 0 -0 -0 -1 -1 0 0 0 1 -0 
1 29.206071315259425 -79.13184581525941 0 -0 -0 -1 -1 0 0 0 1 -0 
1 25.923874046824189 -79.211787701239757 0 -0 -0 -1 -1 0 0 0 1 -0 
1 29.813398495491047 -79.552649846112416 0 -0 -0 -1 -1 0 0 0 1 -0 
1 23.612027551837997 -79.818184485092772 0 -0 -0 -1 -1 0 0 0 1 -0 
1 20.801957867222882 -76.362406318407963 0 -0 -0 -1 -1 0 0 0 1 -0 
1 12.69692440939283 -80.995354909392816 0 -0 -0 -1 -1 0 0 0 1 -0 
1 14.0208435 -85.209121499999981 0 -0 -0 -1 -1 0 0 0 1 -0 
1 13.534651397205684 -83.541759087592339 0 -0 -0 -1 -1 0 0 0 1 -0 
1 15.943784409659386 -82.145880791440774 0 -0 -0 -1 -1 0 0 0 1 -0 
1 14.475338735216832 -80.474980745728686 0 -0 -0 -1 -1 0 0 0 1 -0 
1 12.822262793193012 -83.271867706806987 0 -0 -0 -1 -1 0 0 0 1 -0 
1 19.351376463034125 -84.228552937610644 0 -0 -0 -1 -1 0 0 0 1 -0 
1 21.452016867439855 -81.157835367439873 0 -0 -0 -1 -1 0 0 0 1 -0 
1 20.586245362225824 -83.668902771188115 0 -0 -0 -1 -1 0 0 0 1 -0 
1 14.957527619269404 -83.357484477090793 0 -0 -0 -1 -1 0 0 0 1 -0 
1 14.359296224897312 -83.405001535439013 0 -0 -0 -1 -1 0 0 0 1 -0 
1 22.539054217993193 -83.56496542587891 0 -0 -0 -1 -1 0 0 0 1 -0 
1 19.301967962650888 -82.616122753659667 0 -0 -0 -1 -1 0 0 0 1 -0 
1 15.162074771586077 -83.236676458787926 0 -0 -0 -1 -1 0 0 0 1 -0 
1 14.428578380365964 -86.212305968704186 0 -0 -0 -1 -1 0 0 0 1 -0 
1 15.216592693051199 -86.416564306948814 0 -0 -0 -1 -1 0 0 0 1 -0 
1 12.974831974250398 -86.942122265369264 0 -0 -0 -1 -1 0 0 0 1 -0 
1 16.769124373066543 -85.209769235008025 0 -0 -0 -1 -1 0 0 0 1 -0 
1 19.230463389887724 -84.648504766296298 0 -0 -0 -1 -1 0 0 0 1 -0 
1 19.855556455970632 -85.302055544029358 0 -0 -0 -1 -1 0 0 0 1 -0 
1 20.135564006441324 -84.813569020258853 0 -0 -0 -1 -1 0 0 0 1 -0 
1 22.81635057378767 -82.192806915726123 0 -0 -0 -1 -1 0 0 0 1 -0 
1 24.642399091411271 -81.535202908588715 0 -0 -0 -1 -1 0 0 0 1 -0 
1 22.951788054558552 -84.141229875110326 0 -0 -0 -1 -1 0 0 0 1 -0 
1 21.178578008503173 -84.683442491496834 0 -0 -0 -1 -1 0 0 0 1 -0 
1 22.477627835305434 -84.6656697405664 0 -0 -0 -1 -1 0 0 0 1 -0 
1 23.175257000000002 -85.209121499999995 0 -0 -0 -1 -1 0 0 0 1 -0 
1 24.749040466826848 -84.352933087111111 0 -0 -0 -1 -1 0 0 0 1 -0 
1 24.124360819728754 -81.402784097452852 0 -0 -0 -1 -1 0 0 0 1 -0 
1 25.413937951307869 -84.390254877057416 0 -0 -0 -1 -1 0 0 0 1 -0 
1 25.901555878231015 -81.259627378231016 0 -0 -0 -1 -1 0 0 0 1 -0 
1 24.977453228717042 -84.16524211659555 0 -0 -0 -1 -1 0 0 0 1 -0 
1 26.268909527572806 -84.383983555560917 0 -0 -0 -1 -1 0 0 0 1 -0 
1 26.905324649877226 -82.644904765216523 0 -0 -0 -1 -1 0 0 0 1 -0 
1 30.313493564455641 -82.739435125185437 0 -0 -0 -1 -1 0 0 0 1 -0 
1 25.653332999999996 -85.209121499999981 0 -0 -0 -1 -1 0 0 0 1 -0 
1 21.718871297770381 -86.40927129777036 0 -0 -0 -1 -1 0 0 0 1 -0 
1 22.727365069526563 -86.180626533977872 0 -0 -0 -1 -1 0 0 0 1 -0 
1 25.625045662501261 -86.376381694872038 0 -0 -0 -1 -1 0 0 0 1 -0 
1 24.215185361038539 -86.952323770581287 0 -0 -0 -1 -1 0 0 0 1 -0 
1 26.086998435300643 -86.299635611903142 0 -0 -0 -1 -1 0 0 0 1 -0 
1 29.861627702391008 -82.527838931626064 0 -0 -0 -1 -1 0 0 0 1 -0 
1 29.384269499999995 -85.209121499999995 0 -0 -0 -1 -1 0 0 0 1 -0 
1 26.613179679043046 -86.370812754720575 0 -0 -0 -1 -1 0 0 0 1 -0 
1 29.419128352412368 -86.657936236053175 0 -0 -0 -1 -1 0 0 0 1 -0 
1 28.115689202245889 -86.354890202245898 0 -0 -0 -1 -1 0 0 0 1 -0 
1 34.137363187070697 -69.589774812929306 0 -0 -0 -1 -1 0 0 0 1 -0 
1 34.047320749377448 -70.882252250622557 0 -0 -0 -1 -1 0 0 0 1 -0 
1 34.201541500000005 -70.886406000000008 0 -0 -0 -1 -1 0 0 0 1 -0 
1 33.00733825072048 -71.220985059337934 0 -0 -0 -1 -1 0 0 0 1 -0 
1 31.048225125330863 -70.740294313205354 0 -0 -0 -1 -1 0 0 0 1 -0 
1 36.730098499999997 -70.042911500000002 0 -0 -0 -1 -1 0 0 0 1 -0 
1 36.730097217292816 -69.500641307599992 0 -0 -0 -1 -1 0 0 0 1 -0 
1 36.730098500000004 -70.201282500000005 0 -0 -0 -1 -1 0 0 0 1 -0 
1 36.697134731245946 -70.719011799271044 0 -0 -0 -1 -1 0 0 0 1 -0 
1 32.807760439074237 -71.604180535268654 0 -0 -0 -1 -1 0 0 0 1 -0 
1 32.105385000000005 -71.959263000000007 0 -0 -0 -1 -1 0 0 0 1 -0 
1 33.419671466808225 -71.638576466808232 0 -0 -0 -1 -1 0 0 0 1 -0 
1 31.399745559351125 -74.269574807503389 0 -0 -0 -1 -1 0 0 0 1 -0 
1 34.469511113434073 -71.617383886565918 0 -0 -0 -1 -1 0 0 0 1 -0 
1 35.109583435292201 -71.199078403713898 0 -0 -0 -1 -1 0 0 0 1 -0 
1 35.276746792801127 -71.631369219922178 0 -0 -0 -1 -1 0 0 0 1 -0 
1 35.463821500000002 -71.959262999999993 0 -0 -0 -1 -1 0 0 0 1 -0 
1 37.68274775589515 -71.610266491130872 0 -0 -0 -1 -1 0 0 0 1 -0 
1 38.445092111139608 -71.626172557031538 0 -0 -0 -1 -1 0 0 0 1 -0 
1 38.995394759945185 -71.616654759945177 0 -0 -0 -1 -1 0 0 0 1 -0 
1 37.893597202184807 -71.230070639252844 0 -0 -0 -1 -1 0 0 0 1 -0 
1 38.264944000000007 -71.959262999999993 0 -0 -0 -1 -1 0 0 0 1 -0 
1 39.258653500000001 -70.886405999999994 0 -0 -0 -1 -1 0 0 0 1 -0 
1 41.9049665 -70.201282499999991 0 -0 -0 -1 -1 0 0 0 1 -0 
1 39.412872504533894 -70.882252004533882 0 -0 -0 -1 -1 0 0 0 1 -0 
1 44.487101225039972 -69.589774274960007 0 -0 -0 -1 -1 0 0 0 1 -0 
1 46.836887283887783 -69.290683878945387 0 -0 -0 -1 -1 0 0 0 1 -0 
1 44.397059749377441 -70.882252250622557 0 -0 -0 -1 -1 0 0 0 1 -0 
1 47.151025999999995 -70.201282499999991 0 -0 -0 -1 -1 0 0 0 1 -0 
1 41.852080215260379 -70.718282710011806 0 -0 -0 -1 -1 0 0 0 1 -0 
1 39.439669976216557 -71.593476023783438 0 -0 -0 -1 -1 0 0 0 1 -0 
1 40.213210784379179 -71.637262724187408 0 -0 -0 -1 -1 0 0 0 1 -0 
1 42.760648143327856 -71.6146947244291 0 -0 -0 -1 -1 0 0 0 1 -0 
1 40.312669500000013 -71.959262999999993 0 -0 -0 -1 -1 0 0 0 1 -0 
1 40.081911991889093 -71.190169350519525 0 -0 -0 -1 -1 0 0 0 1 -0 
1 44.551279000000001 -70.886405999999994 0 -0 -0 -1 -1 0 0 0 1 -0 
1 43.728123998001216 -71.623993525296882 0 -0 -0 -1 -1 0 0 0 1 -0 
1 44.879493496462345 -71.624319503537649 0 -0 -0 -1 -1 0 0 0 1 -0 
1 43.525814000000004 -71.959262999999993 0 -0 -0 -1 -1 0 0 0 1 -0 
1 44.265932695056243 -71.619792195056249 0 -0 -0 -1 -1 0 0 0 1 -0 
1 42.97339851705798 -71.239295291401518 0 -0 -0 -1 -1 0 0 0 1 -0 
1 45.431676115521491 -71.19637381983587 0 -0 -0 -1 -1 0 0 0 1 -0 
1 39.322831095636502 -69.5897740956365 0 -0 -0 -1 -1 0 0 0 1 -0 
1 32.914165823001824 -74.310048676998179 0 -0 -0 -1 -1 0 0 0 1 -0 
1 35.158765002315597 -73.659431384405195 0 -0 -0 -1 -1 0 0 0 1 -0 
1 35.984004195880622 -73.5950327419053 0 -0 -0 -1 -1 0 0 0 1 -0 
1 34.411783868853945 -74.781273650052356 0 -0 -0 -1 -1 0 0 0 1 -0 
1 37.971394313033755 -73.837904384243984 0 -0 -0 -1 -1 0 0 0 1 -0 
1 37.707041238216121 -73.677782305774073 0 -0 -0 -1 -1 0 0 0 1 -0 
1 36.639137732436993 -73.767577767562997 0 -0 -0 -1 -1 0 0 0 1 -0 
1 32.188133551957911 -74.469192366831393 0 -0 -0 -1 -1 0 0 0 1 -0 
1 35.673250953603159 -76.106633147699853 0 -0 -0 -1 -1 0 0 0 1 -0 
1 33.923617291571986 -76.74847923675145 0 -0 -0 -1 -1 0 0 0 1 -0 
1 35.043432234468717 -76.277596720027375 0 -0 -0 -1 -1 0 0 0 1 -0 
1 30.974098403621259 -74.65153218968203 0 -0 -0 -1 -1 0 0 0 1 -0 
1 36.946233119058917 -76.071192582145059 0 -0 -0 -1 -1 0 0 0 1 -0 
1 35.956927380770502 -76.261981554241274 0 -0 -0 -1 -1 0 0 0 1 -0 
1 37.300955350065252 -76.20179097487258 0 -0 -0 -1 -1 0 0 0 1 -0 
1 37.419067894908181 -76.566244105091826 0 -0 -0 -1 -1 0 0 0 1 -0 
1 38.134535798941059 -74.425789780347827 0 -0 -0 -1 -1 0 0 0 1 -0 
1 35.822590023834593 -76.567036023834618 0 -0 -0 -1 -1 0 0 0 1 -0 
1 36.868870010153941 -75.999015089585896 0 -0 -0 -1 -1 0 0 0 1 -0 
1 41.034888480336939 -72.71867324263556 0 -0 -0 -1 -1 0 0 0 1 -0 
1 41.157711681310772 -72.608491233658754 0 -0 -0 -1 -1 0 0 0 1 -0 
1 42.105598099247935 -72.544946400752053 0 -0 -0 -1 -1 0 0 0 1 -0 
1 42.786034253456194 -73.712543629593554 0 -0 -0 -1 -1 0 0 0 1 -0 
1 40.806174456925703 -73.784706204818434 0 -0 -0 -1 -1 0 0 0 1 -0 
1 39.657774088405937 -74.460642498239892 0 -0 -0 -1 -1 0 0 0 1 -0 
1 42.891900686896633 -72.692287186896635 0 -0 -0 -1 -1 0 0 0 1 -0 
1 43.31452497559215 -72.584896919340636 0 -0 -0 -1 -1 0 0 0 1 -0 
1 44.837396653036933 -73.251440153036938 0 -0 -0 -1 -1 0 0 0 1 -0 
1 43.680817713309914 -72.663147157180589 0 -0 -0 -1 -1 0 0 0 1 -0 
1 41.849055805684912 -74.97455780568491 0 -0 -0 -1 -1 0 0 0 1 -0 
1 41.984690706477444 -75.9832839697022 0 -0 -0 -1 -1 0 0 0 1 -0 
1 37.17768899384771 -73.718675993847725 0 -0 -0 -1 -1 0 0 0 1 -0 
1 40.111550724137821 -76.149228724137814 0 -0 -0 -1 -1 0 0 0 1 -0 
1 41.111856643873907 -76.247294917701893 0 -0 -0 -1 -1 0 0 0 1 -0 
1 43.546331615699394 -74.019222019676462 0 -0 -0 -1 -1 0 0 0 1 -0 
1 44.015357868124063 -73.333784600031166 0 -0 -0 -1 -1 0 0 0 1 -0 
1 44.65151584455262 -74.935865637042752 0 -0 -0 -1 -1 0 0 0 1 -0 
1 43.623270975878064 -74.886507255691527 0 -0 -0 -1 -1 0 0 0 1 -0 
1 43.937068049193684 -75.887488936958505 0 -0 -0 -1 -1 0 0 0 1 -0 
1 50.093214196423133 -74.229062912734207 0 -0 -0 -1 -1 0 0 0 1 -0 
1 45.43008375743117 -73.114729432987062 0 -0 -0 -1 -1 0 0 0 1 -0 
1 41.213403536555404 -73.045219121239327 0 -0 -0 -1 -1 0 0 0 1 -0 
1 47.146846405361103 -70.04709109463893 0 -0 -0 -1 -1 0 0 0 1 -0 
1 47.382743009029298 -69.758106896433318 0 -0 -0 -1 -1 0 0 0 1 -0 
1 51.819278770571934 -69.225063858555032 0 -0 -0 -1 -1 0 0 0 1 -0 
1 49.686426714305398 -69.598315785694624 0 -0 -0 -1 -1 0 0 0 1 -0 
1 45.850883000000003 -71.959263000000007 0 -0 -0 -1 -1 0 0 0 1 -0 
1 45.603751016246093 -71.625996123834469 0 -0 -0 -1 -1 0 0 0 1 -0 
1 48.073560450437043 -71.610346712480307 0 -0 -0 -1 -1 0 0 0 1 -0 
1 47.110493585081684 -70.71811779183632 0 -0 -0 -1 -1 0 0 0 1 -0 
1 51.374800215624333 -69.747381898970616 0 -0 -0 -1 -1 0 0 0 1 -0 
1 51.613269504845675 -70.129430504845672 0 -0 -0 -1 -1 0 0 0 1 -0 
1 49.750772499999997 -70.886406000000008 0 -0 -0 -1 -1 0 0 0 1 -0 
1 51.114341058366293 -71.229999057917496 0 -0 -0 -1 -1 0 0 0 1 -0 
1 48.910090582927047 -71.635107275825263 0 -0 -0 -1 -1 0 0 0 1 -0 
1 51.856290440752254 -70.655443852492411 0 -0 -0 -1 -1 0 0 0 1 -0 
1 48.288063616955171 -71.23448799762177 0 -0 -0 -1 -1 0 0 0 1 -0 
1 51.457632571374667 -68.777437571374676 0 -0 -0 -1 -1 0 0 0 1 -0 
1 48.804859499999999 -71.959262999999993 0 -0 -0 -1 -1 0 0 0 1 -0 
1 48.062714110094582 -74.374163110094585 0 -0 -0 -1 -1 0 0 0 1 -0 
1 48.47843160566579 -74.113739702030401 0 -0 -0 -1 -1 0 0 0 1 -0 
1 50.012944260733342 -71.616481239266648 0 -0 -0 -1 -1 0 0 0 1 -0 
1 50.720184500000002 -71.959262999999993 0 -0 -0 -1 -1 0 0 0 1 -0 
1 51.324864154830756 -71.611419272866868 0 -0 -0 -1 -1 0 0 0 1 -0 
1 50.541398671184083 -71.625603071431087 0 -0 -0 -1 -1 0 0 0 1 -0 
1 49.562946691059857 -71.596678191059866 0 -0 -0 -1 -1 0 0 0 1 -0 
1 50.572331550002012 -74.173350140462091 0 -0 -0 -1 -1 0 0 0 1 -0 
1 53.652506022307485 -70.785857799309326 0 -0 -0 -1 -1 0 0 0 1 -0 
1 46.133068598582945 -73.18051594392989 0 -0 -0 -1 -1 0 0 0 1 -0 
1 54.203335598579777 -70.134610401420233 0 -0 -0 -1 -1 0 0 0 1 -0 
1 57.099990562522414 -70.128999562522409 0 -0 -0 -1 -1 0 0 0 1 -0 
1 54.95385550000001 -70.886405999999994 0 -0 -0 -1 -1 0 0 0 1 -0 
1 53.976357312411423 -71.205323789662543 0 -0 -0 -1 -1 0 0 0 1 -0 
1 60.247778440760001 -69.438528769065186 0 -0 -0 -1 -1 0 0 0 1 -0 
1 59.476941161141362 -69.511553838858632 0 -0 -0 -1 -1 0 0 0 1 -0 
1 60.331674884141393 -69.522111949315757 0 -0 -0 -1 -1 0 0 0 1 -0 
1 59.676828568822295 -70.140706931177689 0 -0 -0 -1 -1 0 0 0 1 -0 
1 60.1418155 -70.886405999999994 0 -0 -0 -1 -1 0 0 0 1 -0 
1 57.55954186865528 -70.275758965881181 0 -0 -0 -1 -1 0 0 0 1 -0 
1 60.357521770089889 -70.207488293050105 0 -0 -0 -1 -1 0 0 0 1 -0 
1 59.866032716752791 -69.183780697872493 0 -0 -0 -1 -1 0 0 0 1 -0 
1 57.482905349906154 -70.719614966845626 0 -0 -0 -1 -1 0 0 0 1 -0 
1 54.389962465060712 -71.635028465060699 0 -0 -0 -1 -1 0 0 0 1 -0 
1 53.786902827495375 -71.610881453380586 0 -0 -0 -1 -1 0 0 0 1 -0 
1 55.304243306746834 -71.626108193253188 0 -0 -0 -1 -1 0 0 0 1 -0 
1 55.848768766598283 -71.619547040961891 0 -0 -0 -1 -1 0 0 0 1 -0 
1 53.303477999999991 -71.959262999999993 0 -0 -0 -1 -1 0 0 0 1 -0 
1 58.377495439900194 -71.643204439900202 0 -0 -0 -1 -1 0 0 0 1 -0 
1 55.687725739811384 -71.179446325617647 0 -0 -0 -1 -1 0 0 0 1 -0 
1 60.316858896241207 -71.590307103758775 0 -0 -0 -1 -1 0 0 0 1 -0 
1 60.318616444162714 -71.038841835221234 0 -0 -0 -1 -1 0 0 0 1 -0 
1 56.116807999999999 -71.959262999999993 0 -0 -0 -1 -1 0 0 0 1 -0 
1 58.52872318325204 -71.240355462466198 0 -0 -0 -1 -1 0 0 0 1 -0 
1 53.311330296815846 -73.049329440575136 0 -0 -0 -1 -1 0 0 0 1 -0 
1 53.844937437995213 -72.998859258059127 0 -0 -0 -1 -1 0 0 0 1 -0 
1 53.277735226838018 -73.624995604921011 0 -0 -0 -1 -1 0 0 0 1 -0 
1 54.441204515514116 -73.009490484485895 0 -0 -0 -1 -1 0 0 0 1 -0 
1 54.779728779793416 -74.619777937371325 0 -0 -0 -1 -1 0 0 0 1 -0 
1 55.654261842452478 -74.440996672223221 0 -0 -0 -1 -1 0 0 0 1 -0 
1 55.084832784059834 -73.024486284059819 0 -0 -0 -1 -1 0 0 0 1 -0 
1 52.486455666885902 -74.471276037481871 0 -0 -0 -1 -1 0 0 0 1 -0 
1 54.482736231665406 -74.766356856681341 0 -0 -0 -1 -1 0 0 0 1 -0 
1 45.986199955003251 -76.222671544996757 0 -0 -0 -1 -1 0 0 0 1 -0 
1 46.063448446801111 -75.660662768287168 0 -0 -0 -1 -1 0 0 0 1 -0 
1 51.23139621436674 -75.898117459713916 0 -0 -0 -1 -1 0 0 0 1 -0 
1 49.361135320759693 -77.108510679240297 0 -0 -0 -1 -1 0 0 0 1 -0 
1 46.77453299204528 -74.420694889728097 0 -0 -0 -1 -1 0 0 0 1 -0 
1 43.528814044600622 -76.306989132464821 0 -0 -0 -1 -1 0 0 0 1 -0 
1 54.403705500842605 -75.1663495008426 0 -0 -0 -1 -1 0 0 0 1 -0 
1 54.623128491493084 -75.765022102026748 0 -0 -0 -1 -1 0 0 0 1 -0 
1 53.170930783069991 -76.064355783069999 0 -0 -0 -1 -1 0 0 0 1 -0 
1 49.309868037168116 -74.848494001363065 0 -0 -0 -1 -1 0 0 0 1 -0 
1 50.896295361656527 -74.328045110109031 0 -0 -0 -1 -1 0 0 0 1 -0 
1 56.379118992672169 -72.990407293644722 0 -0 -0 -1 -1 0 0 0 1 -0 
1 56.7554007062922 -73.133860793707811 0 -0 -0 -1 -1 0 0 0 1 -0 
1 58.146231041882274 -72.982067616896714 0 -0 -0 -1 -1 0 0 0 1 -0 
1 56.865648115583802 -74.593185626042612 0 -0 -0 -1 -1 0 0 0 1 -0 
1 56.023649802292638 -74.807079711726544 0 -0 -0 -1 -1 0 0 0 1 -0 
1 60.277061793705201 -73.250128369990065 0 -0 -0 -1 -1 0 0 0 1 -0 
1 58.774836717142655 -73.651782080606111 0 -0 -0 -1 -1 0 0 0 1 -0 
1 58.824781739672446 -74.979080977156997 0 -0 -0 -1 -1 0 0 0 1 -0 
1 58.299518384134863 -74.384606521584573 0 -0 -0 -1 -1 0 0 0 1 -0 
1 60.117914206910143 -73.409271293089873 0 -0 -0 -1 -1 0 0 0 1 -0 
1 58.5956095963965 -72.309960881904601 0 -0 -0 -1 -1 0 0 0 1 -0 
1 56.942783477757146 -74.668867864057347 0 -0 -0 -1 -1 0 0 0 1 -0 
1 55.156898499873556 -75.166357000126453 0 -0 -0 -1 -1 0 0 0 1 -0 
1 54.833386042201717 -75.33447045779829 0 -0 -0 -1 -1 0 0 0 1 -0 
1 55.455948085888089 -75.924283914111911 0 -0 -0 -1 -1 0 0 0 1 -0 
1 56.22772795338517 -75.890264931403209 0 -0 -0 -1 -1 0 0 0 1 -0 
1 54.991757354286868 -76.132036862198362 0 -0 -0 -1 -1 0 0 0 1 -0 
1 56.109090578403908 -75.23160622599805 0 -0 -0 -1 -1 0 0 0 1 -0 
1 58.354825697453755 -75.582021585732278 0 -0 -0 -1 -1 0 0 0 1 -0 
1 58.796995490273723 -76.629853981610978 0 -0 -0 -1 -1 0 0 0 1 -0 
1 58.355358346173993 -76.09235162861566 0 -0 -0 -1 -1 0 0 0 1 -0 
1 56.067726489900352 -76.649324416692693 0 -0 -0 -1 -1 0 0 0 1 -0 
1 55.846352136328818 -75.122220491009102 0 -0 -0 -1 -1 0 0 0 1 -0 
1 55.771670016975818 -73.478099148335829 0 -0 -0 -1 -1 0 0 0 1 -0 
1 56.244392257492997 -76.748710683336 0 -0 -0 -1 -1 0 0 0 1 -0 
1 33.109374661420198 -78.216153921478039 0 -0 -0 -1 -1 0 0 0 1 -0 
1 32.088589325240605 -77.79774782524062 0 -0 -0 -1 -1 0 0 0 1 -0 
1 31.141976744760072 -77.496171293217202 0 -0 -0 -1 -1 0 0 0 1 -0 
1 31.017076461827394 -78.475311252324047 0 -0 -0 -1 -1 0 0 0 1 -0 
1 30.843798414046105 -78.511469039091025 0 -0 -0 -1 -1 0 0 0 1 -0 
1 33.67824130776075 -78.519076038292042 0 -0 -0 -1 -1 0 0 0 1 -0 
1 36.961195349516657 -78.923198525625125 0 -0 -0 -1 -1 0 0 0 1 -0 
1 35.892327906445431 -79.188181853952742 0 -0 -0 -1 -1 0 0 0 1 -0 
1 37.113939909094491 -78.019736979453469 0 -0 -0 -1 -1 0 0 0 1 -0 
1 34.179641253652605 -77.991053962496011 0 -0 -0 -1 -1 0 0 0 1 -0 
1 35.869328724887346 -77.321698275112652 0 -0 -0 -1 -1 0 0 0 1 -0 
1 31.003129435988864 -78.946763592123929 0 -0 -0 -1 -1 0 0 0 1 -0 
1 31.173600123379533 -78.691715798533252 0 -0 -0 -1 -1 0 0 0 1 -0 
1 32.089113032618997 -79.402235467381004 0 -0 -0 -1 -1 0 0 0 1 -0 
1 31.08894092241329 -79.448056119726402 0 -0 -0 -1 -1 0 0 0 1 -0 
1 32.064755263749547 -78.948088713804268 0 -0 -0 -1 -1 0 0 0 1 -0 
1 29.160108632696986 -81.688780761053792 0 -0 -0 -1 -1 0 0 0 1 -0 
1 32.395721658007794 -78.514483348694725 0 -0 -0 -1 -1 0 0 0 1 -0 
1 37.345029477459754 -78.511267008494002 0 -0 -0 -1 -1 0 0 0 1 -0 
1 35.294453190539187 -78.289719944438602 0 -0 -0 -1 -1 0 0 0 1 -0 
1 37.26642776274803 -79.401535262748027 0 -0 -0 -1 -1 0 0 0 1 -0 
1 37.121307355999789 -78.638782169228634 0 -0 -0 -1 -1 0 0 0 1 -0 
1 37.339771390308215 -77.791028609691779 0 -0 -0 -1 -1 0 0 0 1 -0 
1 30.83022355420545 -79.09139272679289 0 -0 -0 -1 -1 0 0 0 1 -0 
1 40.118282402653513 -76.912103597346501 0 -0 -0 -1 -1 0 0 0 1 -0 
1 40.440486212007542 -78.27775476896133 0 -0 -0 -1 -1 0 0 0 1 -0 
1 41.190629157110436 -77.312405842889561 0 -0 -0 -1 -1 0 0 0 1 -0 
1 39.789576478175327 -78.019445064795562 0 -0 -0 -1 -1 0 0 0 1 -0 
1 41.304645933014207 -76.717764474335681 0 -0 -0 -1 -1 0 0 0 1 -0 
1 45.732355054699482 -77.065770945300514 0 -0 -0 -1 -1 0 0 0 1 -0 
1 42.367757954327601 -77.886723448911539 0 -0 -0 -1 -1 0 0 0 1 -0 
1 44.682210993514424 -77.422453329201304 0 -0 -0 -1 -1 0 0 0 1 -0 
1 47.178143800047749 -78.630263546088358 0 -0 -0 -1 -1 0 0 0 1 -0 
1 43.522438920641932 -76.936526778557507 0 -0 -0 -1 -1 0 0 0 1 -0 
1 44.461790143995884 -77.934918271620759 0 -0 -0 -1 -1 0 0 0 1 -0 
1 38.314480258860691 -79.483738973127117 0 -0 -0 -1 -1 0 0 0 1 -0 
1 37.837101247458342 -78.619085052370735 0 -0 -0 -1 -1 0 0 0 1 -0 
1 38.325879653607224 -78.185300501423569 0 -0 -0 -1 -1 0 0 0 1 -0 
1 38.445097421642039 -79.401125332068176 0 -0 -0 -1 -1 0 0 0 1 -0 
1 37.904266788939189 -79.425294211060802 0 -0 -0 -1 -1 0 0 0 1 -0 
1 38.475324499999999 -79.773593999999989 0 -0 -0 -1 -1 0 0 0 1 -0 
1 38.32965214606503 -79.02305544630515 0 -0 -0 -1 -1 0 0 0 1 -0 
1 41.296836448324655 -79.241689948324648 0 -0 -0 -1 -1 0 0 0 1 -0 
1 41.094090978709517 -78.659891869269231 0 -0 -0 -1 -1 0 0 0 1 -0 
1 44.56039578384577 -79.351041042287562 0 -0 -0 -1 -1 0 0 0 1 -0 
1 45.118126037730221 -78.642368944367618 0 -0 -0 -1 -1 0 0 0 1 -0 
1 42.820040448676757 -78.08430236181411 0 -0 -0 -1 -1 0 0 0 1 -0 
1 40.587117645198283 -79.718184354801735 0 -0 -0 -1 -1 0 0 0 1 -0 
1 37.763687281578413 -78.687331796724351 0 -0 -0 -1 -1 0 0 0 1 -0 
1 38.747040295676683 -75.955245259812372 0 -0 -0 -1 -1 0 0 0 1 -0 
1 32.864658517924696 -82.555130017924697 0 -0 -0 -1 -1 0 0 0 1 -0 
1 31.97258429304512 -85.116622206954872 0 -0 -0 -1 -1 0 0 0 1 -0 
1 31.108629877949582 -82.669458948481221 0 -0 -0 -1 -1 0 0 0 1 -0 
1 31.733578377046264 -82.670963113919356 0 -0 -0 -1 -1 0 0 0 1 -0 
1 33.87282329439892 -79.684939205601054 0 -0 -0 -1 -1 0 0 0 1 -0 
1 33.626417232724229 -82.693793767275764 0 -0 -0 -1 -1 0 0 0 1 -0 
1 34.450071036911325 -82.741729016049263 0 -0 -0 -1 -1 0 0 0 1 -0 
1 35.791903323943885 -81.662807928756138 0 -0 -0 -1 -1 0 0 0 1 -0 
1 35.756007072335372 -79.686331572335362 0 -0 -0 -1 -1 0 0 0 1 -0 
1 31.783769084200387 -85.305597992267735 0 -0 -0 -1 -1 0 0 0 1 -0 
1 30.723413740933612 -86.338404101303439 0 -0 -0 -1 -1 0 0 0 1 -0 
1 35.327263000000002 -85.209121499999981 0 -0 -0 -1 -1 0 0 0 1 -0 
1 35.749312522126331 -86.241260654441191 0 -0 -0 -1 -1 0 0 0 1 -0 
1 34.70765889995085 -86.908612275683197 0 -0 -0 -1 -1 0 0 0 1 -0 
1 36.442890425395362 -86.397300589294446 0 -0 -0 -1 -1 0 0 0 1 -0 
1 33.462281207973028 -86.22945484123403 0 -0 -0 -1 -1 0 0 0 1 -0 
1 32.351968191122268 -82.102256759921815 0 -0 -0 -1 -1 0 0 0 1 -0 
1 37.842690043648709 -82.76184758703026 0 -0 -0 -1 -1 0 0 0 1 -0 
1 38.489738044978978 -82.215813411976143 0 -0 -0 -1 -1 0 0 0 1 -0 
1 38.843622955022589 -82.546734366563541 0 -0 -0 -1 -1 0 0 0 1 -0 
1 37.80525641020639 -85.109363089793604 0 -0 -0 -1 -1 0 0 0 1 -0 
1 39.012603085935602 -82.388447414064387 0 -0 -0 -1 -1 0 0 0 1 -0 
1 37.218887776834677 -82.591604294606526 0 -0 -0 -1 -1 0 0 0 1 -0 
1 40.071054409597743 -81.8943320864078 0 -0 -0 -1 -1 0 0 0 1 -0 
1 43.091729827987947 -82.250459626637181 0 -0 -0 -1 -1 0 0 0 1 -0 
1 43.557201172948311 -83.299323786199011 0 -0 -0 -1 -1 0 0 0 1 -0 
1 44.76643626751811 -80.592090294204624 0 -0 -0 -1 -1 0 0 0 1 -0 
1 43.910316681957454 -83.37992706865036 0 -0 -0 -1 -1 0 0 0 1 -0 
1 44.916492452910603 -79.787637370438276 0 -0 -0 -1 -1 0 0 0 1 -0 
1 40.606935221870778 -85.307964616621106 0 -0 -0 -1 -1 0 0 0 1 -0 
1 37.603718282548314 -85.310941942915946 0 -0 -0 -1 -1 0 0 0 1 -0 
1 40.803713587691256 -85.111146412308756 0 -0 -0 -1 -1 0 0 0 1 -0 
1 44.126726499999997 -85.209121499999981 0 -0 -0 -1 -1 0 0 0 1 -0 
1 45.648786753053045 -83.475656613230143 0 -0 -0 -1 -1 0 0 0 1 -0 
1 46.401312723675929 -83.347588243931426 0 -0 -0 -1 -1 0 0 0 1 -0 
1 43.827839389023353 -86.235011980498598 0 -0 -0 -1 -1 0 0 0 1 -0 
1 43.252716113456373 -86.476940113456379 0 -0 -0 -1 -1 0 0 0 1 -0 
1 44.328379334985335 -86.402671355904516 0 -0 -0 -1 -1 0 0 0 1 -0 
1 45.345742812695107 -86.934828665964631 0 -0 -0 -1 -1 0 0 0 1 -0 
1 46.330787999999998 -85.209121499999981 0 -0 -0 -1 -1 0 0 0 1 -0 
1 44.658083493339433 -83.46121566904587 0 -0 -0 -1 -1 0 0 0 1 -0 
1 45.33917705348459 -80.094277270094977 0 -0 -0 -1 -1 0 0 0 1 -0 
1 30.847399068883163 -78.008317643438133 0 -0 -0 -1 -1 0 0 0 1 -0 
1 48.879656246704599 -78.204861556915816 0 -0 -0 -1 -1 0 0 0 1 -0 
1 50.313926500000008 -78.331306499999982 0 -0 -0 -1 -1 0 0 0 1 -0 
1 52.519461933940832 -77.834593640630217 0 -0 -0 -1 -1 0 0 0 1 -0 
1 52.550092563442568 -77.720987936557449 0 -0 -0 -1 -1 0 0 0 1 -0 
1 53.515343168527409 -78.968316362082547 0 -0 -0 -1 -1 0 0 0 1 -0 
1 54.345545000000001 -77.441875500000009 0 -0 -0 -1 -1 0 0 0 1 -0 
1 52.299054137417926 -78.502841669175382 0 -0 -0 -1 -1 0 0 0 1 -0 
1 54.278186009619716 -78.426020102640365 0 -0 -0 -1 -1 0 0 0 1 -0 
1 49.308697763843874 -79.322782263843877 0 -0 -0 -1 -1 0 0 0 1 -0 
1 47.371214085922233 -80.154477914077759 0 -0 -0 -1 -1 0 0 0 1 -0 
1 53.71129691286756 -79.424101912867584 0 -0 -0 -1 -1 0 0 0 1 -0 
1 50.814991822385473 -79.293113177614515 0 -0 -0 -1 -1 0 0 0 1 -0 
1 49.624222569838004 -80.114060569838017 0 -0 -0 -1 -1 0 0 0 1 -0 
1 50.843950176207642 -78.799972633708947 0 -0 -0 -1 -1 0 0 0 1 -0 
1 50.838716625223888 -78.118721867952445 0 -0 -0 -1 -1 0 0 0 1 -0 
1 54.109794181732504 -78.102770318267488 0 -0 -0 -1 -1 0 0 0 1 -0 
1 55.984457152292961 -77.443478257169431 0 -0 -0 -1 -1 0 0 0 1 -0 
1 56.24404931318 -77.213831529734264 0 -0 -0 -1 -1 0 0 0 1 -0 
1 56.260654950053535 -77.799770366549993 0 -0 -0 -1 -1 0 0 0 1 -0 
1 56.100376450555352 -78.015633880732551 0 -0 -0 -1 -1 0 0 0 1 -0 
1 56.324975952495876 -78.352556155298913 0 -0 -0 -1 -1 0 0 0 1 -0 
1 55.425858503491646 -78.595620496508346 0 -0 -0 -1 -1 0 0 0 1 -0 
1 58.381809675587995 -77.581228183395226 0 -0 -0 -1 -1 0 0 0 1 -0 
1 56.410632584936614 -76.9866495328273 0 -0 -0 -1 -1 0 0 0 1 -0 
1 58.312718506173375 -77.186411288230346 0 -0 -0 -1 -1 0 0 0 1 -0 
1 60.276394301123695 -78.034942801880035 0 -0 -0 -1 -1 0 0 0 1 -0 
1 58.776377667507454 -78.059829419786837 0 -0 -0 -1 -1 0 0 0 1 -0 
1 60.11830169945857 -78.193030800541436 0 -0 -0 -1 -1 0 0 0 1 -0 
1 56.867798772328321 -78.401379458856781 0 -0 -0 -1 -1 0 0 0 1 -0 
1 58.303217398644371 -78.594924861913384 0 -0 -0 -1 -1 0 0 0 1 -0 
1 56.00031842527617 -78.739798822621466 0 -0 -0 -1 -1 0 0 0 1 -0 
1 56.947336755616185 -78.479511421213161 0 -0 -0 -1 -1 0 0 0 1 -0 
1 56.158694479770652 -79.433911537323951 0 -0 -0 -1 -1 0 0 0 1 -0 
1 58.525616394874717 -79.222245628535646 0 -0 -0 -1 -1 0 0 0 1 -0 
1 58.571117396435987 -79.779855896435961 0 -0 -0 -1 -1 0 0 0 1 -0 
1 58.721634441199015 -79.943639826296391 0 -0 -0 -1 -1 0 0 0 1 -0 
1 61.273312164926722 -79.821744848538714 0 -0 -0 -1 -1 0 0 0 1 -0 
1 56.218201387493814 -79.88048613654874 0 -0 -0 -1 -1 0 0 0 1 -0 
1 55.304039862466389 -78.716704400081397 0 -0 -0 -1 -1 0 0 0 1 -0 
1 56.35520424152444 -79.937705249738997 0 -0 -0 -1 -1 0 0 0 1 -0 
1 47.880825878029782 -81.047476546703606 0 -0 -0 -1 -1 0 0 0 1 -0 
1 46.889575376347722 -83.540287146424319 0 -0 -0 -1 -1 0 0 0 1 -0 
1 47.58371882708267 -83.375085327082658 0 -0 -0 -1 -1 0 0 0 1 -0 
1 48.213674376975334 -83.396347123024668 0 -0 -0 -1 -1 0 0 0 1 -0 
1 45.497855847683894 -80.499654610574737 0 -0 -0 -1 -1 0 0 0 1 -0 
1 49.084114050280007 -83.584351830981461 0 -0 -0 -1 -1 0 0 0 1 -0 
1 49.702417591535323 -83.374266073239852 0 -0 -0 -1 -1 0 0 0 1 -0 
1 49.723688000000003 -85.209121499999995 0 -0 -0 -1 -1 0 0 0 1 -0 
1 56.234054855991538 -83.949148414518163 0 -0 -0 -1 -1 0 0 0 1 -0 
1 50.409771988669632 -82.247568667222936 0 -0 -0 -1 -1 0 0 0 1 -0 
1 55.922827724807505 -83.881788544239669 0 -0 -0 -1 -1 0 0 0 1 -0 
1 47.332312862120006 -86.438441137879977 0 -0 -0 -1 -1 0 0 0 1 -0 
1 48.514756725611335 -86.425641725611328 0 -0 -0 -1 -1 0 0 0 1 -0 
1 49.744456370043729 -86.571426617366143 0 -0 -0 -1 -1 0 0 0 1 -0 
1 46.690838487719816 -86.238976779078243 0 -0 -0 -1 -1 0 0 0 1 -0 
1 50.983803904344931 -86.41043359565505 0 -0 -0 -1 -1 0 0 0 1 -0 
1 53.166682999999992 -85.209121499999981 0 -0 -0 -1 -1 0 0 0 1 -0 
1 49.588461535386664 -80.558679976076604 0 -0 -0 -1 -1 0 0 0 1 -0 
1 57.823671031560096 -80.854236681058879 0 -0 -0 -1 -1 0 0 0 1 -0 
1 58.932398888619943 -80.724841080086478 0 -0 -0 -1 -1 0 0 0 1 -0 
1 60.197160500000003 -81.171241499999994 0 -0 -0 -1 -1 0 0 0 1 -0 
1 56.999895169670502 -83.978857727742337 0 -0 -0 -1 -1 0 0 0 1 -0 
1 56.042867500000007 -85.209121499999995 0 -0 -0 -1 -1 0 0 0 1 -0 
1 57.795807322945805 -83.961303827601512 0 -0 -0 -1 -1 0 0 0 1 -0 
1 58.302493334086556 -84.82975773862681 0 -0 -0 -1 -1 0 0 0 1 -0 
1 55.11662817541081 -82.455444364661986 0 -0 -0 -1 -1 0 0 0 1 -0 
1 61.1253306147647 -80.688386266738405 0 -0 -0 -1 -1 0 0 0 1 -0 
1 61.31345210100465 -81.157865743513042 0 -0 -0 -1 -1 0 0 0 1 -0 
1 60.11502961302817 -83.737728386971838 0 -0 -0 -1 -1 0 0 0 1 -0 
1 60.279291386971849 -83.57346661302816 0 -0 -0 -1 -1 0 0 0 1 -0 
1 59.079886169646393 -84.841990933098728 0 -0 -0 -1 -1 0 0 0 1 -0 
1 58.641899374153397 -84.150331136308154 0 -0 -0 -1 -1 0 0 0 1 -0 
1 61.137370825009256 -84.247562897163732 0 -0 -0 -1 -1 0 0 0 1 -0 
1 54.946188420922951 -86.331737920922933 0 -0 -0 -1 -1 0 0 0 1 -0 
1 56.538374744608575 -86.307318298731786 0 -0 -0 -1 -1 0 0 0 1 -0 
1 55.887479203444059 -86.851982935521079 0 -0 -0 -1 -1 0 0 0 1 -0 
1 57.094814131024414 -86.342840368975558 0 -0 -0 -1 -1 0 0 0 1 -0 
1 59.702481196256635 -84.860193696256644 0 -0 -0 -1 -1 0 0 0 1 -0 
1 58.682524000000001 -85.209121499999981 0 -0 -0 -1 -1 0 0 0 1 -0 
1 61.290238508453101 -85.312889991546896 0 -0 -0 -1 -1 0 0 0 1 -0 
1 61.312428384778194 -85.087258407243752 0 -0 -0 -1 -1 0 0 0 1 -0 
1 61.85029822712356 -82.567806347400321 0 -0 -0 -1 -1 0 0 0 1 -0 
1 55.968810640198306 -80.822459118721454 0 -0 -0 -1 -1 0 0 0 1 -0 
1 30.757346875403869 -77.040131375403874 0 -0 -0 -1 -1 0 0 0 1 -0 
Triangulations 0

TShapes 6781
Ve
1e-07
34.732941 -76.592049 0
0 0

0101101
*
Ve
1e-07
34.554646 -76.592049 0
0 0

0101101
*
Ve
1e-07
34.554646 -76.624687 0
0 0

0101101
*
Ve
1e-07
34.554646 -79.739662 0
0 0

0101101
*
Ve
1e-07
33.284359 -79.739662 0
0 0

0101101
*
Ve
1e-07
33.284359 -79.536858 0
0 0

0101101
*
Ve
1e-07
32.938137 -79.536858 0
0 0

0101101
*
Ve
1e-07
32.938137 -76.892128 0
0 0

0101101
*
Ve
1e-07
33.276855 -76.892128 0
0 0

0101101
*
Ve
1e-07
33.276855 -72.196991 0
0 0

0101101
*
Ve
1e-07
34.67918 -72.196991 0
0 0

0101101
*
Ve
1e-07
34.67918 -71.721535 0
0 0

0101101
*
Ve
1e-07
34.351543 -71.721535 0
0 0

0101101
*
Ve
1e-07
34.351543 -71.421532 0
0 0

0101101
*
Ve
1e-07
34.05154 -71.421532 0
0 0

0101101
*
Ve
1e-07
34.05154 -71.721535 0
0 0

0101101
*
Ve
1e-07
32.653717 -71.721535 0
0 0

0101101
*
Ve
1e-07
32.653717 -72.196991 0
0 0

0101101
*
Ve
1e-07
33.005672 -72.196991 0
0 0

0101101
*
Ve
1e-07
33.005672 -76.592049 0
0 0

0101101
*
Ve
1e-07
31.522161 -76.592049 0
0 0

0101101
*
Ve
1e-07
31.522161 -78.196014 0
0 0

0101101
*
Ve
1e-07
31.699804 -78.196014 0
0 0

0101101
*
Ve
1e-07
31.699804 -77.611816 0
0 0

0101101
*
Ve
1e-07
32.689709 -77.611816 0
0 0

0101101
*
Ve
1e-07
32.689709 -79.536858 0
0 0

0101101
*
Ve
1e-07
31.665012 -79.536858 0
0 0

0101101
*
Ve
1e-07
31.665012 -79.091118 0
0 0

0101101
*
Ve
1e-07
31.553324 -79.091118 0
0 0

0101101
*
Ve
1e-07
31.553324 -79.863739 0
0 0

0101101
*
Ve
1e-07
33.016621 -79.863739 0
0 0

0101101
*
Ve
1e-07
33.016621 -84.974899 0
0 0

0101101
*
Ve
1e-07
32.441074 -84.974899 0
0 0

0101101
*
Ve
1e-07
32.441074 -85.446846 0
0 0

0101101
*
Ve
1e-07
31.315598 -85.448746 0
0 0

0101101
*
Ve
1e-07
31.315594 -84.974899 0
0 0

0101101
*
Ve
1e-07
30.186384 -84.974899 0
0 0

0101101
*
Ve
1e-07
30.186384 -85.443344 0
0 0

0101101
*
Ve
1e-07
30.947296 -85.449364 0
0 0

0101101
*
Ve
1e-07
30.947296 -87.544144 0
0 0

0101101
*
Ve
1e-07
27.926931 -87.544144 0
0 0

0101101
*
Ve
1e-07
27.926931 -85.443344 0
0 0

0101101
*
Ve
1e-07
28.582155 -85.443344 0
0 0

0101101
*
Ve
1e-07
28.582155 -84.974899 0
0 0

0101101
*
Ve
1e-07
28.045052 -84.974899 0
0 0

0101101
*
Ve
1e-07
28.045052 -79.393097 0
0 0

0101101
*
Ve
1e-07
30.342764 -79.393097 0
0 0

0101101
*
Ve
1e-07
30.342764 -78.790024 0
0 0

0101101
*
Ve
1e-07
30.156668 -78.790024 0
0 0

0101101
*
Ve
1e-07
30.156668 -79.263245 0
0 0

0101101
*
Ve
1e-07
28.045052 -79.263245 0
0 0

0101101
*
Ve
1e-07
28.045052 -76.739243 0
0 0

0101101
*
Ve
1e-07
30.169342 -76.739243 0
0 0

0101101
*
Ve
1e-07
30.169342 -77.84304 0
0 0

0101101
*
Ve
1e-07
30.347359 -77.84304 0
0 0

0101101
*
Ve
1e-07
30.347359 -76.592049 0
0 0

0101101
*
Ve
1e-07
28.045052 -76.592049 0
0 0

0101101
*
Ve
1e-07
28.045052 -72.196991 0
0 0

0101101
*
Ve
1e-07
28.644878 -72.196991 0
0 0

0101101
*
Ve
1e-07
28.644878 -71.721535 0
0 0

0101101
*
Ve
1e-07
28.017544 -71.721535 0
0 0

0101101
*
Ve
1e-07
28.017544 -71.421532 0
0 0

0101101
*
Ve
1e-07
27.717545 -71.421532 0
0 0

0101101
*
Ve
1e-07
27.717545 -71.721535 0
0 0

0101101
*
Ve
1e-07
27.095913 -71.721535 0
0 0

0101101
*
Ve
1e-07
27.095913 -72.355042 0
0 0

0101101
*
Ve
1e-07
27.500479 -72.355042 0
0 0

0101101
*
Ve
1e-07
27.500479 -74.49202 0
0 0

0101101
*
Ve
1e-07
25.751213 -74.49202 0
0 0

0101101
*
Ve
1e-07
25.751213 -72.355042 0
0 0

0101101
*
Ve
1e-07
25.847837 -72.355042 0
0 0

0101101
*
Ve
1e-07
25.847837 -71.721535 0
0 0

0101101
*
Ve
1e-07
25.579506 -71.721535 0
0 0

0101101
*
Ve
1e-07
25.579506 -71.421532 0
0 0

0101101
*
Ve
1e-07
25.279507 -71.421532 0
0 0

0101101
*
Ve
1e-07
25.279507 -71.721535 0
0 0

0101101
*
Ve
1e-07
24.923222 -71.721535 0
0 0

0101101
*
Ve
1e-07
24.923222 -72.196991 0
0 0

0101101
*
Ve
1e-07
25.253517 -72.196991 0
0 0

0101101
*
Ve
1e-07
25.253517 -74.93087 0
0 0

0101101
*
Ve
1e-07
27.749666 -74.93087 0
0 0

0101101
*
Ve
1e-07
27.749666 -76.463585 0
0 0

0101101
*
Ve
1e-07
24.275606 -76.463585 0
0 0

0101101
*
Ve
1e-07
24.275606 -76.691734 0
0 0

0101101
*
Ve
1e-07
24.454916 -76.691734 0
0 0

0101101
*
Ve
1e-07
24.454916 -76.632355 0
0 0

0101101
*
Ve
1e-07
26.374596 -76.632355 0
0 0

0101101
*
Ve
1e-07
26.374596 -77.629105 0
0 0

0101101
*
Ve
1e-07
24.454916 -77.629105 0
0 0

0101101
*
Ve
1e-07
24.454916 -77.54937 0
0 0

0101101
*
Ve
1e-07
24.275606 -77.54937 0
0 0

0101101
*
Ve
1e-07
24.275606 -78.582138 0
0 0

0101101
*
Ve
1e-07
24.454916 -78.582138 0
0 0

0101101
*
Ve
1e-07
24.454916 -77.760956 0
0 0

0101101
*
Ve
1e-07
27.749666 -77.760956 0
0 0

0101101
*
Ve
1e-07
27.749666 -79.49498 0
0 0

0101101
*
Ve
1e-07
24.454916 -79.49498 0
0 0

0101101
*
Ve
1e-07
24.454916 -79.397736 0
0 0

0101101
*
Ve
1e-07
24.275606 -79.397736 0
0 0

0101101
*
Ve
1e-07
24.275606 -79.863739 0
0 0

0101101
*
Ve
1e-07
24.776291 -79.863739 0
0 0

0101101
*
Ve
1e-07
24.776291 -83.439568 0
0 0

0101101
*
Ve
1e-07
24.956356 -83.439568 0
0 0

0101101
*
Ve
1e-07
24.956356 -79.982597 0
0 0

0101101
*
Ve
1e-07
27.749666 -79.982597 0
0 0

0101101
*
Ve
1e-07
27.749666 -84.974899 0
0 0

0101101
*
Ve
1e-07
26.204432 -84.974899 0
0 0

0101101
*
Ve
1e-07
26.204432 -85.443344 0
0 0

0101101
*
Ve
1e-07
26.774908 -85.446022 0
0 0

0101101
*
Ve
1e-07
26.774908 -87.544144 0
0 0

0101101
*
Ve
1e-07
21.618208 -87.544144 0
0 0

0101101
*
Ve
1e-07
21.618208 -85.443344 0
0 0

0101101
*
Ve
1e-07
21.98848 -85.443344 0
0 0

0101101
*
Ve
1e-07
21.98848 -84.974899 0
0 0

0101101
*
Ve
1e-07
20.677242 -84.974899 0
0 0

0101101
*
Ve
1e-07
20.677242 -84.08342 0
0 0

0101101
*
Ve
1e-07
20.491585 -84.08342 0
0 0

0101101
*
Ve
1e-07
20.491585 -85.443344 0
0 0

0101101
*
Ve
1e-07
19.405396 -85.443344 0
0 0

0101101
*
Ve
1e-07
19.405396 -84.974899 0
0 0

0101101
*
Ve
1e-07
17.883932 -84.974899 0
0 0

0101101
*
Ve
1e-07
17.883932 -72.201126 0
0 0

0101101
*
Ve
1e-07
18.151377 -72.196991 0
0 0

0101101
*
Ve
1e-07
18.151377 -71.721535 0
0 0

0101101
*
Ve
1e-07
17.227221 -71.721535 0
0 0

0101101
*
Ve
1e-07
17.227221 -72.196991 0
0 0

0101101
*
Ve
1e-07
17.619978 -72.205261 0
0 0

0101101
*
Ve
1e-07
17.618233 -76.599274 0
0 0

0101101
*
Ve
1e-07
16.457561 -76.599274 0
0 0

0101101
*
Ve
1e-07
16.457561 -77.613403 0
0 0

0101101
*
Ve
1e-07
17.619978 -77.613403 0
0 0

0101101
*
Ve
1e-07
17.619978 -79.556915 0
0 0

0101101
*
Ve
1e-07
16.600237 -79.556915 0
0 0

0101101
*
Ve
1e-07
16.600237 -79.865677 0
0 0

0101101
*
Ve
1e-07
17.619978 -79.865677 0
0 0

0101101
*
Ve
1e-07
17.619978 -84.974899 0
0 0

0101101
*
Ve
1e-07
17.319326 -84.977493 0
0 0

0101101
*
Ve
1e-07
17.319326 -85.443344 0
0 0

0101101
*
Ve
1e-07
16.219833 -85.443344 0
0 0

0101101
*
Ve
1e-07
16.219833 -84.974899 0
0 0

0101101
*
Ve
1e-07
14.971758 -84.974899 0
0 0

0101101
*
Ve
1e-07
14.971758 -85.443344 0
0 0

0101101
*
Ve
1e-07
15.307068 -85.443344 0
0 0

0101101
*
Ve
1e-07
15.307068 -87.544144 0
0 0

0101101
*
Ve
1e-07
10.614776 -87.544144 0
0 0

0101101
*
Ve
1e-07
10.614776 -85.443344 0
0 0

0101101
*
Ve
1e-07
10.930373 -85.443344 0
0 0

0101101
*
Ve
1e-07
10.930373 -84.974899 0
0 0

0101101
*
Ve
1e-07
9.532154 -84.974899 0
0 0

0101101
*
Ve
1e-07
9.532154 -79.863739 0
0 0

0101101
*
Ve
1e-07
12.595141 -79.863739 0
0 0

0101101
*
Ve
1e-07
12.595141 -80.517487 0
0 0

0101101
*
Ve
1e-07
12.734459 -80.517487 0
0 0

0101101
*
Ve
1e-07
12.734459 -79.091118 0
0 0

0101101
*
Ve
1e-07
12.595141 -79.091118 0
0 0

0101101
*
Ve
1e-07
12.595141 -79.530457 0
0 0

0101101
*
Ve
1e-07
9.532154 -79.530457 0
0 0

0101101
*
Ve
1e-07
9.532612 -77.2509 0
0 0

0101101
*
Ve
1e-07
11.405829 -77.2509 0
0 0

0101101
*
Ve
1e-07
11.405829 -77.605316 0
0 0

0101101
*
Ve
1e-07
12.595141 -77.605316 0
0 0

0101101
*
Ve
1e-07
12.595141 -78.20665 0
0 0

0101101
*
Ve
1e-07
12.734459 -78.20665 0
0 0

0101101
*
Ve
1e-07
12.734459 -76.060081 0
0 0

0101101
*
Ve
1e-07
12.595141 -76.060081 0
0 0

0101101
*
Ve
1e-07
12.595141 -76.594971 0
0 0

0101101
*
Ve
1e-07
11.405829 -76.594971 0
0 0

0101101
*
Ve
1e-07
11.405829 -76.981277 0
0 0

0101101
*
Ve
1e-07
9.532666 -76.981277 0
0 0

0101101
*
Ve
1e-07
9.532936 -75.639473 0
0 0

0101101
*
Ve
1e-07
10.69508 -75.639473 0
0 0

0101101
*
Ve
1e-07
10.69508 -74.494774 0
0 0

0101101
*
Ve
1e-07
12.595141 -74.494774 0
0 0

0101101
*
Ve
1e-07
12.595141 -75.175209 0
0 0

0101101
*
Ve
1e-07
12.734459 -75.175209 0
0 0

0101101
*
Ve
1e-07
12.734459 -74.306831 0
0 0

0101101
*
Ve
1e-07
10.388301 -74.306831 0
0 0

0101101
*
Ve
1e-07
10.388301 -74.48085 0
0 0

0101101
*
Ve
1e-07
10.490281 -74.48085 0
0 0

0101101
*
Ve
1e-07
10.490281 -75.436043 0
0 0

0101101
*
Ve
1e-07
9.532936 -75.436043 0
0 0

0101101
*
Ve
1e-07
9.532684 -74.481056 0
0 0

0101101
*
Ve
1e-07
9.634644 -74.481056 0
0 0

0101101
*
Ve
1e-07
9.634644 -74.307037 0
0 0

0101101
*
Ve
1e-07
9.532663 -74.307037 0
0 0

0101101
*
Ve
1e-07
9.532154 -72.196991 0
0 0

0101101
*
Ve
1e-07
10.344535 -72.196991 0
0 0

0101101
*
Ve
1e-07
10.344535 -71.721535 0
0 0

0101101
*
Ve
1e-07
10.228761 -71.721535 0
0 0

0101101
*
Ve
1e-07
10.228761 -71.421532 0
0 0

0101101
*
Ve
1e-07
9.928761 -71.421532 0
0 0

0101101
*
Ve
1e-07
9.928761 -71.721535 0
0 0

0101101
*
Ve
1e-07
7.301282 -71.721535 0
0 0

0101101
*
Ve
1e-07
7.301282 -72.196991 0
0 0

0101101
*
Ve
1e-07
9.268418 -72.196991 0
0 0

0101101
*
Ve
1e-07
9.268418 -77.866707 0
0 0

0101101
*
Ve
1e-07
7.969954 -77.866707 0
0 0

0101101
*
Ve
1e-07
7.969954 -75.436043 0
0 0

0101101
*
Ve
1e-07
8.285643 -75.436043 0
0 0

0101101
*
Ve
1e-07
8.285643 -75.257744 0
0 0

0101101
*
Ve
1e-07
5.501836 -75.257744 0
0 0

0101101
*
Ve
1e-07
5.501836 -75.221626 0
0 0

0101101
*
Ve
1e-07
5.343752 -75.221626 0
0 0

0101101
*
Ve
1e-07
5.343752 -75.436043 0
0 0

0101101
*
Ve
1e-07
5.902897 -75.436043 0
0 0

0101101
*
Ve
1e-07
5.902897 -75.531532 0
0 0

0101101
*
Ve
1e-07
6.095979 -75.531532 0
0 0

0101101
*
Ve
1e-07
6.095979 -75.436043 0
0 0

0101101
*
Ve
1e-07
7.678346 -75.436043 0
0 0

0101101
*
Ve
1e-07
7.678346 -76.541565 0
0 0

0101101
*
Ve
1e-07
6.095979 -76.541565 0
0 0

0101101
*
Ve
1e-07
6.095979 -76.448105 0
0 0

0101101
*
Ve
1e-07
5.902897 -76.448105 0
0 0

0101101
*
Ve
1e-07
5.902897 -76.541565 0
0 0

0101101
*
Ve
1e-07
3.889874 -76.541565 0
0 0

0101101
*
Ve
1e-07
3.889874 -79.588219 0
0 0

0101101
*
Ve
1e-07
3.857949 -79.588219 0
0 0

0101101
*
Ve
1e-07
3.857949 -79.952881 0
0 0

0101101
*
Ve
1e-07
4.892698 -79.952881 0
0 0

0101101
*
Ve
1e-07
4.892698 -79.588219 0
0 0

0101101
*
Ve
1e-07
4.241119 -79.588219 0
0 0

0101101
*
Ve
1e-07
4.241119 -76.860626 0
0 0

0101101
*
Ve
1e-07
6.103945 -76.860626 0
0 0

0101101
*
Ve
1e-07
6.103945 -77.902473 0
0 0

0101101
*
Ve
1e-07
5.522048 -77.902473 0
0 0

0101101
*
Ve
1e-07
5.522048 -78.080772 0
0 0

0101101
*
Ve
1e-07
6.103945 -78.080772 0
0 0

0101101
*
Ve
1e-07
6.353539 -78.076645 0
0 0

0101101
*
Ve
1e-07
7.359455 -78.072533 0
0 0

0101101
*
Ve
1e-07
7.359455 -79.588219 0
0 0

0101101
*
Ve
1e-07
5.791705 -79.588219 0
0 0

0101101
*
Ve
1e-07
5.791705 -79.952881 0
0 0

0101101
*
Ve
1e-07
5.942188 -79.952881 0
0 0

0101101
*
Ve
1e-07
5.942188 -80.53698 0
0 0

0101101
*
Ve
1e-07
6.117986 -80.53698 0
0 0

0101101
*
Ve
1e-07
6.117986 -79.952881 0
0 0

0101101
*
Ve
1e-07
7.810186 -79.952881 0
0 0

0101101
*
Ve
1e-07
7.810186 -78.080772 0
0 0

0101101
*
Ve
1e-07
9.268418 -78.080772 0
0 0

0101101
*
Ve
1e-07
9.268418 -81.465607 0
0 0

0101101
*
Ve
1e-07
7.639393 -81.465607 0
0 0

0101101
*
Ve
1e-07
7.639393 -81.683769 0
0 0

0101101
*
Ve
1e-07
9.268418 -81.683769 0
0 0

0101101
*
Ve
1e-07
9.268418 -84.974899 0
0 0

0101101
*
Ve
1e-07
7.364445 -84.974899 0
0 0

0101101
*
Ve
1e-07
7.364445 -85.443344 0
0 0

0101101
*
Ve
1e-07
6.211462 -85.443344 0
0 0

0101101
*
Ve
1e-07
6.211462 -84.974899 0
0 0

0101101
*
Ve
1e-07
6.117986 -84.974899 0
0 0

0101101
*
Ve
1e-07
6.117986 -81.408974 0
0 0

0101101
*
Ve
1e-07
5.942188 -81.408974 0
0 0

0101101
*
Ve
1e-07
5.942188 -84.974899 0
0 0

0101101
*
Ve
1e-07
4.126427 -84.974899 0
0 0

0101101
*
Ve
1e-07
4.126427 -85.443344 0
0 0

0101101
*
Ve
1e-07
3.025899 -85.443344 0
0 0

0101101
*
Ve
1e-07
3.025899 -84.974899 0
0 0

0101101
*
Ve
1e-07
1.594038 -84.974899 0
0 0

0101101
*
Ve
1e-07
1.594038 -85.443344 0
0 0

0101101
*
Ve
1e-07
2.687165 -85.443344 0
0 0

0101101
*
Ve
1e-07
2.687165 -87.544144 0
0 0

0101101
*
Ve
1e-07
-1.015486 -87.544144 0
0 0

0101101
*
Ve
1e-07
-1.015486 -85.443344 0
0 0

0101101
*
Ve
1e-07
-0.361733 -85.443344 0
0 0

0101101
*
Ve
1e-07
-0.361733 -84.974899 0
0 0

0101101
*
Ve
1e-07
-0.540029 -84.974899 0
0 0

0101101
*
Ve
1e-07
-0.540029 -84.388039 0
0 0

0101101
*
Ve
1e-07
-1.015486 -84.388039 0
0 0

0101101
*
Ve
1e-07
-1.015486 -83.301544 0
0 0

0101101
*
Ve
1e-07
-0.540029 -83.301544 0
0 0

0101101
*
Ve
1e-07
-0.540029 -81.977928 0
0 0

0101101
*
Ve
1e-07
-1.015486 -81.977928 0
0 0

0101101
*
Ve
1e-07
-1.015486 -82.587715 0
0 0

0101101
*
Ve
1e-07
-3.037132 -82.587715 0
0 0

0101101
*
Ve
1e-07
-3.067344 -76.741707 0
0 0

0101101
*
Ve
1e-07
-1.015486 -76.741707 0
0 0

0101101
*
Ve
1e-07
-1.015486 -77.541107 0
0 0

0101101
*
Ve
1e-07
-0.540029 -77.541107 0
0 0

0101101
*
Ve
1e-07
-0.540029 -76.067078 0
0 0

0101101
*
Ve
1e-07
-1.015486 -76.067078 0
0 0

0101101
*
Ve
1e-07
-1.015486 -74.69339 0
0 0

0101101
*
Ve
1e-07
-0.540029 -74.69339 0
0 0

0101101
*
Ve
1e-07
-0.540029 -73.953629 0
0 0

0101101
*
Ve
1e-07
-1.015486 -73.953629 0
0 0

0101101
*
Ve
1e-07
-1.015486 -72.853294 0
0 0

0101101
*
Ve
1e-07
-0.540029 -72.853294 0
0 0

0101101
*
Ve
1e-07
-0.540029 -72.196991 0
0 0

0101101
*
Ve
1e-07
2.488267 -72.196991 0
0 0

0101101
*
Ve
1e-07
2.488267 -74.306831 0
0 0

0101101
*
Ve
1e-07
2.63959 -74.306831 0
0 0

0101101
*
Ve
1e-07
2.63959 -72.196991 0
0 0

0101101
*
Ve
1e-07
3.204195 -72.196991 0
0 0

0101101
*
Ve
1e-07
3.204195 -71.721535 0
0 0

0101101
*
Ve
1e-07
-0.586657 -71.721535 0
0 0

0101101
*
Ve
1e-07
-0.586657 -71.421532 0
0 0

0101101
*
Ve
1e-07
-0.886657 -71.421532 0
0 0

0101101
*
Ve
1e-07
-0.886657 -71.721535 0
0 0

0101101
*
Ve
1e-07
-1.015486 -71.721535 0
0 0

0101101
*
Ve
1e-07
-1.015486 -68.708252 0
0 0

0101101
*
Ve
1e-07
0.167783 -68.708252 0
0 0

0101101
*
Ve
1e-07
0.167783 -70.051285 0
0 0

0101101
*
Ve
1e-07
4.47084 -70.051285 0
0 0

0101101
*
Ve
1e-07
4.47084 -70.35128 0
0 0

0101101
*
Ve
1e-07
4.770841 -70.35128 0
0 0

0101101
*
Ve
1e-07
4.770841 -70.051285 0
0 0

0101101
*
Ve
1e-07
5.882743 -70.051285 0
0 0

0101101
*
Ve
1e-07
5.882743 -68.708252 0
0 0

0101101
*
Ve
1e-07
10.228761 -68.708252 0
0 0

0101101
*
Ve
1e-07
10.228761 -69.016655 0
0 0

0101101
*
Ve
1e-07
15.566109 -69.016655 0
0 0

0101101
*
Ve
1e-07
15.566109 -70.034538 0
0 0

0101101
*
Ve
1e-07
15.266109 -70.034538 0
0 0

0101101
*
Ve
1e-07
15.266109 -70.051285 0
0 0

0101101
*
Ve
1e-07
15.266109 -70.35128 0
0 0

0101101
*
Ve
1e-07
15.566109 -70.35128 0
0 0

0101101
*
Ve
1e-07
15.582855 -70.35128 0
0 0

0101101
*
Ve
1e-07
15.582855 -70.051285 0
0 0

0101101
*
Ve
1e-07
20.271152 -70.051285 0
0 0

0101101
*
Ve
1e-07
20.271152 -70.35128 0
0 0

0101101
*
Ve
1e-07
20.287899 -70.35128 0
0 0

0101101
*
Ve
1e-07
20.587898 -70.35128 0
0 0

0101101
*
Ve
1e-07
20.587898 -70.051285 0
0 0

0101101
*
Ve
1e-07
20.587898 -70.034538 0
0 0

0101101
*
Ve
1e-07
20.287899 -70.034538 0
0 0

0101101
*
Ve
1e-07
20.287899 -69.016655 0
0 0

0101101
*
Ve
1e-07
28.017544 -69.016655 0
0 0

0101101
*
Ve
1e-07
28.017544 -70.034538 0
0 0

0101101
*
Ve
1e-07
27.717545 -70.034538 0
0 0

0101101
*
Ve
1e-07
27.717545 -70.051285 0
0 0

0101101
*
Ve
1e-07
27.717545 -70.35128 0
0 0

0101101
*
Ve
1e-07
28.017544 -70.35128 0
0 0

0101101
*
Ve
1e-07
28.03429 -70.35128 0
0 0

0101101
*
Ve
1e-07
28.03429 -70.051285 0
0 0

0101101
*
Ve
1e-07
34.034794 -70.051285 0
0 0

0101101
*
Ve
1e-07
34.034794 -70.35128 0
0 0

0101101
*
Ve
1e-07
34.05154 -70.35128 0
0 0

0101101
*
Ve
1e-07
34.351543 -70.35128 0
0 0

0101101
*
Ve
1e-07
34.351543 -70.051285 0
0 0

0101101
*
Ve
1e-07
34.351543 -70.034538 0
0 0

0101101
*
Ve
1e-07
34.05154 -70.034538 0
0 0

0101101
*
Ve
1e-07
34.05154 -69.016655 0
0 0

0101101
*
Ve
1e-07
39.408653 -69.016655 0
0 0

0101101
*
Ve
1e-07
39.408653 -70.034538 0
0 0

0101101
*
Ve
1e-07
39.108654 -70.034538 0
0 0

0101101
*
Ve
1e-07
39.108654 -70.051285 0
0 0

0101101
*
Ve
1e-07
39.108654 -70.35128 0
0 0

0101101
*
Ve
1e-07
39.408653 -70.35128 0
0 0

0101101
*
Ve
1e-07
39.4254 -70.35128 0
0 0

0101101
*
Ve
1e-07
39.4254 -70.051285 0
0 0

0101101
*
Ve
1e-07
44.384533 -70.051285 0
0 0

0101101
*
Ve
1e-07
44.384533 -70.35128 0
0 0

0101101
*
Ve
1e-07
44.401279 -70.35128 0
0 0

0101101
*
Ve
1e-07
44.701279 -70.35128 0
0 0

0101101
*
Ve
1e-07
44.701279 -70.051285 0
0 0

0101101
*
Ve
1e-07
44.701279 -70.034538 0
0 0

0101101
*
Ve
1e-07
44.401279 -70.034538 0
0 0

0101101
*
Ve
1e-07
44.401279 -69.016655 0
0 0

0101101
*
Ve
1e-07
49.600773 -69.016655 0
0 0

0101101
*
Ve
1e-07
49.600773 -68.693199 0
0 0

0101101
*
Ve
1e-07
53.469471 -68.693199 0
0 0

0101101
*
Ve
1e-07
53.469471 -70.051285 0
0 0

0101101
*
Ve
1e-07
54.803856 -70.051285 0
0 0

0101101
*
Ve
1e-07
54.803856 -70.35128 0
0 0

0101101
*
Ve
1e-07
55.103855 -70.35128 0
0 0

0101101
*
Ve
1e-07
55.103855 -70.051285 0
0 0

0101101
*
Ve
1e-07
59.240692 -70.051285 0
0 0

0101101
*
Ve
1e-07
59.240692 -68.693199 0
0 0

0101101
*
Ve
1e-07
60.379448 -68.693199 0
0 0

0101101
*
Ve
1e-07
60.379448 -71.721535 0
0 0

0101101
*
Ve
1e-07
60.291817 -71.721535 0
0 0

0101101
*
Ve
1e-07
60.291817 -71.421532 0
0 0

0101101
*
Ve
1e-07
59.991814 -71.421532 0
0 0

0101101
*
Ve
1e-07
59.991814 -71.721535 0
0 0

0101101
*
Ve
1e-07
56.619835 -71.721535 0
0 0

0101101
*
Ve
1e-07
56.619835 -72.196991 0
0 0

0101101
*
Ve
1e-07
56.803448 -72.196991 0
0 0

0101101
*
Ve
1e-07
56.803448 -74.158249 0
0 0

0101101
*
Ve
1e-07
56.981743 -74.158249 0
0 0

0101101
*
Ve
1e-07
56.981743 -72.200996 0
0 0

0101101
*
Ve
1e-07
60.015644 -72.196991 0
0 0

0101101
*
Ve
1e-07
60.015644 -72.613014 0
0 0

0101101
*
Ve
1e-07
60.379395 -72.613014 0
0 0

0101101
*
Ve
1e-07
60.379311 -74.046402 0
0 0

0101101
*
Ve
1e-07
60.015644 -74.046402 0
0 0

0101101
*
Ve
1e-07
60.015644 -75.762917 0
0 0

0101101
*
Ve
1e-07
56.986015 -75.762871 0
0 0

0101101
*
Ve
1e-07
56.986015 -75.109123 0
0 0

0101101
*
Ve
1e-07
56.833164 -75.109161 0
0 0

0101101
*
Ve
1e-07
56.833164 -76.565254 0
0 0

0101101
*
Ve
1e-07
56.987072 -76.565208 0
0 0

0101101
*
Ve
1e-07
56.987072 -75.911453 0
0 0

0101101
*
Ve
1e-07
60.015644 -75.911499 0
0 0

0101101
*
Ve
1e-07
60.015644 -77.427017 0
0 0

0101101
*
Ve
1e-07
60.379112 -77.427017 0
0 0

0101101
*
Ve
1e-07
60.379032 -78.800972 0
0 0

0101101
*
Ve
1e-07
60.015644 -78.800972 0
0 0

0101101
*
Ve
1e-07
60.015644 -79.589073 0
0 0

0101101
*
Ve
1e-07
56.991016 -79.589149 0
0 0

0101101
*
Ve
1e-07
56.991016 -78.911819 0
0 0

0101101
*
Ve
1e-07
56.833164 -78.911743 0
0 0

0101101
*
Ve
1e-07
56.833164 -79.68544 0
0 0

0101101
*
Ve
1e-07
56.833164 -79.901672 0
0 0

0101101
*
Ve
1e-07
57.206207 -79.901672 0
0 0

0101101
*
Ve
1e-07
57.206207 -79.737656 0
0 0

0101101
*
Ve
1e-07
60.015644 -79.737656 0
0 0

0101101
*
Ve
1e-07
60.015644 -80.220329 0
0 0

0101101
*
Ve
1e-07
60.378677 -80.220329 0
0 0

0101101
*
Ve
1e-07
60.378979 -79.66391 0
0 0

0101101
*
Ve
1e-07
62.408566 -79.66391 0
0 0

0101101
*
Ve
1e-07
62.408566 -85.443344 0
0 0

0101101
*
Ve
1e-07
60.379448 -85.443344 0
0 0

0101101
*
Ve
1e-07
60.379448 -84.974899 0
0 0

0101101
*
Ve
1e-07
60.378677 -84.60173 0
0 0

0101101
*
Ve
1e-07
60.015644 -84.60173 0
0 0

0101101
*
Ve
1e-07
60.015644 -84.974899 0
0 0

0101101
*
Ve
1e-07
59.24556 -84.974899 0
0 0

0101101
*
Ve
1e-07
59.24556 -85.443344 0
0 0

0101101
*
Ve
1e-07
58.119488 -85.443344 0
0 0

0101101
*
Ve
1e-07
58.119488 -84.974899 0
0 0

0101101
*
Ve
1e-07
56.581264 -84.974899 0
0 0

0101101
*
Ve
1e-07
56.581264 -85.443344 0
0 0

0101101
*
Ve
1e-07
57.306557 -85.443344 0
0 0

0101101
*
Ve
1e-07
57.306557 -87.544144 0
0 0

0101101
*
Ve
1e-07
54.711918 -87.544144 0
0 0

0101101
*
Ve
1e-07
54.711918 -85.443344 0
0 0

0101101
*
Ve
1e-07
55.504471 -85.443344 0
0 0

0101101
*
Ve
1e-07
55.504471 -84.974899 0
0 0

0101101
*
Ve
1e-07
53.919365 -84.974899 0
0 0

0101101
*
Ve
1e-07
53.919365 -85.443344 0
0 0

0101101
*
Ve
1e-07
52.414001 -85.443344 0
0 0

0101101
*
Ve
1e-07
52.414001 -84.974899 0
0 0

0101101
*
Ve
1e-07
51.818459 -84.974899 0
0 0

0101101
*
Ve
1e-07
51.818459 -79.982597 0
0 0

0101101
*
Ve
1e-07
55.504471 -79.982597 0
0 0

0101101
*
Ve
1e-07
55.504471 -79.143021 0
0 0

0101101
*
Ve
1e-07
55.21677 -79.143021 0
0 0

0101101
*
Ve
1e-07
55.21677 -79.525406 0
0 0

0101101
*
Ve
1e-07
52.026047 -79.525406 0
0 0

0101101
*
Ve
1e-07
52.026047 -77.635033 0
0 0

0101101
*
Ve
1e-07
52.948891 -77.635033 0
0 0

0101101
*
Ve
1e-07
52.948891 -77.93219 0
0 0

0101101
*
Ve
1e-07
52.948891 -78.080772 0
0 0

0101101
*
Ve
1e-07
55.228336 -78.080772 0
0 0

0101101
*
Ve
1e-07
55.228336 -78.16713 0
0 0

0101101
*
Ve
1e-07
55.504471 -78.16713 0
0 0

0101101
*
Ve
1e-07
55.504471 -77.93219 0
0 0

0101101
*
Ve
1e-07
53.186619 -77.93219 0
0 0

0101101
*
Ve
1e-07
53.186619 -76.951561 0
0 0

0101101
*
Ve
1e-07
55.504471 -76.951561 0
0 0

0101101
*
Ve
1e-07
55.504471 -76.464058 0
0 0

0101101
*
Ve
1e-07
54.258095 -76.464058 0
0 0

0101101
*
Ve
1e-07
54.258095 -75.285683 0
0 0

0101101
*
Ve
1e-07
55.326176 -75.285683 0
0 0

0101101
*
Ve
1e-07
55.326176 -75.465759 0
0 0

0101101
*
Ve
1e-07
55.504471 -75.465759 0
0 0

0101101
*
Ve
1e-07
55.504471 -75.198311 0
0 0

0101101
*
Ve
1e-07
54.862621 -75.198311 0
0 0

0101101
*
Ve
1e-07
54.862621 -75.081108 0
0 0

0101101
*
Ve
1e-07
54.697071 -75.081108 0
0 0

0101101
*
Ve
1e-07
54.697071 -75.198311 0
0 0

0101101
*
Ve
1e-07
54.05706 -75.198311 0
0 0

0101101
*
Ve
1e-07
54.05706 -76.464058 0
0 0

0101101
*
Ve
1e-07
51.818459 -76.464058 0
0 0

0101101
*
Ve
1e-07
51.818459 -72.196991 0
0 0

0101101
*
Ve
1e-07
52.757877 -72.196991 0
0 0

0101101
*
Ve
1e-07
52.757877 -71.721535 0
0 0

0101101
*
Ve
1e-07
51.225357 -71.721535 0
0 0

0101101
*
Ve
1e-07
51.225357 -72.196991 0
0 0

0101101
*
Ve
1e-07
51.521885 -72.196991 0
0 0

0101101
*
Ve
1e-07
51.521885 -79.566376 0
0 0

0101101
*
Ve
1e-07
50.386547 -79.566376 0
0 0

0101101
*
Ve
1e-07
50.386547 -78.741402 0
0 0

0101101
*
Ve
1e-07
50.241306 -78.741402 0
0 0

0101101
*
Ve
1e-07
50.241306 -79.566376 0
0 0

0101101
*
Ve
1e-07
48.038303 -79.566376 0
0 0

0101101
*
Ve
1e-07
48.038303 -76.738472 0
0 0

0101101
*
Ve
1e-07
50.241306 -76.738472 0
0 0

0101101
*
Ve
1e-07
50.241306 -77.921211 0
0 0

0101101
*
Ve
1e-07
50.386547 -77.921211 0
0 0

0101101
*
Ve
1e-07
50.386547 -76.599098 0
0 0

0101101
*
Ve
1e-07
48.038303 -76.599098 0
0 0

0101101
*
Ve
1e-07
48.038303 -72.196991 0
0 0

0101101
*
Ve
1e-07
48.134888 -72.196991 0
0 0

0101101
*
Ve
1e-07
48.134888 -71.721535 0
0 0

0101101
*
Ve
1e-07
46.538486 -71.721535 0
0 0

0101101
*
Ve
1e-07
46.538486 -72.196991 0
0 0

0101101
*
Ve
1e-07
47.718864 -72.196991 0
0 0

0101101
*
Ve
1e-07
47.718864 -76.599098 0
0 0

0101101
*
Ve
1e-07
44.752888 -76.599098 0
0 0

0101101
*
Ve
1e-07
44.752888 -75.346893 0
0 0

0101101
*
Ve
1e-07
44.568958 -75.346893 0
0 0

0101101
*
Ve
1e-07
44.568958 -76.738472 0
0 0

0101101
*
Ve
1e-07
46.505215 -76.738472 0
0 0

0101101
*
Ve
1e-07
46.505215 -77.783607 0
0 0

0101101
*
Ve
1e-07
47.718864 -77.783607 0
0 0

0101101
*
Ve
1e-07
47.718864 -79.566376 0
0 0

0101101
*
Ve
1e-07
46.792656 -79.566376 0
0 0

0101101
*
Ve
1e-07
46.792656 -79.92421 0
0 0

0101101
*
Ve
1e-07
47.718864 -79.92421 0
0 0

0101101
*
Ve
1e-07
47.718864 -80.615654 0
0 0

0101101
*
Ve
1e-07
48.038303 -80.615654 0
0 0

0101101
*
Ve
1e-07
48.038303 -79.92421 0
0 0

0101101
*
Ve
1e-07
51.521885 -79.92421 0
0 0

0101101
*
Ve
1e-07
51.521885 -84.974899 0
0 0

0101101
*
Ve
1e-07
50.718166 -84.974899 0
0 0

0101101
*
Ve
1e-07
50.718166 -85.443344 0
0 0

0101101
*
Ve
1e-07
51.082821 -85.443344 0
0 0

0101101
*
Ve
1e-07
51.082821 -87.544144 0
0 0

0101101
*
Ve
1e-07
48.436508 -87.544144 0
0 0

0101101
*
Ve
1e-07
48.436508 -85.443344 0
0 0

0101101
*
Ve
1e-07
48.72921 -85.443344 0
0 0

0101101
*
Ve
1e-07
48.72921 -84.974899 0
0 0

0101101
*
Ve
1e-07
48.017818 -84.974899 0
0 0

0101101
*
Ve
1e-07
48.017818 -81.498116 0
0 0

0101101
*
Ve
1e-07
47.748581 -81.498116 0
0 0

0101101
*
Ve
1e-07
47.748581 -84.974899 0
0 0

0101101
*
Ve
1e-07
47.141701 -84.974899 0
0 0

0101101
*
Ve
1e-07
47.141701 -85.443344 0
0 0

0101101
*
Ve
1e-07
47.401142 -85.443344 0
0 0

0101101
*
Ve
1e-07
47.401142 -87.555321 0
0 0

0101101
*
Ve
1e-07
43.229332 -87.555321 0
0 0

0101101
*
Ve
1e-07
43.229332 -85.443344 0
0 0

0101101
*
Ve
1e-07
43.320885 -85.443344 0
0 0

0101101
*
Ve
1e-07
43.320885 -84.974899 0
0 0

0101101
*
Ve
1e-07
41.412224 -84.974899 0
0 0

0101101
*
Ve
1e-07
41.412224 -85.444069 0
0 0

0101101
*
Ve
1e-07
39.998528 -85.444641 0
0 0

0101101
*
Ve
1e-07
39.998528 -84.974899 0
0 0

0101101
*
Ve
1e-07
39.338932 -84.974899 0
0 0

0101101
*
Ve
1e-07
39.338932 -79.677895 0
0 0

0101101
*
Ve
1e-07
41.759754 -79.677895 0
0 0

0101101
*
Ve
1e-07
41.759754 -79.834023 0
0 0

0101101
*
Ve
1e-07
42.869427 -79.834023 0
0 0

0101101
*
Ve
1e-07
42.869427 -78.556229 0
0 0

0101101
*
Ve
1e-07
42.726562 -78.556229 0
0 0

0101101
*
Ve
1e-07
42.726562 -79.516167 0
0 0

0101101
*
Ve
1e-07
39.456127 -79.516167 0
0 0

0101101
*
Ve
1e-07
39.456127 -76.783813 0
0 0

0101101
*
Ve
1e-07
40.603165 -76.783813 0
0 0

0101101
*
Ve
1e-07
40.603165 -77.217667 0
0 0

0101101
*
Ve
1e-07
41.639355 -77.217667 0
0 0

0101101
*
Ve
1e-07
41.639355 -77.545883 0
0 0

0101101
*
Ve
1e-07
42.845428 -77.545883 0
0 0

0101101
*
Ve
1e-07
42.845428 -76.553436 0
0 0

0101101
*
Ve
1e-07
41.641926 -76.553436 0
0 0

0101101
*
Ve
1e-07
41.64064 -76.783813 0
0 0

0101101
*
Ve
1e-07
40.869633 -76.783813 0
0 0

0101101
*
Ve
1e-07
40.869633 -75.554909 0
0 0

0101101
*
Ve
1e-07
42.845585 -75.554909 0
0 0

0101101
*
Ve
1e-07
42.845585 -74.158249 0
0 0

0101101
*
Ve
1e-07
42.726562 -74.158249 0
0 0

0101101
*
Ve
1e-07
42.726562 -75.346893 0
0 0

0101101
*
Ve
1e-07
40.527576 -75.346893 0
0 0

0101101
*
Ve
1e-07
40.527576 -76.594971 0
0 0

0101101
*
Ve
1e-07
39.338932 -76.594971 0
0 0

0101101
*
Ve
1e-07
39.338932 -72.196991 0
0 0

0101101
*
Ve
1e-07
39.514572 -72.196991 0
0 0

0101101
*
Ve
1e-07
39.514572 -71.721535 0
0 0

0101101
*
Ve
1e-07
39.408653 -71.721535 0
0 0

0101101
*
Ve
1e-07
39.408653 -71.421532 0
0 0

0101101
*
Ve
1e-07
39.108654 -71.421532 0
0 0

0101101
*
Ve
1e-07
39.108654 -71.721535 0
0 0

0101101
*
Ve
1e-07
38.791893 -71.721535 0
0 0

0101101
*
Ve
1e-07
38.791893 -72.196991 0
0 0

0101101
*
Ve
1e-07
39.044239 -72.196991 0
0 0

0101101
*
Ve
1e-07
39.044239 -79.683449 0
0 0

0101101
*
Ve
1e-07
38.919224 -79.683449 0
0 0

0101101
*
Ve
1e-07
38.919224 -79.863739 0
0 0

0101101
*
Ve
1e-07
39.044239 -79.863739 0
0 0

0101101
*
Ve
1e-07
39.044239 -84.974899 0
0 0

0101101
*
Ve
1e-07
38.506882 -84.974899 0
0 0

0101101
*
Ve
1e-07
38.506882 -85.445244 0
0 0

0101101
*
Ve
1e-07
36.902214 -85.445892 0
0 0

0101101
*
Ve
1e-07
36.902214 -84.974899 0
0 0

0101101
*
Ve
1e-07
36.129597 -84.974899 0
0 0

0101101
*
Ve
1e-07
36.129597 -85.443344 0
0 0

0101101
*
Ve
1e-07
36.562099 -85.446022 0
0 0

0101101
*
Ve
1e-07
36.562099 -87.544144 0
0 0

0101101
*
Ve
1e-07
32.929993 -87.544144 0
0 0

0101101
*
Ve
1e-07
32.92646 -85.44603 0
0 0

0101101
*
Ve
1e-07
34.524929 -85.443344 0
0 0

0101101
*
Ve
1e-07
34.524929 -84.974899 0
0 0

0101101
*
Ve
1e-07
33.276855 -84.974899 0
0 0

0101101
*
Ve
1e-07
33.276855 -79.863739 0
0 0

0101101
*
Ve
1e-07
38.031425 -79.863739 0
0 0

0101101
*
Ve
1e-07
38.031425 -79.683449 0
0 0

0101101
*
Ve
1e-07
37.85313 -79.683449 0
0 0

0101101
*
Ve
1e-07
37.85313 -79.091118 0
0 0

0101101
*
Ve
1e-07
37.674831 -79.091118 0
0 0

0101101
*
Ve
1e-07
37.674831 -79.536858 0
0 0

0101101
*
Ve
1e-07
36.68293 -79.536858 0
0 0

0101101
*
Ve
1e-07
36.68293 -79.739662 0
0 0

0101101
*
Ve
1e-07
34.732941 -79.739662 0
0 0

0101101
*
Ve
1e-07
34.732941 -76.868149 0
0 0

0101101
*
Ve
1e-07
36.551609 -76.868149 0
0 0

0101101
*
Ve
1e-07
36.551609 -78.229355 0
0 0

0101101
*
Ve
1e-07
36.694202 -78.229355 0
0 0

0101101
*
Ve
1e-07
36.694202 -77.601173 0
0 0

0101101
*
Ve
1e-07
37.763329 -77.601173 0
0 0

0101101
*
Ve
1e-07
37.763329 -78.202896 0
0 0

0101101
*
Ve
1e-07
37.882847 -78.202896 0
0 0

0101101
*
Ve
1e-07
37.882847 -76.592049 0
0 0

0101101
*
Ve
1e-07
37.001488 -76.592049 0
0 0

0101101
*
Ve
1e-07
37.001488 -76.49424 0
0 0

0101101
*
Ve
1e-07
36.864456 -76.49424 0
0 0

0101101
*
Ve
1e-07
36.864456 -76.592049 0
0 0

0101101
*
Ve
1e-07
22.757578 -77.579369 0
0 0

0101101
*
Ve
1e-07
22.762196 -76.921844 0
0 0

0101101
*
Ve
1e-07
22.767023 -76.594971 0
0 0

0101101
*
Ve
1e-07
21.512907 -76.594971 0
0 0

0101101
*
Ve
1e-07
21.512907 -76.921844 0
0 0

0101101
*
Ve
1e-07
21.512907 -77.579369 0
0 0

0101101
*
Ve
1e-07
41.110767 -72.196991 0
0 0

0101101
*
Ve
1e-07
42.726562 -72.196991 0
0 0

0101101
*
Ve
1e-07
42.726562 -73.266769 0
0 0

0101101
*
Ve
1e-07
42.845428 -73.266769 0
0 0

0101101
*
Ve
1e-07
42.845428 -72.196991 0
0 0

0101101
*
Ve
1e-07
43.017559 -72.196991 0
0 0

0101101
*
Ve
1e-07
43.017559 -71.721535 0
0 0

0101101
*
Ve
1e-07
41.110767 -71.721535 0
0 0

0101101
*
Ve
1e-07
36.248463 -72.196991 0
0 0

0101101
*
Ve
1e-07
36.783352 -72.196991 0
0 0

0101101
*
Ve
1e-07
36.783352 -75.584625 0
0 0

0101101
*
Ve
1e-07
36.961647 -75.584625 0
0 0

0101101
*
Ve
1e-07
36.961647 -72.196991 0
0 0

0101101
*
Ve
1e-07
37.737995 -72.196991 0
0 0

0101101
*
Ve
1e-07
37.737995 -71.721535 0
0 0

0101101
*
Ve
1e-07
36.248463 -71.721535 0
0 0

0101101
*
Ve
1e-07
11.359115 -72.196991 0
0 0

0101101
*
Ve
1e-07
13.069929 -72.198624 0
0 0

0101101
*
Ve
1e-07
13.069929 -71.721535 0
0 0

0101101
*
Ve
1e-07
11.359115 -71.721535 0
0 0

0101101
*
Ve
1e-07
23.912443 -72.196991 0
0 0

0101101
*
Ve
1e-07
23.912443 -71.721535 0
0 0

0101101
*
Ve
1e-07
23.232824 -71.721535 0
0 0

0101101
*
Ve
1e-07
23.240368 -72.196991 0
0 0

0101101
*
Ve
1e-07
23.247911 -74.049294 0
0 0

0101101
*
Ve
1e-07
23.411121 -74.049294 0
0 0

0101101
*
Ve
1e-07
23.411121 -72.196991 0
0 0

0101101
*
Ve
1e-07
31.025448 -72.196991 0
0 0

0101101
*
Ve
1e-07
31.557053 -72.196991 0
0 0

0101101
*
Ve
1e-07
31.557053 -71.721535 0
0 0

0101101
*
Ve
1e-07
31.025448 -71.721535 0
0 0

0101101
*
Ve
1e-07
15.566109 -71.721535 0
0 0

0101101
*
Ve
1e-07
15.566109 -71.421532 0
0 0

0101101
*
Ve
1e-07
15.266109 -71.421532 0
0 0

0101101
*
Ve
1e-07
15.266109 -71.721535 0
0 0

0101101
*
Ve
1e-07
14.674597 -71.721535 0
0 0

0101101
*
Ve
1e-07
14.674597 -72.200256 0
0 0

0101101
*
Ve
1e-07
15.566109 -72.196991 0
0 0

0101101
*
Ve
1e-07
55.103855 -71.721535 0
0 0

0101101
*
Ve
1e-07
55.103855 -71.421532 0
0 0

0101101
*
Ve
1e-07
54.803856 -71.421532 0
0 0

0101101
*
Ve
1e-07
54.803856 -71.721535 0
0 0

0101101
*
Ve
1e-07
53.849079 -71.721535 0
0 0

0101101
*
Ve
1e-07
53.849079 -72.196991 0
0 0

0101101
*
Ve
1e-07
54.697071 -72.196991 0
0 0

0101101
*
Ve
1e-07
54.697071 -74.158249 0
0 0

0101101
*
Ve
1e-07
54.862152 -74.158249 0
0 0

0101101
*
Ve
1e-07
54.862152 -72.196991 0
0 0

0101101
*
Ve
1e-07
55.613781 -72.196991 0
0 0

0101101
*
Ve
1e-07
55.613781 -71.721535 0
0 0

0101101
*
Ve
1e-07
25.102234 -84.974899 0
0 0

0101101
*
Ve
1e-07
24.362034 -84.974899 0
0 0

0101101
*
Ve
1e-07
24.362034 -85.443344 0
0 0

0101101
*
Ve
1e-07
25.102234 -85.443344 0
0 0

0101101
*
Ve
1e-07
45.519875 -84.974899 0
0 0

0101101
*
Ve
1e-07
44.932568 -84.974899 0
0 0

0101101
*
Ve
1e-07
44.932568 -85.443344 0
0 0

0101101
*
Ve
1e-07
45.519875 -85.443344 0
0 0

0101101
*
Ve
1e-07
19.782768 -79.68544 0
0 0

0101101
*
Ve
1e-07
19.782768 -79.872536 0
0 0

0101101
*
Ve
1e-07
20.498945 -79.872536 0
0 0

0101101
*
Ve
1e-07
20.498945 -83.251366 0
0 0

0101101
*
Ve
1e-07
20.677242 -83.251366 0
0 0

0101101
*
Ve
1e-07
20.677242 -79.872536 0
0 0

0101101
*
Ve
1e-07
23.035023 -79.872536 0
0 0

0101101
*
Ve
1e-07
23.035023 -79.68544 0
0 0

0101101
*
Ve
1e-07
19.960878 -79.68544 0
0 0

0101101
*
Ve
1e-07
19.960878 -75.88662 0
0 0

0101101
*
Ve
1e-07
20.697495 -75.88662 0
0 0

0101101
*
Ve
1e-07
20.697495 -75.525177 0
0 0

0101101
*
Ve
1e-07
20.468529 -75.525177 0
0 0

0101101
*
Ve
1e-07
20.468529 -75.703484 0
0 0

0101101
*
Ve
1e-07
19.785761 -75.703484 0
0 0

0101101
*
Ve
1e-07
12.352914 -84.974899 0
0 0

0101101
*
Ve
1e-07
12.352914 -85.443344 0
0 0

0101101
*
Ve
1e-07
13.069929 -85.443344 0
0 0

0101101
*
Ve
1e-07
13.069929 -84.974899 0
0 0

0101101
*
Ve
1e-07
12.734459 -84.974899 0
0 0

0101101
*
Ve
1e-07
12.734459 -81.408974 0
0 0

0101101
*
Ve
1e-07
12.595141 -81.408974 0
0 0

0101101
*
Ve
1e-07
12.595141 -84.974899 0
0 0

0101101
*
Ve
1e-07
2.122954 -77.443161 0
0 0

0101101
*
Ve
1e-07
2.554407 -77.443161 0
0 0

0101101
*
Ve
1e-07
2.554407 -76.567436 0
0 0

0101101
*
Ve
1e-07
2.122954 -76.567436 0
0 0

0101101
*
Ve
1e-07
2.122954 -79.952881 0
0 0

0101101
*
Ve
1e-07
2.551263 -79.952881 0
0 0

0101101
*
Ve
1e-07
2.551263 -79.571838 0
0 0

0101101
*
Ve
1e-07
2.122954 -79.571838 0
0 0

0101101
*
Ve
1e-07
-1.015486 -80.021614 0
0 0

0101101
*
Ve
1e-07
-0.540029 -80.021614 0
0 0

0101101
*
Ve
1e-07
-0.540029 -78.585945 0
0 0

0101101
*
Ve
1e-07
-1.015486 -78.585945 0
0 0

0101101
*
Ve
1e-07
-0.886657 -70.35128 0
0 0

0101101
*
Ve
1e-07
-0.586657 -70.35128 0
0 0

0101101
*
Ve
1e-07
-0.586657 -70.051285 0
0 0

0101101
*
Ve
1e-07
-0.886657 -70.051285 0
0 0

0101101
*
Ve
1e-07
9.928761 -70.35128 0
0 0

0101101
*
Ve
1e-07
10.228761 -70.35128 0
0 0

0101101
*
Ve
1e-07
10.228761 -70.051285 0
0 0

0101101
*
Ve
1e-07
9.928761 -70.051285 0
0 0

0101101
*
Ve
1e-07
25.279507 -70.35128 0
0 0

0101101
*
Ve
1e-07
25.579506 -70.35128 0
0 0

0101101
*
Ve
1e-07
25.579506 -70.051285 0
0 0

0101101
*
Ve
1e-07
25.279507 -70.051285 0
0 0

0101101
*
Ve
1e-07
49.600773 -70.35128 0
0 0

0101101
*
Ve
1e-07
49.900772 -70.35128 0
0 0

0101101
*
Ve
1e-07
49.900772 -70.051285 0
0 0

0101101
*
Ve
1e-07
49.600773 -70.051285 0
0 0

0101101
*
Ve
1e-07
59.991814 -70.35128 0
0 0

0101101
*
Ve
1e-07
60.291817 -70.35128 0
0 0

0101101
*
Ve
1e-07
60.291817 -70.051285 0
0 0

0101101
*
Ve
1e-07
59.991814 -70.051285 0
0 0

0101101
*
Ve
1e-07
4.770841 -71.721535 0
0 0

0101101
*
Ve
1e-07
4.770841 -71.421532 0
0 0

0101101
*
Ve
1e-07
4.47084 -71.421532 0
0 0

0101101
*
Ve
1e-07
4.47084 -71.721535 0
0 0

0101101
*
Ve
1e-07
4.214542 -71.721535 0
0 0

0101101
*
Ve
1e-07
4.214542 -72.196991 0
0 0

0101101
*
Ve
1e-07
5.343752 -72.196991 0
0 0

0101101
*
Ve
1e-07
5.343752 -74.290237 0
0 0

0101101
*
Ve
1e-07
5.501836 -74.290237 0
0 0

0101101
*
Ve
1e-07
5.501836 -72.196991 0
0 0

0101101
*
Ve
1e-07
6.167096 -72.196991 0
0 0

0101101
*
Ve
1e-07
6.167096 -71.721535 0
0 0

0101101
*
Ve
1e-07
20.587898 -71.721535 0
0 0

0101101
*
Ve
1e-07
20.587898 -71.421532 0
0 0

0101101
*
Ve
1e-07
20.287899 -71.421532 0
0 0

0101101
*
Ve
1e-07
20.287899 -71.721535 0
0 0

0101101
*
Ve
1e-07
19.202501 -71.721535 0
0 0

0101101
*
Ve
1e-07
19.202501 -72.196991 0
0 0

0101101
*
Ve
1e-07
20.528662 -72.197014 0
0 0

0101101
*
Ve
1e-07
20.528662 -74.643616 0
0 0

0101101
*
Ve
1e-07
20.677242 -74.643616 0
0 0

0101101
*
Ve
1e-07
20.677242 -72.197014 0
0 0

0101101
*
Ve
1e-07
20.922609 -72.196991 0
0 0

0101101
*
Ve
1e-07
20.922609 -71.721535 0
0 0

0101101
*
Ve
1e-07
44.701279 -71.721535 0
0 0

0101101
*
Ve
1e-07
44.701279 -71.421532 0
0 0

0101101
*
Ve
1e-07
44.401279 -71.421532 0
0 0

0101101
*
Ve
1e-07
44.401279 -71.721535 0
0 0

0101101
*
Ve
1e-07
44.034069 -71.721535 0
0 0

0101101
*
Ve
1e-07
44.034069 -72.196991 0
0 0

0101101
*
Ve
1e-07
44.568958 -72.196991 0
0 0

0101101
*
Ve
1e-07
44.568958 -74.508751 0
0 0

0101101
*
Ve
1e-07
44.714375 -74.508751 0
0 0

0101101
*
Ve
1e-07
44.714375 -72.196991 0
0 0

0101101
*
Ve
1e-07
45.16328 -72.196991 0
0 0

0101101
*
Ve
1e-07
45.16328 -71.721535 0
0 0

0101101
*
Ve
1e-07
49.900772 -71.721535 0
0 0

0101101
*
Ve
1e-07
49.900772 -71.421532 0
0 0

0101101
*
Ve
1e-07
49.600773 -71.421532 0
0 0

0101101
*
Ve
1e-07
49.600773 -71.721535 0
0 0

0101101
*
Ve
1e-07
49.474831 -71.721535 0
0 0

0101101
*
Ve
1e-07
49.474831 -72.196991 0
0 0

0101101
*
Ve
1e-07
50.215012 -72.196991 0
0 0

0101101
*
Ve
1e-07
50.215012 -71.721535 0
0 0

0101101
*
Ve
1e-07
60.015644 -82.122154 0
0 0

0101101
*
Ve
1e-07
60.015644 -82.709465 0
0 0

0101101
*
Ve
1e-07
60.378677 -82.709465 0
0 0

0101101
*
Ve
1e-07
60.378677 -82.122154 0
0 0

0101101
*
Ve
1e-07
56.803448 -77.446831 0
0 0

0101101
*
Ve
1e-07
56.803448 -77.974884 0
0 0

0101101
*
Ve
1e-07
56.989017 -77.974907 0
0 0

0101101
*
Ve
1e-07
56.989017 -77.446846 0
0 0

0101101
*
Co

0100000
+6781 0 +6780 0 +6779 0 +6778 0 +6777 0 +6776 0 +6775 0 +6774 0 +6773 0 +6772 0 
+6771 0 +6770 0 +6769 0 +6768 0 +6767 0 +6766 0 +6765 0 +6764 0 +6763 0 +6762 0 
+6761 0 +6760 0 +6759 0 +6758 0 +6757 0 +6756 0 +6755 0 +6754 0 +6753 0 +6752 0 
+6751 0 +6750 0 +6749 0 +6748 0 +6747 0 +6746 0 +6745 0 +6744 0 +6743 0 +6742 0 
+6741 0 +6740 0 +6739 0 +6738 0 +6737 0 +6736 0 +6735 0 +6734 0 +6733 0 +6732 0 
+6731 0 +6730 0 +6729 0 +6728 0 +6727 0 +6726 0 +6725 0 +6724 0 +6723 0 +6722 0 
+6721 0 +6720 0 +6719 0 +6718 0 +6717 0 +6716 0 +6715 0 +6714 0 +6713 0 +6712 0 
+6711 0 +6710 0 +6709 0 +6708 0 +6707 0 +6706 0 +6705 0 +6704 0 +6703 0 +6702 0 
+6701 0 +6700 0 +6699 0 +6698 0 +6697 0 +6696 0 +6695 0 +6694 0 +6693 0 +6692 0 
+6691 0 +6690 0 +6689 0 +6688 0 +6687 0 +6686 0 +6685 0 +6684 0 +6683 0 +6682 0 
+6681 0 +6680 0 +6679 0 +6678 0 +6677 0 +6676 0 +6675 0 +6674 0 +6673 0 +6672 0 
+6671 0 +6670 0 +6669 0 +6668 0 +6667 0 +6666 0 +6665 0 +6664 0 +6663 0 +6662 0 
+6661 0 +6660 0 +6659 0 +6658 0 +6657 0 +6656 0 +6655 0 +6654 0 +6653 0 +6652 0 
+6651 0 +6650 0 +6649 0 +6648 0 +6647 0 +6646 0 +6645 0 +6644 0 +6643 0 +6642 0 
+6641 0 +6640 0 +6639 0 +6638 0 +6637 0 +6636 0 +6635 0 +6634 0 +6633 0 +6632 0 
+6631 0 +6630 0 +6629 0 +6628 0 +6627 0 +6626 0 +6625 0 +6624 0 +6623 0 +6622 0 
+6621 0 +6620 0 +6619 0 +6618 0 +6617 0 +6616 0 +6615 0 +6614 0 +6613 0 +6612 0 
+6611 0 +6610 0 +6609 0 +6608 0 +6607 0 +6606 0 +6605 0 +6604 0 +6603 0 +6602 0 
+6601 0 +6600 0 +6599 0 +6598 0 +6597 0 +6596 0 +6595 0 +6594 0 +6593 0 +6592 0 
+6591 0 +6590 0 +6589 0 +6588 0 +6587 0 +6586 0 +6585 0 +6584 0 +6583 0 +6582 0 
+6581 0 +6580 0 +6579 0 +6578 0 +6577 0 +6576 0 +6575 0 +6574 0 +6573 0 +6572 0 
+6571 0 +6570 0 +6569 0 +6568 0 +6567 0 +6566 0 +6565 0 +6564 0 +6563 0 +6562 0 
+6561 0 +6560 0 +6559 0 +6558 0 +6557 0 +6556 0 +6555 0 +6554 0 +6553 0 +6552 0 
+6551 0 +6550 0 +6549 0 +6548 0 +6547 0 +6546 0 +6545 0 +6544 0 +6543 0 +6542 0 
+6541 0 +6540 0 +6539 0 +6538 0 +6537 0 +6536 0 +6535 0 +6534 0 +6533 0 +6532 0 
+6531 0 +6530 0 +6529 0 +6528 0 +6527 0 +6526 0 +6525 0 +6524 0 +6523 0 +6522 0 
+6521 0 +6520 0 +6519 0 +6518 0 +6517 0 +6516 0 +6515 0 +6514 0 +6513 0 +6512 0 
+6511 0 +6510 0 +6509 0 +6508 0 +6507 0 +6506 0 +6505 0 +6504 0 +6503 0 +6502 0 
+6501 0 +6500 0 +6499 0 +6498 0 +6497 0 +6496 0 +6495 0 +6494 0 +6493 0 +6492 0 
+6491 0 +6490 0 +6489 0 +6488 0 +6487 0 +6486 0 +6485 0 +6484 0 +6483 0 +6482 0 
+6481 0 +6480 0 +6479 0 +6478 0 +6477 0 +6476 0 +6475 0 +6474 0 +6473 0 +6472 0 
+6471 0 +6470 0 +6469 0 +6468 0 +6467 0 +6466 0 +6465 0 +6464 0 +6463 0 +6462 0 
+6461 0 +6460 0 +6459 0 +6458 0 +6457 0 +6456 0 +6455 0 +6454 0 +6453 0 +6452 0 
+6451 0 +6450 0 +6449 0 +6448 0 +6447 0 +6446 0 +6445 0 +6444 0 +6443 0 +6442 0 
+6441 0 +6440 0 +6439 0 +6438 0 +6437 0 +6436 0 +6435 0 +6434 0 +6433 0 +6432 0 
+6431 0 +6430 0 +6429 0 +6428 0 +6427 0 +6426 0 +6425 0 +6424 0 +6423 0 +6422 0 
+6421 0 +6420 0 +6419 0 +6418 0 +6417 0 +6416 0 +6415 0 +6414 0 +6413 0 +6412 0 
+6411 0 +6410 0 +6409 0 +6408 0 +6407 0 +6406 0 +6405 0 +6404 0 +6403 0 +6402 0 
+6401 0 +6400 0 +6399 0 +6398 0 +6397 0 +6396 0 +6395 0 +6394 0 +6393 0 +6392 0 
+6391 0 +6390 0 +6389 0 +6388 0 +6387 0 +6386 0 +6385 0 +6384 0 +6383 0 +6382 0 
+6381 0 +6380 0 +6379 0 +6378 0 +6377 0 +6376 0 +6375 0 +6374 0 +6373 0 +6372 0 
+6371 0 +6370 0 +6369 0 +6368 0 +6367 0 +6366 0 +6365 0 +6364 0 +6363 0 +6362 0 
+6361 0 +6360 0 +6359 0 +6358 0 +6357 0 +6356 0 +6355 0 +6354 0 +6353 0 +6352 0 
+6351 0 +6350 0 +6349 0 +6348 0 +6347 0 +6346 0 +6345 0 +6344 0 +6343 0 +6342 0 
+6341 0 +6340 0 +6339 0 +6338 0 +6337 0 +6336 0 +6335 0 +6334 0 +6333 0 +6332 0 
+6331 0 +6330 0 +6329 0 +6328 0 +6327 0 +6326 0 +6325 0 +6324 0 +6323 0 +6322 0 
+6321 0 +6320 0 +6319 0 +6318 0 +6317 0 +6316 0 +6315 0 +6314 0 +6313 0 +6312 0 
+6311 0 +6310 0 +6309 0 +6308 0 +6307 0 +6306 0 +6305 0 +6304 0 +6303 0 +6302 0 
+6301 0 +6300 0 +6299 0 +6298 0 +6297 0 +6296 0 +6295 0 +6294 0 +6293 0 +6292 0 
+6291 0 +6290 0 +6289 0 +6288 0 +6287 0 +6286 0 +6285 0 +6284 0 +6283 0 +6282 0 
+6281 0 +6280 0 +6279 0 +6278 0 +6277 0 +6276 0 +6275 0 +6274 0 +6273 0 +6272 0 
+6271 0 +6270 0 +6269 0 +6268 0 +6267 0 +6266 0 +6265 0 +6264 0 +6263 0 +6262 0 
+6261 0 +6260 0 +6259 0 +6258 0 +6257 0 +6256 0 +6255 0 +6254 0 +6253 0 +6252 0 
+6251 0 +6250 0 +6249 0 +6248 0 +6247 0 +6246 0 +6245 0 +6244 0 +6243 0 +6242 0 
+6241 0 +6240 0 +6239 0 +6238 0 +6237 0 +6236 0 +6235 0 +6234 0 +6233 0 +6232 0 
+6231 0 +6230 0 +6229 0 +6228 0 +6227 0 +6226 0 +6225 0 +6224 0 +6223 0 +6222 0 
+6221 0 +6220 0 +6219 0 +6218 0 +6217 0 +6216 0 +6215 0 +6214 0 +6213 0 +6212 0 
+6211 0 +6210 0 +6209 0 +6208 0 +6207 0 +6206 0 +6205 0 +6204 0 +6203 0 +6202 0 
+6201 0 +6200 0 +6199 0 +6198 0 +6197 0 +6196 0 +6195 0 +6194 0 +6193 0 +6192 0 
+6191 0 +6190 0 +6189 0 +6188 0 +6187 0 +6186 0 +6185 0 +6184 0 +6183 0 +6182 0 
+6181 0 +6180 0 +6179 0 +6178 0 +6177 0 +6176 0 +6175 0 +6174 0 +6173 0 +6172 0 
+6171 0 +6170 0 +6169 0 +6168 0 +6167 0 +6166 0 +6165 0 +6164 0 +6163 0 +6162 0 
+6161 0 +6160 0 +6159 0 +6158 0 +6157 0 +6156 0 +6155 0 +6154 0 +6153 0 +6152 0 
+6151 0 +6150 0 +6149 0 +6148 0 +6147 0 +6146 0 +6145 0 +6144 0 +6143 0 +6142 0 
+6141 0 +6140 0 +6139 0 +6138 0 +6137 0 +6136 0 +6135 0 +6134 0 +6133 0 +6132 0 
+6131 0 +6130 0 +6129 0 +6128 0 +6127 0 +6126 0 +6125 0 +6124 0 +6123 0 +6122 0 
+6121 0 +6120 0 +6119 0 +6118 0 +6117 0 +6116 0 +6115 0 +6114 0 +6113 0 +6112 0 
+6111 0 +6110 0 +6109 0 +6108 0 +6107 0 +6106 0 +6105 0 +6104 0 +6103 0 +6102 0 
+6101 0 +6100 0 +6099 0 +6098 0 +6097 0 +6096 0 +6095 0 +6094 0 +6093 0 +6092 0 
+6091 0 +6090 0 +6089 0 +6088 0 +6087 0 +6086 0 +6085 0 +6084 0 +6083 0 +6082 0 
+6081 0 +6080 0 +6079 0 +6078 0 +6077 0 +6076 0 +6075 0 +6074 0 +6073 0 +6072 0 
+6071 0 +6070 0 +6069 0 +6068 0 +6067 0 +6066 0 +6065 0 +6064 0 +6063 0 +6062 0 
+6061 0 +6060 0 +6059 0 +6058 0 +6057 0 +6056 0 +6055 0 +6054 0 +6053 0 +6052 0 
+6051 0 +6050 0 +6049 0 +6048 0 +6047 0 +6046 0 +6045 0 +6044 0 +6043 0 +6042 0 
+6041 0 +6040 0 +6039 0 +6038 0 +6037 0 +6036 0 +6035 0 +6034 0 +6033 0 +6032 0 
+6031 0 +6030 0 +6029 0 +6028 0 +6027 0 +6026 0 +6025 0 +6024 0 +6023 0 +6022 0 
+6021 0 +6020 0 +6019 0 +6018 0 +6017 0 +6016 0 +6015 0 +6014 0 +6013 0 +6012 0 
+6011 0 +6010 0 +6009 0 +6008 0 +6007 0 +6006 0 *
Ve
1e-07
-0.886657 -70.051285 0
0 0

0101101
*
Ve
1e-07
-1.015486 -68.708252 0
0 0

0101101
*
Ed
 1e-07 1 1 0
1  1 0 0 1.34919774322742
2  1 1 0 0 1.34919774322742
0

0101000
+6004 0 -6003 0 *
Ve
1e-07
-0.586657 -70.051285 0
0 0

0101101
*
Ed
 1e-07 1 1 0
1  2 0 0 1.40983401516986
2  2 1 0 0 1.40983401516986
0

0101000
+6003 0 -6001 0 *
Ed
 1e-07 1 1 0
1  3 0 0 0.3
2  3 1 0 0 0.3
0

0101000
+6001 0 -6004 0 *
Wi

0101100
+6002 0 +6000 0 +5999 0 *
Fa
0  1e-07 1 0

0101000
+5998 0 *
Ve
1e-07
-1.015486 -68.708252 0
0 0

0101101
*
Ve
1e-07
0.167783 -68.708252 0
0 0

0101101
*
Ed
 1e-07 1 1 0
1  4 0 0 1.183269
2  4 2 0 0 1.183269
0

0101000
+5996 0 -5995 0 *
Ve
1e-07
0.167783 -70.051285 0
0 0

0101101
*
Ed
 1e-07 1 1 0
1  5 0 0 1.34303299999999
2  5 2 0 0 1.34303299999999
0

0101000
+5995 0 -5993 0 *
Ve
1e-07
-0.586657 -70.051285 0
0 0

0101101
*
Ed
 1e-07 1 1 0
1  6 0 0 0.75444
2  6 2 0 0 0.75444
0

0101000
+5993 0 -5991 0 *
Ed
 1e-07 1 1 0
1  7 0 0 1.40983401516986
2  7 2 0 0 1.40983401516986
0

0101000
+5991 0 -5996 0 *
Wi

0101100
+5994 0 +5992 0 +5990 0 +5989 0 *
Fa
0  1e-07 2 0

0101000
+5988 0 *
Ve
1e-07
-0.886657 -70.35128 0
0 0

0101101
*
Ve
1e-07
-1.015486 -68.708252 0
0 0

0101101
*
Ed
 1e-07 1 1 0
1  8 0 0 1.64807096935326
2  8 3 0 0 1.64807096935326
0

0101000
+5986 0 -5985 0 *
Ve
1e-07
-0.886657 -70.051285 0
0 0

0101101
*
Ed
 1e-07 1 1 0
1  9 0 0 1.34919774322742
2  9 3 0 0 1.34919774322742
0

0101000
+5985 0 -5983 0 *
Ed
 1e-07 1 1 0
1  10 0 0 0.29999500000001
2  10 3 0 0 0.29999500000001
0

0101000
+5983 0 -5986 0 *
Wi

0101100
+5984 0 +5982 0 +5981 0 *
Fa
0  1e-07 3 0

0101000
+5980 0 *
Ve
1e-07
-0.886657 -70.35128 0
0 0

0101101
*
Ve
1e-07
-0.586657 -70.35128 0
0 0

0101101
*
Ed
 1e-07 1 1 0
1  11 0 0 0.3
2  11 4 0 0 0.3
0

0101000
+5978 0 -5977 0 *
Ve
1e-07
-0.586657 -71.421532 0
0 0

0101101
*
Ed
 1e-07 1 1 0
1  12 0 0 1.070252
2  12 4 0 0 1.070252
0

0101000
+5977 0 -5975 0 *
Ve
1e-07
-0.886657 -71.421532 0
0 0

0101101
*
Ed
 1e-07 1 1 0
1  13 0 0 0.3
2  13 4 0 0 0.3
0

0101000
+5975 0 -5973 0 *
Ed
 1e-07 1 1 0
1  14 0 0 1.070252
2  14 4 0 0 1.070252
0

0101000
+5973 0 -5978 0 *
Wi

0101100
+5976 0 +5974 0 +5972 0 +5971 0 *
Fa
0  1e-07 4 0

0101000
+5970 0 *
Ve
1e-07
-1.015486 -71.721535 0
0 0

0101101
*
Ve
1e-07
-1.015486 -68.708252 0
0 0

0101101
*
Ed
 1e-07 1 1 0
1  15 0 0 3.013283
2  15 5 0 0 3.013283
0

0101000
+5968 0 -5967 0 *
Ve
1e-07
-0.886657 -70.35128 0
0 0

0101101
*
Ed
 1e-07 1 1 0
1  16 0 0 1.64807096935326
2  16 5 0 0 1.64807096935326
0

0101000
+5967 0 -5965 0 *
Ed
 1e-07 1 1 0
1  17 0 0 1.37629781525148
2  17 5 0 0 1.37629781525148
0

0101000
+5965 0 -5968 0 *
Wi

0101100
+5966 0 +5964 0 +5963 0 *
Fa
0  1e-07 5 0

0101000
+5962 0 *
Ve
1e-07
-0.586657 -70.35128 0
0 0

0101101
*
Ve
1e-07
-0.586657 -70.051285 0
0 0

0101101
*
Ed
 1e-07 1 1 0
1  18 0 0 0.29999500000001
2  18 6 0 0 0.29999500000001
0

0101000
+5960 0 -5959 0 *
Ve
1e-07
0.167783 -70.051285 0
0 0

0101101
*
Ed
 1e-07 1 1 0
1  19 0 0 0.75444
2  19 6 0 0 0.75444
0

0101000
+5959 0 -5957 0 *
Ed
 1e-07 1 1 0
1  20 0 0 0.811896984613815
2  20 6 0 0 0.811896984613815
0

0101000
+5957 0 -5960 0 *
Wi

0101100
+5958 0 +5956 0 +5955 0 *
Fa
0  1e-07 6 0

0101000
+5954 0 *
Ve
1e-07
-0.886657 -71.421532 0
0 0

0101101
*
Ve
1e-07
-1.015486 -71.721535 0
0 0

0101101
*
Ed
 1e-07 1 1 0
1  21 0 0 0.32649458073604
2  21 7 0 0 0.32649458073604
0

0101000
+5952 0 -5951 0 *
Ve
1e-07
-0.886657 -70.35128 0
0 0

0101101
*
Ed
 1e-07 1 1 0
1  22 0 0 1.37629781525148
2  22 7 0 0 1.37629781525148
0

0101000
+5951 0 -5949 0 *
Ed
 1e-07 1 1 0
1  23 0 0 1.070252
2  23 7 0 0 1.070252
0

0101000
+5949 0 -5952 0 *
Wi

0101100
+5950 0 +5948 0 +5947 0 *
Fa
0  1e-07 7 0

0101000
+5946 0 *
Ve
1e-07
0.167783 -70.051285 0
0 0

0101101
*
Ve
1e-07
4.47084 -70.051285 0
0 0

0101101
*
Ed
 1e-07 1 1 0
1  24 0 0 4.303057
2  24 8 0 0 4.303057
0

0101000
+5944 0 -5943 0 *
Ve
1e-07
4.47084 -70.35128 0
0 0

0101101
*
Ed
 1e-07 1 1 0
1  25 0 0 0.29999500000001
2  25 8 0 0 0.29999500000001
0

0101000
+5943 0 -5941 0 *
Ve
1e-07
-0.586657 -70.35128 0
0 0

0101101
*
Ed
 1e-07 1 1 0
1  26 0 0 5.057497
2  26 8 0 0 5.057497
0

0101000
+5941 0 -5939 0 *
Ed
 1e-07 1 1 0
1  27 0 0 0.811896984613815
2  27 8 0 0 0.811896984613815
0

0101000
+5939 0 -5944 0 *
Wi

0101100
+5942 0 +5940 0 +5938 0 +5937 0 *
Fa
0  1e-07 8 0

0101000
+5936 0 *
Ve
1e-07
-0.586657 -70.35128 0
0 0

0101101
*
Ve
1e-07
4.47084 -70.35128 0
0 0

0101101
*
Ed
 1e-07 1 1 0
1  28 0 0 5.057497
2  28 9 0 0 5.057497
0

0101000
+5934 0 -5933 0 *
Ve
1e-07
4.47084 -71.421532 0
0 0

0101101
*
Ed
 1e-07 1 1 0
1  29 0 0 1.070252
2  29 9 0 0 1.070252
0

0101000
+5933 0 -5931 0 *
Ve
1e-07
-0.586657 -71.421532 0
0 0

0101101
*
Ed
 1e-07 1 1 0
1  30 0 0 5.057497
2  30 9 0 0 5.057497
0

0101000
+5931 0 -5929 0 *
Ed
 1e-07 1 1 0
1  31 0 0 1.070252
2  31 9 0 0 1.070252
0

0101000
+5929 0 -5934 0 *
Wi

0101100
+5932 0 +5930 0 +5928 0 +5927 0 *
Fa
0  1e-07 9 0

0101000
+5926 0 *
Ve
1e-07
4.47084 -71.421532 0
0 0

0101101
*
Ve
1e-07
4.47084 -70.35128 0
0 0

0101101
*
Ed
 1e-07 1 1 0
1  32 0 0 1.070252
2  32 10 0 0 1.070252
0

0101000
+5924 0 -5923 0 *
Ve
1e-07
4.770841 -70.35128 0
0 0

0101101
*
Ed
 1e-07 1 1 0
1  33 0 0 0.300001
2  33 10 0 0 0.300001
0

0101000
+5923 0 -5921 0 *
Ve
1e-07
4.770841 -71.421532 0
0 0

0101101
*
Ed
 1e-07 1 1 0
1  34 0 0 1.070252
2  34 10 0 0 1.070252
0

0101000
+5921 0 -5919 0 *
Ed
 1e-07 1 1 0
1  35 0 0 0.300001
2  35 10 0 0 0.300001
0

0101000
+5919 0 -5924 0 *
Wi

0101100
+5922 0 +5920 0 +5918 0 +5917 0 *
Fa
0  1e-07 10 0

0101000
+5916 0 *
Ve
1e-07
-0.886657 -71.721535 0
0 0

0101101
*
Ve
1e-07
-1.015486 -71.721535 0
0 0

0101101
*
Ed
 1e-07 1 1 0
1  36 0 0 0.128829
2  36 11 0 0 0.128829
0

0101000
+5914 0 -5913 0 *
Ve
1e-07
-0.886657 -71.421532 0
0 0

0101101
*
Ed
 1e-07 1 1 0
1  37 0 0 0.32649458073604
2  37 11 0 0 0.32649458073604
0

0101000
+5913 0 -5911 0 *
Ed
 1e-07 1 1 0
1  38 0 0 0.300003000000004
2  38 11 0 0 0.300003000000004
0

0101000
+5911 0 -5914 0 *
Wi

0101100
+5912 0 +5910 0 +5909 0 *
Fa
0  1e-07 11 0

0101000
+5908 0 *
Ve
1e-07
-0.540029 -72.853294 0
0 0

0101101
*
Ve
1e-07
-0.540029 -72.196991 0
0 0

0101101
*
Ed
 1e-07 1 1 0
1  39 0 0 0.656303000000008
2  39 12 0 0 0.656303000000008
0

0101000
+5906 0 -5905 0 *
Ve
1e-07
2.488267 -72.196991 0
0 0

0101101
*
Ed
 1e-07 1 1 0
1  40 0 0 3.028296
2  40 12 0 0 3.028296
0

0101000
+5905 0 -5903 0 *
Ed
 1e-07 1 1 0
1  41 0 0 3.09859811712087
2  41 12 0 0 3.09859811712087
0

0101000
+5903 0 -5906 0 *
Wi

0101100
+5904 0 +5902 0 +5901 0 *
Fa
0  1e-07 12 0

0101000
+5900 0 *
Ve
1e-07
4.214542 -71.721535 0
0 0

0101101
*
Ve
1e-07
3.204195 -71.721535 0
0 0

0101101
*
Ed
 1e-07 1 1 0
1  42 0 0 1.010347
2  42 13 0 0 1.010347
0

0101000
+5898 0 -5897 0 *
Ve
1e-07
4.47084 -71.421532 0
0 0

0101101
*
Ed
 1e-07 1 1 0
1  43 0 0 1.30168788733475
2  43 13 0 0 1.30168788733475
0

0101000
+5897 0 -5895 0 *
Ed
 1e-07 1 1 0
1  44 0 0 0.394576310506602
2  44 13 0 0 0.394576310506602
0

0101000
+5895 0 -5898 0 *
Wi

0101100
+5896 0 +5894 0 +5893 0 *
Fa
0  1e-07 13 0

0101000
+5892 0 *
Ve
1e-07
3.204195 -71.721535 0
0 0

0101101
*
Ve
1e-07
-0.586657 -71.721535 0
0 0

0101101
*
Ed
 1e-07 1 1 0
1  45 0 0 3.790852
2  45 14 0 0 3.790852
0

0101000
+5890 0 -5889 0 *
Ve
1e-07
-0.586657 -71.421532 0
0 0

0101101
*
Ed
 1e-07 1 1 0
1  46 0 0 0.300003000000004
2  46 14 0 0 0.300003000000004
0

0101000
+5889 0 -5887 0 *
Ve
1e-07
4.47084 -71.421532 0
0 0

0101101
*
Ed
 1e-07 1 1 0
1  47 0 0 5.057497
2  47 14 0 0 5.057497
0

0101000
+5887 0 -5885 0 *
Ed
 1e-07 1 1 0
1  48 0 0 1.30168788733475
2  48 14 0 0 1.30168788733475
0

0101000
+5885 0 -5890 0 *
Wi

0101100
+5888 0 +5886 0 +5884 0 +5883 0 *
Fa
0  1e-07 14 0

0101000
+5882 0 *
Ve
1e-07
4.47084 -71.721535 0
0 0

0101101
*
Ve
1e-07
4.214542 -71.721535 0
0 0

0101101
*
Ed
 1e-07 1 1 0
1  49 0 0 0.256298
2  49 15 0 0 0.256298
0

0101000
+5880 0 -5879 0 *
Ve
1e-07
4.47084 -71.421532 0
0 0

0101101
*
Ed
 1e-07 1 1 0
1  50 0 0 0.394576310506602
2  50 15 0 0 0.394576310506602
0

0101000
+5879 0 -5877 0 *
Ed
 1e-07 1 1 0
1  51 0 0 0.300003000000004
2  51 15 0 0 0.300003000000004
0

0101000
+5877 0 -5880 0 *
Wi

0101100
+5878 0 +5876 0 +5875 0 *
Fa
0  1e-07 15 0

0101000
+5874 0 *
Ve
1e-07
3.204195 -71.721535 0
0 0

0101101
*
Ve
1e-07
4.214542 -71.721535 0
0 0

0101101
*
Ed
 1e-07 1 1 0
1  52 0 0 1.010347
2  52 16 0 0 1.010347
0

0101000
+5872 0 -5871 0 *
Ve
1e-07
4.214542 -72.196991 0
0 0

0101101
*
Ed
 1e-07 1 1 0
1  53 0 0 0.475455999999994
2  53 16 0 0 0.475455999999994
0

0101000
+5871 0 -5869 0 *
Ve
1e-07
3.204195 -72.196991 0
0 0

0101101
*
Ed
 1e-07 1 1 0
1  54 0 0 1.010347
2  54 16 0 0 1.010347
0

0101000
+5869 0 -5867 0 *
Ed
 1e-07 1 1 0
1  55 0 0 0.475455999999994
2  55 16 0 0 0.475455999999994
0

0101000
+5867 0 -5872 0 *
Wi

0101100
+5870 0 +5868 0 +5866 0 +5865 0 *
Fa
0  1e-07 16 0

0101000
+5864 0 *
Ve
1e-07
2.63959 -74.306831 0
0 0

0101101
*
Ve
1e-07
3.204195 -72.196991 0
0 0

0101101
*
Ed
 1e-07 1 1 0
1  56 0 0 2.18407958454472
2  56 17 0 0 2.18407958454472
0

0101000
+5862 0 -5861 0 *
Ve
1e-07
4.214542 -72.196991 0
0 0

0101101
*
Ed
 1e-07 1 1 0
1  57 0 0 1.010347
2  57 17 0 0 1.010347
0

0101000
+5861 0 -5859 0 *
Ed
 1e-07 1 1 0
1  58 0 0 2.63284990607213
2  58 17 0 0 2.63284990607213
0

0101000
+5859 0 -5862 0 *
Wi

0101100
+5860 0 +5858 0 +5857 0 *
Fa
0  1e-07 17 0

0101000
+5856 0 *
Ve
1e-07
2.63959 -74.306831 0
0 0

0101101
*
Ve
1e-07
2.63959 -72.196991 0
0 0

0101101
*
Ed
 1e-07 1 1 0
1  59 0 0 2.10984000000001
2  59 18 0 0 2.10984000000001
0

0101000
+5854 0 -5853 0 *
Ve
1e-07
3.204195 -72.196991 0
0 0

0101101
*
Ed
 1e-07 1 1 0
1  60 0 0 0.564605
2  60 18 0 0 0.564605
0

0101000
+5853 0 -5851 0 *
Ed
 1e-07 1 1 0
1  61 0 0 2.18407958454472
2  61 18 0 0 2.18407958454472
0

0101000
+5851 0 -5854 0 *
Wi

0101100
+5852 0 +5850 0 +5849 0 *
Fa
0  1e-07 18 0

0101000
+5848 0 *
Ve
1e-07
9.928761 -70.051285 0
0 0

0101101
*
Ve
1e-07
5.882743 -70.051285 0
0 0

0101101
*
Ed
 1e-07 1 1 0
1  62 0 0 4.046018
2  62 19 0 0 4.046018
0

0101000
+5846 0 -5845 0 *
Ve
1e-07
10.228761 -69.016655 0
0 0

0101101
*
Ed
 1e-07 1 1 0
1  63 0 0 4.46747486766562
2  63 19 0 0 4.46747486766562
0

0101000
+5845 0 -5843 0 *
Ed
 1e-07 1 1 0
1  64 0 0 1.07724613570901
2  64 19 0 0 1.07724613570901
0

0101000
+5843 0 -5846 0 *
Wi

0101100
+5844 0 +5842 0 +5841 0 *
Fa
0  1e-07 19 0

0101000
+5840 0 *
Ve
1e-07
5.882743 -68.708252 0
0 0

0101101
*
Ve
1e-07
10.228761 -69.016655 0
0 0

0101101
*
Ed
 1e-07 1 1 0
1  65 0 0 4.35694673673354
2  65 20 0 0 4.35694673673354
0

0101000
+5838 0 -5837 0 *
Ve
1e-07
5.882743 -70.051285 0
0 0

0101101
*
Ed
 1e-07 1 1 0
1  66 0 0 4.46747486766562
2  66 20 0 0 4.46747486766562
0

0101000
+5837 0 -5835 0 *
Ed
 1e-07 1 1 0
1  67 0 0 1.34303299999999
2  67 20 0 0 1.34303299999999
0

0101000
+5835 0 -5838 0 *
Wi

0101100
+5836 0 +5834 0 +5833 0 *
Fa
0  1e-07 20 0

0101000
+5832 0 *
Ve
1e-07
5.882743 -70.051285 0
0 0

0101101
*
Ve
1e-07
9.928761 -70.35128 0
0 0

0101101
*
Ed
 1e-07 1 1 0
1  68 0 0 4.05712443195288
2  68 21 0 0 4.05712443195288
0

0101000
+5830 0 -5829 0 *
Ve
1e-07
4.770841 -70.35128 0
0 0

0101101
*
Ed
 1e-07 1 1 0
1  69 0 0 5.15792
2  69 21 0 0 5.15792
0

0101000
+5829 0 -5827 0 *
Ed
 1e-07 1 1 0
1  70 0 0 1.15166099943907
2  70 21 0 0 1.15166099943907
0

0101000
+5827 0 -5830 0 *
Wi

0101100
+5828 0 +5826 0 +5825 0 *
Fa
0  1e-07 21 0

0101000
+5824 0 *
Ve
1e-07
4.770841 -70.051285 0
0 0

0101101
*
Ve
1e-07
5.882743 -70.051285 0
0 0

0101101
*
Ed
 1e-07 1 1 0
1  71 0 0 1.111902
2  71 22 0 0 1.111902
0

0101000
+5822 0 -5821 0 *
Ve
1e-07
4.770841 -70.35128 0
0 0

0101101
*
Ed
 1e-07 1 1 0
1  72 0 0 1.15166099943907
2  72 22 0 0 1.15166099943907
0

0101000
+5821 0 -5819 0 *
Ed
 1e-07 1 1 0
1  73 0 0 0.29999500000001
2  73 22 0 0 0.29999500000001
0

0101000
+5819 0 -5822 0 *
Wi

0101100
+5820 0 +5818 0 +5817 0 *
Fa
0  1e-07 22 0

0101000
+5816 0 *
Ve
1e-07
7.301282 -71.721535 0
0 0

0101101
*
Ve
1e-07
4.770841 -71.421532 0
0 0

0101101
*
Ed
 1e-07 1 1 0
1  74 0 0 2.54816276059635
2  74 23 0 0 2.54816276059635
0

0101000
+5814 0 -5813 0 *
Ve
1e-07
4.770841 -70.35128 0
0 0

0101101
*
Ed
 1e-07 1 1 0
1  75 0 0 1.070252
2  75 23 0 0 1.070252
0

0101000
+5813 0 -5811 0 *
Ed
 1e-07 1 1 0
1  76 0 0 2.87762583035147
2  76 23 0 0 2.87762583035147
0

0101000
+5811 0 -5814 0 *
Wi

0101100
+5812 0 +5810 0 +5809 0 *
Fa
0  1e-07 23 0

0101000
+5808 0 *
Ve
1e-07
7.301282 -71.721535 0
0 0

0101101
*
Ve
1e-07
4.770841 -70.35128 0
0 0

0101101
*
Ed
 1e-07 1 1 0
1  77 0 0 2.87762583035147
2  77 24 0 0 2.87762583035147
0

0101000
+5806 0 -5805 0 *
Ve
1e-07
9.928761 -70.35128 0
0 0

0101101
*
Ed
 1e-07 1 1 0
1  78 0 0 5.15792
2  78 24 0 0 5.15792
0

0101000
+5805 0 -5803 0 *
Ed
 1e-07 1 1 0
1  79 0 0 2.9633164968437
2  79 24 0 0 2.9633164968437
0

0101000
+5803 0 -5806 0 *
Wi

0101100
+5804 0 +5802 0 +5801 0 *
Fa
0  1e-07 24 0

0101000
+5800 0 *
Ve
1e-07
9.928761 -70.35128 0
0 0

0101101
*
Ve
1e-07
9.928761 -71.421532 0
0 0

0101101
*
Ed
 1e-07 1 1 0
1  80 0 0 1.070252
2  80 25 0 0 1.070252
0

0101000
+5798 0 -5797 0 *
Ve
1e-07
7.301282 -71.721535 0
0 0

0101101
*
Ed
 1e-07 1 1 0
1  81 0 0 2.64455056587126
2  81 25 0 0 2.64455056587126
0

0101000
+5797 0 -5795 0 *
Ed
 1e-07 1 1 0
1  82 0 0 2.9633164968437
2  82 25 0 0 2.9633164968437
0

0101000
+5795 0 -5798 0 *
Wi

0101100
+5796 0 +5794 0 +5793 0 *
Fa
0  1e-07 25 0

0101000
+5792 0 *
Ve
1e-07
9.928761 -70.35128 0
0 0

0101101
*
Ve
1e-07
5.882743 -70.051285 0
0 0

0101101
*
Ed
 1e-07 1 1 0
1  83 0 0 4.05712443195288
2  83 26 0 0 4.05712443195288
0

0101000
+5790 0 -5789 0 *
Ve
1e-07
9.928761 -70.051285 0
0 0

0101101
*
Ed
 1e-07 1 1 0
1  84 0 0 4.046018
2  84 26 0 0 4.046018
0

0101000
+5789 0 -5787 0 *
Ed
 1e-07 1 1 0
1  85 0 0 0.29999500000001
2  85 26 0 0 0.29999500000001
0

0101000
+5787 0 -5790 0 *
Wi

0101100
+5788 0 +5786 0 +5785 0 *
Fa
0  1e-07 26 0

0101000
+5784 0 *
Ve
1e-07
10.228761 -70.051285 0
0 0

0101101
*
Ve
1e-07
9.928761 -70.051285 0
0 0

0101101
*
Ed
 1e-07 1 1 0
1  86 0 0 0.300000000000001
2  86 27 0 0 0.300000000000001
0

0101000
+5782 0 -5781 0 *
Ve
1e-07
10.228761 -69.016655 0
0 0

0101101
*
Ed
 1e-07 1 1 0
1  87 0 0 1.07724613570901
2  87 27 0 0 1.07724613570901
0

0101000
+5781 0 -5779 0 *
Ed
 1e-07 1 1 0
1  88 0 0 1.03462999999999
2  88 27 0 0 1.03462999999999
0

0101000
+5779 0 -5782 0 *
Wi

0101100
+5780 0 +5778 0 +5777 0 *
Fa
0  1e-07 27 0

0101000
+5776 0 *
Ve
1e-07
10.228761 -69.016655 0
0 0

0101101
*
Ve
1e-07
15.266109 -70.034538 0
0 0

0101101
*
Ed
 1e-07 1 1 0
1  89 0 0 5.13915953000031
2  89 28 0 0 5.13915953000031
0

0101000
+5774 0 -5773 0 *
Ve
1e-07
10.228761 -70.051285 0
0 0

0101101
*
Ed
 1e-07 1 1 0
1  90 0 0 5.03737583818331
2  90 28 0 0 5.03737583818331
0

0101000
+5773 0 -5771 0 *
Ed
 1e-07 1 1 0
1  91 0 0 1.03462999999999
2  91 28 0 0 1.03462999999999
0

0101000
+5771 0 -5774 0 *
Wi

0101100
+5772 0 +5770 0 +5769 0 *
Fa
0  1e-07 28 0

0101000
+5768 0 *
Ve
1e-07
10.228761 -70.35128 0
0 0

0101101
*
Ve
1e-07
13.069929 -71.721535 0
0 0

0101101
*
Ed
 1e-07 1 1 0
1  92 0 0 3.15433580476921
2  92 29 0 0 3.15433580476921
0

0101000
+5766 0 -5765 0 *
Ve
1e-07
10.228761 -71.421532 0
0 0

0101101
*
Ed
 1e-07 1 1 0
1  93 0 0 2.85696296864923
2  93 29 0 0 2.85696296864923
0

0101000
+5765 0 -5763 0 *
Ed
 1e-07 1 1 0
1  94 0 0 1.070252
2  94 29 0 0 1.070252
0

0101000
+5763 0 -5766 0 *
Wi

0101100
+5764 0 +5762 0 +5761 0 *
Fa
0  1e-07 29 0

0101000
+5760 0 *
Ve
1e-07
9.928761 -70.35128 0
0 0

0101101
*
Ve
1e-07
10.228761 -70.35128 0
0 0

0101101
*
Ed
 1e-07 1 1 0
1  95 0 0 0.300000000000001
2  95 30 0 0 0.300000000000001
0

0101000
+5758 0 -5757 0 *
Ve
1e-07
10.228761 -71.421532 0
0 0

0101101
*
Ed
 1e-07 1 1 0
1  96 0 0 1.070252
2  96 30 0 0 1.070252
0

0101000
+5757 0 -5755 0 *
Ve
1e-07
9.928761 -71.421532 0
0 0

0101101
*
Ed
 1e-07 1 1 0
1  97 0 0 0.300000000000001
2  97 30 0 0 0.300000000000001
0

0101000
+5755 0 -5753 0 *
Ed
 1e-07 1 1 0
1  98 0 0 1.070252
2  98 30 0 0 1.070252
0

0101000
+5753 0 -5758 0 *
Wi

0101100
+5756 0 +5754 0 +5752 0 +5751 0 *
Fa
0  1e-07 30 0

0101000
+5750 0 *
Ve
1e-07
10.228761 -71.421532 0
0 0

0101101
*
Ve
1e-07
13.069929 -71.721535 0
0 0

0101101
*
Ed
 1e-07 1 1 0
1  99 0 0 2.85696296864923
2  99 31 0 0 2.85696296864923
0

0101000
+5748 0 -5747 0 *
Ve
1e-07
11.359115 -71.721535 0
0 0

0101101
*
Ed
 1e-07 1 1 0
1  100 0 0 1.710814
2  100 31 0 0 1.710814
0

0101000
+5747 0 -5745 0 *
Ed
 1e-07 1 1 0
1  101 0 0 1.16948790730174
2  101 31 0 0 1.16948790730174
0

0101000
+5745 0 -5748 0 *
Wi

0101100
+5746 0 +5744 0 +5743 0 *
Fa
0  1e-07 31 0

0101000
+5742 0 *
Ve
1e-07
10.228761 -70.35128 0
0 0

0101101
*
Ve
1e-07
10.228761 -70.051285 0
0 0

0101101
*
Ed
 1e-07 1 1 0
1  102 0 0 0.29999500000001
2  102 32 0 0 0.29999500000001
0

0101000
+5740 0 -5739 0 *
Ve
1e-07
15.266109 -70.051285 0
0 0

0101101
*
Ed
 1e-07 1 1 0
1  103 0 0 5.037348
2  103 32 0 0 5.037348
0

0101000
+5739 0 -5737 0 *
Ve
1e-07
15.266109 -70.35128 0
0 0

0101101
*
Ed
 1e-07 1 1 0
1  104 0 0 0.29999500000001
2  104 32 0 0 0.29999500000001
0

0101000
+5737 0 -5735 0 *
Ed
 1e-07 1 1 0
1  105 0 0 5.037348
2  105 32 0 0 5.037348
0

0101000
+5735 0 -5740 0 *
Wi

0101100
+5738 0 +5736 0 +5734 0 +5733 0 *
Fa
0  1e-07 32 0

0101000
+5732 0 *
Ve
1e-07
10.228761 -68.708252 0
0 0

0101101
*
Ve
1e-07
10.228761 -69.016655 0
0 0

0101101
*
Ed
 1e-07 1 1 0
1  106 0 0 0.308402999999998
2  106 33 0 0 0.308402999999998
0

0101000
+5730 0 -5729 0 *
Ve
1e-07
5.882743 -68.708252 0
0 0

0101101
*
Ed
 1e-07 1 1 0
1  107 0 0 4.35694673673354
2  107 33 0 0 4.35694673673354
0

0101000
+5729 0 -5727 0 *
Ed
 1e-07 1 1 0
1  108 0 0 4.346018
2  108 33 0 0 4.346018
0

0101000
+5727 0 -5730 0 *
Wi

0101100
+5728 0 +5726 0 +5725 0 *
Fa
0  1e-07 33 0

0101000
+5724 0 *
Ve
1e-07
4.770841 -71.421532 0
0 0

0101101
*
Ve
1e-07
6.167096 -71.721535 0
0 0

0101101
*
Ed
 1e-07 1 1 0
1  109 0 0 1.42812108206342
2  109 34 0 0 1.42812108206342
0

0101000
+5722 0 -5721 0 *
Ve
1e-07
4.770841 -71.721535 0
0 0

0101101
*
Ed
 1e-07 1 1 0
1  110 0 0 1.396255
2  110 34 0 0 1.396255
0

0101000
+5721 0 -5719 0 *
Ed
 1e-07 1 1 0
1  111 0 0 0.300003000000004
2  111 34 0 0 0.300003000000004
0

0101000
+5719 0 -5722 0 *
Wi

0101100
+5720 0 +5718 0 +5717 0 *
Fa
0  1e-07 34 0

0101000
+5716 0 *
Ve
1e-07
4.770841 -71.421532 0
0 0

0101101
*
Ve
1e-07
7.301282 -71.721535 0
0 0

0101101
*
Ed
 1e-07 1 1 0
1  112 0 0 2.54816276059635
2  112 35 0 0 2.54816276059635
0

0101000
+5714 0 -5713 0 *
Ve
1e-07
6.167096 -71.721535 0
0 0

0101101
*
Ed
 1e-07 1 1 0
1  113 0 0 1.134186
2  113 35 0 0 1.134186
0

0101000
+5713 0 -5711 0 *
Ed
 1e-07 1 1 0
1  114 0 0 1.42812108206342
2  114 35 0 0 1.42812108206342
0

0101000
+5711 0 -5714 0 *
Wi

0101100
+5712 0 +5710 0 +5709 0 *
Fa
0  1e-07 35 0

0101000
+5708 0 *
Ve
1e-07
7.301282 -72.196991 0
0 0

0101101
*
Ve
1e-07
6.167096 -72.196991 0
0 0

0101101
*
Ed
 1e-07 1 1 0
1  115 0 0 1.134186
2  115 36 0 0 1.134186
0

0101000
+5706 0 -5705 0 *
Ve
1e-07
6.167096 -71.721535 0
0 0

0101101
*
Ed
 1e-07 1 1 0
1  116 0 0 0.475455999999994
2  116 36 0 0 0.475455999999994
0

0101000
+5705 0 -5703 0 *
Ve
1e-07
7.301282 -71.721535 0
0 0

0101101
*
Ed
 1e-07 1 1 0
1  117 0 0 1.134186
2  117 36 0 0 1.134186
0

0101000
+5703 0 -5701 0 *
Ed
 1e-07 1 1 0
1  118 0 0 0.475455999999994
2  118 36 0 0 0.475455999999994
0

0101000
+5701 0 -5706 0 *
Wi

0101100
+5704 0 +5702 0 +5700 0 +5699 0 *
Fa
0  1e-07 36 0

0101000
+5698 0 *
Ve
1e-07
5.501836 -74.290237 0
0 0

0101101
*
Ve
1e-07
5.501836 -72.196991 0
0 0

0101101
*
Ed
 1e-07 1 1 0
1  119 0 0 2.09324600000001
2  119 37 0 0 2.09324600000001
0

0101000
+5696 0 -5695 0 *
Ve
1e-07
6.167096 -72.196991 0
0 0

0101101
*
Ed
 1e-07 1 1 0
1  120 0 0 0.66526
2  120 37 0 0 0.66526
0

0101000
+5695 0 -5693 0 *
Ed
 1e-07 1 1 0
1  121 0 0 2.19641746581018
2  121 37 0 0 2.19641746581018
0

0101000
+5693 0 -5696 0 *
Wi

0101100
+5694 0 +5692 0 +5691 0 *
Fa
0  1e-07 37 0

0101000
+5690 0 *
Ve
1e-07
10.228761 -71.421532 0
0 0

0101101
*
Ve
1e-07
10.344535 -71.721535 0
0 0

0101101
*
Ed
 1e-07 1 1 0
1  122 0 0 0.32156712998222
2  122 38 0 0 0.32156712998222
0

0101000
+5688 0 -5687 0 *
Ve
1e-07
10.228761 -71.721535 0
0 0

0101101
*
Ed
 1e-07 1 1 0
1  123 0 0 0.115774
2  123 38 0 0 0.115774
0

0101000
+5687 0 -5685 0 *
Ed
 1e-07 1 1 0
1  124 0 0 0.300003000000004
2  124 38 0 0 0.300003000000004
0

0101000
+5685 0 -5688 0 *
Wi

0101100
+5686 0 +5684 0 +5683 0 *
Fa
0  1e-07 38 0

0101000
+5682 0 *
Ve
1e-07
10.344535 -71.721535 0
0 0

0101101
*
Ve
1e-07
11.359115 -71.721535 0
0 0

0101101
*
Ed
 1e-07 1 1 0
1  125 0 0 1.01458
2  125 39 0 0 1.01458
0

0101000
+5680 0 -5679 0 *
Ve
1e-07
11.359115 -72.196991 0
0 0

0101101
*
Ed
 1e-07 1 1 0
1  126 0 0 0.475455999999994
2  126 39 0 0 0.475455999999994
0

0101000
+5679 0 -5677 0 *
Ve
1e-07
10.344535 -72.196991 0
0 0

0101101
*
Ed
 1e-07 1 1 0
1  127 0 0 1.01458
2  127 39 0 0 1.01458
0

0101000
+5677 0 -5675 0 *
Ed
 1e-07 1 1 0
1  128 0 0 0.475455999999994
2  128 39 0 0 0.475455999999994
0

0101000
+5675 0 -5680 0 *
Wi

0101100
+5678 0 +5676 0 +5674 0 +5673 0 *
Fa
0  1e-07 39 0

0101000
+5672 0 *
Ve
1e-07
11.359115 -71.721535 0
0 0

0101101
*
Ve
1e-07
10.344535 -71.721535 0
0 0

0101101
*
Ed
 1e-07 1 1 0
1  129 0 0 1.01458
2  129 40 0 0 1.01458
0

0101000
+5670 0 -5669 0 *
Ve
1e-07
10.228761 -71.421532 0
0 0

0101101
*
Ed
 1e-07 1 1 0
1  130 0 0 0.32156712998222
2  130 40 0 0 0.32156712998222
0

0101000
+5669 0 -5667 0 *
Ed
 1e-07 1 1 0
1  131 0 0 1.16948790730174
2  131 40 0 0 1.16948790730174
0

0101000
+5667 0 -5670 0 *
Wi

0101100
+5668 0 +5666 0 +5665 0 *
Fa
0  1e-07 40 0

0101000
+5664 0 *
Ve
1e-07
9.928761 -71.721535 0
0 0

0101101
*
Ve
1e-07
7.301282 -71.721535 0
0 0

0101101
*
Ed
 1e-07 1 1 0
1  132 0 0 2.627479
2  132 41 0 0 2.627479
0

0101000
+5662 0 -5661 0 *
Ve
1e-07
9.928761 -71.421532 0
0 0

0101101
*
Ed
 1e-07 1 1 0
1  133 0 0 2.64455056587126
2  133 41 0 0 2.64455056587126
0

0101000
+5661 0 -5659 0 *
Ed
 1e-07 1 1 0
1  134 0 0 0.300003000000004
2  134 41 0 0 0.300003000000004
0

0101000
+5659 0 -5662 0 *
Wi

0101100
+5660 0 +5658 0 +5657 0 *
Fa
0  1e-07 41 0

0101000
+5656 0 *
Ve
1e-07
5.501836 -74.290237 0
0 0

0101101
*
Ve
1e-07
6.167096 -72.196991 0
0 0

0101101
*
Ed
 1e-07 1 1 0
1  135 0 0 2.19641746581018
2  135 42 0 0 2.19641746581018
0

0101000
+5654 0 -5653 0 *
Ve
1e-07
7.301282 -72.196991 0
0 0

0101101
*
Ed
 1e-07 1 1 0
1  136 0 0 1.134186
2  136 42 0 0 1.134186
0

0101000
+5653 0 -5651 0 *
Ed
 1e-07 1 1 0
1  137 0 0 2.76037764145271
2  137 42 0 0 2.76037764145271
0

0101000
+5651 0 -5654 0 *
Wi

0101100
+5652 0 +5650 0 +5649 0 *
Fa
0  1e-07 42 0

0101000
+5648 0 *
Ve
1e-07
5.343752 -74.290237 0
0 0

0101101
*
Ve
1e-07
4.214542 -72.196991 0
0 0

0101101
*
Ed
 1e-07 1 1 0
1  138 0 0 2.37840157261469
2  138 43 0 0 2.37840157261469
0

0101000
+5646 0 -5645 0 *
Ve
1e-07
5.343752 -72.196991 0
0 0

0101101
*
Ed
 1e-07 1 1 0
1  139 0 0 1.12921
2  139 43 0 0 1.12921
0

0101000
+5645 0 -5643 0 *
Ed
 1e-07 1 1 0
1  140 0 0 2.09324600000001
2  140 43 0 0 2.09324600000001
0

0101000
+5643 0 -5646 0 *
Wi

0101100
+5644 0 +5642 0 +5641 0 *
Fa
0  1e-07 43 0

0101000
+5640 0 *
Ve
1e-07
-0.540029 -73.953629 0
0 0

0101101
*
Ve
1e-07
-1.015486 -73.953629 0
0 0

0101101
*
Ed
 1e-07 1 1 0
1  141 0 0 0.475457
2  141 44 0 0 0.475457
0

0101000
+5638 0 -5637 0 *
Ve
1e-07
-1.015486 -72.853294 0
0 0

0101101
*
Ed
 1e-07 1 1 0
1  142 0 0 1.100335
2  142 44 0 0 1.100335
0

0101000
+5637 0 -5635 0 *
Ve
1e-07
-0.540029 -72.853294 0
0 0

0101101
*
Ed
 1e-07 1 1 0
1  143 0 0 0.475457
2  143 44 0 0 0.475457
0

0101000
+5635 0 -5633 0 *
Ed
 1e-07 1 1 0
1  144 0 0 1.100335
2  144 44 0 0 1.100335
0

0101000
+5633 0 -5638 0 *
Wi

0101100
+5636 0 +5634 0 +5632 0 +5631 0 *
Fa
0  1e-07 44 0

0101000
+5630 0 *
Ve
1e-07
-0.540029 -73.953629 0
0 0

0101101
*
Ve
1e-07
2.488267 -74.306831 0
0 0

0101101
*
Ed
 1e-07 1 1 0
1  145 0 0 3.04882408748357
2  145 45 0 0 3.04882408748357
0

0101000
+5628 0 -5627 0 *
Ve
1e-07
-0.540029 -74.69339 0
0 0

0101101
*
Ed
 1e-07 1 1 0
1  146 0 0 3.05286824545328
2  146 45 0 0 3.05286824545328
0

0101000
+5627 0 -5625 0 *
Ed
 1e-07 1 1 0
1  147 0 0 0.739760999999987
2  147 45 0 0 0.739760999999987
0

0101000
+5625 0 -5628 0 *
Wi

0101100
+5626 0 +5624 0 +5623 0 *
Fa
0  1e-07 45 0

0101000
+5622 0 *
Ve
1e-07
-0.540029 -74.69339 0
0 0

0101101
*
Ve
1e-07
-0.540029 -76.067078 0
0 0

0101101
*
Ed
 1e-07 1 1 0
1  148 0 0 1.373688
2  148 46 0 0 1.373688
0

0101000
+5620 0 -5619 0 *
Ve
1e-07
-1.015486 -74.69339 0
0 0

0101101
*
Ed
 1e-07 1 1 0
1  149 0 0 1.45364303740396
2  149 46 0 0 1.45364303740396
0

0101000
+5619 0 -5617 0 *
Ed
 1e-07 1 1 0
1  150 0 0 0.475457
2  150 46 0 0 0.475457
0

0101000
+5617 0 -5620 0 *
Wi

0101100
+5618 0 +5616 0 +5615 0 *
Fa
0  1e-07 46 0

0101000
+5614 0 *
Ve
1e-07
2.488267 -74.306831 0
0 0

0101101
*
Ve
1e-07
-0.540029 -73.953629 0
0 0

0101101
*
Ed
 1e-07 1 1 0
1  151 0 0 3.04882408748357
2  151 47 0 0 3.04882408748357
0

0101000
+5612 0 -5611 0 *
Ve
1e-07
-0.540029 -72.853294 0
0 0

0101101
*
Ed
 1e-07 1 1 0
1  152 0 0 1.100335
2  152 47 0 0 1.100335
0

0101000
+5611 0 -5609 0 *
Ed
 1e-07 1 1 0
1  153 0 0 3.35906928686876
2  153 47 0 0 3.35906928686876
0

0101000
+5609 0 -5612 0 *
Wi

0101100
+5610 0 +5608 0 +5607 0 *
Fa
0  1e-07 47 0

0101000
+5606 0 *
Ve
1e-07
2.488267 -74.306831 0
0 0

0101101
*
Ve
1e-07
-0.540029 -72.853294 0
0 0

0101101
*
Ed
 1e-07 1 1 0
1  154 0 0 3.35906928686876
2  154 48 0 0 3.35906928686876
0

0101000
+5604 0 -5603 0 *
Ve
1e-07
2.488267 -72.196991 0
0 0

0101101
*
Ed
 1e-07 1 1 0
1  155 0 0 3.09859811712087
2  155 48 0 0 3.09859811712087
0

0101000
+5603 0 -5601 0 *
Ed
 1e-07 1 1 0
1  156 0 0 2.10984000000001
2  156 48 0 0 2.10984000000001
0

0101000
+5601 0 -5604 0 *
Wi

0101100
+5602 0 +5600 0 +5599 0 *
Fa
0  1e-07 48 0

0101000
+5598 0 *
Ve
1e-07
5.343752 -74.290237 0
0 0

0101101
*
Ve
1e-07
5.501836 -74.290237 0
0 0

0101101
*
Ed
 1e-07 1 1 0
1  157 0 0 0.158084
2  157 49 0 0 0.158084
0

0101000
+5596 0 -5595 0 *
Ve
1e-07
5.501836 -75.221626 0
0 0

0101101
*
Ed
 1e-07 1 1 0
1  158 0 0 0.931388999999996
2  158 49 0 0 0.931388999999996
0

0101000
+5595 0 -5593 0 *
Ve
1e-07
5.343752 -75.221626 0
0 0

0101101
*
Ed
 1e-07 1 1 0
1  159 0 0 0.158084
2  159 49 0 0 0.158084
0

0101000
+5593 0 -5591 0 *
Ed
 1e-07 1 1 0
1  160 0 0 0.931388999999996
2  160 49 0 0 0.931388999999996
0

0101000
+5591 0 -5596 0 *
Wi

0101100
+5594 0 +5592 0 +5590 0 +5589 0 *
Fa
0  1e-07 49 0

0101000
+5588 0 *
Ve
1e-07
2.63959 -74.306831 0
0 0

0101101
*
Ve
1e-07
5.343752 -74.290237 0
0 0

0101101
*
Ed
 1e-07 1 1 0
1  161 0 0 2.70421291378471
2  161 50 0 0 2.70421291378471
0

0101000
+5586 0 -5585 0 *
Ve
1e-07
5.343752 -75.221626 0
0 0

0101101
*
Ed
 1e-07 1 1 0
1  162 0 0 0.931388999999996
2  162 50 0 0 0.931388999999996
0

0101000
+5585 0 -5583 0 *
Ed
 1e-07 1 1 0
1  163 0 0 2.85470524122351
2  163 50 0 0 2.85470524122351
0

0101000
+5583 0 -5586 0 *
Wi

0101100
+5584 0 +5582 0 +5581 0 *
Fa
0  1e-07 50 0

0101000
+5580 0 *
Ve
1e-07
2.488267 -74.306831 0
0 0

0101101
*
Ve
1e-07
2.63959 -74.306831 0
0 0

0101101
*
Ed
 1e-07 1 1 0
1  164 0 0 0.151323
2  164 51 0 0 0.151323
0

0101000
+5578 0 -5577 0 *
Ve
1e-07
5.343752 -75.221626 0
0 0

0101101
*
Ed
 1e-07 1 1 0
1  165 0 0 2.85470524122351
2  165 51 0 0 2.85470524122351
0

0101000
+5577 0 -5575 0 *
Ed
 1e-07 1 1 0
1  166 0 0 2.99844034078552
2  166 51 0 0 2.99844034078552
0

0101000
+5575 0 -5578 0 *
Wi

0101100
+5576 0 +5574 0 +5573 0 *
Fa
0  1e-07 51 0

0101000
+5572 0 *
Ve
1e-07
-0.540029 -74.69339 0
0 0

0101101
*
Ve
1e-07
2.488267 -74.306831 0
0 0

0101101
*
Ed
 1e-07 1 1 0
1  167 0 0 3.05286824545328
2  167 52 0 0 3.05286824545328
0

0101000
+5570 0 -5569 0 *
Ve
1e-07
5.343752 -75.221626 0
0 0

0101101
*
Ed
 1e-07 1 1 0
1  168 0 0 2.99844034078552
2  168 52 0 0 2.99844034078552
0

0101000
+5569 0 -5567 0 *
Ed
 1e-07 1 1 0
1  169 0 0 5.90744548241091
2  169 52 0 0 5.90744548241091
0

0101000
+5567 0 -5570 0 *
Wi

0101100
+5568 0 +5566 0 +5565 0 *
Fa
0  1e-07 52 0

0101000
+5564 0 *
Ve
1e-07
2.63959 -74.306831 0
0 0

0101101
*
Ve
1e-07
4.214542 -72.196991 0
0 0

0101101
*
Ed
 1e-07 1 1 0
1  170 0 0 2.63284990607213
2  170 53 0 0 2.63284990607213
0

0101000
+5562 0 -5561 0 *
Ve
1e-07
5.343752 -74.290237 0
0 0

0101101
*
Ed
 1e-07 1 1 0
1  171 0 0 2.37840157261469
2  171 53 0 0 2.37840157261469
0

0101000
+5561 0 -5559 0 *
Ed
 1e-07 1 1 0
1  172 0 0 2.70421291378471
2  172 53 0 0 2.70421291378471
0

0101000
+5559 0 -5562 0 *
Wi

0101100
+5560 0 +5558 0 +5557 0 *
Fa
0  1e-07 53 0

0101000
+5556 0 *
Ve
1e-07
5.343752 -75.221626 0
0 0

0101101
*
Ve
1e-07
5.343752 -75.436043 0
0 0

0101101
*
Ed
 1e-07 1 1 0
1  173 0 0 0.214416999999997
2  173 54 0 0 0.214416999999997
0

0101000
+5554 0 -5553 0 *
Ve
1e-07
-0.540029 -74.69339 0
0 0

0101101
*
Ed
 1e-07 1 1 0
1  174 0 0 5.93046476546063
2  174 54 0 0 5.93046476546063
0

0101000
+5553 0 -5551 0 *
Ed
 1e-07 1 1 0
1  175 0 0 5.90744548241091
2  175 54 0 0 5.90744548241091
0

0101000
+5551 0 -5554 0 *
Wi

0101100
+5552 0 +5550 0 +5549 0 *
Fa
0  1e-07 54 0

0101000
+5548 0 *
Ve
1e-07
-0.540029 -76.067078 0
0 0

0101101
*
Ve
1e-07
-0.540029 -74.69339 0
0 0

0101101
*
Ed
 1e-07 1 1 0
1  176 0 0 1.373688
2  176 55 0 0 1.373688
0

0101000
+5546 0 -5545 0 *
Ve
1e-07
5.343752 -75.436043 0
0 0

0101101
*
Ed
 1e-07 1 1 0
1  177 0 0 5.93046476546063
2  177 55 0 0 5.93046476546063
0

0101000
+5545 0 -5543 0 *
Ed
 1e-07 1 1 0
1  178 0 0 5.9175234707761
2  178 55 0 0 5.9175234707761
0

0101000
+5543 0 -5546 0 *
Wi

0101100
+5544 0 +5542 0 +5541 0 *
Fa
0  1e-07 55 0

0101000
+5540 0 *
Ve
1e-07
-1.015486 -74.69339 0
0 0

0101101
*
Ve
1e-07
-0.540029 -76.067078 0
0 0

0101101
*
Ed
 1e-07 1 1 0
1  179 0 0 1.45364303740396
2  179 56 0 0 1.45364303740396
0

0101000
+5538 0 -5537 0 *
Ve
1e-07
-1.015486 -76.067078 0
0 0

0101101
*
Ed
 1e-07 1 1 0
1  180 0 0 0.475457
2  180 56 0 0 0.475457
0

0101000
+5537 0 -5535 0 *
Ed
 1e-07 1 1 0
1  181 0 0 1.373688
2  181 56 0 0 1.373688
0

0101000
+5535 0 -5538 0 *
Wi

0101100
+5536 0 +5534 0 +5533 0 *
Fa
0  1e-07 56 0

0101000
+5532 0 *
Ve
1e-07
2.122954 -76.567436 0
0 0

0101101
*
Ve
1e-07
-0.540029 -76.067078 0
0 0

0101101
*
Ed
 1e-07 1 1 0
1  182 0 0 2.70958236384374
2  182 57 0 0 2.70958236384374
0

0101000
+5530 0 -5529 0 *
Ve
1e-07
5.343752 -75.436043 0
0 0

0101101
*
Ed
 1e-07 1 1 0
1  183 0 0 5.9175234707761
2  183 57 0 0 5.9175234707761
0

0101000
+5529 0 -5527 0 *
Ed
 1e-07 1 1 0
1  184 0 0 3.41373547265353
2  184 57 0 0 3.41373547265353
0

0101000
+5527 0 -5530 0 *
Wi

0101100
+5528 0 +5526 0 +5525 0 *
Fa
0  1e-07 57 0

0101000
+5524 0 *
Ve
1e-07
5.343752 -75.436043 0
0 0

0101101
*
Ve
1e-07
2.554407 -76.567436 0
0 0

0101101
*
Ed
 1e-07 1 1 0
1  185 0 0 3.01006572178649
2  185 58 0 0 3.01006572178649
0

0101000
+5522 0 -5521 0 *
Ve
1e-07
2.122954 -76.567436 0
0 0

0101101
*
Ed
 1e-07 1 1 0
1  186 0 0 0.431453
2  186 58 0 0 0.431453
0

0101000
+5521 0 -5519 0 *
Ed
 1e-07 1 1 0
1  187 0 0 3.41373547265353
2  187 58 0 0 3.41373547265353
0

0101000
+5519 0 -5522 0 *
Wi

0101100
+5520 0 +5518 0 +5517 0 *
Fa
0  1e-07 58 0

0101000
+5516 0 *
Ve
1e-07
5.343752 -75.436043 0
0 0

0101101
*
Ve
1e-07
3.889874 -76.541565 0
0 0

0101101
*
Ed
 1e-07 1 1 0
1  188 0 0 1.82645561987364
2  188 59 0 0 1.82645561987364
0

0101000
+5514 0 -5513 0 *
Ve
1e-07
2.554407 -76.567436 0
0 0

0101101
*
Ed
 1e-07 1 1 0
1  189 0 0 1.33571756622798
2  189 59 0 0 1.33571756622798
0

0101000
+5513 0 -5511 0 *
Ed
 1e-07 1 1 0
1  190 0 0 3.01006572178649
2  190 59 0 0 3.01006572178649
0

0101000
+5511 0 -5514 0 *
Wi

0101100
+5512 0 +5510 0 +5509 0 *
Fa
0  1e-07 59 0

0101000
+5508 0 *
Ve
1e-07
-0.540029 -77.541107 0
0 0

0101101
*
Ve
1e-07
-0.540029 -76.067078 0
0 0

0101101
*
Ed
 1e-07 1 1 0
1  191 0 0 1.474029
2  191 60 0 0 1.474029
0

0101000
+5506 0 -5505 0 *
Ve
1e-07
2.122954 -76.567436 0
0 0

0101101
*
Ed
 1e-07 1 1 0
1  192 0 0 2.70958236384374
2  192 60 0 0 2.70958236384374
0

0101000
+5505 0 -5503 0 *
Ed
 1e-07 1 1 0
1  193 0 0 2.83540361757017
2  193 60 0 0 2.83540361757017
0

0101000
+5503 0 -5506 0 *
Wi

0101100
+5504 0 +5502 0 +5501 0 *
Fa
0  1e-07 60 0

0101000
+5500 0 *
Ve
1e-07
3.889874 -76.541565 0
0 0

0101101
*
Ve
1e-07
5.343752 -75.436043 0
0 0

0101101
*
Ed
 1e-07 1 1 0
1  194 0 0 1.82645561987364
2  194 61 0 0 1.82645561987364
0

0101000
+5498 0 -5497 0 *
Ve
1e-07
5.902897 -75.531532 0
0 0

0101101
*
Ed
 1e-07 1 1 0
1  195 0 0 0.567240055131864
2  195 61 0 0 0.567240055131864
0

0101000
+5497 0 -5495 0 *
Ed
 1e-07 1 1 0
1  196 0 0 2.25220519926982
2  196 61 0 0 2.25220519926982
0

0101000
+5495 0 -5498 0 *
Wi

0101100
+5496 0 +5494 0 +5493 0 *
Fa
0  1e-07 61 0

0101000
+5492 0 *
Ve
1e-07
5.343752 -75.436043 0
0 0

0101101
*
Ve
1e-07
5.902897 -75.436043 0
0 0

0101101
*
Ed
 1e-07 1 1 0
1  197 0 0 0.559145
2  197 62 0 0 0.559145
0

0101000
+5490 0 -5489 0 *
Ve
1e-07
5.902897 -75.531532 0
0 0

0101101
*
Ed
 1e-07 1 1 0
1  198 0 0 0.0954890000000006
2  198 62 0 0 0.0954890000000006
0

0101000
+5489 0 -5487 0 *
Ed
 1e-07 1 1 0
1  199 0 0 0.567240055131864
2  199 62 0 0 0.567240055131864
0

0101000
+5487 0 -5490 0 *
Wi

0101100
+5488 0 +5486 0 +5485 0 *
Fa
0  1e-07 62 0

0101000
+5484 0 *
Ve
1e-07
5.902897 -75.531532 0
0 0

0101101
*
Ve
1e-07
6.095979 -75.531532 0
0 0

0101101
*
Ed
 1e-07 1 1 0
1  200 0 0 0.193082
2  200 63 0 0 0.193082
0

0101000
+5482 0 -5481 0 *
Ve
1e-07
5.902897 -76.448105 0
0 0

0101101
*
Ed
 1e-07 1 1 0
1  201 0 0 0.936689235047035
2  201 63 0 0 0.936689235047035
0

0101000
+5481 0 -5479 0 *
Ed
 1e-07 1 1 0
1  202 0 0 0.916573
2  202 63 0 0 0.916573
0

0101000
+5479 0 -5482 0 *
Wi

0101100
+5480 0 +5478 0 +5477 0 *
Fa
0  1e-07 63 0

0101000
+5476 0 *
Ve
1e-07
5.902897 -76.448105 0
0 0

0101101
*
Ve
1e-07
5.902897 -76.541565 0
0 0

0101101
*
Ed
 1e-07 1 1 0
1  203 0 0 0.0934600000000074
2  203 64 0 0 0.0934600000000074
0

0101000
+5474 0 -5473 0 *
Ve
1e-07
3.889874 -76.541565 0
0 0

0101101
*
Ed
 1e-07 1 1 0
1  204 0 0 2.013023
2  204 64 0 0 2.013023
0

0101000
+5473 0 -5471 0 *
Ed
 1e-07 1 1 0
1  205 0 0 2.01519139788979
2  205 64 0 0 2.01519139788979
0

0101000
+5471 0 -5474 0 *
Wi

0101100
+5472 0 +5470 0 +5469 0 *
Fa
0  1e-07 64 0

0101000
+5468 0 *
Ve
1e-07
5.902897 -75.531532 0
0 0

0101101
*
Ve
1e-07
5.902897 -76.448105 0
0 0

0101101
*
Ed
 1e-07 1 1 0
1  206 0 0 0.916573
2  206 65 0 0 0.916573
0

0101000
+5466 0 -5465 0 *
Ve
1e-07
3.889874 -76.541565 0
0 0

0101101
*
Ed
 1e-07 1 1 0
1  207 0 0 2.01519139788979
2  207 65 0 0 2.01519139788979
0

0101000
+5465 0 -5463 0 *
Ed
 1e-07 1 1 0
1  208 0 0 2.25220519926982
2  208 65 0 0 2.25220519926982
0

0101000
+5463 0 -5466 0 *
Wi

0101100
+5464 0 +5462 0 +5461 0 *
Fa
0  1e-07 65 0

0101000
+5460 0 *
Ve
1e-07
5.501836 -75.257744 0
0 0

0101101
*
Ve
1e-07
5.501836 -75.221626 0
0 0

0101101
*
Ed
 1e-07 1 1 0
1  209 0 0 0.0361180000000019
2  209 66 0 0 0.0361180000000019
0

0101000
+5458 0 -5457 0 *
Ve
1e-07
8.285643 -75.257744 0
0 0

0101101
*
Ed
 1e-07 1 1 0
1  210 0 0 2.78404129336707
2  210 66 0 0 2.78404129336707
0

0101000
+5457 0 -5455 0 *
Ed
 1e-07 1 1 0
1  211 0 0 2.783807
2  211 66 0 0 2.783807
0

0101000
+5455 0 -5458 0 *
Wi

0101100
+5456 0 +5454 0 +5453 0 *
Fa
0  1e-07 66 0

0101000
+5452 0 *
Ve
1e-07
8.285643 -75.257744 0
0 0

0101101
*
Ve
1e-07
5.501836 -75.221626 0
0 0

0101101
*
Ed
 1e-07 1 1 0
1  212 0 0 2.78404129336707
2  212 67 0 0 2.78404129336707
0

0101000
+5450 0 -5449 0 *
Ve
1e-07
5.501836 -74.290237 0
0 0

0101101
*
Ed
 1e-07 1 1 0
1  213 0 0 0.931388999999996
2  213 67 0 0 0.931388999999996
0

0101000
+5449 0 -5447 0 *
Ed
 1e-07 1 1 0
1  214 0 0 2.94714288901946
2  214 67 0 0 2.94714288901946
0

0101000
+5447 0 -5450 0 *
Wi

0101100
+5448 0 +5446 0 +5445 0 *
Fa
0  1e-07 67 0

0101000
+5444 0 *
Ve
1e-07
9.634644 -74.307037 0
0 0

0101101
*
Ve
1e-07
9.532663 -74.307037 0
0 0

0101101
*
Ed
 1e-07 1 1 0
1  215 0 0 0.101981
2  215 68 0 0 0.101981
0

0101000
+5442 0 -5441 0 *
Ve
1e-07
9.532154 -72.196991 0
0 0

0101101
*
Ed
 1e-07 1 1 0
1  216 0 0 2.11004606139226
2  216 68 0 0 2.11004606139226
0

0101000
+5441 0 -5439 0 *
Ed
 1e-07 1 1 0
1  217 0 0 2.11253362629237
2  217 68 0 0 2.11253362629237
0

0101000
+5439 0 -5442 0 *
Wi

0101100
+5440 0 +5438 0 +5437 0 *
Fa
0  1e-07 68 0

0101000
+5436 0 *
Ve
1e-07
10.344535 -72.196991 0
0 0

0101101
*
Ve
1e-07
9.634644 -74.307037 0
0 0

0101101
*
Ed
 1e-07 1 1 0
1  218 0 0 2.22626129508577
2  218 69 0 0 2.22626129508577
0

0101000
+5434 0 -5433 0 *
Ve
1e-07
9.532154 -72.196991 0
0 0

0101101
*
Ed
 1e-07 1 1 0
1  219 0 0 2.11253362629237
2  219 69 0 0 2.11253362629237
0

0101000
+5433 0 -5431 0 *
Ed
 1e-07 1 1 0
1  220 0 0 0.812381
2  220 69 0 0 0.812381
0

0101000
+5431 0 -5434 0 *
Wi

0101100
+5432 0 +5430 0 +5429 0 *
Fa
0  1e-07 69 0

0101000
+5428 0 *
Ve
1e-07
9.634644 -74.307037 0
0 0

0101101
*
Ve
1e-07
10.388301 -74.48085 0
0 0

0101101
*
Ed
 1e-07 1 1 0
1  221 0 0 0.773440257950156
2  221 70 0 0 0.773440257950156
0

0101000
+5426 0 -5425 0 *
Ve
1e-07
9.634644 -74.481056 0
0 0

0101101
*
Ed
 1e-07 1 1 0
1  222 0 0 0.753657028153391
2  222 70 0 0 0.753657028153391
0

0101000
+5425 0 -5423 0 *
Ed
 1e-07 1 1 0
1  223 0 0 0.174019000000001
2  223 70 0 0 0.174019000000001
0

0101000
+5423 0 -5426 0 *
Wi

0101100
+5424 0 +5422 0 +5421 0 *
Fa
0  1e-07 70 0

0101000
+5420 0 *
Ve
1e-07
9.634644 -74.481056 0
0 0

0101101
*
Ve
1e-07
9.532936 -75.436043 0
0 0

0101101
*
Ed
 1e-07 1 1 0
1  224 0 0 0.960387779718695
2  224 71 0 0 0.960387779718695
0

0101000
+5418 0 -5417 0 *
Ve
1e-07
9.532684 -74.481056 0
0 0

0101101
*
Ed
 1e-07 1 1 0
1  225 0 0 0.954987033248622
2  225 71 0 0 0.954987033248622
0

0101000
+5417 0 -5415 0 *
Ed
 1e-07 1 1 0
1  226 0 0 0.10196
2  226 71 0 0 0.10196
0

0101000
+5415 0 -5418 0 *
Wi

0101100
+5416 0 +5414 0 +5413 0 *
Fa
0  1e-07 71 0

0101000
+5412 0 *
Ve
1e-07
10.388301 -74.306831 0
0 0

0101101
*
Ve
1e-07
9.634644 -74.307037 0
0 0

0101101
*
Ed
 1e-07 1 1 0
1  227 0 0 0.753657028153391
2  227 72 0 0 0.753657028153391
0

0101000
+5410 0 -5409 0 *
Ve
1e-07
10.344535 -72.196991 0
0 0

0101101
*
Ed
 1e-07 1 1 0
1  228 0 0 2.22626129508577
2  228 72 0 0 2.22626129508577
0

0101000
+5409 0 -5407 0 *
Ed
 1e-07 1 1 0
1  229 0 0 2.11029388672669
2  229 72 0 0 2.11029388672669
0

0101000
+5407 0 -5410 0 *
Wi

0101100
+5408 0 +5406 0 +5405 0 *
Fa
0  1e-07 72 0

0101000
+5404 0 *
Ve
1e-07
9.268418 -72.196991 0
0 0

0101101
*
Ve
1e-07
8.285643 -75.257744 0
0 0

0101101
*
Ed
 1e-07 1 1 0
1  230 0 0 3.21466259934601
2  230 73 0 0 3.21466259934601
0

0101000
+5402 0 -5401 0 *
Ve
1e-07
5.501836 -74.290237 0
0 0

0101101
*
Ed
 1e-07 1 1 0
1  231 0 0 2.94714288901946
2  231 73 0 0 2.94714288901946
0

0101000
+5401 0 -5399 0 *
Ed
 1e-07 1 1 0
1  232 0 0 4.30915522802788
2  232 73 0 0 4.30915522802788
0

0101000
+5399 0 -5402 0 *
Wi

0101100
+5400 0 +5398 0 +5397 0 *
Fa
0  1e-07 73 0

0101000
+5396 0 *
Ve
1e-07
10.344535 -72.196991 0
0 0

0101101
*
Ve
1e-07
11.359115 -72.196991 0
0 0

0101101
*
Ed
 1e-07 1 1 0
1  233 0 0 1.01458
2  233 74 0 0 1.01458
0

0101000
+5394 0 -5393 0 *
Ve
1e-07
10.388301 -74.306831 0
0 0

0101101
*
Ed
 1e-07 1 1 0
1  234 0 0 2.32247812652693
2  234 74 0 0 2.32247812652693
0

0101000
+5393 0 -5391 0 *
Ed
 1e-07 1 1 0
1  235 0 0 2.11029388672669
2  235 74 0 0 2.11029388672669
0

0101000
+5391 0 -5394 0 *
Wi

0101100
+5392 0 +5390 0 +5389 0 *
Fa
0  1e-07 74 0

0101000
+5388 0 *
Ve
1e-07
9.634644 -74.307037 0
0 0

0101101
*
Ve
1e-07
10.388301 -74.306831 0
0 0

0101101
*
Ed
 1e-07 1 1 0
1  236 0 0 0.753657028153391
2  236 75 0 0 0.753657028153391
0

0101000
+5386 0 -5385 0 *
Ve
1e-07
10.388301 -74.48085 0
0 0

0101101
*
Ed
 1e-07 1 1 0
1  237 0 0 0.174019000000001
2  237 75 0 0 0.174019000000001
0

0101000
+5385 0 -5383 0 *
Ed
 1e-07 1 1 0
1  238 0 0 0.773440257950156
2  238 75 0 0 0.773440257950156
0

0101000
+5383 0 -5386 0 *
Wi

0101100
+5384 0 +5382 0 +5381 0 *
Fa
0  1e-07 75 0

0101000
+5380 0 *
Ve
1e-07
12.595141 -75.175209 0
0 0

0101101
*
Ve
1e-07
10.69508 -74.494774 0
0 0

0101101
*
Ed
 1e-07 1 1 0
1  239 0 0 2.01822287989855
2  239 76 0 0 2.01822287989855
0

0101000
+5378 0 -5377 0 *
Ve
1e-07
12.595141 -74.494774 0
0 0

0101101
*
Ed
 1e-07 1 1 0
1  240 0 0 1.900061
2  240 76 0 0 1.900061
0

0101000
+5377 0 -5375 0 *
Ed
 1e-07 1 1 0
1  241 0 0 0.680434999999989
2  241 76 0 0 0.680434999999989
0

0101000
+5375 0 -5378 0 *
Wi

0101100
+5376 0 +5374 0 +5373 0 *
Fa
0  1e-07 76 0

0101000
+5372 0 *
Ve
1e-07
11.359115 -72.196991 0
0 0

0101101
*
Ve
1e-07
12.734459 -74.306831 0
0 0

0101101
*
Ed
 1e-07 1 1 0
1  242 0 0 2.51853051280623
2  242 77 0 0 2.51853051280623
0

0101000
+5370 0 -5369 0 *
Ve
1e-07
10.388301 -74.306831 0
0 0

0101101
*
Ed
 1e-07 1 1 0
1  243 0 0 2.346158
2  243 77 0 0 2.346158
0

0101000
+5369 0 -5367 0 *
Ed
 1e-07 1 1 0
1  244 0 0 2.32247812652693
2  244 77 0 0 2.32247812652693
0

0101000
+5367 0 -5370 0 *
Wi

0101100
+5368 0 +5366 0 +5365 0 *
Fa
0  1e-07 77 0

0101000
+5364 0 *
Ve
1e-07
10.490281 -75.436043 0
0 0

0101101
*
Ve
1e-07
9.634644 -74.481056 0
0 0

0101101
*
Ed
 1e-07 1 1 0
1  245 0 0 1.28223041842642
2  245 78 0 0 1.28223041842642
0

0101000
+5362 0 -5361 0 *
Ve
1e-07
10.388301 -74.48085 0
0 0

0101101
*
Ed
 1e-07 1 1 0
1  246 0 0 0.753657028153391
2  246 78 0 0 0.753657028153391
0

0101000
+5361 0 -5359 0 *
Ed
 1e-07 1 1 0
1  247 0 0 0.960621459082082
2  247 78 0 0 0.960621459082082
0

0101000
+5359 0 -5362 0 *
Wi

0101100
+5360 0 +5358 0 +5357 0 *
Fa
0  1e-07 78 0

0101000
+5356 0 *
Ve
1e-07
10.490281 -74.48085 0
0 0

0101101
*
Ve
1e-07
10.490281 -75.436043 0
0 0

0101101
*
Ed
 1e-07 1 1 0
1  248 0 0 0.955192999999994
2  248 79 0 0 0.955192999999994
0

0101000
+5354 0 -5353 0 *
Ve
1e-07
10.388301 -74.48085 0
0 0

0101101
*
Ed
 1e-07 1 1 0
1  249 0 0 0.960621459082082
2  249 79 0 0 0.960621459082082
0

0101000
+5353 0 -5351 0 *
Ed
 1e-07 1 1 0
1  250 0 0 0.101979999999999
2  250 79 0 0 0.101979999999999
0

0101000
+5351 0 -5354 0 *
Wi

0101100
+5352 0 +5350 0 +5349 0 *
Fa
0  1e-07 79 0

0101000
+5348 0 *
Ve
1e-07
6.095979 -75.436043 0
0 0

0101101
*
Ve
1e-07
7.678346 -75.436043 0
0 0

0101101
*
Ed
 1e-07 1 1 0
1  251 0 0 1.582367
2  251 80 0 0 1.582367
0

0101000
+5346 0 -5345 0 *
Ve
1e-07
6.095979 -75.531532 0
0 0

0101101
*
Ed
 1e-07 1 1 0
1  252 0 0 1.58524555568215
2  252 80 0 0 1.58524555568215
0

0101000
+5345 0 -5343 0 *
Ed
 1e-07 1 1 0
1  253 0 0 0.0954890000000006
2  253 80 0 0 0.0954890000000006
0

0101000
+5343 0 -5346 0 *
Wi

0101100
+5344 0 +5342 0 +5341 0 *
Fa
0  1e-07 80 0

0101000
+5340 0 *
Ve
1e-07
8.285643 -75.436043 0
0 0

0101101
*
Ve
1e-07
7.969954 -77.866707 0
0 0

0101101
*
Ed
 1e-07 1 1 0
1  254 0 0 2.45107874733086
2  254 81 0 0 2.45107874733086
0

0101000
+5338 0 -5337 0 *
Ve
1e-07
7.969954 -75.436043 0
0 0

0101101
*
Ed
 1e-07 1 1 0
1  255 0 0 2.43066400000001
2  255 81 0 0 2.43066400000001
0

0101000
+5337 0 -5335 0 *
Ed
 1e-07 1 1 0
1  256 0 0 0.315689
2  256 81 0 0 0.315689
0

0101000
+5335 0 -5338 0 *
Wi

0101100
+5336 0 +5334 0 +5333 0 *
Fa
0  1e-07 81 0

0101000
+5332 0 *
Ve
1e-07
7.678346 -76.541565 0
0 0

0101101
*
Ve
1e-07
6.095979 -76.448105 0
0 0

0101101
*
Ed
 1e-07 1 1 0
1  257 0 0 1.58512463052247
2  257 82 0 0 1.58512463052247
0

0101000
+5330 0 -5329 0 *
Ve
1e-07
6.095979 -75.531532 0
0 0

0101101
*
Ed
 1e-07 1 1 0
1  258 0 0 0.916573
2  258 82 0 0 0.916573
0

0101000
+5329 0 -5327 0 *
Ed
 1e-07 1 1 0
1  259 0 0 1.87724585064877
2  259 82 0 0 1.87724585064877
0

0101000
+5327 0 -5330 0 *
Wi

0101100
+5328 0 +5326 0 +5325 0 *
Fa
0  1e-07 82 0

0101000
+5324 0 *
Ve
1e-07
5.902897 -76.448105 0
0 0

0101101
*
Ve
1e-07
6.095979 -75.531532 0
0 0

0101101
*
Ed
 1e-07 1 1 0
1  260 0 0 0.936689235047035
2  260 83 0 0 0.936689235047035
0

0101000
+5322 0 -5321 0 *
Ve
1e-07
6.095979 -76.448105 0
0 0

0101101
*
Ed
 1e-07 1 1 0
1  261 0 0 0.916573
2  261 83 0 0 0.916573
0

0101000
+5321 0 -5319 0 *
Ed
 1e-07 1 1 0
1  262 0 0 0.193082
2  262 83 0 0 0.193082
0

0101000
+5319 0 -5322 0 *
Wi

0101100
+5320 0 +5318 0 +5317 0 *
Fa
0  1e-07 83 0

0101000
+5316 0 *
Ve
1e-07
7.678346 -75.436043 0
0 0

0101101
*
Ve
1e-07
7.678346 -76.541565 0
0 0

0101101
*
Ed
 1e-07 1 1 0
1  263 0 0 1.10552200000001
2  263 84 0 0 1.10552200000001
0

0101000
+5314 0 -5313 0 *
Ve
1e-07
6.095979 -75.531532 0
0 0

0101101
*
Ed
 1e-07 1 1 0
1  264 0 0 1.87724585064877
2  264 84 0 0 1.87724585064877
0

0101000
+5313 0 -5311 0 *
Ed
 1e-07 1 1 0
1  265 0 0 1.58524555568215
2  265 84 0 0 1.58524555568215
0

0101000
+5311 0 -5314 0 *
Wi

0101100
+5312 0 +5310 0 +5309 0 *
Fa
0  1e-07 84 0

0101000
+5308 0 *
Ve
1e-07
6.095979 -76.541565 0
0 0

0101101
*
Ve
1e-07
6.095979 -76.448105 0
0 0

0101101
*
Ed
 1e-07 1 1 0
1  266 0 0 0.0934600000000074
2  266 85 0 0 0.0934600000000074
0

0101000
+5306 0 -5305 0 *
Ve
1e-07
7.678346 -76.541565 0
0 0

0101101
*
Ed
 1e-07 1 1 0
1  267 0 0 1.58512463052247
2  267 85 0 0 1.58512463052247
0

0101000
+5305 0 -5303 0 *
Ed
 1e-07 1 1 0
1  268 0 0 1.582367
2  268 85 0 0 1.582367
0

0101000
+5303 0 -5306 0 *
Wi

0101100
+5304 0 +5302 0 +5301 0 *
Fa
0  1e-07 85 0

0101000
+5300 0 *
Ve
1e-07
9.268418 -72.196991 0
0 0

0101101
*
Ve
1e-07
9.268418 -77.866707 0
0 0

0101101
*
Ed
 1e-07 1 1 0
1  269 0 0 5.66971600000001
2  269 86 0 0 5.66971600000001
0

0101000
+5298 0 -5297 0 *
Ve
1e-07
8.285643 -75.257744 0
0 0

0101101
*
Ed
 1e-07 1 1 0
1  270 0 0 2.78792658368079
2  270 86 0 0 2.78792658368079
0

0101000
+5297 0 -5295 0 *
Ed
 1e-07 1 1 0
1  271 0 0 3.21466259934601
2  271 86 0 0 3.21466259934601
0

0101000
+5295 0 -5298 0 *
Wi

0101100
+5296 0 +5294 0 +5293 0 *
Fa
0  1e-07 86 0

0101000
+5292 0 *
Ve
1e-07
9.634644 -74.481056 0
0 0

0101101
*
Ve
1e-07
10.490281 -75.436043 0
0 0

0101101
*
Ed
 1e-07 1 1 0
1  272 0 0 1.28223041842642
2  272 87 0 0 1.28223041842642
0

0101000
+5290 0 -5289 0 *
Ve
1e-07
9.532936 -75.436043 0
0 0

0101101
*
Ed
 1e-07 1 1 0
1  273 0 0 0.957345
2  273 87 0 0 0.957345
0

0101000
+5289 0 -5287 0 *
Ed
 1e-07 1 1 0
1  274 0 0 0.960387779718695
2  274 87 0 0 0.960387779718695
0

0101000
+5287 0 -5290 0 *
Wi

0101100
+5288 0 +5286 0 +5285 0 *
Fa
0  1e-07 87 0

0101000
+5284 0 *
Ve
1e-07
11.405829 -76.594971 0
0 0

0101101
*
Ve
1e-07
9.532936 -75.639473 0
0 0

0101101
*
Ed
 1e-07 1 1 0
1  275 0 0 2.10254717365699
2  275 88 0 0 2.10254717365699
0

0101000
+5282 0 -5281 0 *
Ve
1e-07
10.69508 -75.639473 0
0 0

0101101
*
Ed
 1e-07 1 1 0
1  276 0 0 1.162144
2  276 88 0 0 1.162144
0

0101000
+5281 0 -5279 0 *
Ed
 1e-07 1 1 0
1  277 0 0 1.19085707329008
2  277 88 0 0 1.19085707329008
0

0101000
+5279 0 -5282 0 *
Wi

0101100
+5280 0 +5278 0 +5277 0 *
Fa
0  1e-07 88 0

0101000
+5276 0 *
Ve
1e-07
10.69508 -75.639473 0
0 0

0101101
*
Ve
1e-07
12.595141 -75.175209 0
0 0

0101101
*
Ed
 1e-07 1 1 0
1  278 0 0 1.95595829848619
2  278 89 0 0 1.95595829848619
0

0101000
+5274 0 -5273 0 *
Ve
1e-07
12.595141 -76.060081 0
0 0

0101101
*
Ed
 1e-07 1 1 0
1  279 0 0 0.884872000000001
2  279 89 0 0 0.884872000000001
0

0101000
+5273 0 -5271 0 *
Ed
 1e-07 1 1 0
1  280 0 0 1.94605829650219
2  280 89 0 0 1.94605829650219
0

0101000
+5271 0 -5274 0 *
Wi

0101100
+5272 0 +5270 0 +5269 0 *
Fa
0  1e-07 89 0

0101000
+5268 0 *
Ve
1e-07
9.532936 -75.639473 0
0 0

0101101
*
Ve
1e-07
11.405829 -76.594971 0
0 0

0101101
*
Ed
 1e-07 1 1 0
1  281 0 0 2.10254717365699
2  281 90 0 0 2.10254717365699
0

0101000
+5266 0 -5265 0 *
Ve
1e-07
9.532666 -76.981277 0
0 0

0101101
*
Ed
 1e-07 1 1 0
1  282 0 0 1.91258253422042
2  282 90 0 0 1.91258253422042
0

0101000
+5265 0 -5263 0 *
Ed
 1e-07 1 1 0
1  283 0 0 1.34180402716493
2  283 90 0 0 1.34180402716493
0

0101000
+5263 0 -5266 0 *
Wi

0101100
+5264 0 +5262 0 +5261 0 *
Fa
0  1e-07 90 0

0101000
+5260 0 *
Ve
1e-07
12.595141 -76.060081 0
0 0

0101101
*
Ve
1e-07
12.595141 -75.175209 0
0 0

0101101
*
Ed
 1e-07 1 1 0
1  284 0 0 0.884872000000001
2  284 91 0 0 0.884872000000001
0

0101000
+5258 0 -5257 0 *
Ve
1e-07
12.734459 -75.175209 0
0 0

0101101
*
Ed
 1e-07 1 1 0
1  285 0 0 0.139317999999999
2  285 91 0 0 0.139317999999999
0

0101000
+5257 0 -5255 0 *
Ed
 1e-07 1 1 0
1  286 0 0 0.895772271008655
2  286 91 0 0 0.895772271008655
0

0101000
+5255 0 -5258 0 *
Wi

0101100
+5256 0 +5254 0 +5253 0 *
Fa
0  1e-07 91 0

0101000
+5252 0 *
Ve
1e-07
8.285643 -75.257744 0
0 0

0101101
*
Ve
1e-07
9.268418 -77.866707 0
0 0

0101101
*
Ed
 1e-07 1 1 0
1  287 0 0 2.78792658368079
2  287 92 0 0 2.78792658368079
0

0101000
+5250 0 -5249 0 *
Ve
1e-07
8.285643 -75.436043 0
0 0

0101101
*
Ed
 1e-07 1 1 0
1  288 0 0 2.62182649721926
2  288 92 0 0 2.62182649721926
0

0101000
+5249 0 -5247 0 *
Ed
 1e-07 1 1 0
1  289 0 0 0.178298999999996
2  289 92 0 0 0.178298999999996
0

0101000
+5247 0 -5250 0 *
Wi

0101100
+5248 0 +5246 0 +5245 0 *
Fa
0  1e-07 92 0

0101000
+5244 0 *
Ve
1e-07
10.69508 -74.494774 0
0 0

0101101
*
Ve
1e-07
12.595141 -75.175209 0
0 0

0101101
*
Ed
 1e-07 1 1 0
1  290 0 0 2.01822287989855
2  290 93 0 0 2.01822287989855
0

0101000
+5242 0 -5241 0 *
Ve
1e-07
10.69508 -75.639473 0
0 0

0101101
*
Ed
 1e-07 1 1 0
1  291 0 0 1.95595829848619
2  291 93 0 0 1.95595829848619
0

0101000
+5241 0 -5239 0 *
Ed
 1e-07 1 1 0
1  292 0 0 1.14469899999999
2  292 93 0 0 1.14469899999999
0

0101000
+5239 0 -5242 0 *
Wi

0101100
+5240 0 +5238 0 +5237 0 *
Fa
0  1e-07 93 0

0101000
+5236 0 *
Ve
1e-07
10.69508 -75.639473 0
0 0

0101101
*
Ve
1e-07
12.595141 -76.060081 0
0 0

0101101
*
Ed
 1e-07 1 1 0
1  293 0 0 1.94605829650219
2  293 94 0 0 1.94605829650219
0

0101000
+5234 0 -5233 0 *
Ve
1e-07
11.405829 -76.594971 0
0 0

0101101
*
Ed
 1e-07 1 1 0
1  294 0 0 1.30405918019237
2  294 94 0 0 1.30405918019237
0

0101000
+5233 0 -5231 0 *
Ed
 1e-07 1 1 0
1  295 0 0 1.19085707329008
2  295 94 0 0 1.19085707329008
0

0101000
+5231 0 -5234 0 *
Wi

0101100
+5232 0 +5230 0 +5229 0 *
Fa
0  1e-07 94 0

0101000
+5228 0 *
Ve
1e-07
5.501836 -74.290237 0
0 0

0101101
*
Ve
1e-07
7.301282 -72.196991 0
0 0

0101101
*
Ed
 1e-07 1 1 0
1  296 0 0 2.76037764145271
2  296 95 0 0 2.76037764145271
0

0101000
+5226 0 -5225 0 *
Ve
1e-07
9.268418 -72.196991 0
0 0

0101101
*
Ed
 1e-07 1 1 0
1  297 0 0 1.967136
2  297 95 0 0 1.967136
0

0101000
+5225 0 -5223 0 *
Ed
 1e-07 1 1 0
1  298 0 0 4.30915522802788
2  298 95 0 0 4.30915522802788
0

0101000
+5223 0 -5226 0 *
Wi

0101100
+5224 0 +5222 0 +5221 0 *
Fa
0  1e-07 95 0

0101000
+5220 0 *
Ve
1e-07
15.566109 -70.034538 0
0 0

0101101
*
Ve
1e-07
15.266109 -70.034538 0
0 0

0101101
*
Ed
 1e-07 1 1 0
1  299 0 0 0.300000000000001
2  299 96 0 0 0.300000000000001
0

0101000
+5218 0 -5217 0 *
Ve
1e-07
15.566109 -69.016655 0
0 0

0101101
*
Ed
 1e-07 1 1 0
1  300 0 0 1.06117190015991
2  300 96 0 0 1.06117190015991
0

0101000
+5217 0 -5215 0 *
Ed
 1e-07 1 1 0
1  301 0 0 1.017883
2  301 96 0 0 1.017883
0

0101000
+5215 0 -5218 0 *
Wi

0101100
+5216 0 +5214 0 +5213 0 *
Fa
0  1e-07 96 0

0101000
+5212 0 *
Ve
1e-07
15.266109 -70.034538 0
0 0

0101101
*
Ve
1e-07
15.266109 -70.051285 0
0 0

0101101
*
Ed
 1e-07 1 1 0
1  302 0 0 0.0167469999999952
2  302 97 0 0 0.0167469999999952
0

0101000
+5210 0 -5209 0 *
Ve
1e-07
10.228761 -70.051285 0
0 0

0101101
*
Ed
 1e-07 1 1 0
1  303 0 0 5.037348
2  303 97 0 0 5.037348
0

0101000
+5209 0 -5207 0 *
Ed
 1e-07 1 1 0
1  304 0 0 5.03737583818331
2  304 97 0 0 5.03737583818331
0

0101000
+5207 0 -5210 0 *
Wi

0101100
+5208 0 +5206 0 +5205 0 *
Fa
0  1e-07 97 0

0101000
+5204 0 *
Ve
1e-07
15.566109 -70.35128 0
0 0

0101101
*
Ve
1e-07
15.566109 -71.421532 0
0 0

0101101
*
Ed
 1e-07 1 1 0
1  305 0 0 1.070252
2  305 98 0 0 1.070252
0

0101000
+5202 0 -5201 0 *
Ve
1e-07
15.266109 -71.421532 0
0 0

0101101
*
Ed
 1e-07 1 1 0
1  306 0 0 0.300000000000001
2  306 98 0 0 0.300000000000001
0

0101000
+5201 0 -5199 0 *
Ve
1e-07
15.266109 -70.35128 0
0 0

0101101
*
Ed
 1e-07 1 1 0
1  307 0 0 1.070252
2  307 98 0 0 1.070252
0

0101000
+5199 0 -5197 0 *
Ed
 1e-07 1 1 0
1  308 0 0 0.300000000000001
2  308 98 0 0 0.300000000000001
0

0101000
+5197 0 -5202 0 *
Wi

0101100
+5200 0 +5198 0 +5196 0 +5195 0 *
Fa
0  1e-07 98 0

0101000
+5194 0 *
Ve
1e-07
10.228761 -70.35128 0
0 0

0101101
*
Ve
1e-07
15.266109 -70.35128 0
0 0

0101101
*
Ed
 1e-07 1 1 0
1  309 0 0 5.037348
2  309 99 0 0 5.037348
0

0101000
+5192 0 -5191 0 *
Ve
1e-07
13.069929 -71.721535 0
0 0

0101101
*
Ed
 1e-07 1 1 0
1  310 0 0 2.58859138479309
2  310 99 0 0 2.58859138479309
0

0101000
+5191 0 -5189 0 *
Ed
 1e-07 1 1 0
1  311 0 0 3.15433580476921
2  311 99 0 0 3.15433580476921
0

0101000
+5189 0 -5192 0 *
Wi

0101100
+5190 0 +5188 0 +5187 0 *
Fa
0  1e-07 99 0

0101000
+5186 0 *
Ve
1e-07
20.587898 -70.034538 0
0 0

0101101
*
Ve
1e-07
20.287899 -70.034538 0
0 0

0101101
*
Ed
 1e-07 1 1 0
1  312 0 0 0.299999
2  312 100 0 0 0.299999
0

0101000
+5184 0 -5183 0 *
Ve
1e-07
20.287899 -69.016655 0
0 0

0101101
*
Ed
 1e-07 1 1 0
1  313 0 0 1.017883
2  313 100 0 0 1.017883
0

0101000
+5183 0 -5181 0 *
Ed
 1e-07 1 1 0
1  314 0 0 1.06117161745403
2  314 100 0 0 1.06117161745403
0

0101000
+5181 0 -5184 0 *
Wi

0101100
+5182 0 +5180 0 +5179 0 *
Fa
0  1e-07 100 0

0101000
+5178 0 *
Ve
1e-07
20.271152 -70.051285 0
0 0

0101101
*
Ve
1e-07
20.271152 -70.35128 0
0 0

0101101
*
Ed
 1e-07 1 1 0
1  315 0 0 0.29999500000001
2  315 101 0 0 0.29999500000001
0

0101000
+5176 0 -5175 0 *
Ve
1e-07
15.582855 -70.35128 0
0 0

0101101
*
Ed
 1e-07 1 1 0
1  316 0 0 4.688297
2  316 101 0 0 4.688297
0

0101000
+5175 0 -5173 0 *
Ve
1e-07
15.582855 -70.051285 0
0 0

0101101
*
Ed
 1e-07 1 1 0
1  317 0 0 0.29999500000001
2  317 101 0 0 0.29999500000001
0

0101000
+5173 0 -5171 0 *
Ed
 1e-07 1 1 0
1  318 0 0 4.688297
2  318 101 0 0 4.688297
0

0101000
+5171 0 -5176 0 *
Wi

0101100
+5174 0 +5172 0 +5170 0 +5169 0 *
Fa
0  1e-07 101 0

0101000
+5168 0 *
Ve
1e-07
18.151377 -71.721535 0
0 0

0101101
*
Ve
1e-07
15.582855 -70.35128 0
0 0

0101101
*
Ed
 1e-07 1 1 0
1  319 0 0 2.9111688424942
2  319 102 0 0 2.9111688424942
0

0101000
+5166 0 -5165 0 *
Ve
1e-07
20.271152 -70.35128 0
0 0

0101101
*
Ed
 1e-07 1 1 0
1  320 0 0 4.688297
2  320 102 0 0 4.688297
0

0101000
+5165 0 -5163 0 *
Ed
 1e-07 1 1 0
1  321 0 0 2.52409286985444
2  321 102 0 0 2.52409286985444
0

0101000
+5163 0 -5166 0 *
Wi

0101100
+5164 0 +5162 0 +5161 0 *
Fa
0  1e-07 102 0

0101000
+5160 0 *
Ve
1e-07
15.566109 -71.421532 0
0 0

0101101
*
Ve
1e-07
15.566109 -70.35128 0
0 0

0101101
*
Ed
 1e-07 1 1 0
1  322 0 0 1.070252
2  322 103 0 0 1.070252
0

0101000
+5158 0 -5157 0 *
Ve
1e-07
15.582855 -70.35128 0
0 0

0101101
*
Ed
 1e-07 1 1 0
1  323 0 0 0.0167459999999995
2  323 103 0 0 0.0167459999999995
0

0101000
+5157 0 -5155 0 *
Ed
 1e-07 1 1 0
1  324 0 0 1.07038300249023
2  324 103 0 0 1.07038300249023
0

0101000
+5155 0 -5158 0 *
Wi

0101100
+5156 0 +5154 0 +5153 0 *
Fa
0  1e-07 103 0

0101000
+5152 0 *
Ve
1e-07
15.266109 -71.421532 0
0 0

0101101
*
Ve
1e-07
14.674597 -71.721535 0
0 0

0101101
*
Ed
 1e-07 1 1 0
1  325 0 0 0.66324071508993
2  325 104 0 0 0.66324071508993
0

0101000
+5150 0 -5149 0 *
Ve
1e-07
13.069929 -71.721535 0
0 0

0101101
*
Ed
 1e-07 1 1 0
1  326 0 0 1.604668
2  326 104 0 0 1.604668
0

0101000
+5149 0 -5147 0 *
Ed
 1e-07 1 1 0
1  327 0 0 2.21657582600032
2  327 104 0 0 2.21657582600032
0

0101000
+5147 0 -5150 0 *
Wi

0101100
+5148 0 +5146 0 +5145 0 *
Fa
0  1e-07 104 0

0101000
+5144 0 *
Ve
1e-07
15.266109 -71.421532 0
0 0

0101101
*
Ve
1e-07
13.069929 -71.721535 0
0 0

0101101
*
Ed
 1e-07 1 1 0
1  328 0 0 2.21657582600032
2  328 105 0 0 2.21657582600032
0

0101000
+5142 0 -5141 0 *
Ve
1e-07
15.266109 -70.35128 0
0 0

0101101
*
Ed
 1e-07 1 1 0
1  329 0 0 2.58859138479309
2  329 105 0 0 2.58859138479309
0

0101000
+5141 0 -5139 0 *
Ed
 1e-07 1 1 0
1  330 0 0 1.070252
2  330 105 0 0 1.070252
0

0101000
+5139 0 -5142 0 *
Wi

0101100
+5140 0 +5138 0 +5137 0 *
Fa
0  1e-07 105 0

0101000
+5136 0 *
Ve
1e-07
15.266109 -71.421532 0
0 0

0101101
*
Ve
1e-07
15.266109 -71.721535 0
0 0

0101101
*
Ed
 1e-07 1 1 0
1  331 0 0 0.300003000000004
2  331 106 0 0 0.300003000000004
0

0101000
+5134 0 -5133 0 *
Ve
1e-07
14.674597 -71.721535 0
0 0

0101101
*
Ed
 1e-07 1 1 0
1  332 0 0 0.591512
2  332 106 0 0 0.591512
0

0101000
+5133 0 -5131 0 *
Ed
 1e-07 1 1 0
1  333 0 0 0.66324071508993
2  333 106 0 0 0.66324071508993
0

0101000
+5131 0 -5134 0 *
Wi

0101100
+5132 0 +5130 0 +5129 0 *
Fa
0  1e-07 106 0

0101000
+5128 0 *
Ve
1e-07
15.566109 -71.721535 0
0 0

0101101
*
Ve
1e-07
15.566109 -71.421532 0
0 0

0101101
*
Ed
 1e-07 1 1 0
1  334 0 0 0.300003000000004
2  334 107 0 0 0.300003000000004
0

0101000
+5126 0 -5125 0 *
Ve
1e-07
17.227221 -71.721535 0
0 0

0101101
*
Ed
 1e-07 1 1 0
1  335 0 0 1.68798544915322
2  335 107 0 0 1.68798544915322
0

0101000
+5125 0 -5123 0 *
Ed
 1e-07 1 1 0
1  336 0 0 1.661112
2  336 107 0 0 1.661112
0

0101000
+5123 0 -5126 0 *
Wi

0101100
+5124 0 +5122 0 +5121 0 *
Fa
0  1e-07 107 0

0101000
+5120 0 *
Ve
1e-07
13.069929 -72.198624 0
0 0

0101101
*
Ve
1e-07
13.069929 -71.721535 0
0 0

0101101
*
Ed
 1e-07 1 1 0
1  337 0 0 0.477088999999992
2  337 108 0 0 0.477088999999992
0

0101000
+5118 0 -5117 0 *
Ve
1e-07
14.674597 -71.721535 0
0 0

0101101
*
Ed
 1e-07 1 1 0
1  338 0 0 1.604668
2  338 108 0 0 1.604668
0

0101000
+5117 0 -5115 0 *
Ed
 1e-07 1 1 0
1  339 0 0 1.67408879816603
2  339 108 0 0 1.67408879816603
0

0101000
+5115 0 -5118 0 *
Wi

0101100
+5116 0 +5114 0 +5113 0 *
Fa
0  1e-07 108 0

0101000
+5112 0 *
Ve
1e-07
18.151377 -71.721535 0
0 0

0101101
*
Ve
1e-07
17.227221 -71.721535 0
0 0

0101101
*
Ed
 1e-07 1 1 0
1  340 0 0 0.924156
2  340 109 0 0 0.924156
0

0101000
+5110 0 -5109 0 *
Ve
1e-07
15.566109 -71.421532 0
0 0

0101101
*
Ed
 1e-07 1 1 0
1  341 0 0 1.68798544915322
2  341 109 0 0 1.68798544915322
0

0101000
+5109 0 -5107 0 *
Ed
 1e-07 1 1 0
1  342 0 0 2.60261645884156
2  342 109 0 0 2.60261645884156
0

0101000
+5107 0 -5110 0 *
Wi

0101100
+5108 0 +5106 0 +5105 0 *
Fa
0  1e-07 109 0

0101000
+5104 0 *
Ve
1e-07
18.151377 -71.721535 0
0 0

0101101
*
Ve
1e-07
15.566109 -71.421532 0
0 0

0101101
*
Ed
 1e-07 1 1 0
1  343 0 0 2.60261645884156
2  343 110 0 0 2.60261645884156
0

0101000
+5102 0 -5101 0 *
Ve
1e-07
15.582855 -70.35128 0
0 0

0101101
*
Ed
 1e-07 1 1 0
1  344 0 0 1.07038300249023
2  344 110 0 0 1.07038300249023
0

0101000
+5101 0 -5099 0 *
Ed
 1e-07 1 1 0
1  345 0 0 2.9111688424942
2  345 110 0 0 2.9111688424942
0

0101000
+5099 0 -5102 0 *
Wi

0101100
+5100 0 +5098 0 +5097 0 *
Fa
0  1e-07 110 0

0101000
+5096 0 *
Ve
1e-07
20.587898 -71.421532 0
0 0

0101101
*
Ve
1e-07
20.287899 -71.421532 0
0 0

0101101
*
Ed
 1e-07 1 1 0
1  346 0 0 0.299999
2  346 111 0 0 0.299999
0

0101000
+5094 0 -5093 0 *
Ve
1e-07
20.287899 -70.35128 0
0 0

0101101
*
Ed
 1e-07 1 1 0
1  347 0 0 1.070252
2  347 111 0 0 1.070252
0

0101000
+5093 0 -5091 0 *
Ve
1e-07
20.587898 -70.35128 0
0 0

0101101
*
Ed
 1e-07 1 1 0
1  348 0 0 0.299999
2  348 111 0 0 0.299999
0

0101000
+5091 0 -5089 0 *
Ed
 1e-07 1 1 0
1  349 0 0 1.070252
2  349 111 0 0 1.070252
0

0101000
+5089 0 -5094 0 *
Wi

0101100
+5092 0 +5090 0 +5088 0 +5087 0 *
Fa
0  1e-07 111 0

0101000
+5086 0 *
Ve
1e-07
18.151377 -71.721535 0
0 0

0101101
*
Ve
1e-07
20.271152 -70.35128 0
0 0

0101101
*
Ed
 1e-07 1 1 0
1  350 0 0 2.52409286985444
2  350 112 0 0 2.52409286985444
0

0101000
+5084 0 -5083 0 *
Ve
1e-07
20.287899 -71.421532 0
0 0

0101101
*
Ed
 1e-07 1 1 0
1  351 0 0 1.07038301813556
2  351 112 0 0 1.07038301813556
0

0101000
+5083 0 -5081 0 *
Ed
 1e-07 1 1 0
1  352 0 0 2.1574818786013
2  352 112 0 0 2.1574818786013
0

0101000
+5081 0 -5084 0 *
Wi

0101100
+5082 0 +5080 0 +5079 0 *
Fa
0  1e-07 112 0

0101000
+5078 0 *
Ve
1e-07
18.151377 -71.721535 0
0 0

0101101
*
Ve
1e-07
19.202501 -71.721535 0
0 0

0101101
*
Ed
 1e-07 1 1 0
1  353 0 0 1.051124
2  353 113 0 0 1.051124
0

0101000
+5076 0 -5075 0 *
Ve
1e-07
19.202501 -72.196991 0
0 0

0101101
*
Ed
 1e-07 1 1 0
1  354 0 0 0.475455999999994
2  354 113 0 0 0.475455999999994
0

0101000
+5075 0 -5073 0 *
Ve
1e-07
18.151377 -72.196991 0
0 0

0101101
*
Ed
 1e-07 1 1 0
1  355 0 0 1.051124
2  355 113 0 0 1.051124
0

0101000
+5073 0 -5071 0 *
Ed
 1e-07 1 1 0
1  356 0 0 0.475455999999994
2  356 113 0 0 0.475455999999994
0

0101000
+5071 0 -5076 0 *
Wi

0101100
+5074 0 +5072 0 +5070 0 +5069 0 *
Fa
0  1e-07 113 0

0101000
+5068 0 *
Ve
1e-07
20.287899 -71.421532 0
0 0

0101101
*
Ve
1e-07
19.202501 -71.721535 0
0 0

0101101
*
Ed
 1e-07 1 1 0
1  357 0 0 1.12609529721645
2  357 114 0 0 1.12609529721645
0

0101000
+5066 0 -5065 0 *
Ve
1e-07
18.151377 -71.721535 0
0 0

0101101
*
Ed
 1e-07 1 1 0
1  358 0 0 1.051124
2  358 114 0 0 1.051124
0

0101000
+5065 0 -5063 0 *
Ed
 1e-07 1 1 0
1  359 0 0 2.1574818786013
2  359 114 0 0 2.1574818786013
0

0101000
+5063 0 -5066 0 *
Wi

0101100
+5064 0 +5062 0 +5061 0 *
Fa
0  1e-07 114 0

0101000
+5060 0 *
Ve
1e-07
20.287899 -71.421532 0
0 0

0101101
*
Ve
1e-07
20.287899 -71.721535 0
0 0

0101101
*
Ed
 1e-07 1 1 0
1  360 0 0 0.300003000000004
2  360 115 0 0 0.300003000000004
0

0101000
+5058 0 -5057 0 *
Ve
1e-07
19.202501 -71.721535 0
0 0

0101101
*
Ed
 1e-07 1 1 0
1  361 0 0 1.085398
2  361 115 0 0 1.085398
0

0101000
+5057 0 -5055 0 *
Ed
 1e-07 1 1 0
1  362 0 0 1.12609529721645
2  362 115 0 0 1.12609529721645
0

0101000
+5055 0 -5058 0 *
Wi

0101100
+5056 0 +5054 0 +5053 0 *
Fa
0  1e-07 115 0

0101000
+5052 0 *
Ve
1e-07
20.287899 -71.421532 0
0 0

0101101
*
Ve
1e-07
20.271152 -70.35128 0
0 0

0101101
*
Ed
 1e-07 1 1 0
1  363 0 0 1.07038301813556
2  363 116 0 0 1.07038301813556
0

0101000
+5050 0 -5049 0 *
Ve
1e-07
20.287899 -70.35128 0
0 0

0101101
*
Ed
 1e-07 1 1 0
1  364 0 0 0.0167469999999987
2  364 116 0 0 0.0167469999999987
0

0101000
+5049 0 -5047 0 *
Ed
 1e-07 1 1 0
1  365 0 0 1.070252
2  365 116 0 0 1.070252
0

0101000
+5047 0 -5050 0 *
Wi

0101100
+5048 0 +5046 0 +5045 0 *
Fa
0  1e-07 116 0

0101000
+5044 0 *
Ve
1e-07
15.566109 -71.721535 0
0 0

0101101
*
Ve
1e-07
17.227221 -71.721535 0
0 0

0101101
*
Ed
 1e-07 1 1 0
1  366 0 0 1.661112
2  366 117 0 0 1.661112
0

0101000
+5042 0 -5041 0 *
Ve
1e-07
17.227221 -72.196991 0
0 0

0101101
*
Ed
 1e-07 1 1 0
1  367 0 0 0.475455999999994
2  367 117 0 0 0.475455999999994
0

0101000
+5041 0 -5039 0 *
Ve
1e-07
15.566109 -72.196991 0
0 0

0101101
*
Ed
 1e-07 1 1 0
1  368 0 0 1.661112
2  368 117 0 0 1.661112
0

0101000
+5039 0 -5037 0 *
Ed
 1e-07 1 1 0
1  369 0 0 0.475455999999994
2  369 117 0 0 0.475455999999994
0

0101000
+5037 0 -5042 0 *
Wi

0101100
+5040 0 +5038 0 +5036 0 +5035 0 *
Fa
0  1e-07 117 0

0101000
+5034 0 *
Ve
1e-07
15.566109 -69.016655 0
0 0

0101101
*
Ve
1e-07
15.266109 -70.034538 0
0 0

0101101
*
Ed
 1e-07 1 1 0
1  370 0 0 1.06117190015991
2  370 118 0 0 1.06117190015991
0

0101000
+5032 0 -5031 0 *
Ve
1e-07
10.228761 -69.016655 0
0 0

0101101
*
Ed
 1e-07 1 1 0
1  371 0 0 5.13915953000031
2  371 118 0 0 5.13915953000031
0

0101000
+5031 0 -5029 0 *
Ed
 1e-07 1 1 0
1  372 0 0 5.337348
2  372 118 0 0 5.337348
0

0101000
+5029 0 -5032 0 *
Wi

0101100
+5030 0 +5028 0 +5027 0 *
Fa
0  1e-07 118 0

0101000
+5026 0 *
Ve
1e-07
25.279507 -70.051285 0
0 0

0101101
*
Ve
1e-07
20.587898 -70.051285 0
0 0

0101101
*
Ed
 1e-07 1 1 0
1  373 0 0 4.691609
2  373 119 0 0 4.691609
0

0101000
+5024 0 -5023 0 *
Ve
1e-07
20.587898 -70.034538 0
0 0

0101101
*
Ed
 1e-07 1 1 0
1  374 0 0 0.0167469999999952
2  374 119 0 0 0.0167469999999952
0

0101000
+5023 0 -5021 0 *
Ed
 1e-07 1 1 0
1  375 0 0 4.69163888965146
2  375 119 0 0 4.69163888965146
0

0101000
+5021 0 -5024 0 *
Wi

0101100
+5022 0 +5020 0 +5019 0 *
Fa
0  1e-07 119 0

0101000
+5018 0 *
Ve
1e-07
28.017544 -69.016655 0
0 0

0101101
*
Ve
1e-07
25.579506 -70.051285 0
0 0

0101101
*
Ed
 1e-07 1 1 0
1  376 0 0 2.64848796983184
2  376 120 0 0 2.64848796983184
0

0101000
+5016 0 -5015 0 *
Ve
1e-07
25.279507 -70.051285 0
0 0

0101101
*
Ed
 1e-07 1 1 0
1  377 0 0 0.299999
2  377 120 0 0 0.299999
0

0101000
+5015 0 -5013 0 *
Ed
 1e-07 1 1 0
1  378 0 0 2.9269960454823
2  378 120 0 0 2.9269960454823
0

0101000
+5013 0 -5016 0 *
Wi

0101100
+5014 0 +5012 0 +5011 0 *
Fa
0  1e-07 120 0

0101000
+5010 0 *
Ve
1e-07
20.587898 -70.051285 0
0 0

0101101
*
Ve
1e-07
25.279507 -70.051285 0
0 0

0101101
*
Ed
 1e-07 1 1 0
1  379 0 0 4.691609
2  379 121 0 0 4.691609
0

0101000
+5008 0 -5007 0 *
Ve
1e-07
25.279507 -70.35128 0
0 0

0101101
*
Ed
 1e-07 1 1 0
1  380 0 0 0.29999500000001
2  380 121 0 0 0.29999500000001
0

0101000
+5007 0 -5005 0 *
Ve
1e-07
20.587898 -70.35128 0
0 0

0101101
*
Ed
 1e-07 1 1 0
1  381 0 0 4.691609
2  381 121 0 0 4.691609
0

0101000
+5005 0 -5003 0 *
Ed
 1e-07 1 1 0
1  382 0 0 0.29999500000001
2  382 121 0 0 0.29999500000001
0

0101000
+5003 0 -5008 0 *
Wi

0101100
+5006 0 +5004 0 +5002 0 +5001 0 *
Fa
0  1e-07 121 0

0101000
+5000 0 *
Ve
1e-07
23.232824 -71.721535 0
0 0

0101101
*
Ve
1e-07
20.587898 -70.35128 0
0 0

0101101
*
Ed
 1e-07 1 1 0
1  383 0 0 2.97879712476379
2  383 122 0 0 2.97879712476379
0

0101000
+4998 0 -4997 0 *
Ve
1e-07
25.279507 -70.35128 0
0 0

0101101
*
Ed
 1e-07 1 1 0
1  384 0 0 4.691609
2  384 122 0 0 4.691609
0

0101000
+4997 0 -4995 0 *
Ed
 1e-07 1 1 0
1  385 0 0 2.46302863716888
2  385 122 0 0 2.46302863716888
0

0101000
+4995 0 -4998 0 *
Wi

0101100
+4996 0 +4994 0 +4993 0 *
Fa
0  1e-07 122 0

0101000
+4992 0 *
Ve
1e-07
25.279507 -70.051285 0
0 0

0101101
*
Ve
1e-07
20.587898 -70.034538 0
0 0

0101101
*
Ed
 1e-07 1 1 0
1  386 0 0 4.69163888965146
2  386 123 0 0 4.69163888965146
0

0101000
+4990 0 -4989 0 *
Ve
1e-07
20.287899 -69.016655 0
0 0

0101101
*
Ed
 1e-07 1 1 0
1  387 0 0 1.06117161745403
2  387 123 0 0 1.06117161745403
0

0101000
+4989 0 -4987 0 *
Ed
 1e-07 1 1 0
1  388 0 0 5.09770631387921
2  388 123 0 0 5.09770631387921
0

0101000
+4987 0 -4990 0 *
Wi

0101100
+4988 0 +4986 0 +4985 0 *
Fa
0  1e-07 123 0

0101000
+4984 0 *
Ve
1e-07
28.017544 -70.034538 0
0 0

0101101
*
Ve
1e-07
27.717545 -70.034538 0
0 0

0101101
*
Ed
 1e-07 1 1 0
1  389 0 0 0.299999
2  389 124 0 0 0.299999
0

0101000
+4982 0 -4981 0 *
Ve
1e-07
28.017544 -69.016655 0
0 0

0101101
*
Ed
 1e-07 1 1 0
1  390 0 0 1.06117161745403
2  390 124 0 0 1.06117161745403
0

0101000
+4981 0 -4979 0 *
Ed
 1e-07 1 1 0
1  391 0 0 1.017883
2  391 124 0 0 1.017883
0

0101000
+4979 0 -4982 0 *
Wi

0101100
+4980 0 +4978 0 +4977 0 *
Fa
0  1e-07 124 0

0101000
+4976 0 *
Ve
1e-07
27.717545 -70.034538 0
0 0

0101101
*
Ve
1e-07
27.717545 -70.051285 0
0 0

0101101
*
Ed
 1e-07 1 1 0
1  392 0 0 0.0167469999999952
2  392 125 0 0 0.0167469999999952
0

0101000
+4974 0 -4973 0 *
Ve
1e-07
25.579506 -70.051285 0
0 0

0101101
*
Ed
 1e-07 1 1 0
1  393 0 0 2.138039
2  393 125 0 0 2.138039
0

0101000
+4973 0 -4971 0 *
Ed
 1e-07 1 1 0
1  394 0 0 2.13810458760324
2  394 125 0 0 2.13810458760324
0

0101000
+4971 0 -4974 0 *
Wi

0101100
+4972 0 +4970 0 +4969 0 *
Fa
0  1e-07 125 0

0101000
+4968 0 *
Ve
1e-07
27.717545 -70.051285 0
0 0

0101101
*
Ve
1e-07
27.717545 -70.35128 0
0 0

0101101
*
Ed
 1e-07 1 1 0
1  395 0 0 0.29999500000001
2  395 126 0 0 0.29999500000001
0

0101000
+4966 0 -4965 0 *
Ve
1e-07
25.579506 -70.35128 0
0 0

0101101
*
Ed
 1e-07 1 1 0
1  396 0 0 2.138039
2  396 126 0 0 2.138039
0

0101000
+4965 0 -4963 0 *
Ve
1e-07
25.579506 -70.051285 0
0 0

0101101
*
Ed
 1e-07 1 1 0
1  397 0 0 0.29999500000001
2  397 126 0 0 0.29999500000001
0

0101000
+4963 0 -4961 0 *
Ed
 1e-07 1 1 0
1  398 0 0 2.138039
2  398 126 0 0 2.138039
0

0101000
+4961 0 -4966 0 *
Wi

0101100
+4964 0 +4962 0 +4960 0 +4959 0 *
Fa
0  1e-07 126 0

0101000
+4958 0 *
Ve
1e-07
34.034794 -70.35128 0
0 0

0101101
*
Ve
1e-07
28.03429 -70.35128 0
0 0

0101101
*
Ed
 1e-07 1 1 0
1  399 0 0 6.000504
2  399 127 0 0 6.000504
0

0101000
+4956 0 -4955 0 *
Ve
1e-07
28.03429 -70.051285 0
0 0

0101101
*
Ed
 1e-07 1 1 0
1  400 0 0 0.29999500000001
2  400 127 0 0 0.29999500000001
0

0101000
+4955 0 -4953 0 *
Ve
1e-07
34.034794 -70.051285 0
0 0

0101101
*
Ed
 1e-07 1 1 0
1  401 0 0 6.000504
2  401 127 0 0 6.000504
0

0101000
+4953 0 -4951 0 *
Ed
 1e-07 1 1 0
1  402 0 0 0.29999500000001
2  402 127 0 0 0.29999500000001
0

0101000
+4951 0 -4956 0 *
Wi

0101100
+4954 0 +4952 0 +4950 0 +4949 0 *
Fa
0  1e-07 127 0

0101000
+4948 0 *
Ve
1e-07
28.017544 -69.016655 0
0 0

0101101
*
Ve
1e-07
27.717545 -70.034538 0
0 0

0101101
*
Ed
 1e-07 1 1 0
1  403 0 0 1.06117161745403
2  403 128 0 0 1.06117161745403
0

0101000
+4946 0 -4945 0 *
Ve
1e-07
25.579506 -70.051285 0
0 0

0101101
*
Ed
 1e-07 1 1 0
1  404 0 0 2.13810458760324
2  404 128 0 0 2.13810458760324
0

0101000
+4945 0 -4943 0 *
Ed
 1e-07 1 1 0
1  405 0 0 2.64848796983184
2  405 128 0 0 2.64848796983184
0

0101000
+4943 0 -4946 0 *
Wi

0101100
+4944 0 +4942 0 +4941 0 *
Fa
0  1e-07 128 0

0101000
+4940 0 *
Ve
1e-07
25.279507 -70.051285 0
0 0

0101101
*
Ve
1e-07
20.287899 -69.016655 0
0 0

0101101
*
Ed
 1e-07 1 1 0
1  406 0 0 5.09770631387921
2  406 129 0 0 5.09770631387921
0

0101000
+4938 0 -4937 0 *
Ve
1e-07
28.017544 -69.016655 0
0 0

0101101
*
Ed
 1e-07 1 1 0
1  407 0 0 7.729645
2  407 129 0 0 7.729645
0

0101000
+4937 0 -4935 0 *
Ed
 1e-07 1 1 0
1  408 0 0 2.9269960454823
2  408 129 0 0 2.9269960454823
0

0101000
+4935 0 -4938 0 *
Wi

0101100
+4936 0 +4934 0 +4933 0 *
Fa
0  1e-07 129 0

0101000
+4932 0 *
Ve
1e-07
25.579506 -70.35128 0
0 0

0101101
*
Ve
1e-07
25.579506 -71.421532 0
0 0

0101101
*
Ed
 1e-07 1 1 0
1  409 0 0 1.070252
2  409 130 0 0 1.070252
0

0101000
+4930 0 -4929 0 *
Ve
1e-07
25.279507 -71.421532 0
0 0

0101101
*
Ed
 1e-07 1 1 0
1  410 0 0 0.299999
2  410 130 0 0 0.299999
0

0101000
+4929 0 -4927 0 *
Ve
1e-07
25.279507 -70.35128 0
0 0

0101101
*
Ed
 1e-07 1 1 0
1  411 0 0 1.070252
2  411 130 0 0 1.070252
0

0101000
+4927 0 -4925 0 *
Ed
 1e-07 1 1 0
1  412 0 0 0.299999
2  412 130 0 0 0.299999
0

0101000
+4925 0 -4930 0 *
Wi

0101100
+4928 0 +4926 0 +4924 0 +4923 0 *
Fa
0  1e-07 130 0

0101000
+4922 0 *
Ve
1e-07
20.922609 -71.721535 0
0 0

0101101
*
Ve
1e-07
20.587898 -71.721535 0
0 0

0101101
*
Ed
 1e-07 1 1 0
1  413 0 0 0.334711000000002
2  413 131 0 0 0.334711000000002
0

0101000
+4920 0 -4919 0 *
Ve
1e-07
20.587898 -71.421532 0
0 0

0101101
*
Ed
 1e-07 1 1 0
1  414 0 0 0.300003000000004
2  414 131 0 0 0.300003000000004
0

0101000
+4919 0 -4917 0 *
Ed
 1e-07 1 1 0
1  415 0 0 0.449481093629091
2  415 131 0 0 0.449481093629091
0

0101000
+4917 0 -4920 0 *
Wi

0101100
+4918 0 +4916 0 +4915 0 *
Fa
0  1e-07 131 0

0101000
+4914 0 *
Ve
1e-07
23.232824 -71.721535 0
0 0

0101101
*
Ve
1e-07
25.279507 -70.35128 0
0 0

0101101
*
Ed
 1e-07 1 1 0
1  416 0 0 2.46302863716888
2  416 132 0 0 2.46302863716888
0

0101000
+4912 0 -4911 0 *
Ve
1e-07
25.279507 -71.421532 0
0 0

0101101
*
Ed
 1e-07 1 1 0
1  417 0 0 1.070252
2  417 132 0 0 1.070252
0

0101000
+4911 0 -4909 0 *
Ed
 1e-07 1 1 0
1  418 0 0 2.0685533840097
2  418 132 0 0 2.0685533840097
0

0101000
+4909 0 -4912 0 *
Wi

0101100
+4910 0 +4908 0 +4907 0 *
Fa
0  1e-07 132 0

0101000
+4906 0 *
Ve
1e-07
23.232824 -71.721535 0
0 0

0101101
*
Ve
1e-07
20.587898 -71.421532 0
0 0

0101101
*
Ed
 1e-07 1 1 0
1  419 0 0 2.66188567475859
2  419 133 0 0 2.66188567475859
0

0101000
+4904 0 -4903 0 *
Ve
1e-07
20.587898 -70.35128 0
0 0

0101101
*
Ed
 1e-07 1 1 0
1  420 0 0 1.070252
2  420 133 0 0 1.070252
0

0101000
+4903 0 -4901 0 *
Ed
 1e-07 1 1 0
1  421 0 0 2.97879712476379
2  421 133 0 0 2.97879712476379
0

0101000
+4901 0 -4904 0 *
Wi

0101100
+4902 0 +4900 0 +4899 0 *
Fa
0  1e-07 133 0

0101000
+4898 0 *
Ve
1e-07
20.922609 -71.721535 0
0 0

0101101
*
Ve
1e-07
23.232824 -71.721535 0
0 0

0101101
*
Ed
 1e-07 1 1 0
1  422 0 0 2.310215
2  422 134 0 0 2.310215
0

0101000
+4896 0 -4895 0 *
Ve
1e-07
23.240368 -72.196991 0
0 0

0101101
*
Ed
 1e-07 1 1 0
1  423 0 0 0.475515846078755
2  423 134 0 0 0.475515846078755
0

0101000
+4895 0 -4893 0 *
Ve
1e-07
20.922609 -72.196991 0
0 0

0101101
*
Ed
 1e-07 1 1 0
1  424 0 0 2.317759
2  424 134 0 0 2.317759
0

0101000
+4893 0 -4891 0 *
Ed
 1e-07 1 1 0
1  425 0 0 0.475455999999994
2  425 134 0 0 0.475455999999994
0

0101000
+4891 0 -4896 0 *
Wi

0101100
+4894 0 +4892 0 +4890 0 +4889 0 *
Fa
0  1e-07 134 0

0101000
+4888 0 *
Ve
1e-07
20.587898 -71.421532 0
0 0

0101101
*
Ve
1e-07
23.232824 -71.721535 0
0 0

0101101
*
Ed
 1e-07 1 1 0
1  426 0 0 2.66188567475859
2  426 135 0 0 2.66188567475859
0

0101000
+4886 0 -4885 0 *
Ve
1e-07
20.922609 -71.721535 0
0 0

0101101
*
Ed
 1e-07 1 1 0
1  427 0 0 2.310215
2  427 135 0 0 2.310215
0

0101000
+4885 0 -4883 0 *
Ed
 1e-07 1 1 0
1  428 0 0 0.449481093629091
2  428 135 0 0 0.449481093629091
0

0101000
+4883 0 -4886 0 *
Wi

0101100
+4884 0 +4882 0 +4881 0 *
Fa
0  1e-07 135 0

0101000
+4880 0 *
Ve
1e-07
25.279507 -71.421532 0
0 0

0101101
*
Ve
1e-07
23.912443 -71.721535 0
0 0

0101101
*
Ed
 1e-07 1 1 0
1  429 0 0 1.39959486284603
2  429 136 0 0 1.39959486284603
0

0101000
+4878 0 -4877 0 *
Ve
1e-07
23.232824 -71.721535 0
0 0

0101101
*
Ed
 1e-07 1 1 0
1  430 0 0 0.679618999999999
2  430 136 0 0 0.679618999999999
0

0101000
+4877 0 -4875 0 *
Ed
 1e-07 1 1 0
1  431 0 0 2.0685533840097
2  431 136 0 0 2.0685533840097
0

0101000
+4875 0 -4878 0 *
Wi

0101100
+4876 0 +4874 0 +4873 0 *
Fa
0  1e-07 136 0

0101000
+4872 0 *
Ve
1e-07
24.923222 -71.721535 0
0 0

0101101
*
Ve
1e-07
23.912443 -71.721535 0
0 0

0101101
*
Ed
 1e-07 1 1 0
1  432 0 0 1.010779
2  432 137 0 0 1.010779
0

0101000
+4870 0 -4869 0 *
Ve
1e-07
25.279507 -71.421532 0
0 0

0101101
*
Ed
 1e-07 1 1 0
1  433 0 0 1.39959486284603
2  433 137 0 0 1.39959486284603
0

0101000
+4869 0 -4867 0 *
Ed
 1e-07 1 1 0
1  434 0 0 0.465769042803407
2  434 137 0 0 0.465769042803407
0

0101000
+4867 0 -4870 0 *
Wi

0101100
+4868 0 +4866 0 +4865 0 *
Fa
0  1e-07 137 0

0101000
+4864 0 *
Ve
1e-07
28.017544 -70.35128 0
0 0

0101101
*
Ve
1e-07
28.017544 -71.421532 0
0 0

0101101
*
Ed
 1e-07 1 1 0
1  435 0 0 1.070252
2  435 138 0 0 1.070252
0

0101000
+4862 0 -4861 0 *
Ve
1e-07
27.717545 -71.421532 0
0 0

0101101
*
Ed
 1e-07 1 1 0
1  436 0 0 0.299999
2  436 138 0 0 0.299999
0

0101000
+4861 0 -4859 0 *
Ve
1e-07
27.717545 -70.35128 0
0 0

0101101
*
Ed
 1e-07 1 1 0
1  437 0 0 1.070252
2  437 138 0 0 1.070252
0

0101000
+4859 0 -4857 0 *
Ed
 1e-07 1 1 0
1  438 0 0 0.299999
2  438 138 0 0 0.299999
0

0101000
+4857 0 -4862 0 *
Wi

0101100
+4860 0 +4858 0 +4856 0 +4855 0 *
Fa
0  1e-07 138 0

0101000
+4854 0 *
Ve
1e-07
28.017544 -71.421532 0
0 0

0101101
*
Ve
1e-07
28.017544 -70.35128 0
0 0

0101101
*
Ed
 1e-07 1 1 0
1  439 0 0 1.070252
2  439 139 0 0 1.070252
0

0101000
+4852 0 -4851 0 *
Ve
1e-07
28.03429 -70.35128 0
0 0

0101101
*
Ed
 1e-07 1 1 0
1  440 0 0 0.0167459999999977
2  440 139 0 0 0.0167459999999977
0

0101000
+4851 0 -4849 0 *
Ed
 1e-07 1 1 0
1  441 0 0 1.07038300249023
2  441 139 0 0 1.07038300249023
0

0101000
+4849 0 -4852 0 *
Wi

0101100
+4850 0 +4848 0 +4847 0 *
Fa
0  1e-07 139 0

0101000
+4846 0 *
Ve
1e-07
27.717545 -70.35128 0
0 0

0101101
*
Ve
1e-07
27.717545 -71.421532 0
0 0

0101101
*
Ed
 1e-07 1 1 0
1  442 0 0 1.070252
2  442 140 0 0 1.070252
0

0101000
+4844 0 -4843 0 *
Ve
1e-07
25.579506 -71.421532 0
0 0

0101101
*
Ed
 1e-07 1 1 0
1  443 0 0 2.138039
2  443 140 0 0 2.138039
0

0101000
+4843 0 -4841 0 *
Ve
1e-07
25.579506 -70.35128 0
0 0

0101101
*
Ed
 1e-07 1 1 0
1  444 0 0 1.070252
2  444 140 0 0 1.070252
0

0101000
+4841 0 -4839 0 *
Ed
 1e-07 1 1 0
1  445 0 0 2.138039
2  445 140 0 0 2.138039
0

0101000
+4839 0 -4844 0 *
Wi

0101100
+4842 0 +4840 0 +4838 0 +4837 0 *
Fa
0  1e-07 140 0

0101000
+4836 0 *
Ve
1e-07
25.579506 -71.421532 0
0 0

0101101
*
Ve
1e-07
27.717545 -71.421532 0
0 0

0101101
*
Ed
 1e-07 1 1 0
1  446 0 0 2.138039
2  446 141 0 0 2.138039
0

0101000
+4834 0 -4833 0 *
Ve
1e-07
27.095913 -71.721535 0
0 0

0101101
*
Ed
 1e-07 1 1 0
1  447 0 0 0.69023774413821
2  447 141 0 0 0.69023774413821
0

0101000
+4833 0 -4831 0 *
Ve
1e-07
25.847837 -71.721535 0
0 0

0101101
*
Ed
 1e-07 1 1 0
1  448 0 0 1.248076
2  448 141 0 0 1.248076
0

0101000
+4831 0 -4829 0 *
Ed
 1e-07 1 1 0
1  449 0 0 0.40249636715131
2  449 141 0 0 0.40249636715131
0

0101000
+4829 0 -4834 0 *
Wi

0101100
+4832 0 +4830 0 +4828 0 +4827 0 *
Fa
0  1e-07 141 0

0101000
+4826 0 *
Ve
1e-07
28.644878 -71.721535 0
0 0

0101101
*
Ve
1e-07
28.017544 -71.421532 0
0 0

0101101
*
Ed
 1e-07 1 1 0
1  450 0 0 0.695377413758169
2  450 142 0 0 0.695377413758169
0

0101000
+4824 0 -4823 0 *
Ve
1e-07
31.025448 -71.721535 0
0 0

0101101
*
Ed
 1e-07 1 1 0
1  451 0 0 3.02282786033624
2  451 142 0 0 3.02282786033624
0

0101000
+4823 0 -4821 0 *
Ed
 1e-07 1 1 0
1  452 0 0 2.38057
2  452 142 0 0 2.38057
0

0101000
+4821 0 -4824 0 *
Wi

0101100
+4822 0 +4820 0 +4819 0 *
Fa
0  1e-07 142 0

0101000
+4818 0 *
Ve
1e-07
31.025448 -71.721535 0
0 0

0101101
*
Ve
1e-07
28.017544 -71.421532 0
0 0

0101101
*
Ed
 1e-07 1 1 0
1  453 0 0 3.02282786033624
2  453 143 0 0 3.02282786033624
0

0101000
+4816 0 -4815 0 *
Ve
1e-07
28.03429 -70.35128 0
0 0

0101101
*
Ed
 1e-07 1 1 0
1  454 0 0 1.07038300249023
2  454 143 0 0 1.07038300249023
0

0101000
+4815 0 -4813 0 *
Ed
 1e-07 1 1 0
1  455 0 0 3.29007977805843
2  455 143 0 0 3.29007977805843
0

0101000
+4813 0 -4816 0 *
Wi

0101100
+4814 0 +4812 0 +4811 0 *
Fa
0  1e-07 143 0

0101000
+4810 0 *
Ve
1e-07
14.674597 -71.721535 0
0 0

0101101
*
Ve
1e-07
14.674597 -72.200256 0
0 0

0101101
*
Ed
 1e-07 1 1 0
1  456 0 0 0.478720999999993
2  456 144 0 0 0.478720999999993
0

0101000
+4808 0 -4807 0 *
Ve
1e-07
13.069929 -72.198624 0
0 0

0101101
*
Ed
 1e-07 1 1 0
1  457 0 0 1.60466882989856
2  457 144 0 0 1.60466882989856
0

0101000
+4807 0 -4805 0 *
Ed
 1e-07 1 1 0
1  458 0 0 1.67408879816603
2  458 144 0 0 1.67408879816603
0

0101000
+4805 0 -4808 0 *
Wi

0101100
+4806 0 +4804 0 +4803 0 *
Fa
0  1e-07 144 0

0101000
+4802 0 *
Ve
1e-07
15.566109 -72.196991 0
0 0

0101101
*
Ve
1e-07
17.227221 -72.196991 0
0 0

0101101
*
Ed
 1e-07 1 1 0
1  459 0 0 1.661112
2  459 145 0 0 1.661112
0

0101000
+4800 0 -4799 0 *
Ve
1e-07
12.734459 -74.306831 0
0 0

0101101
*
Ed
 1e-07 1 1 0
1  460 0 0 4.9635002986042
2  460 145 0 0 4.9635002986042
0

0101000
+4799 0 -4797 0 *
Ed
 1e-07 1 1 0
1  461 0 0 3.53124150237562
2  461 145 0 0 3.53124150237562
0

0101000
+4797 0 -4800 0 *
Wi

0101100
+4798 0 +4796 0 +4795 0 *
Fa
0  1e-07 145 0

0101000
+4794 0 *
Ve
1e-07
12.734459 -74.306831 0
0 0

0101101
*
Ve
1e-07
14.674597 -72.200256 0
0 0

0101101
*
Ed
 1e-07 1 1 0
1  462 0 0 2.86387738733156
2  462 146 0 0 2.86387738733156
0

0101000
+4792 0 -4791 0 *
Ve
1e-07
15.566109 -72.196991 0
0 0

0101101
*
Ed
 1e-07 1 1 0
1  463 0 0 0.891517978713274
2  463 146 0 0 0.891517978713274
0

0101000
+4791 0 -4789 0 *
Ed
 1e-07 1 1 0
1  464 0 0 3.53124150237562
2  464 146 0 0 3.53124150237562
0

0101000
+4789 0 -4792 0 *
Wi

0101100
+4790 0 +4788 0 +4787 0 *
Fa
0  1e-07 146 0

0101000
+4786 0 *
Ve
1e-07
19.785761 -75.703484 0
0 0

0101101
*
Ve
1e-07
17.883932 -72.201126 0
0 0

0101101
*
Ed
 1e-07 1 1 0
1  465 0 0 3.98540651695721
2  465 147 0 0 3.98540651695721
0

0101000
+4784 0 -4783 0 *
Ve
1e-07
20.528662 -74.643616 0
0 0

0101101
*
Ed
 1e-07 1 1 0
1  466 0 0 3.60004919035837
2  466 147 0 0 3.60004919035837
0

0101000
+4783 0 -4781 0 *
Ed
 1e-07 1 1 0
1  467 0 0 1.29430370208271
2  467 147 0 0 1.29430370208271
0

0101000
+4781 0 -4784 0 *
Wi

0101100
+4782 0 +4780 0 +4779 0 *
Fa
0  1e-07 147 0

0101000
+4778 0 *
Ve
1e-07
12.734459 -74.306831 0
0 0

0101101
*
Ve
1e-07
13.069929 -72.198624 0
0 0

0101101
*
Ed
 1e-07 1 1 0
1  468 0 0 2.13473110150881
2  468 148 0 0 2.13473110150881
0

0101000
+4776 0 -4775 0 *
Ve
1e-07
14.674597 -72.200256 0
0 0

0101101
*
Ed
 1e-07 1 1 0
1  469 0 0 1.60466882989856
2  469 148 0 0 1.60466882989856
0

0101000
+4775 0 -4773 0 *
Ed
 1e-07 1 1 0
1  470 0 0 2.86387738733156
2  470 148 0 0 2.86387738733156
0

0101000
+4773 0 -4776 0 *
Wi

0101100
+4774 0 +4772 0 +4771 0 *
Fa
0  1e-07 148 0

0101000
+4770 0 *
Ve
1e-07
12.734459 -74.306831 0
0 0

0101101
*
Ve
1e-07
17.227221 -72.196991 0
0 0

0101101
*
Ed
 1e-07 1 1 0
1  471 0 0 4.9635002986042
2  471 149 0 0 4.9635002986042
0

0101000
+4768 0 -4767 0 *
Ve
1e-07
17.619978 -72.205261 0
0 0

0101101
*
Ed
 1e-07 1 1 0
1  472 0 0 0.392844058054847
2  472 149 0 0 0.392844058054847
0

0101000
+4767 0 -4765 0 *
Ed
 1e-07 1 1 0
1  473 0 0 5.31835429096831
2  473 149 0 0 5.31835429096831
0

0101000
+4765 0 -4768 0 *
Wi

0101100
+4766 0 +4764 0 +4763 0 *
Fa
0  1e-07 149 0

0101000
+4762 0 *
Ve
1e-07
18.151377 -72.196991 0
0 0

0101101
*
Ve
1e-07
19.202501 -72.196991 0
0 0

0101101
*
Ed
 1e-07 1 1 0
1  474 0 0 1.051124
2  474 150 0 0 1.051124
0

0101000
+4760 0 -4759 0 *
Ve
1e-07
20.528662 -74.643616 0
0 0

0101101
*
Ed
 1e-07 1 1 0
1  475 0 0 2.78292595815016
2  475 150 0 0 2.78292595815016
0

0101000
+4759 0 -4757 0 *
Ed
 1e-07 1 1 0
1  476 0 0 3.41137184455902
2  476 150 0 0 3.41137184455902
0

0101000
+4757 0 -4760 0 *
Wi

0101100
+4758 0 +4756 0 +4755 0 *
Fa
0  1e-07 150 0

0101000
+4754 0 *
Ve
1e-07
20.922609 -72.196991 0
0 0

0101101
*
Ve
1e-07
23.247911 -74.049294 0
0 0

0101101
*
Ed
 1e-07 1 1 0
1  477 0 0 2.97288677803461
2  477 151 0 0 2.97288677803461
0

0101000
+4752 0 -4751 0 *
Ve
1e-07
20.677242 -72.197014 0
0 0

0101101
*
Ed
 1e-07 1 1 0
1  478 0 0 3.16848233480337
2  478 151 0 0 3.16848233480337
0

0101000
+4751 0 -4749 0 *
Ed
 1e-07 1 1 0
1  479 0 0 0.245367001077979
2  479 151 0 0 0.245367001077979
0

0101000
+4749 0 -4752 0 *
Wi

0101100
+4750 0 +4748 0 +4747 0 *
Fa
0  1e-07 151 0

0101000
+4746 0 *
Ve
1e-07
20.677242 -74.643616 0
0 0

0101101
*
Ve
1e-07
20.677242 -72.197014 0
0 0

0101101
*
Ed
 1e-07 1 1 0
1  480 0 0 2.446602
2  480 152 0 0 2.446602
0

0101000
+4744 0 -4743 0 *
Ve
1e-07
23.247911 -74.049294 0
0 0

0101101
*
Ed
 1e-07 1 1 0
1  481 0 0 3.16848233480337
2  481 152 0 0 3.16848233480337
0

0101000
+4743 0 -4741 0 *
Ed
 1e-07 1 1 0
1  482 0 0 2.63847640642189
2  482 152 0 0 2.63847640642189
0

0101000
+4741 0 -4744 0 *
Wi

0101100
+4742 0 +4740 0 +4739 0 *
Fa
0  1e-07 152 0

0101000
+4738 0 *
Ve
1e-07
17.883932 -72.201126 0
0 0

0101101
*
Ve
1e-07
18.151377 -72.196991 0
0 0

0101101
*
Ed
 1e-07 1 1 0
1  483 0 0 0.267476963961384
2  483 153 0 0 0.267476963961384
0

0101000
+4736 0 -4735 0 *
Ve
1e-07
20.528662 -74.643616 0
0 0

0101101
*
Ed
 1e-07 1 1 0
1  484 0 0 3.41137184455902
2  484 153 0 0 3.41137184455902
0

0101000
+4735 0 -4733 0 *
Ed
 1e-07 1 1 0
1  485 0 0 3.60004919035837
2  485 153 0 0 3.60004919035837
0

0101000
+4733 0 -4736 0 *
Wi

0101100
+4734 0 +4732 0 +4731 0 *
Fa
0  1e-07 153 0

0101000
+4730 0 *
Ve
1e-07
23.240368 -72.196991 0
0 0

0101101
*
Ve
1e-07
23.247911 -74.049294 0
0 0

0101101
*
Ed
 1e-07 1 1 0
1  486 0 0 1.85231835834395
2  486 154 0 0 1.85231835834395
0

0101000
+4728 0 -4727 0 *
Ve
1e-07
20.922609 -72.196991 0
0 0

0101101
*
Ed
 1e-07 1 1 0
1  487 0 0 2.97288677803461
2  487 154 0 0 2.97288677803461
0

0101000
+4727 0 -4725 0 *
Ed
 1e-07 1 1 0
1  488 0 0 2.317759
2  488 154 0 0 2.317759
0

0101000
+4725 0 -4728 0 *
Wi

0101100
+4726 0 +4724 0 +4723 0 *
Fa
0  1e-07 154 0

0101000
+4722 0 *
Ve
1e-07
17.883932 -72.201126 0
0 0

0101101
*
Ve
1e-07
19.785761 -75.703484 0
0 0

0101101
*
Ed
 1e-07 1 1 0
1  489 0 0 3.98540651695721
2  489 155 0 0 3.98540651695721
0

0101000
+4720 0 -4719 0 *
Ve
1e-07
19.782768 -79.68544 0
0 0

0101101
*
Ed
 1e-07 1 1 0
1  490 0 0 3.98195712483007
2  490 155 0 0 3.98195712483007
0

0101000
+4719 0 -4717 0 *
Ed
 1e-07 1 1 0
1  491 0 0 7.72143342945414
2  491 155 0 0 7.72143342945414
0

0101000
+4717 0 -4720 0 *
Wi

0101100
+4718 0 +4716 0 +4715 0 *
Fa
0  1e-07 155 0

0101000
+4714 0 *
Ve
1e-07
20.528662 -74.643616 0
0 0

0101101
*
Ve
1e-07
20.468529 -75.525177 0
0 0

0101101
*
Ed
 1e-07 1 1 0
1  492 0 0 0.883609514666976
2  492 156 0 0 0.883609514666976
0

0101000
+4712 0 -4711 0 *
Ve
1e-07
19.785761 -75.703484 0
0 0

0101101
*
Ed
 1e-07 1 1 0
1  493 0 0 0.705666725921664
2  493 156 0 0 0.705666725921664
0

0101000
+4711 0 -4709 0 *
Ed
 1e-07 1 1 0
1  494 0 0 1.29430370208271
2  494 156 0 0 1.29430370208271
0

0101000
+4709 0 -4712 0 *
Wi

0101100
+4710 0 +4708 0 +4707 0 *
Fa
0  1e-07 156 0

0101000
+4706 0 *
Ve
1e-07
12.595141 -76.060081 0
0 0

0101101
*
Ve
1e-07
12.734459 -75.175209 0
0 0

0101101
*
Ed
 1e-07 1 1 0
1  495 0 0 0.895772271008655
2  495 157 0 0 0.895772271008655
0

0101000
+4704 0 -4703 0 *
Ve
1e-07
12.734459 -76.060081 0
0 0

0101101
*
Ed
 1e-07 1 1 0
1  496 0 0 0.884872000000001
2  496 157 0 0 0.884872000000001
0

0101000
+4703 0 -4701 0 *
Ed
 1e-07 1 1 0
1  497 0 0 0.139317999999999
2  497 157 0 0 0.139317999999999
0

0101000
+4701 0 -4704 0 *
Wi

0101100
+4702 0 +4700 0 +4699 0 *
Fa
0  1e-07 157 0

0101000
+4698 0 *
Ve
1e-07
17.618233 -76.599274 0
0 0

0101101
*
Ve
1e-07
12.734459 -75.175209 0
0 0

0101101
*
Ed
 1e-07 1 1 0
1  498 0 0 5.08716125233917
2  498 158 0 0 5.08716125233917
0

0101000
+4696 0 -4695 0 *
Ve
1e-07
12.734459 -74.306831 0
0 0

0101101
*
Ed
 1e-07 1 1 0
1  499 0 0 0.868377999999993
2  499 158 0 0 0.868377999999993
0

0101000
+4695 0 -4693 0 *
Ed
 1e-07 1 1 0
1  500 0 0 5.39504804346773
2  500 158 0 0 5.39504804346773
0

0101000
+4693 0 -4696 0 *
Wi

0101100
+4694 0 +4692 0 +4691 0 *
Fa
0  1e-07 158 0

0101000
+4690 0 *
Ve
1e-07
12.734459 -76.060081 0
0 0

0101101
*
Ve
1e-07
12.734459 -75.175209 0
0 0

0101101
*
Ed
 1e-07 1 1 0
1  501 0 0 0.884872000000001
2  501 159 0 0 0.884872000000001
0

0101000
+4688 0 -4687 0 *
Ve
1e-07
16.457561 -76.599274 0
0 0

0101101
*
Ed
 1e-07 1 1 0
1  502 0 0 3.98615725061481
2  502 159 0 0 3.98615725061481
0

0101000
+4687 0 -4685 0 *
Ed
 1e-07 1 1 0
1  503 0 0 3.76194332674656
2  503 159 0 0 3.76194332674656
0

0101000
+4685 0 -4688 0 *
Wi

0101100
+4686 0 +4684 0 +4683 0 *
Fa
0  1e-07 159 0

0101000
+4682 0 *
Ve
1e-07
20.468529 -75.703484 0
0 0

0101101
*
Ve
1e-07
19.785761 -75.703484 0
0 0

0101101
*
Ed
 1e-07 1 1 0
1  504 0 0 0.682767999999999
2  504 160 0 0 0.682767999999999
0

0101000
+4680 0 -4679 0 *
Ve
1e-07
20.468529 -75.525177 0
0 0

0101101
*
Ed
 1e-07 1 1 0
1  505 0 0 0.705666725921664
2  505 160 0 0 0.705666725921664
0

0101000
+4679 0 -4677 0 *
Ed
 1e-07 1 1 0
1  506 0 0 0.178307000000004
2  506 160 0 0 0.178307000000004
0

0101000
+4677 0 -4680 0 *
Wi

0101100
+4678 0 +4676 0 +4675 0 *
Fa
0  1e-07 160 0

0101000
+4674 0 *
Ve
1e-07
12.734459 -74.306831 0
0 0

0101101
*
Ve
1e-07
17.619978 -72.205261 0
0 0

0101101
*
Ed
 1e-07 1 1 0
1  507 0 0 5.31835429096831
2  507 161 0 0 5.31835429096831
0

0101000
+4672 0 -4671 0 *
Ve
1e-07
17.618233 -76.599274 0
0 0

0101101
*
Ed
 1e-07 1 1 0
1  508 0 0 4.39401334649703
2  508 161 0 0 4.39401334649703
0

0101000
+4671 0 -4669 0 *
Ed
 1e-07 1 1 0
1  509 0 0 5.39504804346773
2  509 161 0 0 5.39504804346773
0

0101000
+4669 0 -4672 0 *
Wi

0101100
+4670 0 +4668 0 +4667 0 *
Fa
0  1e-07 161 0

0101000
+4666 0 *
Ve
1e-07
25.253517 -74.93087 0
0 0

0101101
*
Ve
1e-07
20.697495 -75.525177 0
0 0

0101101
*
Ed
 1e-07 1 1 0
1  510 0 0 4.59462047123949
2  510 162 0 0 4.59462047123949
0

0101000
+4664 0 -4663 0 *
Ve
1e-07
20.677242 -74.643616 0
0 0

0101101
*
Ed
 1e-07 1 1 0
1  511 0 0 0.881793615723095
2  511 162 0 0 0.881793615723095
0

0101000
+4663 0 -4661 0 *
Ed
 1e-07 1 1 0
1  512 0 0 4.58528164196497
2  512 162 0 0 4.58528164196497
0

0101000
+4661 0 -4664 0 *
Wi

0101100
+4662 0 +4660 0 +4659 0 *
Fa
0  1e-07 162 0

0101000
+4658 0 *
Ve
1e-07
20.528662 -74.643616 0
0 0

0101101
*
Ve
1e-07
20.677242 -74.643616 0
0 0

0101101
*
Ed
 1e-07 1 1 0
1  513 0 0 0.148579999999999
2  513 163 0 0 0.148579999999999
0

0101000
+4656 0 -4655 0 *
Ve
1e-07
20.697495 -75.525177 0
0 0

0101101
*
Ed
 1e-07 1 1 0
1  514 0 0 0.881793615723095
2  514 163 0 0 0.881793615723095
0

0101000
+4655 0 -4653 0 *
Ve
1e-07
20.468529 -75.525177 0
0 0

0101101
*
Ed
 1e-07 1 1 0
1  515 0 0 0.228966
2  515 163 0 0 0.228966
0

0101000
+4653 0 -4651 0 *
Ed
 1e-07 1 1 0
1  516 0 0 0.883609514666976
2  516 163 0 0 0.883609514666976
0

0101000
+4651 0 -4656 0 *
Wi

0101100
+4654 0 +4652 0 +4650 0 +4649 0 *
Fa
0  1e-07 163 0

0101000
+4648 0 *
Ve
1e-07
20.697495 -75.525177 0
0 0

0101101
*
Ve
1e-07
24.275606 -76.463585 0
0 0

0101101
*
Ed
 1e-07 1 1 0
1  517 0 0 3.69911988218617
2  517 164 0 0 3.69911988218617
0

0101000
+4646 0 -4645 0 *
Ve
1e-07
20.697495 -75.88662 0
0 0

0101101
*
Ed
 1e-07 1 1 0
1  518 0 0 3.62432986075302
2  518 164 0 0 3.62432986075302
0

0101000
+4645 0 -4643 0 *
Ed
 1e-07 1 1 0
1  519 0 0 0.361442999999994
2  519 164 0 0 0.361442999999994
0

0101000
+4643 0 -4646 0 *
Wi

0101100
+4644 0 +4642 0 +4641 0 *
Fa
0  1e-07 164 0

0101000
+4640 0 *
Ve
1e-07
23.247911 -74.049294 0
0 0

0101101
*
Ve
1e-07
25.253517 -74.93087 0
0 0

0101101
*
Ed
 1e-07 1 1 0
1  520 0 0 2.19080616920165
2  520 165 0 0 2.19080616920165
0

0101000
+4638 0 -4637 0 *
Ve
1e-07
20.677242 -74.643616 0
0 0

0101101
*
Ed
 1e-07 1 1 0
1  521 0 0 4.58528164196497
2  521 165 0 0 4.58528164196497
0

0101000
+4637 0 -4635 0 *
Ed
 1e-07 1 1 0
1  522 0 0 2.63847640642189
2  522 165 0 0 2.63847640642189
0

0101000
+4635 0 -4638 0 *
Wi

0101100
+4636 0 +4634 0 +4633 0 *
Fa
0  1e-07 165 0

0101000
+4632 0 *
Ve
1e-07
19.202501 -72.196991 0
0 0

0101101
*
Ve
1e-07
20.528662 -72.197014 0
0 0

0101101
*
Ed
 1e-07 1 1 0
1  523 0 0 1.32616100019945
2  523 166 0 0 1.32616100019945
0

0101000
+4630 0 -4629 0 *
Ve
1e-07
20.528662 -74.643616 0
0 0

0101101
*
Ed
 1e-07 1 1 0
1  524 0 0 2.446602
2  524 166 0 0 2.446602
0

0101000
+4629 0 -4627 0 *
Ed
 1e-07 1 1 0
1  525 0 0 2.78292595815016
2  525 166 0 0 2.78292595815016
0

0101000
+4627 0 -4630 0 *
Wi

0101100
+4628 0 +4626 0 +4625 0 *
Fa
0  1e-07 166 0

0101000
+4624 0 *
Ve
1e-07
19.960878 -75.88662 0
0 0

0101101
*
Ve
1e-07
20.697495 -75.88662 0
0 0

0101101
*
Ed
 1e-07 1 1 0
1  526 0 0 0.736616999999999
2  526 167 0 0 0.736616999999999
0

0101000
+4622 0 -4621 0 *
Ve
1e-07
21.512907 -76.594971 0
0 0

0101101
*
Ed
 1e-07 1 1 0
1  527 0 0 1.08011937717319
2  527 167 0 0 1.08011937717319
0

0101000
+4621 0 -4619 0 *
Ed
 1e-07 1 1 0
1  528 0 0 1.7060349222809
2  528 167 0 0 1.7060349222809
0

0101000
+4619 0 -4622 0 *
Wi

0101100
+4620 0 +4618 0 +4617 0 *
Fa
0  1e-07 167 0

0101000
+4616 0 *
Ve
1e-07
13.069929 -72.198624 0
0 0

0101101
*
Ve
1e-07
12.734459 -74.306831 0
0 0

0101101
*
Ed
 1e-07 1 1 0
1  529 0 0 2.13473110150881
2  529 168 0 0 2.13473110150881
0

0101000
+4614 0 -4613 0 *
Ve
1e-07
11.359115 -72.196991 0
0 0

0101101
*
Ed
 1e-07 1 1 0
1  530 0 0 2.51853051280623
2  530 168 0 0 2.51853051280623
0

0101000
+4613 0 -4611 0 *
Ed
 1e-07 1 1 0
1  531 0 0 1.71081477936245
2  531 168 0 0 1.71081477936245
0

0101000
+4611 0 -4614 0 *
Wi

0101100
+4612 0 +4610 0 +4609 0 *
Fa
0  1e-07 168 0

0101000
+4608 0 *
Ve
1e-07
25.279507 -71.421532 0
0 0

0101101
*
Ve
1e-07
25.279507 -71.721535 0
0 0

0101101
*
Ed
 1e-07 1 1 0
1  532 0 0 0.300003000000004
2  532 169 0 0 0.300003000000004
0

0101000
+4606 0 -4605 0 *
Ve
1e-07
24.923222 -71.721535 0
0 0

0101101
*
Ed
 1e-07 1 1 0
1  533 0 0 0.356285
2  533 169 0 0 0.356285
0

0101000
+4605 0 -4603 0 *
Ed
 1e-07 1 1 0
1  534 0 0 0.465769042803407
2  534 169 0 0 0.465769042803407
0

0101000
+4603 0 -4606 0 *
Wi

0101100
+4604 0 +4602 0 +4601 0 *
Fa
0  1e-07 169 0

0101000
+4600 0 *
Ve
1e-07
24.923222 -72.196991 0
0 0

0101101
*
Ve
1e-07
25.253517 -72.196991 0
0 0

0101101
*
Ed
 1e-07 1 1 0
1  535 0 0 0.330295
2  535 170 0 0 0.330295
0

0101000
+4598 0 -4597 0 *
Ve
1e-07
23.411121 -74.049294 0
0 0

0101101
*
Ed
 1e-07 1 1 0
1  536 0 0 2.61255610937354
2  536 170 0 0 2.61255610937354
0

0101000
+4597 0 -4595 0 *
Ed
 1e-07 1 1 0
1  537 0 0 2.39112438781633
2  537 170 0 0 2.39112438781633
0

0101000
+4595 0 -4598 0 *
Wi

0101100
+4596 0 +4594 0 +4593 0 *
Fa
0  1e-07 170 0

0101000
+4592 0 *
Ve
1e-07
24.923222 -72.196991 0
0 0

0101101
*
Ve
1e-07
23.912443 -72.196991 0
0 0

0101101
*
Ed
 1e-07 1 1 0
1  538 0 0 1.010779
2  538 171 0 0 1.010779
0

0101000
+4590 0 -4589 0 *
Ve
1e-07
23.912443 -71.721535 0
0 0

0101101
*
Ed
 1e-07 1 1 0
1  539 0 0 0.475455999999994
2  539 171 0 0 0.475455999999994
0

0101000
+4589 0 -4587 0 *
Ve
1e-07
24.923222 -71.721535 0
0 0

0101101
*
Ed
 1e-07 1 1 0
1  540 0 0 1.010779
2  540 171 0 0 1.010779
0

0101000
+4587 0 -4585 0 *
Ed
 1e-07 1 1 0
1  541 0 0 0.475455999999994
2  541 171 0 0 0.475455999999994
0

0101000
+4585 0 -4590 0 *
Wi

0101100
+4588 0 +4586 0 +4584 0 +4583 0 *
Fa
0  1e-07 171 0

0101000
+4582 0 *
Ve
1e-07
23.411121 -74.049294 0
0 0

0101101
*
Ve
1e-07
23.411121 -72.196991 0
0 0

0101101
*
Ed
 1e-07 1 1 0
1  542 0 0 1.85230300000001
2  542 172 0 0 1.85230300000001
0

0101000
+4580 0 -4579 0 *
Ve
1e-07
23.912443 -72.196991 0
0 0

0101101
*
Ed
 1e-07 1 1 0
1  543 0 0 0.501321999999998
2  543 172 0 0 0.501321999999998
0

0101000
+4579 0 -4577 0 *
Ed
 1e-07 1 1 0
1  544 0 0 1.91894506213519
2  544 172 0 0 1.91894506213519
0

0101000
+4577 0 -4580 0 *
Wi

0101100
+4578 0 +4576 0 +4575 0 *
Fa
0  1e-07 172 0

0101000
+4574 0 *
Ve
1e-07
25.579506 -71.421532 0
0 0

0101101
*
Ve
1e-07
25.847837 -71.721535 0
0 0

0101101
*
Ed
 1e-07 1 1 0
1  545 0 0 0.40249636715131
2  545 173 0 0 0.40249636715131
0

0101000
+4572 0 -4571 0 *
Ve
1e-07
25.579506 -71.721535 0
0 0

0101101
*
Ed
 1e-07 1 1 0
1  546 0 0 0.268331
2  546 173 0 0 0.268331
0

0101000
+4571 0 -4569 0 *
Ed
 1e-07 1 1 0
1  547 0 0 0.300003000000004
2  547 173 0 0 0.300003000000004
0

0101000
+4569 0 -4572 0 *
Wi

0101100
+4570 0 +4568 0 +4567 0 *
Fa
0  1e-07 173 0

0101000
+4566 0 *
Ve
1e-07
28.017544 -71.421532 0
0 0

0101101
*
Ve
1e-07
28.644878 -71.721535 0
0 0

0101101
*
Ed
 1e-07 1 1 0
1  548 0 0 0.695377413758169
2  548 174 0 0 0.695377413758169
0

0101000
+4564 0 -4563 0 *
Ve
1e-07
28.017544 -71.721535 0
0 0

0101101
*
Ed
 1e-07 1 1 0
1  549 0 0 0.627333999999998
2  549 174 0 0 0.627333999999998
0

0101000
+4563 0 -4561 0 *
Ed
 1e-07 1 1 0
1  550 0 0 0.300003000000004
2  550 174 0 0 0.300003000000004
0

0101000
+4561 0 -4564 0 *
Wi

0101100
+4562 0 +4560 0 +4559 0 *
Fa
0  1e-07 174 0

0101000
+4558 0 *
Ve
1e-07
27.717545 -71.721535 0
0 0

0101101
*
Ve
1e-07
27.095913 -71.721535 0
0 0

0101101
*
Ed
 1e-07 1 1 0
1  551 0 0 0.621632000000002
2  551 175 0 0 0.621632000000002
0

0101000
+4556 0 -4555 0 *
Ve
1e-07
27.717545 -71.421532 0
0 0

0101101
*
Ed
 1e-07 1 1 0
1  552 0 0 0.69023774413821
2  552 175 0 0 0.69023774413821
0

0101000
+4555 0 -4553 0 *
Ed
 1e-07 1 1 0
1  553 0 0 0.300003000000004
2  553 175 0 0 0.300003000000004
0

0101000
+4553 0 -4556 0 *
Wi

0101100
+4554 0 +4552 0 +4551 0 *
Fa
0  1e-07 175 0

0101000
+4550 0 *
Ve
1e-07
25.847837 -71.721535 0
0 0

0101101
*
Ve
1e-07
27.095913 -71.721535 0
0 0

0101101
*
Ed
 1e-07 1 1 0
1  554 0 0 1.248076
2  554 176 0 0 1.248076
0

0101000
+4548 0 -4547 0 *
Ve
1e-07
27.095913 -72.355042 0
0 0

0101101
*
Ed
 1e-07 1 1 0
1  555 0 0 0.633506999999994
2  555 176 0 0 0.633506999999994
0

0101000
+4547 0 -4545 0 *
Ve
1e-07
25.847837 -72.355042 0
0 0

0101101
*
Ed
 1e-07 1 1 0
1  556 0 0 1.248076
2  556 176 0 0 1.248076
0

0101000
+4545 0 -4543 0 *
Ed
 1e-07 1 1 0
1  557 0 0 0.633506999999994
2  557 176 0 0 0.633506999999994
0

0101000
+4543 0 -4548 0 *
Wi

0101100
+4546 0 +4544 0 +4542 0 +4541 0 *
Fa
0  1e-07 176 0

0101000
+4540 0 *
Ve
1e-07
25.751213 -74.49202 0
0 0

0101101
*
Ve
1e-07
25.751213 -72.355042 0
0 0

0101101
*
Ed
 1e-07 1 1 0
1  558 0 0 2.136978
2  558 177 0 0 2.136978
0

0101000
+4538 0 -4537 0 *
Ve
1e-07
25.847837 -72.355042 0
0 0

0101101
*
Ed
 1e-07 1 1 0
1  559 0 0 0.0966239999999985
2  559 177 0 0 0.0966239999999985
0

0101000
+4537 0 -4535 0 *
Ed
 1e-07 1 1 0
1  560 0 0 2.1391613239445
2  560 177 0 0 2.1391613239445
0

0101000
+4535 0 -4538 0 *
Wi

0101100
+4536 0 +4534 0 +4533 0 *
Fa
0  1e-07 177 0

0101000
+4532 0 *
Ve
1e-07
23.411121 -74.049294 0
0 0

0101101
*
Ve
1e-07
23.912443 -72.196991 0
0 0

0101101
*
Ed
 1e-07 1 1 0
1  561 0 0 1.91894506213519
2  561 178 0 0 1.91894506213519
0

0101000
+4530 0 -4529 0 *
Ve
1e-07
24.923222 -72.196991 0
0 0

0101101
*
Ed
 1e-07 1 1 0
1  562 0 0 1.010779
2  562 178 0 0 1.010779
0

0101000
+4529 0 -4527 0 *
Ed
 1e-07 1 1 0
1  563 0 0 2.39112438781633
2  563 178 0 0 2.39112438781633
0

0101000
+4527 0 -4530 0 *
Wi

0101100
+4528 0 +4526 0 +4525 0 *
Fa
0  1e-07 178 0

0101000
+4524 0 *
Ve
1e-07
27.749666 -76.463585 0
0 0

0101101
*
Ve
1e-07
24.275606 -76.463585 0
0 0

0101101
*
Ed
 1e-07 1 1 0
1  564 0 0 3.47406
2  564 179 0 0 3.47406
0

0101000
+4522 0 -4521 0 *
Ve
1e-07
25.253517 -74.93087 0
0 0

0101101
*
Ed
 1e-07 1 1 0
1  565 0 0 1.8181103363509
2  565 179 0 0 1.8181103363509
0

0101000
+4521 0 -4519 0 *
Ve
1e-07
27.749666 -74.93087 0
0 0

0101101
*
Ed
 1e-07 1 1 0
1  566 0 0 2.496149
2  566 179 0 0 2.496149
0

0101000
+4519 0 -4517 0 *
Ed
 1e-07 1 1 0
1  567 0 0 1.532715
2  567 179 0 0 1.532715
0

0101000
+4517 0 -4522 0 *
Wi

0101100
+4520 0 +4518 0 +4516 0 +4515 0 *
Fa
0  1e-07 179 0

0101000
+4514 0 *
Ve
1e-07
25.253517 -74.93087 0
0 0

0101101
*
Ve
1e-07
24.275606 -76.463585 0
0 0

0101101
*
Ed
 1e-07 1 1 0
1  568 0 0 1.8181103363509
2  568 180 0 0 1.8181103363509
0

0101000
+4512 0 -4511 0 *
Ve
1e-07
20.697495 -75.525177 0
0 0

0101101
*
Ed
 1e-07 1 1 0
1  569 0 0 3.69911988218617
2  569 180 0 0 3.69911988218617
0

0101000
+4511 0 -4509 0 *
Ed
 1e-07 1 1 0
1  570 0 0 4.59462047123949
2  570 180 0 0 4.59462047123949
0

0101000
+4509 0 -4512 0 *
Wi

0101100
+4510 0 +4508 0 +4507 0 *
Fa
0  1e-07 180 0

0101000
+4506 0 *
Ve
1e-07
25.253517 -72.196991 0
0 0

0101101
*
Ve
1e-07
25.253517 -74.93087 0
0 0

0101101
*
Ed
 1e-07 1 1 0
1  571 0 0 2.733879
2  571 181 0 0 2.733879
0

0101000
+4504 0 -4503 0 *
Ve
1e-07
23.411121 -74.049294 0
0 0

0101101
*
Ed
 1e-07 1 1 0
1  572 0 0 2.04244932974896
2  572 181 0 0 2.04244932974896
0

0101000
+4503 0 -4501 0 *
Ed
 1e-07 1 1 0
1  573 0 0 2.61255610937354
2  573 181 0 0 2.61255610937354
0

0101000
+4501 0 -4504 0 *
Wi

0101100
+4502 0 +4500 0 +4499 0 *
Fa
0  1e-07 181 0

0101000
+4498 0 *
Ve
1e-07
25.847837 -72.355042 0
0 0

0101101
*
Ve
1e-07
27.095913 -72.355042 0
0 0

0101101
*
Ed
 1e-07 1 1 0
1  574 0 0 1.248076
2  574 182 0 0 1.248076
0

0101000
+4496 0 -4495 0 *
Ve
1e-07
27.500479 -74.49202 0
0 0

0101101
*
Ed
 1e-07 1 1 0
1  575 0 0 2.1749364636329
2  575 182 0 0 2.1749364636329
0

0101000
+4495 0 -4493 0 *
Ve
1e-07
25.751213 -74.49202 0
0 0

0101101
*
Ed
 1e-07 1 1 0
1  576 0 0 1.749266
2  576 182 0 0 1.749266
0

0101000
+4493 0 -4491 0 *
Ed
 1e-07 1 1 0
1  577 0 0 2.1391613239445
2  577 182 0 0 2.1391613239445
0

0101000
+4491 0 -4496 0 *
Wi

0101100
+4494 0 +4492 0 +4490 0 +4489 0 *
Fa
0  1e-07 182 0

0101000
+4488 0 *
Ve
1e-07
23.411121 -74.049294 0
0 0

0101101
*
Ve
1e-07
25.253517 -74.93087 0
0 0

0101101
*
Ed
 1e-07 1 1 0
1  578 0 0 2.04244932974896
2  578 183 0 0 2.04244932974896
0

0101000
+4486 0 -4485 0 *
Ve
1e-07
23.247911 -74.049294 0
0 0

0101101
*
Ed
 1e-07 1 1 0
1  579 0 0 2.19080616920165
2  579 183 0 0 2.19080616920165
0

0101000
+4485 0 -4483 0 *
Ed
 1e-07 1 1 0
1  580 0 0 0.163210000000003
2  580 183 0 0 0.163210000000003
0

0101000
+4483 0 -4486 0 *
Wi

0101100
+4484 0 +4482 0 +4481 0 *
Fa
0  1e-07 183 0

0101000
+4480 0 *
Ve
1e-07
28.045052 -76.592049 0
0 0

0101101
*
Ve
1e-07
28.045052 -72.196991 0
0 0

0101101
*
Ed
 1e-07 1 1 0
1  581 0 0 4.39505800000001
2  581 184 0 0 4.39505800000001
0

0101000
+4478 0 -4477 0 *
Ve
1e-07
28.644878 -72.196991 0
0 0

0101101
*
Ed
 1e-07 1 1 0
1  582 0 0 0.599826
2  582 184 0 0 0.599826
0

0101000
+4477 0 -4475 0 *
Ed
 1e-07 1 1 0
1  583 0 0 4.43580049750212
2  583 184 0 0 4.43580049750212
0

0101000
+4475 0 -4478 0 *
Wi

0101100
+4476 0 +4474 0 +4473 0 *
Fa
0  1e-07 184 0

0101000
+4472 0 *
Ve
1e-07
27.095913 -72.355042 0
0 0

0101101
*
Ve
1e-07
27.500479 -72.355042 0
0 0

0101101
*
Ed
 1e-07 1 1 0
1  584 0 0 0.404565999999999
2  584 185 0 0 0.404565999999999
0

0101000
+4470 0 -4469 0 *
Ve
1e-07
27.500479 -74.49202 0
0 0

0101101
*
Ed
 1e-07 1 1 0
1  585 0 0 2.136978
2  585 185 0 0 2.136978
0

0101000
+4469 0 -4467 0 *
Ed
 1e-07 1 1 0
1  586 0 0 2.1749364636329
2  586 185 0 0 2.1749364636329
0

0101000
+4467 0 -4470 0 *
Wi

0101100
+4468 0 +4466 0 +4465 0 *
Fa
0  1e-07 185 0

0101000
+4464 0 *
Ve
1e-07
22.767023 -76.594971 0
0 0

0101101
*
Ve
1e-07
20.697495 -75.88662 0
0 0

0101101
*
Ed
 1e-07 1 1 0
1  587 0 0 2.1873973763322
2  587 186 0 0 2.1873973763322
0

0101000
+4462 0 -4461 0 *
Ve
1e-07
24.275606 -76.463585 0
0 0

0101101
*
Ed
 1e-07 1 1 0
1  588 0 0 3.62432986075302
2  588 186 0 0 3.62432986075302
0

0101000
+4461 0 -4459 0 *
Ed
 1e-07 1 1 0
1  589 0 0 1.51429354779217
2  589 186 0 0 1.51429354779217
0

0101000
+4459 0 -4462 0 *
Wi

0101100
+4460 0 +4458 0 +4457 0 *
Fa
0  1e-07 186 0

0101000
+4456 0 *
Ve
1e-07
28.644878 -72.196991 0
0 0

0101101
*
Ve
1e-07
31.025448 -72.196991 0
0 0

0101101
*
Ed
 1e-07 1 1 0
1  590 0 0 2.38057
2  590 187 0 0 2.38057
0

0101000
+4454 0 -4453 0 *
Ve
1e-07
30.347359 -76.592049 0
0 0

0101101
*
Ed
 1e-07 1 1 0
1  591 0 0 4.44705964827155
2  591 187 0 0 4.44705964827155
0

0101000
+4453 0 -4451 0 *
Ve
1e-07
28.045052 -76.592049 0
0 0

0101101
*
Ed
 1e-07 1 1 0
1  592 0 0 2.302307
2  592 187 0 0 2.302307
0

0101000
+4451 0 -4449 0 *
Ed
 1e-07 1 1 0
1  593 0 0 4.43580049750212
2  593 187 0 0 4.43580049750212
0

0101000
+4449 0 -4454 0 *
Wi

0101100
+4452 0 +4450 0 +4448 0 +4447 0 *
Fa
0  1e-07 187 0

0101000
+4446 0 *
Ve
1e-07
28.644878 -71.721535 0
0 0

0101101
*
Ve
1e-07
31.025448 -71.721535 0
0 0

0101101
*
Ed
 1e-07 1 1 0
1  594 0 0 2.38057
2  594 188 0 0 2.38057
0

0101000
+4444 0 -4443 0 *
Ve
1e-07
31.025448 -72.196991 0
0 0

0101101
*
Ed
 1e-07 1 1 0
1  595 0 0 0.475455999999994
2  595 188 0 0 0.475455999999994
0

0101000
+4443 0 -4441 0 *
Ve
1e-07
28.644878 -72.196991 0
0 0

0101101
*
Ed
 1e-07 1 1 0
1  596 0 0 2.38057
2  596 188 0 0 2.38057
0

0101000
+4441 0 -4439 0 *
Ed
 1e-07 1 1 0
1  597 0 0 0.475455999999994
2  597 188 0 0 0.475455999999994
0

0101000
+4439 0 -4444 0 *
Wi

0101100
+4442 0 +4440 0 +4438 0 +4437 0 *
Fa
0  1e-07 188 0

0101000
+4436 0 *
Ve
1e-07
-1.015486 -76.741707 0
0 0

0101101
*
Ve
1e-07
-1.015486 -77.541107 0
0 0

0101101
*
Ed
 1e-07 1 1 0
1  598 0 0 0.799399999999991
2  598 189 0 0 0.799399999999991
0

0101000
+4434 0 -4433 0 *
Ve
1e-07
-3.067344 -76.741707 0
0 0

0101101
*
Ed
 1e-07 1 1 0
1  599 0 0 2.20208120017496
2  599 189 0 0 2.20208120017496
0

0101000
+4433 0 -4431 0 *
Ed
 1e-07 1 1 0
1  600 0 0 2.051858
2  600 189 0 0 2.051858
0

0101000
+4431 0 -4434 0 *
Wi

0101100
+4432 0 +4430 0 +4429 0 *
Fa
0  1e-07 189 0

0101000
+4428 0 *
Ve
1e-07
-1.015486 -78.585945 0
0 0

0101101
*
Ve
1e-07
-1.015486 -77.541107 0
0 0

0101101
*
Ed
 1e-07 1 1 0
1  601 0 0 1.044838
2  601 190 0 0 1.044838
0

0101000
+4426 0 -4425 0 *
Ve
1e-07
-0.540029 -77.541107 0
0 0

0101101
*
Ed
 1e-07 1 1 0
1  602 0 0 0.475457
2  602 190 0 0 0.475457
0

0101000
+4425 0 -4423 0 *
Ve
1e-07
-0.540029 -78.585945 0
0 0

0101101
*
Ed
 1e-07 1 1 0
1  603 0 0 1.044838
2  603 190 0 0 1.044838
0

0101000
+4423 0 -4421 0 *
Ed
 1e-07 1 1 0
1  604 0 0 0.475457
2  604 190 0 0 0.475457
0

0101000
+4421 0 -4426 0 *
Wi

0101100
+4424 0 +4422 0 +4420 0 +4419 0 *
Fa
0  1e-07 190 0

0101000
+4418 0 *
Ve
1e-07
-3.067344 -76.741707 0
0 0

0101101
*
Ve
1e-07
-1.015486 -77.541107 0
0 0

0101101
*
Ed
 1e-07 1 1 0
1  605 0 0 2.20208120017496
2  605 191 0 0 2.20208120017496
0

0101000
+4416 0 -4415 0 *
Ve
1e-07
-1.015486 -78.585945 0
0 0

0101101
*
Ed
 1e-07 1 1 0
1  606 0 0 1.044838
2  606 191 0 0 1.044838
0

0101000
+4415 0 -4413 0 *
Ed
 1e-07 1 1 0
1  607 0 0 2.75886481234727
2  607 191 0 0 2.75886481234727
0

0101000
+4413 0 -4416 0 *
Wi

0101100
+4414 0 +4412 0 +4411 0 *
Fa
0  1e-07 191 0

0101000
+4410 0 *
Ve
1e-07
-0.540029 -78.585945 0
0 0

0101101
*
Ve
1e-07
-0.540029 -77.541107 0
0 0

0101101
*
Ed
 1e-07 1 1 0
1  608 0 0 1.044838
2  608 192 0 0 1.044838
0

0101000
+4408 0 -4407 0 *
Ve
1e-07
2.122954 -77.443161 0
0 0

0101101
*
Ed
 1e-07 1 1 0
1  609 0 0 2.66478364547762
2  609 192 0 0 2.66478364547762
0

0101000
+4407 0 -4405 0 *
Ed
 1e-07 1 1 0
1  610 0 0 2.897832591601
2  610 192 0 0 2.897832591601
0

0101000
+4405 0 -4408 0 *
Wi

0101100
+4406 0 +4404 0 +4403 0 *
Fa
0  1e-07 192 0

0101000
+4402 0 *
Ve
1e-07
-1.015486 -80.021614 0
0 0

0101101
*
Ve
1e-07
-3.067344 -76.741707 0
0 0

0101101
*
Ed
 1e-07 1 1 0
1  611 0 0 3.86883847954563
2  611 193 0 0 3.86883847954563
0

0101000
+4400 0 -4399 0 *
Ve
1e-07
-1.015486 -78.585945 0
0 0

0101101
*
Ed
 1e-07 1 1 0
1  612 0 0 2.75886481234727
2  612 193 0 0 2.75886481234727
0

0101000
+4399 0 -4397 0 *
Ed
 1e-07 1 1 0
1  613 0 0 1.435669
2  613 193 0 0 1.435669
0

0101000
+4397 0 -4400 0 *
Wi

0101100
+4398 0 +4396 0 +4395 0 *
Fa
0  1e-07 193 0

0101000
+4394 0 *
Ve
1e-07
2.122954 -77.443161 0
0 0

0101101
*
Ve
1e-07
-0.540029 -77.541107 0
0 0

0101101
*
Ed
 1e-07 1 1 0
1  614 0 0 2.66478364547762
2  614 194 0 0 2.66478364547762
0

0101000
+4392 0 -4391 0 *
Ve
1e-07
2.122954 -76.567436 0
0 0

0101101
*
Ed
 1e-07 1 1 0
1  615 0 0 2.83540361757017
2  615 194 0 0 2.83540361757017
0

0101000
+4391 0 -4389 0 *
Ed
 1e-07 1 1 0
1  616 0 0 0.875725000000003
2  616 194 0 0 0.875725000000003
0

0101000
+4389 0 -4392 0 *
Wi

0101100
+4390 0 +4388 0 +4387 0 *
Fa
0  1e-07 194 0

0101000
+4386 0 *
Ve
1e-07
4.241119 -76.860626 0
0 0

0101101
*
Ve
1e-07
5.522048 -77.902473 0
0 0

0101101
*
Ed
 1e-07 1 1 0
1  617 0 0 1.65112818231959
2  617 195 0 0 1.65112818231959
0

0101000
+4384 0 -4383 0 *
Ve
1e-07
5.522048 -78.080772 0
0 0

0101101
*
Ed
 1e-07 1 1 0
1  618 0 0 0.178298999999996
2  618 195 0 0 0.178298999999996
0

0101000
+4383 0 -4381 0 *
Ed
 1e-07 1 1 0
1  619 0 0 1.76904928262527
2  619 195 0 0 1.76904928262527
0

0101000
+4381 0 -4384 0 *
Wi

0101100
+4382 0 +4380 0 +4379 0 *
Fa
0  1e-07 195 0

0101000
+4378 0 *
Ve
1e-07
2.554407 -77.443161 0
0 0

0101101
*
Ve
1e-07
2.554407 -76.567436 0
0 0

0101101
*
Ed
 1e-07 1 1 0
1  620 0 0 0.875725000000003
2  620 196 0 0 0.875725000000003
0

0101000
+4376 0 -4375 0 *
Ve
1e-07
3.889874 -76.541565 0
0 0

0101101
*
Ed
 1e-07 1 1 0
1  621 0 0 1.33571756622798
2  621 196 0 0 1.33571756622798
0

0101000
+4375 0 -4373 0 *
Ed
 1e-07 1 1 0
1  622 0 0 1.61131854557223
2  622 196 0 0 1.61131854557223
0

0101000
+4373 0 -4376 0 *
Wi

0101100
+4374 0 +4372 0 +4371 0 *
Fa
0  1e-07 196 0

0101000
+4370 0 *
Ve
1e-07
5.522048 -78.080772 0
0 0

0101101
*
Ve
1e-07
4.241119 -79.588219 0
0 0

0101101
*
Ed
 1e-07 1 1 0
1  623 0 0 1.97817480543303
2  623 197 0 0 1.97817480543303
0

0101000
+4368 0 -4367 0 *
Ve
1e-07
4.241119 -76.860626 0
0 0

0101101
*
Ed
 1e-07 1 1 0
1  624 0 0 2.727593
2  624 197 0 0 2.727593
0

0101000
+4367 0 -4365 0 *
Ed
 1e-07 1 1 0
1  625 0 0 1.76904928262527
2  625 197 0 0 1.76904928262527
0

0101000
+4365 0 -4368 0 *
Wi

0101100
+4366 0 +4364 0 +4363 0 *
Fa
0  1e-07 197 0

0101000
+4362 0 *
Ve
1e-07
6.103945 -78.080772 0
0 0

0101101
*
Ve
1e-07
5.791705 -79.588219 0
0 0

0101101
*
Ed
 1e-07 1 1 0
1  626 0 0 1.53944479453113
2  626 198 0 0 1.53944479453113
0

0101000
+4360 0 -4359 0 *
Ve
1e-07
5.522048 -78.080772 0
0 0

0101101
*
Ed
 1e-07 1 1 0
1  627 0 0 1.53137564152562
2  627 198 0 0 1.53137564152562
0

0101000
+4359 0 -4357 0 *
Ed
 1e-07 1 1 0
1  628 0 0 0.581897000000001
2  628 198 0 0 0.581897000000001
0

0101000
+4357 0 -4360 0 *
Wi

0101100
+4358 0 +4356 0 +4355 0 *
Fa
0  1e-07 198 0

0101000
+4354 0 *
Ve
1e-07
3.889874 -76.541565 0
0 0

0101101
*
Ve
1e-07
3.889874 -79.588219 0
0 0

0101101
*
Ed
 1e-07 1 1 0
1  629 0 0 3.04665399999999
2  629 199 0 0 3.04665399999999
0

0101000
+4352 0 -4351 0 *
Ve
1e-07
2.554407 -77.443161 0
0 0

0101101
*
Ed
 1e-07 1 1 0
1  630 0 0 2.52680547954388
2  630 199 0 0 2.52680547954388
0

0101000
+4351 0 -4349 0 *
Ed
 1e-07 1 1 0
1  631 0 0 1.61131854557223
2  631 199 0 0 1.61131854557223
0

0101000
+4349 0 -4352 0 *
Wi

0101100
+4350 0 +4348 0 +4347 0 *
Fa
0  1e-07 199 0

0101000
+4346 0 *
Ve
1e-07
5.522048 -77.902473 0
0 0

0101101
*
Ve
1e-07
4.241119 -76.860626 0
0 0

0101101
*
Ed
 1e-07 1 1 0
1  632 0 0 1.65112818231959
2  632 200 0 0 1.65112818231959
0

0101000
+4344 0 -4343 0 *
Ve
1e-07
6.103945 -76.860626 0
0 0

0101101
*
Ed
 1e-07 1 1 0
1  633 0 0 1.862826
2  633 200 0 0 1.862826
0

0101000
+4343 0 -4341 0 *
Ed
 1e-07 1 1 0
1  634 0 0 1.19333536359986
2  634 200 0 0 1.19333536359986
0

0101000
+4341 0 -4344 0 *
Wi

0101100
+4342 0 +4340 0 +4339 0 *
Fa
0  1e-07 200 0

0101000
+4338 0 *
Ve
1e-07
2.122954 -77.443161 0
0 0

0101101
*
Ve
1e-07
2.554407 -77.443161 0
0 0

0101101
*
Ed
 1e-07 1 1 0
1  635 0 0 0.431453
2  635 201 0 0 0.431453
0

0101000
+4336 0 -4335 0 *
Ve
1e-07
-0.540029 -78.585945 0
0 0

0101101
*
Ed
 1e-07 1 1 0
1  636 0 0 3.29871026747606
2  636 201 0 0 3.29871026747606
0

0101000
+4335 0 -4333 0 *
Ed
 1e-07 1 1 0
1  637 0 0 2.897832591601
2  637 201 0 0 2.897832591601
0

0101000
+4333 0 -4336 0 *
Wi

0101100
+4334 0 +4332 0 +4331 0 *
Fa
0  1e-07 201 0

0101000
+4330 0 *
Ve
1e-07
2.554407 -77.443161 0
0 0

0101101
*
Ve
1e-07
2.551263 -79.571838 0
0 0

0101101
*
Ed
 1e-07 1 1 0
1  638 0 0 2.12867932180143
2  638 202 0 0 2.12867932180143
0

0101000
+4328 0 -4327 0 *
Ve
1e-07
-0.540029 -78.585945 0
0 0

0101101
*
Ed
 1e-07 1 1 0
1  639 0 0 3.24469894392577
2  639 202 0 0 3.24469894392577
0

0101000
+4327 0 -4325 0 *
Ed
 1e-07 1 1 0
1  640 0 0 3.29871026747606
2  640 202 0 0 3.29871026747606
0

0101000
+4325 0 -4328 0 *
Wi

0101100
+4326 0 +4324 0 +4323 0 *
Fa
0  1e-07 202 0

0101000
+4322 0 *
Ve
1e-07
-0.540029 -78.585945 0
0 0

0101101
*
Ve
1e-07
2.551263 -79.571838 0
0 0

0101101
*
Ed
 1e-07 1 1 0
1  641 0 0 3.24469894392577
2  641 203 0 0 3.24469894392577
0

0101000
+4320 0 -4319 0 *
Ve
1e-07
2.122954 -79.571838 0
0 0

0101101
*
Ed
 1e-07 1 1 0
1  642 0 0 0.428309
2  642 203 0 0 0.428309
0

0101000
+4319 0 -4317 0 *
Ed
 1e-07 1 1 0
1  643 0 0 2.83962382468841
2  643 203 0 0 2.83962382468841
0

0101000
+4317 0 -4320 0 *
Wi

0101100
+4318 0 +4316 0 +4315 0 *
Fa
0  1e-07 203 0

0101000
+4314 0 *
Ve
1e-07
2.554407 -77.443161 0
0 0

0101101
*
Ve
1e-07
3.857949 -79.588219 0
0 0

0101101
*
Ed
 1e-07 1 1 0
1  644 0 0 2.51007879739421
2  644 204 0 0 2.51007879739421
0

0101000
+4312 0 -4311 0 *
Ve
1e-07
2.551263 -79.571838 0
0 0

0101101
*
Ed
 1e-07 1 1 0
1  645 0 0 1.30678867448299
2  645 204 0 0 1.30678867448299
0

0101000
+4311 0 -4309 0 *
Ed
 1e-07 1 1 0
1  646 0 0 2.12867932180143
2  646 204 0 0 2.12867932180143
0

0101000
+4309 0 -4312 0 *
Wi

0101100
+4310 0 +4308 0 +4307 0 *
Fa
0  1e-07 204 0

0101000
+4306 0 *
Ve
1e-07
3.857949 -79.588219 0
0 0

0101101
*
Ve
1e-07
2.551263 -79.952881 0
0 0

0101101
*
Ed
 1e-07 1 1 0
1  647 0 0 1.35661589141511
2  647 205 0 0 1.35661589141511
0

0101000
+4304 0 -4303 0 *
Ve
1e-07
2.551263 -79.571838 0
0 0

0101101
*
Ed
 1e-07 1 1 0
1  648 0 0 0.381043000000005
2  648 205 0 0 0.381043000000005
0

0101000
+4303 0 -4301 0 *
Ed
 1e-07 1 1 0
1  649 0 0 1.30678867448299
2  649 205 0 0 1.30678867448299
0

0101000
+4301 0 -4304 0 *
Wi

0101100
+4302 0 +4300 0 +4299 0 *
Fa
0  1e-07 205 0

0101000
+4298 0 *
Ve
1e-07
5.942188 -81.408974 0
0 0

0101101
*
Ve
1e-07
2.122954 -79.952881 0
0 0

0101101
*
Ed
 1e-07 1 1 0
1  650 0 0 4.08738977483246
2  650 206 0 0 4.08738977483246
0

0101000
+4296 0 -4295 0 *
Ve
1e-07
2.551263 -79.952881 0
0 0

0101101
*
Ed
 1e-07 1 1 0
1  651 0 0 0.428309
2  651 206 0 0 0.428309
0

0101000
+4295 0 -4293 0 *
Ed
 1e-07 1 1 0
1  652 0 0 3.69033591699644
2  652 206 0 0 3.69033591699644
0

0101000
+4293 0 -4296 0 *
Wi

0101100
+4294 0 +4292 0 +4291 0 *
Fa
0  1e-07 206 0

0101000
+4290 0 *
Ve
1e-07
3.857949 -79.588219 0
0 0

0101101
*
Ve
1e-07
3.857949 -79.952881 0
0 0

0101101
*
Ed
 1e-07 1 1 0
1  653 0 0 0.36466200000001
2  653 207 0 0 0.36466200000001
0

0101000
+4288 0 -4287 0 *
Ve
1e-07
2.551263 -79.952881 0
0 0

0101101
*
Ed
 1e-07 1 1 0
1  654 0 0 1.306686
2  654 207 0 0 1.306686
0

0101000
+4287 0 -4285 0 *
Ed
 1e-07 1 1 0
1  655 0 0 1.35661589141511
2  655 207 0 0 1.35661589141511
0

0101000
+4285 0 -4288 0 *
Wi

0101100
+4286 0 +4284 0 +4283 0 *
Fa
0  1e-07 207 0

0101000
+4282 0 *
Ve
1e-07
5.942188 -80.53698 0
0 0

0101101
*
Ve
1e-07
2.551263 -79.952881 0
0 0

0101101
*
Ed
 1e-07 1 1 0
1  656 0 0 3.44086384465093
2  656 208 0 0 3.44086384465093
0

0101000
+4280 0 -4279 0 *
Ve
1e-07
3.857949 -79.952881 0
0 0

0101101
*
Ed
 1e-07 1 1 0
1  657 0 0 1.306686
2  657 208 0 0 1.306686
0

0101000
+4279 0 -4277 0 *
Ed
 1e-07 1 1 0
1  658 0 0 2.16453779152086
2  658 208 0 0 2.16453779152086
0

0101000
+4277 0 -4280 0 *
Wi

0101100
+4278 0 +4276 0 +4275 0 *
Fa
0  1e-07 208 0

0101000
+4274 0 *
Ve
1e-07
2.122954 -79.571838 0
0 0

0101101
*
Ve
1e-07
-0.540029 -80.021614 0
0 0

0101101
*
Ed
 1e-07 1 1 0
1  659 0 0 2.7006993369246
2  659 209 0 0 2.7006993369246
0

0101000
+4272 0 -4271 0 *
Ve
1e-07
-0.540029 -78.585945 0
0 0

0101101
*
Ed
 1e-07 1 1 0
1  660 0 0 1.435669
2  660 209 0 0 1.435669
0

0101000
+4271 0 -4269 0 *
Ed
 1e-07 1 1 0
1  661 0 0 2.83962382468841
2  661 209 0 0 2.83962382468841
0

0101000
+4269 0 -4272 0 *
Wi

0101100
+4270 0 +4268 0 +4267 0 *
Fa
0  1e-07 209 0

0101000
+4266 0 *
Ve
1e-07
2.554407 -77.443161 0
0 0

0101101
*
Ve
1e-07
3.889874 -79.588219 0
0 0

0101101
*
Ed
 1e-07 1 1 0
1  662 0 0 2.52680547954388
2  662 210 0 0 2.52680547954388
0

0101000
+4264 0 -4263 0 *
Ve
1e-07
3.857949 -79.588219 0
0 0

0101101
*
Ed
 1e-07 1 1 0
1  663 0 0 0.0319249999999998
2  663 210 0 0 0.0319249999999998
0

0101000
+4263 0 -4261 0 *
Ed
 1e-07 1 1 0
1  664 0 0 2.51007879739421
2  664 210 0 0 2.51007879739421
0

0101000
+4261 0 -4264 0 *
Wi

0101100
+4262 0 +4260 0 +4259 0 *
Fa
0  1e-07 210 0

0101000
+4258 0 *
Ve
1e-07
5.791705 -79.952881 0
0 0

0101101
*
Ve
1e-07
4.892698 -79.952881 0
0 0

0101101
*
Ed
 1e-07 1 1 0
1  665 0 0 0.899007
2  665 211 0 0 0.899007
0

0101000
+4256 0 -4255 0 *
Ve
1e-07
4.892698 -79.588219 0
0 0

0101101
*
Ed
 1e-07 1 1 0
1  666 0 0 0.36466200000001
2  666 211 0 0 0.36466200000001
0

0101000
+4255 0 -4253 0 *
Ve
1e-07
5.791705 -79.588219 0
0 0

0101101
*
Ed
 1e-07 1 1 0
1  667 0 0 0.899007
2  667 211 0 0 0.899007
0

0101000
+4253 0 -4251 0 *
Ed
 1e-07 1 1 0
1  668 0 0 0.36466200000001
2  668 211 0 0 0.36466200000001
0

0101000
+4251 0 -4256 0 *
Wi

0101100
+4254 0 +4252 0 +4250 0 +4249 0 *
Fa
0  1e-07 211 0

0101000
+4248 0 *
Ve
1e-07
5.942188 -80.53698 0
0 0

0101101
*
Ve
1e-07
4.892698 -79.952881 0
0 0

0101101
*
Ed
 1e-07 1 1 0
1  669 0 0 1.20108322022289
2  669 212 0 0 1.20108322022289
0

0101000
+4246 0 -4245 0 *
Ve
1e-07
5.791705 -79.952881 0
0 0

0101101
*
Ed
 1e-07 1 1 0
1  670 0 0 0.899007
2  670 212 0 0 0.899007
0

0101000
+4245 0 -4243 0 *
Ed
 1e-07 1 1 0
1  671 0 0 0.603172259881034
2  671 212 0 0 0.603172259881034
0

0101000
+4243 0 -4246 0 *
Wi

0101100
+4244 0 +4242 0 +4241 0 *
Fa
0  1e-07 212 0

0101000
+4240 0 *
Ve
1e-07
4.241119 -79.588219 0
0 0

0101101
*
Ve
1e-07
5.522048 -78.080772 0
0 0

0101101
*
Ed
 1e-07 1 1 0
1  672 0 0 1.97817480543303
2  672 213 0 0 1.97817480543303
0

0101000
+4238 0 -4237 0 *
Ve
1e-07
4.892698 -79.588219 0
0 0

0101101
*
Ed
 1e-07 1 1 0
1  673 0 0 1.63354763637581
2  673 213 0 0 1.63354763637581
0

0101000
+4237 0 -4235 0 *
Ed
 1e-07 1 1 0
1  674 0 0 0.651579
2  674 213 0 0 0.651579
0

0101000
+4235 0 -4238 0 *
Wi

0101100
+4236 0 +4234 0 +4233 0 *
Fa
0  1e-07 213 0

0101000
+4232 0 *
Ve
1e-07
4.892698 -79.588219 0
0 0

0101101
*
Ve
1e-07
5.522048 -78.080772 0
0 0

0101101
*
Ed
 1e-07 1 1 0
1  675 0 0 1.63354763637581
2  675 214 0 0 1.63354763637581
0

0101000
+4230 0 -4229 0 *
Ve
1e-07
5.791705 -79.588219 0
0 0

0101101
*
Ed
 1e-07 1 1 0
1  676 0 0 1.53137564152562
2  676 214 0 0 1.53137564152562
0

0101000
+4229 0 -4227 0 *
Ed
 1e-07 1 1 0
1  677 0 0 0.899007
2  677 214 0 0 0.899007
0

0101000
+4227 0 -4230 0 *
Wi

0101100
+4228 0 +4226 0 +4225 0 *
Fa
0  1e-07 214 0

0101000
+4224 0 *
Ve
1e-07
5.942188 -80.53698 0
0 0

0101101
*
Ve
1e-07
3.857949 -79.952881 0
0 0

0101101
*
Ed
 1e-07 1 1 0
1  678 0 0 2.16453779152086
2  678 215 0 0 2.16453779152086
0

0101000
+4222 0 -4221 0 *
Ve
1e-07
4.892698 -79.952881 0
0 0

0101101
*
Ed
 1e-07 1 1 0
1  679 0 0 1.034749
2  679 215 0 0 1.034749
0

0101000
+4221 0 -4219 0 *
Ed
 1e-07 1 1 0
1  680 0 0 1.20108322022289
2  680 215 0 0 1.20108322022289
0

0101000
+4219 0 -4222 0 *
Wi

0101100
+4220 0 +4218 0 +4217 0 *
Fa
0  1e-07 215 0

0101000
+4216 0 *
Ve
1e-07
2.122954 -79.952881 0
0 0

0101101
*
Ve
1e-07
-0.540029 -80.021614 0
0 0

0101101
*
Ed
 1e-07 1 1 0
1  681 0 0 2.66386986986564
2  681 216 0 0 2.66386986986564
0

0101000
+4214 0 -4213 0 *
Ve
1e-07
2.122954 -79.571838 0
0 0

0101101
*
Ed
 1e-07 1 1 0
1  682 0 0 2.7006993369246
2  682 216 0 0 2.7006993369246
0

0101000
+4213 0 -4211 0 *
Ed
 1e-07 1 1 0
1  683 0 0 0.381043000000005
2  683 216 0 0 0.381043000000005
0

0101000
+4211 0 -4214 0 *
Wi

0101100
+4212 0 +4210 0 +4209 0 *
Fa
0  1e-07 216 0

0101000
+4208 0 *
Ve
1e-07
7.969954 -77.866707 0
0 0

0101101
*
Ve
1e-07
8.285643 -75.436043 0
0 0

0101101
*
Ed
 1e-07 1 1 0
1  684 0 0 2.45107874733086
2  684 217 0 0 2.45107874733086
0

0101000
+4206 0 -4205 0 *
Ve
1e-07
9.268418 -77.866707 0
0 0

0101101
*
Ed
 1e-07 1 1 0
1  685 0 0 2.62182649721926
2  685 217 0 0 2.62182649721926
0

0101000
+4205 0 -4203 0 *
Ed
 1e-07 1 1 0
1  686 0 0 1.298464
2  686 217 0 0 1.298464
0

0101000
+4203 0 -4206 0 *
Wi

0101100
+4204 0 +4202 0 +4201 0 *
Fa
0  1e-07 217 0

0101000
+4200 0 *
Ve
1e-07
9.532612 -77.2509 0
0 0

0101101
*
Ve
1e-07
11.405829 -77.605316 0
0 0

0101101
*
Ed
 1e-07 1 1 0
1  687 0 0 1.90645026951793
2  687 218 0 0 1.90645026951793
0

0101000
+4198 0 -4197 0 *
Ve
1e-07
9.532154 -79.530457 0
0 0

0101101
*
Ed
 1e-07 1 1 0
1  688 0 0 2.68641506016959
2  688 218 0 0 2.68641506016959
0

0101000
+4197 0 -4195 0 *
Ed
 1e-07 1 1 0
1  689 0 0 2.27955704600981
2  689 218 0 0 2.27955704600981
0

0101000
+4195 0 -4198 0 *
Wi

0101100
+4196 0 +4194 0 +4193 0 *
Fa
0  1e-07 218 0

0101000
+4192 0 *
Ve
1e-07
9.532612 -77.2509 0
0 0

0101101
*
Ve
1e-07
11.405829 -77.2509 0
0 0

0101101
*
Ed
 1e-07 1 1 0
1  690 0 0 1.873217
2  690 219 0 0 1.873217
0

0101000
+4190 0 -4189 0 *
Ve
1e-07
11.405829 -77.605316 0
0 0

0101101
*
Ed
 1e-07 1 1 0
1  691 0 0 0.354416000000001
2  691 219 0 0 0.354416000000001
0

0101000
+4189 0 -4187 0 *
Ed
 1e-07 1 1 0
1  692 0 0 1.90645026951793
2  692 219 0 0 1.90645026951793
0

0101000
+4187 0 -4190 0 *
Wi

0101100
+4188 0 +4186 0 +4185 0 *
Fa
0  1e-07 219 0

0101000
+4184 0 *
Ve
1e-07
11.405829 -76.594971 0
0 0

0101101
*
Ve
1e-07
11.405829 -76.981277 0
0 0

0101101
*
Ed
 1e-07 1 1 0
1  693 0 0 0.386306000000005
2  693 220 0 0 0.386306000000005
0

0101000
+4182 0 -4181 0 *
Ve
1e-07
9.532666 -76.981277 0
0 0

0101101
*
Ed
 1e-07 1 1 0
1  694 0 0 1.873163
2  694 220 0 0 1.873163
0

0101000
+4181 0 -4179 0 *
Ed
 1e-07 1 1 0
1  695 0 0 1.91258253422042
2  695 220 0 0 1.91258253422042
0

0101000
+4179 0 -4182 0 *
Wi

0101100
+4180 0 +4178 0 +4177 0 *
Fa
0  1e-07 220 0

0101000
+4176 0 *
Ve
1e-07
12.595141 -77.605316 0
0 0

0101101
*
Ve
1e-07
12.595141 -78.20665 0
0 0

0101101
*
Ed
 1e-07 1 1 0
1  696 0 0 0.601333999999994
2  696 221 0 0 0.601333999999994
0

0101000
+4174 0 -4173 0 *
Ve
1e-07
11.405829 -77.605316 0
0 0

0101101
*
Ed
 1e-07 1 1 0
1  697 0 0 1.3326911168384
2  697 221 0 0 1.3326911168384
0

0101000
+4173 0 -4171 0 *
Ed
 1e-07 1 1 0
1  698 0 0 1.189312
2  698 221 0 0 1.189312
0

0101000
+4171 0 -4174 0 *
Wi

0101100
+4172 0 +4170 0 +4169 0 *
Fa
0  1e-07 221 0

0101000
+4168 0 *
Ve
1e-07
7.359455 -79.588219 0
0 0

0101101
*
Ve
1e-07
5.791705 -79.588219 0
0 0

0101101
*
Ed
 1e-07 1 1 0
1  699 0 0 1.56775
2  699 222 0 0 1.56775
0

0101000
+4166 0 -4165 0 *
Ve
1e-07
6.353539 -78.076645 0
0 0

0101101
*
Ed
 1e-07 1 1 0
1  700 0 0 1.61261074070341
2  700 222 0 0 1.61261074070341
0

0101000
+4165 0 -4163 0 *
Ed
 1e-07 1 1 0
1  701 0 0 1.81568801189301
2  701 222 0 0 1.81568801189301
0

0101000
+4163 0 -4166 0 *
Wi

0101100
+4164 0 +4162 0 +4161 0 *
Fa
0  1e-07 222 0

0101000
+4160 0 *
Ve
1e-07
7.359455 -78.072533 0
0 0

0101101
*
Ve
1e-07
7.359455 -79.588219 0
0 0

0101101
*
Ed
 1e-07 1 1 0
1  702 0 0 1.51568599999999
2  702 223 0 0 1.51568599999999
0

0101000
+4158 0 -4157 0 *
Ve
1e-07
6.353539 -78.076645 0
0 0

0101101
*
Ed
 1e-07 1 1 0
1  703 0 0 1.81568801189301
2  703 223 0 0 1.81568801189301
0

0101000
+4157 0 -4155 0 *
Ed
 1e-07 1 1 0
1  704 0 0 1.00592440451557
2  704 223 0 0 1.00592440451557
0

0101000
+4155 0 -4158 0 *
Wi

0101100
+4156 0 +4154 0 +4153 0 *
Fa
0  1e-07 223 0

0101000
+4152 0 *
Ve
1e-07
7.810186 -78.080772 0
0 0

0101101
*
Ve
1e-07
9.268418 -78.080772 0
0 0

0101101
*
Ed
 1e-07 1 1 0
1  705 0 0 1.458232
2  705 224 0 0 1.458232
0

0101000
+4150 0 -4149 0 *
Ve
1e-07
7.810186 -79.952881 0
0 0

0101101
*
Ed
 1e-07 1 1 0
1  706 0 0 2.37302184433794
2  706 224 0 0 2.37302184433794
0

0101000
+4149 0 -4147 0 *
Ed
 1e-07 1 1 0
1  707 0 0 1.87210900000001
2  707 224 0 0 1.87210900000001
0

0101000
+4147 0 -4150 0 *
Wi

0101100
+4148 0 +4146 0 +4145 0 *
Fa
0  1e-07 224 0

0101000
+4144 0 *
Ve
1e-07
5.791705 -79.588219 0
0 0

0101101
*
Ve
1e-07
6.103945 -78.080772 0
0 0

0101101
*
Ed
 1e-07 1 1 0
1  708 0 0 1.53944479453113
2  708 225 0 0 1.53944479453113
0

0101000
+4142 0 -4141 0 *
Ve
1e-07
6.353539 -78.076645 0
0 0

0101101
*
Ed
 1e-07 1 1 0
1  709 0 0 0.249628117336568
2  709 225 0 0 0.249628117336568
0

0101000
+4141 0 -4139 0 *
Ed
 1e-07 1 1 0
1  710 0 0 1.61261074070341
2  710 225 0 0 1.61261074070341
0

0101000
+4139 0 -4142 0 *
Wi

0101100
+4140 0 +4138 0 +4137 0 *
Fa
0  1e-07 225 0

0101000
+4136 0 *
Ve
1e-07
12.595141 -78.20665 0
0 0

0101101
*
Ve
1e-07
9.532154 -79.530457 0
0 0

0101101
*
Ed
 1e-07 1 1 0
1  711 0 0 3.33681799554875
2  711 226 0 0 3.33681799554875
0

0101000
+4134 0 -4133 0 *
Ve
1e-07
11.405829 -77.605316 0
0 0

0101101
*
Ed
 1e-07 1 1 0
1  712 0 0 2.68641506016959
2  712 226 0 0 2.68641506016959
0

0101000
+4133 0 -4131 0 *
Ed
 1e-07 1 1 0
1  713 0 0 1.3326911168384
2  713 226 0 0 1.3326911168384
0

0101000
+4131 0 -4134 0 *
Wi

0101100
+4132 0 +4130 0 +4129 0 *
Fa
0  1e-07 226 0

0101000
+4128 0 *
Ve
1e-07
12.595141 -79.091118 0
0 0

0101101
*
Ve
1e-07
12.595141 -79.530457 0
0 0

0101101
*
Ed
 1e-07 1 1 0
1  714 0 0 0.439339000000004
2  714 227 0 0 0.439339000000004
0

0101000
+4126 0 -4125 0 *
Ve
1e-07
9.532154 -79.530457 0
0 0

0101101
*
Ed
 1e-07 1 1 0
1  715 0 0 3.062987
2  715 227 0 0 3.062987
0

0101000
+4125 0 -4123 0 *
Ed
 1e-07 1 1 0
1  716 0 0 3.09433484275539
2  716 227 0 0 3.09433484275539
0

0101000
+4123 0 -4126 0 *
Wi

0101100
+4124 0 +4122 0 +4121 0 *
Fa
0  1e-07 227 0

0101000
+4120 0 *
Ve
1e-07
12.595141 -79.091118 0
0 0

0101101
*
Ve
1e-07
9.532154 -79.530457 0
0 0

0101101
*
Ed
 1e-07 1 1 0
1  717 0 0 3.09433484275539
2  717 228 0 0 3.09433484275539
0

0101000
+4118 0 -4117 0 *
Ve
1e-07
12.595141 -78.20665 0
0 0

0101101
*
Ed
 1e-07 1 1 0
1  718 0 0 3.33681799554875
2  718 228 0 0 3.33681799554875
0

0101000
+4117 0 -4115 0 *
Ed
 1e-07 1 1 0
1  719 0 0 0.884467999999998
2  719 228 0 0 0.884467999999998
0

0101000
+4115 0 -4118 0 *
Wi

0101100
+4116 0 +4114 0 +4113 0 *
Fa
0  1e-07 228 0

0101000
+4112 0 *
Ve
1e-07
12.595141 -79.863739 0
0 0

0101101
*
Ve
1e-07
12.595141 -80.517487 0
0 0

0101101
*
Ed
 1e-07 1 1 0
1  720 0 0 0.653748000000007
2  720 229 0 0 0.653748000000007
0

0101000
+4110 0 -4109 0 *
Ve
1e-07
9.532154 -79.863739 0
0 0

0101101
*
Ed
 1e-07 1 1 0
1  721 0 0 3.13197634245104
2  721 229 0 0 3.13197634245104
0

0101000
+4109 0 -4107 0 *
Ed
 1e-07 1 1 0
1  722 0 0 3.062987
2  722 229 0 0 3.062987
0

0101000
+4107 0 -4110 0 *
Wi

0101100
+4108 0 +4106 0 +4105 0 *
Fa
0  1e-07 229 0

0101000
+4104 0 *
Ve
1e-07
6.103945 -76.860626 0
0 0

0101101
*
Ve
1e-07
6.103945 -77.902473 0
0 0

0101101
*
Ed
 1e-07 1 1 0
1  723 0 0 1.041847
2  723 230 0 0 1.041847
0

0101000
+4102 0 -4101 0 *
Ve
1e-07
5.522048 -77.902473 0
0 0

0101101
*
Ed
 1e-07 1 1 0
1  724 0 0 0.581897000000001
2  724 230 0 0 0.581897000000001
0

0101000
+4101 0 -4099 0 *
Ed
 1e-07 1 1 0
1  725 0 0 1.19333536359986
2  725 230 0 0 1.19333536359986
0

0101000
+4099 0 -4102 0 *
Wi

0101100
+4100 0 +4098 0 +4097 0 *
Fa
0  1e-07 230 0

0101000
+4096 0 *
Ve
1e-07
12.595141 -76.060081 0
0 0

0101101
*
Ve
1e-07
12.595141 -76.594971 0
0 0

0101101
*
Ed
 1e-07 1 1 0
1  726 0 0 0.534890000000004
2  726 231 0 0 0.534890000000004
0

0101000
+4094 0 -4093 0 *
Ve
1e-07
11.405829 -76.594971 0
0 0

0101101
*
Ed
 1e-07 1 1 0
1  727 0 0 1.189312
2  727 231 0 0 1.189312
0

0101000
+4093 0 -4091 0 *
Ed
 1e-07 1 1 0
1  728 0 0 1.30405918019237
2  728 231 0 0 1.30405918019237
0

0101000
+4091 0 -4094 0 *
Wi

0101100
+4092 0 +4090 0 +4089 0 *
Fa
0  1e-07 231 0

0101000
+4088 0 *
Ve
1e-07
5.942188 -80.53698 0
0 0

0101101
*
Ve
1e-07
5.791705 -79.952881 0
0 0

0101101
*
Ed
 1e-07 1 1 0
1  729 0 0 0.603172259881034
2  729 232 0 0 0.603172259881034
0

0101000
+4086 0 -4085 0 *
Ve
1e-07
5.942188 -79.952881 0
0 0

0101101
*
Ed
 1e-07 1 1 0
1  730 0 0 0.150482999999999
2  730 232 0 0 0.150482999999999
0

0101000
+4085 0 -4083 0 *
Ed
 1e-07 1 1 0
1  731 0 0 0.584098999999995
2  731 232 0 0 0.584098999999995
0

0101000
+4083 0 -4086 0 *
Wi

0101100
+4084 0 +4082 0 +4081 0 *
Fa
0  1e-07 232 0

0101000
+4080 0 *
Ve
1e-07
-1.015486 -81.977928 0
0 0

0101101
*
Ve
1e-07
-3.037132 -82.587715 0
0 0

0101101
*
Ed
 1e-07 1 1 0
1  732 0 0 2.11160903926011
2  732 233 0 0 2.11160903926011
0

0101000
+4078 0 -4077 0 *
Ve
1e-07
-1.015486 -80.021614 0
0 0

0101101
*
Ed
 1e-07 1 1 0
1  733 0 0 3.26679152862821
2  733 233 0 0 3.26679152862821
0

0101000
+4077 0 -4075 0 *
Ed
 1e-07 1 1 0
1  734 0 0 1.95631400000001
2  734 233 0 0 1.95631400000001
0

0101000
+4075 0 -4078 0 *
Wi

0101100
+4076 0 +4074 0 +4073 0 *
Fa
0  1e-07 233 0

0101000
+4072 0 *
Ve
1e-07
-3.067344 -76.741707 0
0 0

0101101
*
Ve
1e-07
-1.015486 -80.021614 0
0 0

0101101
*
Ed
 1e-07 1 1 0
1  735 0 0 3.86883847954563
2  735 234 0 0 3.86883847954563
0

0101000
+4070 0 -4069 0 *
Ve
1e-07
-3.037132 -82.587715 0
0 0

0101101
*
Ed
 1e-07 1 1 0
1  736 0 0 3.26679152862821
2  736 234 0 0 3.26679152862821
0

0101000
+4069 0 -4067 0 *
Ed
 1e-07 1 1 0
1  737 0 0 5.84608606684917
2  737 234 0 0 5.84608606684917
0

0101000
+4067 0 -4070 0 *
Wi

0101100
+4068 0 +4066 0 +4065 0 *
Fa
0  1e-07 234 0

0101000
+4064 0 *
Ve
1e-07
-0.540029 -81.977928 0
0 0

0101101
*
Ve
1e-07
-1.015486 -81.977928 0
0 0

0101101
*
Ed
 1e-07 1 1 0
1  738 0 0 0.475457
2  738 235 0 0 0.475457
0

0101000
+4062 0 -4061 0 *
Ve
1e-07
-1.015486 -80.021614 0
0 0

0101101
*
Ed
 1e-07 1 1 0
1  739 0 0 1.95631400000001
2  739 235 0 0 1.95631400000001
0

0101000
+4061 0 -4059 0 *
Ed
 1e-07 1 1 0
1  740 0 0 2.01326198629116
2  740 235 0 0 2.01326198629116
0

0101000
+4059 0 -4062 0 *
Wi

0101100
+4060 0 +4058 0 +4057 0 *
Fa
0  1e-07 235 0

0101000
+4056 0 *
Ve
1e-07
-1.015486 -82.587715 0
0 0

0101101
*
Ve
1e-07
-3.037132 -82.587715 0
0 0

0101101
*
Ed
 1e-07 1 1 0
1  741 0 0 2.021646
2  741 236 0 0 2.021646
0

0101000
+4054 0 -4053 0 *
Ve
1e-07
-1.015486 -81.977928 0
0 0

0101101
*
Ed
 1e-07 1 1 0
1  742 0 0 2.11160903926011
2  742 236 0 0 2.11160903926011
0

0101000
+4053 0 -4051 0 *
Ed
 1e-07 1 1 0
1  743 0 0 0.609786999999997
2  743 236 0 0 0.609786999999997
0

0101000
+4051 0 -4054 0 *
Wi

0101100
+4052 0 +4050 0 +4049 0 *
Fa
0  1e-07 236 0

0101000
+4048 0 *
Ve
1e-07
-1.015486 -84.388039 0
0 0

0101101
*
Ve
1e-07
-1.015486 -83.301544 0
0 0

0101101
*
Ed
 1e-07 1 1 0
1  744 0 0 1.086495
2  744 237 0 0 1.086495
0

0101000
+4046 0 -4045 0 *
Ve
1e-07
-0.540029 -83.301544 0
0 0

0101101
*
Ed
 1e-07 1 1 0
1  745 0 0 0.475457
2  745 237 0 0 0.475457
0

0101000
+4045 0 -4043 0 *
Ve
1e-07
-0.540029 -84.388039 0
0 0

0101101
*
Ed
 1e-07 1 1 0
1  746 0 0 1.086495
2  746 237 0 0 1.086495
0

0101000
+4043 0 -4041 0 *
Ed
 1e-07 1 1 0
1  747 0 0 0.475457
2  747 237 0 0 0.475457
0

0101000
+4041 0 -4046 0 *
Wi

0101100
+4044 0 +4042 0 +4040 0 +4039 0 *
Fa
0  1e-07 237 0

0101000
+4038 0 *
Ve
1e-07
-0.540029 -81.977928 0
0 0

0101101
*
Ve
1e-07
-0.540029 -80.021614 0
0 0

0101101
*
Ed
 1e-07 1 1 0
1  748 0 0 1.95631400000001
2  748 238 0 0 1.95631400000001
0

0101000
+4036 0 -4035 0 *
Ve
1e-07
2.122954 -79.952881 0
0 0

0101101
*
Ed
 1e-07 1 1 0
1  749 0 0 2.66386986986564
2  749 238 0 0 2.66386986986564
0

0101000
+4035 0 -4033 0 *
Ed
 1e-07 1 1 0
1  750 0 0 3.34548857575362
2  750 238 0 0 3.34548857575362
0

0101000
+4033 0 -4036 0 *
Wi

0101100
+4034 0 +4032 0 +4031 0 *
Fa
0  1e-07 238 0

0101000
+4030 0 *
Ve
1e-07
5.942188 -81.408974 0
0 0

0101101
*
Ve
1e-07
2.551263 -79.952881 0
0 0

0101101
*
Ed
 1e-07 1 1 0
1  751 0 0 3.69033591699644
2  751 239 0 0 3.69033591699644
0

0101000
+4028 0 -4027 0 *
Ve
1e-07
5.942188 -80.53698 0
0 0

0101101
*
Ed
 1e-07 1 1 0
1  752 0 0 3.44086384465093
2  752 239 0 0 3.44086384465093
0

0101000
+4027 0 -4025 0 *
Ed
 1e-07 1 1 0
1  753 0 0 0.871994000000001
2  753 239 0 0 0.871994000000001
0

0101000
+4025 0 -4028 0 *
Wi

0101100
+4026 0 +4024 0 +4023 0 *
Fa
0  1e-07 239 0

0101000
+4022 0 *
Ve
1e-07
5.942188 -81.408974 0
0 0

0101101
*
Ve
1e-07
-0.540029 -83.301544 0
0 0

0101101
*
Ed
 1e-07 1 1 0
1  754 0 0 6.75284817243724
2  754 240 0 0 6.75284817243724
0

0101000
+4020 0 -4019 0 *
Ve
1e-07
-0.540029 -81.977928 0
0 0

0101101
*
Ed
 1e-07 1 1 0
1  755 0 0 1.323616
2  755 240 0 0 1.323616
0

0101000
+4019 0 -4017 0 *
Ed
 1e-07 1 1 0
1  756 0 0 6.50713807208707
2  756 240 0 0 6.50713807208707
0

0101000
+4017 0 -4020 0 *
Wi

0101100
+4018 0 +4016 0 +4015 0 *
Fa
0  1e-07 240 0

0101000
+4014 0 *
Ve
1e-07
-0.540029 -84.388039 0
0 0

0101101
*
Ve
1e-07
-0.540029 -83.301544 0
0 0

0101101
*
Ed
 1e-07 1 1 0
1  757 0 0 1.086495
2  757 241 0 0 1.086495
0

0101000
+4012 0 -4011 0 *
Ve
1e-07
3.025899 -84.974899 0
0 0

0101101
*
Ed
 1e-07 1 1 0
1  758 0 0 3.93903026863325
2  758 241 0 0 3.93903026863325
0

0101000
+4011 0 -4009 0 *
Ed
 1e-07 1 1 0
1  759 0 0 3.6138963959671
2  759 241 0 0 3.6138963959671
0

0101000
+4009 0 -4012 0 *
Wi

0101100
+4010 0 +4008 0 +4007 0 *
Fa
0  1e-07 241 0

0101000
+4006 0 *
Ve
1e-07
-0.361733 -84.974899 0
0 0

0101101
*
Ve
1e-07
-0.540029 -84.974899 0
0 0

0101101
*
Ed
 1e-07 1 1 0
1  760 0 0 0.178296
2  760 242 0 0 0.178296
0

0101000
+4004 0 -4003 0 *
Ve
1e-07
-0.540029 -84.388039 0
0 0

0101101
*
Ed
 1e-07 1 1 0
1  761 0 0 0.586859999999987
2  761 242 0 0 0.586859999999987
0

0101000
+4003 0 -4001 0 *
Ed
 1e-07 1 1 0
1  762 0 0 0.613346658274083
2  762 242 0 0 0.613346658274083
0

0101000
+4001 0 -4004 0 *
Wi

0101100
+4002 0 +4000 0 +3999 0 *
Fa
0  1e-07 242 0

0101000
+3998 0 *
Ve
1e-07
-0.540029 -83.301544 0
0 0

0101101
*
Ve
1e-07
5.942188 -84.974899 0
0 0

0101101
*
Ed
 1e-07 1 1 0
1  763 0 0 6.69471838026918
2  763 243 0 0 6.69471838026918
0

0101000
+3996 0 -3995 0 *
Ve
1e-07
4.126427 -84.974899 0
0 0

0101101
*
Ed
 1e-07 1 1 0
1  764 0 0 1.815761
2  764 243 0 0 1.815761
0

0101000
+3995 0 -3993 0 *
Ed
 1e-07 1 1 0
1  765 0 0 4.95741147737011
2  765 243 0 0 4.95741147737011
0

0101000
+3993 0 -3996 0 *
Wi

0101100
+3994 0 +3992 0 +3991 0 *
Fa
0  1e-07 243 0

0101000
+3990 0 *
Ve
1e-07
-0.540029 -81.977928 0
0 0

0101101
*
Ve
1e-07
-1.015486 -80.021614 0
0 0

0101101
*
Ed
 1e-07 1 1 0
1  766 0 0 2.01326198629116
2  766 244 0 0 2.01326198629116
0

0101000
+3988 0 -3987 0 *
Ve
1e-07
-0.540029 -80.021614 0
0 0

0101101
*
Ed
 1e-07 1 1 0
1  767 0 0 0.475457
2  767 244 0 0 0.475457
0

0101000
+3987 0 -3985 0 *
Ed
 1e-07 1 1 0
1  768 0 0 1.95631400000001
2  768 244 0 0 1.95631400000001
0

0101000
+3985 0 -3988 0 *
Wi

0101100
+3986 0 +3984 0 +3983 0 *
Fa
0  1e-07 244 0

0101000
+3982 0 *
Ve
1e-07
-0.540029 -84.388039 0
0 0

0101101
*
Ve
1e-07
1.594038 -84.974899 0
0 0

0101101
*
Ed
 1e-07 1 1 0
1  769 0 0 2.21328864364524
2  769 245 0 0 2.21328864364524
0

0101000
+3980 0 -3979 0 *
Ve
1e-07
-0.361733 -84.974899 0
0 0

0101101
*
Ed
 1e-07 1 1 0
1  770 0 0 1.955771
2  770 245 0 0 1.955771
0

0101000
+3979 0 -3977 0 *
Ed
 1e-07 1 1 0
1  771 0 0 0.613346658274083
2  771 245 0 0 0.613346658274083
0

0101000
+3977 0 -3980 0 *
Wi

0101100
+3978 0 +3976 0 +3975 0 *
Fa
0  1e-07 245 0

0101000
+3974 0 *
Ve
1e-07
-0.361733 -84.974899 0
0 0

0101101
*
Ve
1e-07
1.594038 -84.974899 0
0 0

0101101
*
Ed
 1e-07 1 1 0
1  772 0 0 1.955771
2  772 246 0 0 1.955771
0

0101000
+3972 0 -3971 0 *
Ve
1e-07
1.594038 -85.443344 0
0 0

0101101
*
Ed
 1e-07 1 1 0
1  773 0 0 0.468445000000003
2  773 246 0 0 0.468445000000003
0

0101000
+3971 0 -3969 0 *
Ve
1e-07
-0.361733 -85.443344 0
0 0

0101101
*
Ed
 1e-07 1 1 0
1  774 0 0 1.955771
2  774 246 0 0 1.955771
0

0101000
+3969 0 -3967 0 *
Ed
 1e-07 1 1 0
1  775 0 0 0.468445000000003
2  775 246 0 0 0.468445000000003
0

0101000
+3967 0 -3972 0 *
Wi

0101100
+3970 0 +3968 0 +3966 0 +3965 0 *
Fa
0  1e-07 246 0

0101000
+3964 0 *
Ve
1e-07
1.594038 -85.443344 0
0 0

0101101
*
Ve
1e-07
-1.015486 -87.544144 0
0 0

0101101
*
Ed
 1e-07 1 1 0
1  776 0 0 3.35007106589935
2  776 247 0 0 3.35007106589935
0

0101000
+3962 0 -3961 0 *
Ve
1e-07
-0.361733 -85.443344 0
0 0

0101101
*
Ed
 1e-07 1 1 0
1  777 0 0 2.20017127174432
2  777 247 0 0 2.20017127174432
0

0101000
+3961 0 -3959 0 *
Ed
 1e-07 1 1 0
1  778 0 0 1.955771
2  778 247 0 0 1.955771
0

0101000
+3959 0 -3962 0 *
Wi

0101100
+3960 0 +3958 0 +3957 0 *
Fa
0  1e-07 247 0

0101000
+3956 0 *
Ve
1e-07
-1.015486 -85.443344 0
0 0

0101101
*
Ve
1e-07
-0.361733 -85.443344 0
0 0

0101101
*
Ed
 1e-07 1 1 0
1  779 0 0 0.653753
2  779 248 0 0 0.653753
0

0101000
+3954 0 -3953 0 *
Ve
1e-07
-1.015486 -87.544144 0
0 0

0101101
*
Ed
 1e-07 1 1 0
1  780 0 0 2.20017127174432
2  780 248 0 0 2.20017127174432
0

0101000
+3953 0 -3951 0 *
Ed
 1e-07 1 1 0
1  781 0 0 2.10080000000001
2  781 248 0 0 2.10080000000001
0

0101000
+3951 0 -3954 0 *
Wi

0101100
+3952 0 +3950 0 +3949 0 *
Fa
0  1e-07 248 0

0101000
+3948 0 *
Ve
1e-07
2.687165 -87.544144 0
0 0

0101101
*
Ve
1e-07
-1.015486 -87.544144 0
0 0

0101101
*
Ed
 1e-07 1 1 0
1  782 0 0 3.702651
2  782 249 0 0 3.702651
0

0101000
+3946 0 -3945 0 *
Ve
1e-07
1.594038 -85.443344 0
0 0

0101101
*
Ed
 1e-07 1 1 0
1  783 0 0 3.35007106589935
2  783 249 0 0 3.35007106589935
0

0101000
+3945 0 -3943 0 *
Ed
 1e-07 1 1 0
1  784 0 0 2.36818227299527
2  784 249 0 0 2.36818227299527
0

0101000
+3943 0 -3946 0 *
Wi

0101100
+3944 0 +3942 0 +3941 0 *
Fa
0  1e-07 249 0

0101000
+3940 0 *
Ve
1e-07
-0.540029 -83.301544 0
0 0

0101101
*
Ve
1e-07
4.126427 -84.974899 0
0 0

0101101
*
Ed
 1e-07 1 1 0
1  785 0 0 4.95741147737011
2  785 250 0 0 4.95741147737011
0

0101000
+3938 0 -3937 0 *
Ve
1e-07
3.025899 -84.974899 0
0 0

0101101
*
Ed
 1e-07 1 1 0
1  786 0 0 1.100528
2  786 250 0 0 1.100528
0

0101000
+3937 0 -3935 0 *
Ed
 1e-07 1 1 0
1  787 0 0 3.93903026863325
2  787 250 0 0 3.93903026863325
0

0101000
+3935 0 -3938 0 *
Wi

0101100
+3936 0 +3934 0 +3933 0 *
Fa
0  1e-07 250 0

0101000
+3932 0 *
Ve
1e-07
3.025899 -84.974899 0
0 0

0101101
*
Ve
1e-07
4.126427 -84.974899 0
0 0

0101101
*
Ed
 1e-07 1 1 0
1  788 0 0 1.100528
2  788 251 0 0 1.100528
0

0101000
+3930 0 -3929 0 *
Ve
1e-07
4.126427 -85.443344 0
0 0

0101101
*
Ed
 1e-07 1 1 0
1  789 0 0 0.468445000000003
2  789 251 0 0 0.468445000000003
0

0101000
+3929 0 -3927 0 *
Ve
1e-07
3.025899 -85.443344 0
0 0

0101101
*
Ed
 1e-07 1 1 0
1  790 0 0 1.100528
2  790 251 0 0 1.100528
0

0101000
+3927 0 -3925 0 *
Ed
 1e-07 1 1 0
1  791 0 0 0.468445000000003
2  791 251 0 0 0.468445000000003
0

0101000
+3925 0 -3930 0 *
Wi

0101100
+3928 0 +3926 0 +3924 0 +3923 0 *
Fa
0  1e-07 251 0

0101000
+3922 0 *
Ve
1e-07
1.594038 -85.443344 0
0 0

0101101
*
Ve
1e-07
2.687165 -85.443344 0
0 0

0101101
*
Ed
 1e-07 1 1 0
1  792 0 0 1.093127
2  792 252 0 0 1.093127
0

0101000
+3920 0 -3919 0 *
Ve
1e-07
2.687165 -87.544144 0
0 0

0101101
*
Ed
 1e-07 1 1 0
1  793 0 0 2.10080000000001
2  793 252 0 0 2.10080000000001
0

0101000
+3919 0 -3917 0 *
Ed
 1e-07 1 1 0
1  794 0 0 2.36818227299527
2  794 252 0 0 2.36818227299527
0

0101000
+3917 0 -3920 0 *
Wi

0101100
+3918 0 +3916 0 +3915 0 *
Fa
0  1e-07 252 0

0101000
+3914 0 *
Ve
1e-07
3.025899 -84.974899 0
0 0

0101101
*
Ve
1e-07
1.594038 -84.974899 0
0 0

0101101
*
Ed
 1e-07 1 1 0
1  795 0 0 1.431861
2  795 253 0 0 1.431861
0

0101000
+3912 0 -3911 0 *
Ve
1e-07
-0.540029 -84.388039 0
0 0

0101101
*
Ed
 1e-07 1 1 0
1  796 0 0 2.21328864364524
2  796 253 0 0 2.21328864364524
0

0101000
+3911 0 -3909 0 *
Ed
 1e-07 1 1 0
1  797 0 0 3.6138963959671
2  797 253 0 0 3.6138963959671
0

0101000
+3909 0 -3912 0 *
Wi

0101100
+3910 0 +3908 0 +3907 0 *
Fa
0  1e-07 253 0

0101000
+3906 0 *
Ve
1e-07
2.122954 -79.952881 0
0 0

0101101
*
Ve
1e-07
5.942188 -81.408974 0
0 0

0101101
*
Ed
 1e-07 1 1 0
1  798 0 0 4.08738977483246
2  798 254 0 0 4.08738977483246
0

0101000
+3904 0 -3903 0 *
Ve
1e-07
-0.540029 -81.977928 0
0 0

0101101
*
Ed
 1e-07 1 1 0
1  799 0 0 6.50713807208707
2  799 254 0 0 6.50713807208707
0

0101000
+3903 0 -3901 0 *
Ed
 1e-07 1 1 0
1  800 0 0 3.34548857575362
2  800 254 0 0 3.34548857575362
0

0101000
+3901 0 -3904 0 *
Wi

0101100
+3902 0 +3900 0 +3899 0 *
Fa
0  1e-07 254 0

0101000
+3898 0 *
Ve
1e-07
5.942188 -80.53698 0
0 0

0101101
*
Ve
1e-07
6.117986 -80.53698 0
0 0

0101101
*
Ed
 1e-07 1 1 0
1  801 0 0 0.175798
2  801 255 0 0 0.175798
0

0101000
+3896 0 -3895 0 *
Ve
1e-07
6.117986 -81.408974 0
0 0

0101101
*
Ed
 1e-07 1 1 0
1  802 0 0 0.871994000000001
2  802 255 0 0 0.871994000000001
0

0101000
+3895 0 -3893 0 *
Ve
1e-07
5.942188 -81.408974 0
0 0

0101101
*
Ed
 1e-07 1 1 0
1  803 0 0 0.175798
2  803 255 0 0 0.175798
0

0101000
+3893 0 -3891 0 *
Ed
 1e-07 1 1 0
1  804 0 0 0.871994000000001
2  804 255 0 0 0.871994000000001
0

0101000
+3891 0 -3896 0 *
Wi

0101100
+3894 0 +3892 0 +3890 0 +3889 0 *
Fa
0  1e-07 255 0

0101000
+3888 0 *
Ve
1e-07
9.268418 -81.465607 0
0 0

0101101
*
Ve
1e-07
7.639393 -81.465607 0
0 0

0101101
*
Ed
 1e-07 1 1 0
1  805 0 0 1.629025
2  805 256 0 0 1.629025
0

0101000
+3886 0 -3885 0 *
Ve
1e-07
6.117986 -80.53698 0
0 0

0101101
*
Ed
 1e-07 1 1 0
1  806 0 0 1.78242176960954
2  806 256 0 0 1.78242176960954
0

0101000
+3885 0 -3883 0 *
Ed
 1e-07 1 1 0
1  807 0 0 3.28444361981645
2  807 256 0 0 3.28444361981645
0

0101000
+3883 0 -3886 0 *
Wi

0101100
+3884 0 +3882 0 +3881 0 *
Fa
0  1e-07 256 0

0101000
+3880 0 *
Ve
1e-07
6.117986 -81.408974 0
0 0

0101101
*
Ve
1e-07
7.639393 -81.683769 0
0 0

0101101
*
Ed
 1e-07 1 1 0
1  808 0 0 1.54602443437159
2  808 257 0 0 1.54602443437159
0

0101000
+3878 0 -3877 0 *
Ve
1e-07
6.117986 -84.974899 0
0 0

0101101
*
Ed
 1e-07 1 1 0
1  809 0 0 3.6257710816527
2  809 257 0 0 3.6257710816527
0

0101000
+3877 0 -3875 0 *
Ed
 1e-07 1 1 0
1  810 0 0 3.56592499999999
2  810 257 0 0 3.56592499999999
0

0101000
+3875 0 -3878 0 *
Wi

0101100
+3876 0 +3874 0 +3873 0 *
Fa
0  1e-07 257 0

0101000
+3872 0 *
Ve
1e-07
6.117986 -80.53698 0
0 0

0101101
*
Ve
1e-07
7.639393 -81.465607 0
0 0

0101101
*
Ed
 1e-07 1 1 0
1  811 0 0 1.78242176960954
2  811 258 0 0 1.78242176960954
0

0101000
+3870 0 -3869 0 *
Ve
1e-07
6.117986 -81.408974 0
0 0

0101101
*
Ed
 1e-07 1 1 0
1  812 0 0 1.52246069122917
2  812 258 0 0 1.52246069122917
0

0101000
+3869 0 -3867 0 *
Ed
 1e-07 1 1 0
1  813 0 0 0.871994000000001
2  813 258 0 0 0.871994000000001
0

0101000
+3867 0 -3870 0 *
Wi

0101100
+3868 0 +3866 0 +3865 0 *
Fa
0  1e-07 258 0

0101000
+3864 0 *
Ve
1e-07
7.639393 -81.465607 0
0 0

0101101
*
Ve
1e-07
7.639393 -81.683769 0
0 0

0101101
*
Ed
 1e-07 1 1 0
1  814 0 0 0.218161999999992
2  814 259 0 0 0.218161999999992
0

0101000
+3862 0 -3861 0 *
Ve
1e-07
6.117986 -81.408974 0
0 0

0101101
*
Ed
 1e-07 1 1 0
1  815 0 0 1.54602443437159
2  815 259 0 0 1.54602443437159
0

0101000
+3861 0 -3859 0 *
Ed
 1e-07 1 1 0
1  816 0 0 1.52246069122917
2  816 259 0 0 1.52246069122917
0

0101000
+3859 0 -3862 0 *
Wi

0101100
+3860 0 +3858 0 +3857 0 *
Fa
0  1e-07 259 0

0101000
+3856 0 *
Ve
1e-07
7.810186 -79.952881 0
0 0

0101101
*
Ve
1e-07
6.117986 -80.53698 0
0 0

0101101
*
Ed
 1e-07 1 1 0
1  817 0 0 1.7901710761268
2  817 260 0 0 1.7901710761268
0

0101000
+3854 0 -3853 0 *
Ve
1e-07
6.117986 -79.952881 0
0 0

0101101
*
Ed
 1e-07 1 1 0
1  818 0 0 0.584098999999995
2  818 260 0 0 0.584098999999995
0

0101000
+3853 0 -3851 0 *
Ed
 1e-07 1 1 0
1  819 0 0 1.6922
2  819 260 0 0 1.6922
0

0101000
+3851 0 -3854 0 *
Wi

0101100
+3852 0 +3850 0 +3849 0 *
Fa
0  1e-07 260 0

0101000
+3848 0 *
Ve
1e-07
7.810186 -79.952881 0
0 0

0101101
*
Ve
1e-07
9.268418 -78.080772 0
0 0

0101101
*
Ed
 1e-07 1 1 0
1  820 0 0 2.37302184433794
2  820 261 0 0 2.37302184433794
0

0101000
+3846 0 -3845 0 *
Ve
1e-07
9.268418 -81.465607 0
0 0

0101101
*
Ed
 1e-07 1 1 0
1  821 0 0 3.38483500000001
2  821 261 0 0 3.38483500000001
0

0101000
+3845 0 -3843 0 *
Ed
 1e-07 1 1 0
1  822 0 0 2.10113791001448
2  822 261 0 0 2.10113791001448
0

0101000
+3843 0 -3846 0 *
Wi

0101100
+3844 0 +3842 0 +3841 0 *
Fa
0  1e-07 261 0

0101000
+3840 0 *
Ve
1e-07
9.532154 -79.863739 0
0 0

0101101
*
Ve
1e-07
12.595141 -80.517487 0
0 0

0101101
*
Ed
 1e-07 1 1 0
1  823 0 0 3.13197634245104
2  823 262 0 0 3.13197634245104
0

0101000
+3838 0 -3837 0 *
Ve
1e-07
12.595141 -81.408974 0
0 0

0101101
*
Ed
 1e-07 1 1 0
1  824 0 0 0.891486999999998
2  824 262 0 0 0.891486999999998
0

0101000
+3837 0 -3835 0 *
Ed
 1e-07 1 1 0
1  825 0 0 3.43069097521097
2  825 262 0 0 3.43069097521097
0

0101000
+3835 0 -3838 0 *
Wi

0101100
+3836 0 +3834 0 +3833 0 *
Fa
0  1e-07 262 0

0101000
+3832 0 *
Ve
1e-07
12.734459 -80.517487 0
0 0

0101101
*
Ve
1e-07
12.595141 -81.408974 0
0 0

0101101
*
Ed
 1e-07 1 1 0
1  826 0 0 0.902307362428677
2  826 263 0 0 0.902307362428677
0

0101000
+3830 0 -3829 0 *
Ve
1e-07
12.595141 -80.517487 0
0 0

0101101
*
Ed
 1e-07 1 1 0
1  827 0 0 0.891486999999998
2  827 263 0 0 0.891486999999998
0

0101000
+3829 0 -3827 0 *
Ed
 1e-07 1 1 0
1  828 0 0 0.139317999999999
2  828 263 0 0 0.139317999999999
0

0101000
+3827 0 -3830 0 *
Wi

0101100
+3828 0 +3826 0 +3825 0 *
Fa
0  1e-07 263 0

0101000
+3824 0 *
Ve
1e-07
9.532154 -79.863739 0
0 0

0101101
*
Ve
1e-07
12.595141 -81.408974 0
0 0

0101101
*
Ed
 1e-07 1 1 0
1  829 0 0 3.43069097521097
2  829 264 0 0 3.43069097521097
0

0101000
+3822 0 -3821 0 *
Ve
1e-07
9.532154 -84.974899 0
0 0

0101101
*
Ed
 1e-07 1 1 0
1  830 0 0 4.70082019096603
2  830 264 0 0 4.70082019096603
0

0101000
+3821 0 -3819 0 *
Ed
 1e-07 1 1 0
1  831 0 0 5.11116
2  831 264 0 0 5.11116
0

0101000
+3819 0 -3822 0 *
Wi

0101100
+3820 0 +3818 0 +3817 0 *
Fa
0  1e-07 264 0

0101000
+3816 0 *
Ve
1e-07
-0.540029 -83.301544 0
0 0

0101101
*
Ve
1e-07
5.942188 -81.408974 0
0 0

0101101
*
Ed
 1e-07 1 1 0
1  832 0 0 6.75284817243724
2  832 265 0 0 6.75284817243724
0

0101000
+3814 0 -3813 0 *
Ve
1e-07
5.942188 -84.974899 0
0 0

0101101
*
Ed
 1e-07 1 1 0
1  833 0 0 3.56592499999999
2  833 265 0 0 3.56592499999999
0

0101000
+3813 0 -3811 0 *
Ed
 1e-07 1 1 0
1  834 0 0 6.69471838026918
2  834 265 0 0 6.69471838026918
0

0101000
+3811 0 -3814 0 *
Wi

0101100
+3812 0 +3810 0 +3809 0 *
Fa
0  1e-07 265 0

0101000
+3808 0 *
Ve
1e-07
7.639393 -81.683769 0
0 0

0101101
*
Ve
1e-07
9.268418 -81.683769 0
0 0

0101101
*
Ed
 1e-07 1 1 0
1  835 0 0 1.629025
2  835 266 0 0 1.629025
0

0101000
+3806 0 -3805 0 *
Ve
1e-07
9.268418 -84.974899 0
0 0

0101101
*
Ed
 1e-07 1 1 0
1  836 0 0 3.29113
2  836 266 0 0 3.29113
0

0101000
+3805 0 -3803 0 *
Ve
1e-07
7.364445 -84.974899 0
0 0

0101101
*
Ed
 1e-07 1 1 0
1  837 0 0 1.903973
2  837 266 0 0 1.903973
0

0101000
+3803 0 -3801 0 *
Ed
 1e-07 1 1 0
1  838 0 0 3.30259490092321
2  838 266 0 0 3.30259490092321
0

0101000
+3801 0 -3806 0 *
Wi

0101100
+3804 0 +3802 0 +3800 0 +3799 0 *
Fa
0  1e-07 266 0

0101000
+3798 0 *
Ve
1e-07
7.810186 -79.952881 0
0 0

0101101
*
Ve
1e-07
9.268418 -81.465607 0
0 0

0101101
*
Ed
 1e-07 1 1 0
1  839 0 0 2.10113791001448
2  839 267 0 0 2.10113791001448
0

0101000
+3796 0 -3795 0 *
Ve
1e-07
6.117986 -80.53698 0
0 0

0101101
*
Ed
 1e-07 1 1 0
1  840 0 0 3.28444361981645
2  840 267 0 0 3.28444361981645
0

0101000
+3795 0 -3793 0 *
Ed
 1e-07 1 1 0
1  841 0 0 1.7901710761268
2  841 267 0 0 1.7901710761268
0

0101000
+3793 0 -3796 0 *
Wi

0101100
+3794 0 +3792 0 +3791 0 *
Fa
0  1e-07 267 0

0101000
+3790 0 *
Ve
1e-07
10.930373 -84.974899 0
0 0

0101101
*
Ve
1e-07
12.595141 -81.408974 0
0 0

0101101
*
Ed
 1e-07 1 1 0
1  842 0 0 3.93538735062369
2  842 268 0 0 3.93538735062369
0

0101000
+3788 0 -3787 0 *
Ve
1e-07
12.352914 -84.974899 0
0 0

0101101
*
Ed
 1e-07 1 1 0
1  843 0 0 3.57414255803458
2  843 268 0 0 3.57414255803458
0

0101000
+3787 0 -3785 0 *
Ed
 1e-07 1 1 0
1  844 0 0 1.422541
2  844 268 0 0 1.422541
0

0101000
+3785 0 -3788 0 *
Wi

0101100
+3786 0 +3784 0 +3783 0 *
Fa
0  1e-07 268 0

0101000
+3782 0 *
Ve
1e-07
6.117986 -84.974899 0
0 0

0101101
*
Ve
1e-07
7.639393 -81.683769 0
0 0

0101101
*
Ed
 1e-07 1 1 0
1  845 0 0 3.6257710816527
2  845 269 0 0 3.6257710816527
0

0101000
+3780 0 -3779 0 *
Ve
1e-07
6.211462 -84.974899 0
0 0

0101101
*
Ed
 1e-07 1 1 0
1  846 0 0 3.58755120070236
2  846 269 0 0 3.58755120070236
0

0101000
+3779 0 -3777 0 *
Ed
 1e-07 1 1 0
1  847 0 0 0.0934759999999999
2  847 269 0 0 0.0934759999999999
0

0101000
+3777 0 -3780 0 *
Wi

0101100
+3778 0 +3776 0 +3775 0 *
Fa
0  1e-07 269 0

0101000
+3774 0 *
Ve
1e-07
6.211462 -84.974899 0
0 0

0101101
*
Ve
1e-07
7.639393 -81.683769 0
0 0

0101101
*
Ed
 1e-07 1 1 0
1  848 0 0 3.58755120070236
2  848 270 0 0 3.58755120070236
0

0101000
+3772 0 -3771 0 *
Ve
1e-07
7.364445 -84.974899 0
0 0

0101101
*
Ed
 1e-07 1 1 0
1  849 0 0 3.30259490092321
2  849 270 0 0 3.30259490092321
0

0101000
+3771 0 -3769 0 *
Ed
 1e-07 1 1 0
1  850 0 0 1.152983
2  850 270 0 0 1.152983
0

0101000
+3769 0 -3772 0 *
Wi

0101100
+3770 0 +3768 0 +3767 0 *
Fa
0  1e-07 270 0

0101000
+3766 0 *
Ve
1e-07
6.211462 -84.974899 0
0 0

0101101
*
Ve
1e-07
7.364445 -84.974899 0
0 0

0101101
*
Ed
 1e-07 1 1 0
1  851 0 0 1.152983
2  851 271 0 0 1.152983
0

0101000
+3764 0 -3763 0 *
Ve
1e-07
7.364445 -85.443344 0
0 0

0101101
*
Ed
 1e-07 1 1 0
1  852 0 0 0.468445000000003
2  852 271 0 0 0.468445000000003
0

0101000
+3763 0 -3761 0 *
Ve
1e-07
6.211462 -85.443344 0
0 0

0101101
*
Ed
 1e-07 1 1 0
1  853 0 0 1.152983
2  853 271 0 0 1.152983
0

0101000
+3761 0 -3759 0 *
Ed
 1e-07 1 1 0
1  854 0 0 0.468445000000003
2  854 271 0 0 0.468445000000003
0

0101000
+3759 0 -3764 0 *
Wi

0101100
+3762 0 +3760 0 +3758 0 +3757 0 *
Fa
0  1e-07 271 0

0101000
+3756 0 *
Ve
1e-07
10.930373 -84.974899 0
0 0

0101101
*
Ve
1e-07
12.352914 -84.974899 0
0 0

0101101
*
Ed
 1e-07 1 1 0
1  855 0 0 1.422541
2  855 272 0 0 1.422541
0

0101000
+3754 0 -3753 0 *
Ve
1e-07
12.352914 -85.443344 0
0 0

0101101
*
Ed
 1e-07 1 1 0
1  856 0 0 0.468445000000003
2  856 272 0 0 0.468445000000003
0

0101000
+3753 0 -3751 0 *
Ve
1e-07
10.930373 -85.443344 0
0 0

0101101
*
Ed
 1e-07 1 1 0
1  857 0 0 1.422541
2  857 272 0 0 1.422541
0

0101000
+3751 0 -3749 0 *
Ed
 1e-07 1 1 0
1  858 0 0 0.468445000000003
2  858 272 0 0 0.468445000000003
0

0101000
+3749 0 -3754 0 *
Wi

0101100
+3752 0 +3750 0 +3748 0 +3747 0 *
Fa
0  1e-07 272 0

0101000
+3746 0 *
Ve
1e-07
10.930373 -85.443344 0
0 0

0101101
*
Ve
1e-07
10.614776 -87.544144 0
0 0

0101101
*
Ed
 1e-07 1 1 0
1  859 0 0 2.12437334440277
2  859 273 0 0 2.12437334440277
0

0101000
+3744 0 -3743 0 *
Ve
1e-07
10.614776 -85.443344 0
0 0

0101101
*
Ed
 1e-07 1 1 0
1  860 0 0 2.10080000000001
2  860 273 0 0 2.10080000000001
0

0101000
+3743 0 -3741 0 *
Ed
 1e-07 1 1 0
1  861 0 0 0.315596999999999
2  861 273 0 0 0.315596999999999
0

0101000
+3741 0 -3744 0 *
Wi

0101100
+3742 0 +3740 0 +3739 0 *
Fa
0  1e-07 273 0

0101000
+3738 0 *
Ve
1e-07
10.614776 -87.544144 0
0 0

0101101
*
Ve
1e-07
10.930373 -85.443344 0
0 0

0101101
*
Ed
 1e-07 1 1 0
1  862 0 0 2.12437334440277
2  862 274 0 0 2.12437334440277
0

0101000
+3736 0 -3735 0 *
Ve
1e-07
12.352914 -85.443344 0
0 0

0101101
*
Ed
 1e-07 1 1 0
1  863 0 0 1.422541
2  863 274 0 0 1.422541
0

0101000
+3735 0 -3733 0 *
Ed
 1e-07 1 1 0
1  864 0 0 2.7266250836967
2  864 274 0 0 2.7266250836967
0

0101000
+3733 0 -3736 0 *
Wi

0101100
+3734 0 +3732 0 +3731 0 *
Fa
0  1e-07 274 0

0101000
+3730 0 *
Ve
1e-07
13.069929 -85.443344 0
0 0

0101101
*
Ve
1e-07
10.614776 -87.544144 0
0 0

0101101
*
Ed
 1e-07 1 1 0
1  865 0 0 3.23127480932975
2  865 275 0 0 3.23127480932975
0

0101000
+3728 0 -3727 0 *
Ve
1e-07
12.352914 -85.443344 0
0 0

0101101
*
Ed
 1e-07 1 1 0
1  866 0 0 2.7266250836967
2  866 275 0 0 2.7266250836967
0

0101000
+3727 0 -3725 0 *
Ed
 1e-07 1 1 0
1  867 0 0 0.717015
2  867 275 0 0 0.717015
0

0101000
+3725 0 -3728 0 *
Wi

0101100
+3726 0 +3724 0 +3723 0 *
Fa
0  1e-07 275 0

0101000
+3722 0 *
Ve
1e-07
10.930373 -84.974899 0
0 0

0101101
*
Ve
1e-07
9.532154 -84.974899 0
0 0

0101101
*
Ed
 1e-07 1 1 0
1  868 0 0 1.398219
2  868 276 0 0 1.398219
0

0101000
+3720 0 -3719 0 *
Ve
1e-07
12.595141 -81.408974 0
0 0

0101101
*
Ed
 1e-07 1 1 0
1  869 0 0 4.70082019096603
2  869 276 0 0 4.70082019096603
0

0101000
+3719 0 -3717 0 *
Ed
 1e-07 1 1 0
1  870 0 0 3.93538735062369
2  870 276 0 0 3.93538735062369
0

0101000
+3717 0 -3720 0 *
Wi

0101100
+3718 0 +3716 0 +3715 0 *
Fa
0  1e-07 276 0

0101000
+3714 0 *
Ve
1e-07
12.595141 -81.408974 0
0 0

0101101
*
Ve
1e-07
12.595141 -84.974899 0
0 0

0101101
*
Ed
 1e-07 1 1 0
1  871 0 0 3.56592499999999
2  871 277 0 0 3.56592499999999
0

0101000
+3712 0 -3711 0 *
Ve
1e-07
12.352914 -84.974899 0
0 0

0101101
*
Ed
 1e-07 1 1 0
1  872 0 0 0.242227
2  872 277 0 0 0.242227
0

0101000
+3711 0 -3709 0 *
Ed
 1e-07 1 1 0
1  873 0 0 3.57414255803458
2  873 277 0 0 3.57414255803458
0

0101000
+3709 0 -3712 0 *
Wi

0101100
+3710 0 +3708 0 +3707 0 *
Fa
0  1e-07 277 0

0101000
+3706 0 *
Ve
1e-07
16.457561 -76.599274 0
0 0

0101101
*
Ve
1e-07
16.457561 -77.613403 0
0 0

0101101
*
Ed
 1e-07 1 1 0
1  874 0 0 1.01412900000001
2  874 278 0 0 1.01412900000001
0

0101000
+3704 0 -3703 0 *
Ve
1e-07
12.734459 -76.060081 0
0 0

0101101
*
Ed
 1e-07 1 1 0
1  875 0 0 4.03414151190659
2  875 278 0 0 4.03414151190659
0

0101000
+3703 0 -3701 0 *
Ed
 1e-07 1 1 0
1  876 0 0 3.76194332674656
2  876 278 0 0 3.76194332674656
0

0101000
+3701 0 -3704 0 *
Wi

0101100
+3702 0 +3700 0 +3699 0 *
Fa
0  1e-07 278 0

0101000
+3698 0 *
Ve
1e-07
21.512907 -77.579369 0
0 0

0101101
*
Ve
1e-07
19.960878 -75.88662 0
0 0

0101101
*
Ed
 1e-07 1 1 0
1  877 0 0 2.29656116701516
2  877 279 0 0 2.29656116701516
0

0101000
+3696 0 -3695 0 *
Ve
1e-07
21.512907 -76.921844 0
0 0

0101101
*
Ed
 1e-07 1 1 0
1  878 0 0 1.86560519591284
2  878 279 0 0 1.86560519591284
0

0101000
+3695 0 -3693 0 *
Ed
 1e-07 1 1 0
1  879 0 0 0.657525000000007
2  879 279 0 0 0.657525000000007
0

0101000
+3693 0 -3696 0 *
Wi

0101100
+3694 0 +3692 0 +3691 0 *
Fa
0  1e-07 279 0

0101000
+3690 0 *
Ve
1e-07
16.457561 -76.599274 0
0 0

0101101
*
Ve
1e-07
12.734459 -75.175209 0
0 0

0101101
*
Ed
 1e-07 1 1 0
1  880 0 0 3.98615725061481
2  880 280 0 0 3.98615725061481
0

0101000
+3688 0 -3687 0 *
Ve
1e-07
17.618233 -76.599274 0
0 0

0101101
*
Ed
 1e-07 1 1 0
1  881 0 0 5.08716125233917
2  881 280 0 0 5.08716125233917
0

0101000
+3687 0 -3685 0 *
Ed
 1e-07 1 1 0
1  882 0 0 1.160672
2  882 280 0 0 1.160672
0

0101000
+3685 0 -3688 0 *
Wi

0101100
+3686 0 +3684 0 +3683 0 *
Fa
0  1e-07 280 0

0101000
+3682 0 *
Ve
1e-07
19.960878 -79.68544 0
0 0

0101101
*
Ve
1e-07
19.960878 -75.88662 0
0 0

0101101
*
Ed
 1e-07 1 1 0
1  883 0 0 3.79882000000001
2  883 281 0 0 3.79882000000001
0

0101000
+3680 0 -3679 0 *
Ve
1e-07
21.512907 -77.579369 0
0 0

0101101
*
Ed
 1e-07 1 1 0
1  884 0 0 2.29656116701516
2  884 281 0 0 2.29656116701516
0

0101000
+3679 0 -3677 0 *
Ed
 1e-07 1 1 0
1  885 0 0 2.61616686659739
2  885 281 0 0 2.61616686659739
0

0101000
+3677 0 -3680 0 *
Wi

0101100
+3678 0 +3676 0 +3675 0 *
Fa
0  1e-07 281 0

0101000
+3674 0 *
Ve
1e-07
16.457561 -77.613403 0
0 0

0101101
*
Ve
1e-07
17.619978 -77.613403 0
0 0

0101101
*
Ed
 1e-07 1 1 0
1  886 0 0 1.162417
2  886 282 0 0 1.162417
0

0101000
+3672 0 -3671 0 *
Ve
1e-07
17.619978 -79.556915 0
0 0

0101101
*
Ed
 1e-07 1 1 0
1  887 0 0 1.943512
2  887 282 0 0 1.943512
0

0101000
+3671 0 -3669 0 *
Ve
1e-07
16.600237 -79.556915 0
0 0

0101101
*
Ed
 1e-07 1 1 0
1  888 0 0 1.019741
2  888 282 0 0 1.019741
0

0101000
+3669 0 -3667 0 *
Ed
 1e-07 1 1 0
1  889 0 0 1.94874198782702
2  889 282 0 0 1.94874198782702
0

0101000
+3667 0 -3672 0 *
Wi

0101100
+3670 0 +3668 0 +3666 0 +3665 0 *
Fa
0  1e-07 282 0

0101000
+3664 0 *
Ve
1e-07
24.275606 -76.691734 0
0 0

0101101
*
Ve
1e-07
22.762196 -76.921844 0
0 0

0101101
*
Ed
 1e-07 1 1 0
1  890 0 0 1.53080385425436
2  890 283 0 0 1.53080385425436
0

0101000
+3662 0 -3661 0 *
Ve
1e-07
22.767023 -76.594971 0
0 0

0101101
*
Ed
 1e-07 1 1 0
1  891 0 0 0.326908638702
2  891 283 0 0 0.326908638702
0

0101000
+3661 0 -3659 0 *
Ed
 1e-07 1 1 0
1  892 0 0 1.51168308386977
2  892 283 0 0 1.51168308386977
0

0101000
+3659 0 -3662 0 *
Wi

0101100
+3660 0 +3658 0 +3657 0 *
Fa
0  1e-07 283 0

0101000
+3656 0 *
Ve
1e-07
24.275606 -76.691734 0
0 0

0101101
*
Ve
1e-07
22.767023 -76.594971 0
0 0

0101101
*
Ed
 1e-07 1 1 0
1  893 0 0 1.51168308386977
2  893 284 0 0 1.51168308386977
0

0101000
+3654 0 -3653 0 *
Ve
1e-07
24.275606 -76.463585 0
0 0

0101101
*
Ed
 1e-07 1 1 0
1  894 0 0 1.51429354779217
2  894 284 0 0 1.51429354779217
0

0101000
+3653 0 -3651 0 *
Ed
 1e-07 1 1 0
1  895 0 0 0.228149000000002
2  895 284 0 0 0.228149000000002
0

0101000
+3651 0 -3654 0 *
Wi

0101100
+3652 0 +3650 0 +3649 0 *
Fa
0  1e-07 284 0

0101000
+3648 0 *
Ve
1e-07
24.275606 -77.54937 0
0 0

0101101
*
Ve
1e-07
22.762196 -76.921844 0
0 0

0101101
*
Ed
 1e-07 1 1 0
1  896 0 0 1.63835243729059
2  896 285 0 0 1.63835243729059
0

0101000
+3646 0 -3645 0 *
Ve
1e-07
24.275606 -76.691734 0
0 0

0101101
*
Ed
 1e-07 1 1 0
1  897 0 0 1.53080385425436
2  897 285 0 0 1.53080385425436
0

0101000
+3645 0 -3643 0 *
Ed
 1e-07 1 1 0
1  898 0 0 0.857635999999999
2  898 285 0 0 0.857635999999999
0

0101000
+3643 0 -3646 0 *
Wi

0101100
+3644 0 +3642 0 +3641 0 *
Fa
0  1e-07 285 0

0101000
+3640 0 *
Ve
1e-07
24.275606 -77.54937 0
0 0

0101101
*
Ve
1e-07
22.757578 -77.579369 0
0 0

0101101
*
Ed
 1e-07 1 1 0
1  899 0 0 1.51832438852342
2  899 286 0 0 1.51832438852342
0

0101000
+3638 0 -3637 0 *
Ve
1e-07
22.762196 -76.921844 0
0 0

0101101
*
Ed
 1e-07 1 1 0
1  900 0 0 0.657541216616121
2  900 286 0 0 0.657541216616121
0

0101000
+3637 0 -3635 0 *
Ed
 1e-07 1 1 0
1  901 0 0 1.63835243729059
2  901 286 0 0 1.63835243729059
0

0101000
+3635 0 -3638 0 *
Wi

0101100
+3636 0 +3634 0 +3633 0 *
Fa
0  1e-07 286 0

0101000
+3632 0 *
Ve
1e-07
22.757578 -77.579369 0
0 0

0101101
*
Ve
1e-07
24.275606 -78.582138 0
0 0

0101101
*
Ed
 1e-07 1 1 0
1  902 0 0 1.81932808370151
2  902 287 0 0 1.81932808370151
0

0101000
+3630 0 -3629 0 *
Ve
1e-07
21.512907 -77.579369 0
0 0

0101101
*
Ed
 1e-07 1 1 0
1  903 0 0 2.93905621449506
2  903 287 0 0 2.93905621449506
0

0101000
+3629 0 -3627 0 *
Ed
 1e-07 1 1 0
1  904 0 0 1.244671
2  904 287 0 0 1.244671
0

0101000
+3627 0 -3630 0 *
Wi

0101100
+3628 0 +3626 0 +3625 0 *
Fa
0  1e-07 287 0

0101000
+3624 0 *
Ve
1e-07
19.782768 -79.68544 0
0 0

0101101
*
Ve
1e-07
17.883932 -84.974899 0
0 0

0101101
*
Ed
 1e-07 1 1 0
1  905 0 0 5.619960379538
2  905 288 0 0 5.619960379538
0

0101000
+3622 0 -3621 0 *
Ve
1e-07
17.883932 -72.201126 0
0 0

0101101
*
Ed
 1e-07 1 1 0
1  906 0 0 12.773773
2  906 288 0 0 12.773773
0

0101000
+3621 0 -3619 0 *
Ed
 1e-07 1 1 0
1  907 0 0 7.72143342945414
2  907 288 0 0 7.72143342945414
0

0101000
+3619 0 -3622 0 *
Wi

0101100
+3620 0 +3618 0 +3617 0 *
Fa
0  1e-07 288 0

0101000
+3616 0 *
Ve
1e-07
24.275606 -77.54937 0
0 0

0101101
*
Ve
1e-07
24.275606 -76.691734 0
0 0

0101101
*
Ed
 1e-07 1 1 0
1  908 0 0 0.857635999999999
2  908 289 0 0 0.857635999999999
0

0101000
+3614 0 -3613 0 *
Ve
1e-07
24.454916 -76.691734 0
0 0

0101101
*
Ed
 1e-07 1 1 0
1  909 0 0 0.179310000000001
2  909 289 0 0 0.179310000000001
0

0101000
+3613 0 -3611 0 *
Ve
1e-07
24.454916 -77.54937 0
0 0

0101101
*
Ed
 1e-07 1 1 0
1  910 0 0 0.857635999999999
2  910 289 0 0 0.857635999999999
0

0101000
+3611 0 -3609 0 *
Ed
 1e-07 1 1 0
1  911 0 0 0.179310000000001
2  911 289 0 0 0.179310000000001
0

0101000
+3609 0 -3614 0 *
Wi

0101100
+3612 0 +3610 0 +3608 0 +3607 0 *
Fa
0  1e-07 289 0

0101000
+3606 0 *
Ve
1e-07
21.512907 -76.594971 0
0 0

0101101
*
Ve
1e-07
20.697495 -75.88662 0
0 0

0101101
*
Ed
 1e-07 1 1 0
1  912 0 0 1.08011937717319
2  912 290 0 0 1.08011937717319
0

0101000
+3604 0 -3603 0 *
Ve
1e-07
22.767023 -76.594971 0
0 0

0101101
*
Ed
 1e-07 1 1 0
1  913 0 0 2.1873973763322
2  913 290 0 0 2.1873973763322
0

0101000
+3603 0 -3601 0 *
Ed
 1e-07 1 1 0
1  914 0 0 1.254116
2  914 290 0 0 1.254116
0

0101000
+3601 0 -3604 0 *
Wi

0101100
+3602 0 +3600 0 +3599 0 *
Fa
0  1e-07 290 0

0101000
+3598 0 *
Ve
1e-07
19.960878 -79.68544 0
0 0

0101101
*
Ve
1e-07
21.512907 -77.579369 0
0 0

0101101
*
Ed
 1e-07 1 1 0
1  915 0 0 2.61616686659739
2  915 291 0 0 2.61616686659739
0

0101000
+3596 0 -3595 0 *
Ve
1e-07
24.275606 -78.582138 0
0 0

0101101
*
Ed
 1e-07 1 1 0
1  916 0 0 2.93905621449506
2  916 291 0 0 2.93905621449506
0

0101000
+3595 0 -3593 0 *
Ed
 1e-07 1 1 0
1  917 0 0 4.4535550987035
2  917 291 0 0 4.4535550987035
0

0101000
+3593 0 -3596 0 *
Wi

0101100
+3594 0 +3592 0 +3591 0 *
Fa
0  1e-07 291 0

0101000
+3590 0 *
Ve
1e-07
12.734459 -79.091118 0
0 0

0101101
*
Ve
1e-07
12.595141 -79.091118 0
0 0

0101101
*
Ed
 1e-07 1 1 0
1  918 0 0 0.139317999999999
2  918 292 0 0 0.139317999999999
0

0101000
+3588 0 -3587 0 *
Ve
1e-07
12.595141 -78.20665 0
0 0

0101101
*
Ed
 1e-07 1 1 0
1  919 0 0 0.884467999999998
2  919 292 0 0 0.884467999999998
0

0101000
+3587 0 -3585 0 *
Ve
1e-07
12.734459 -78.20665 0
0 0

0101101
*
Ed
 1e-07 1 1 0
1  920 0 0 0.139317999999999
2  920 292 0 0 0.139317999999999
0

0101000
+3585 0 -3583 0 *
Ed
 1e-07 1 1 0
1  921 0 0 0.884467999999998
2  921 292 0 0 0.884467999999998
0

0101000
+3583 0 -3588 0 *
Wi

0101100
+3586 0 +3584 0 +3582 0 +3581 0 *
Fa
0  1e-07 292 0

0101000
+3580 0 *
Ve
1e-07
16.600237 -79.556915 0
0 0

0101101
*
Ve
1e-07
12.734459 -79.091118 0
0 0

0101101
*
Ed
 1e-07 1 1 0
1  922 0 0 3.89373938399747
2  922 293 0 0 3.89373938399747
0

0101000
+3578 0 -3577 0 *
Ve
1e-07
12.734459 -78.20665 0
0 0

0101101
*
Ed
 1e-07 1 1 0
1  923 0 0 0.884467999999998
2  923 293 0 0 0.884467999999998
0

0101000
+3577 0 -3575 0 *
Ed
 1e-07 1 1 0
1  924 0 0 4.09480831242551
2  924 293 0 0 4.09480831242551
0

0101000
+3575 0 -3578 0 *
Wi

0101100
+3576 0 +3574 0 +3573 0 *
Fa
0  1e-07 293 0

0101000
+3572 0 *
Ve
1e-07
16.600237 -79.865677 0
0 0

0101101
*
Ve
1e-07
12.734459 -79.091118 0
0 0

0101101
*
Ed
 1e-07 1 1 0
1  925 0 0 3.9426109609959
2  925 294 0 0 3.9426109609959
0

0101000
+3570 0 -3569 0 *
Ve
1e-07
16.600237 -79.556915 0
0 0

0101101
*
Ed
 1e-07 1 1 0
1  926 0 0 3.89373938399747
2  926 294 0 0 3.89373938399747
0

0101000
+3569 0 -3567 0 *
Ed
 1e-07 1 1 0
1  927 0 0 0.308762000000002
2  927 294 0 0 0.308762000000002
0

0101000
+3567 0 -3570 0 *
Wi

0101100
+3568 0 +3566 0 +3565 0 *
Fa
0  1e-07 294 0

0101000
+3564 0 *
Ve
1e-07
16.457561 -77.613403 0
0 0

0101101
*
Ve
1e-07
16.600237 -79.556915 0
0 0

0101101
*
Ed
 1e-07 1 1 0
1  928 0 0 1.94874198782702
2  928 295 0 0 1.94874198782702
0

0101000
+3562 0 -3561 0 *
Ve
1e-07
12.734459 -78.20665 0
0 0

0101101
*
Ed
 1e-07 1 1 0
1  929 0 0 4.09480831242551
2  929 295 0 0 4.09480831242551
0

0101000
+3561 0 -3559 0 *
Ed
 1e-07 1 1 0
1  930 0 0 3.77007035815155
2  930 295 0 0 3.77007035815155
0

0101000
+3559 0 -3562 0 *
Wi

0101100
+3560 0 +3558 0 +3557 0 *
Fa
0  1e-07 295 0

0101000
+3556 0 *
Ve
1e-07
12.734459 -80.517487 0
0 0

0101101
*
Ve
1e-07
12.734459 -79.091118 0
0 0

0101101
*
Ed
 1e-07 1 1 0
1  931 0 0 1.42636900000001
2  931 296 0 0 1.42636900000001
0

0101000
+3554 0 -3553 0 *
Ve
1e-07
16.600237 -79.865677 0
0 0

0101101
*
Ed
 1e-07 1 1 0
1  932 0 0 3.9426109609959
2  932 296 0 0 3.9426109609959
0

0101000
+3553 0 -3551 0 *
Ed
 1e-07 1 1 0
1  933 0 0 3.92034383968855
2  933 296 0 0 3.92034383968855
0

0101000
+3551 0 -3554 0 *
Wi

0101100
+3552 0 +3550 0 +3549 0 *
Fa
0  1e-07 296 0

0101000
+3548 0 *
Ve
1e-07
19.782768 -79.68544 0
0 0

0101101
*
Ve
1e-07
19.782768 -79.872536 0
0 0

0101101
*
Ed
 1e-07 1 1 0
1  934 0 0 0.187095999999997
2  934 297 0 0 0.187095999999997
0

0101000
+3546 0 -3545 0 *
Ve
1e-07
17.883932 -84.974899 0
0 0

0101101
*
Ed
 1e-07 1 1 0
1  935 0 0 5.44423422885762
2  935 297 0 0 5.44423422885762
0

0101000
+3545 0 -3543 0 *
Ed
 1e-07 1 1 0
1  936 0 0 5.619960379538
2  936 297 0 0 5.619960379538
0

0101000
+3543 0 -3546 0 *
Wi

0101100
+3544 0 +3542 0 +3541 0 *
Fa
0  1e-07 297 0

0101000
+3540 0 *
Ve
1e-07
20.498945 -83.251366 0
0 0

0101101
*
Ve
1e-07
19.782768 -79.872536 0
0 0

0101101
*
Ed
 1e-07 1 1 0
1  937 0 0 3.45389659142092
2  937 298 0 0 3.45389659142092
0

0101000
+3538 0 -3537 0 *
Ve
1e-07
20.498945 -79.872536 0
0 0

0101101
*
Ed
 1e-07 1 1 0
1  938 0 0 0.716176999999998
2  938 298 0 0 0.716176999999998
0

0101000
+3537 0 -3535 0 *
Ed
 1e-07 1 1 0
1  939 0 0 3.37883000000001
2  939 298 0 0 3.37883000000001
0

0101000
+3535 0 -3538 0 *
Wi

0101100
+3536 0 +3534 0 +3533 0 *
Fa
0  1e-07 298 0

0101000
+3532 0 *
Ve
1e-07
12.734459 -81.408974 0
0 0

0101101
*
Ve
1e-07
16.600237 -79.865677 0
0 0

0101101
*
Ed
 1e-07 1 1 0
1  940 0 0 4.16245182260324
2  940 299 0 0 4.16245182260324
0

0101000
+3530 0 -3529 0 *
Ve
1e-07
17.619978 -79.865677 0
0 0

0101101
*
Ed
 1e-07 1 1 0
1  941 0 0 1.019741
2  941 299 0 0 1.019741
0

0101000
+3529 0 -3527 0 *
Ed
 1e-07 1 1 0
1  942 0 0 5.12348138764746
2  942 299 0 0 5.12348138764746
0

0101000
+3527 0 -3530 0 *
Wi

0101100
+3528 0 +3526 0 +3525 0 *
Fa
0  1e-07 299 0

0101000
+3524 0 *
Ve
1e-07
23.035023 -79.68544 0
0 0

0101101
*
Ve
1e-07
19.960878 -79.68544 0
0 0

0101101
*
Ed
 1e-07 1 1 0
1  943 0 0 3.074145
2  943 300 0 0 3.074145
0

0101000
+3522 0 -3521 0 *
Ve
1e-07
24.275606 -78.582138 0
0 0

0101101
*
Ed
 1e-07 1 1 0
1  944 0 0 4.4535550987035
2  944 300 0 0 4.4535550987035
0

0101000
+3521 0 -3519 0 *
Ed
 1e-07 1 1 0
1  945 0 0 1.66021729996197
2  945 300 0 0 1.66021729996197
0

0101000
+3519 0 -3522 0 *
Wi

0101100
+3520 0 +3518 0 +3517 0 *
Fa
0  1e-07 300 0

0101000
+3516 0 *
Ve
1e-07
12.734459 -78.20665 0
0 0

0101101
*
Ve
1e-07
12.734459 -76.060081 0
0 0

0101101
*
Ed
 1e-07 1 1 0
1  946 0 0 2.146569
2  946 301 0 0 2.146569
0

0101000
+3514 0 -3513 0 *
Ve
1e-07
16.457561 -77.613403 0
0 0

0101101
*
Ed
 1e-07 1 1 0
1  947 0 0 4.03414151190659
2  947 301 0 0 4.03414151190659
0

0101000
+3513 0 -3511 0 *
Ed
 1e-07 1 1 0
1  948 0 0 3.77007035815155
2  948 301 0 0 3.77007035815155
0

0101000
+3511 0 -3514 0 *
Wi

0101100
+3512 0 +3510 0 +3509 0 *
Fa
0  1e-07 301 0

0101000
+3508 0 *
Ve
1e-07
24.454916 -76.691734 0
0 0

0101101
*
Ve
1e-07
24.454916 -76.632355 0
0 0

0101101
*
Ed
 1e-07 1 1 0
1  949 0 0 0.0593789999999927
2  949 302 0 0 0.0593789999999927
0

0101000
+3506 0 -3505 0 *
Ve
1e-07
26.374596 -76.632355 0
0 0

0101101
*
Ed
 1e-07 1 1 0
1  950 0 0 1.91968
2  950 302 0 0 1.91968
0

0101000
+3505 0 -3503 0 *
Ed
 1e-07 1 1 0
1  951 0 0 1.9205981276782
2  951 302 0 0 1.9205981276782
0

0101000
+3503 0 -3506 0 *
Wi

0101100
+3504 0 +3502 0 +3501 0 *
Fa
0  1e-07 302 0

0101000
+3500 0 *
Ve
1e-07
24.454916 -77.54937 0
0 0

0101101
*
Ve
1e-07
24.454916 -76.691734 0
0 0

0101101
*
Ed
 1e-07 1 1 0
1  952 0 0 0.857635999999999
2  952 303 0 0 0.857635999999999
0

0101000
+3498 0 -3497 0 *
Ve
1e-07
26.374596 -76.632355 0
0 0

0101101
*
Ed
 1e-07 1 1 0
1  953 0 0 1.9205981276782
2  953 303 0 0 1.9205981276782
0

0101000
+3497 0 -3495 0 *
Ed
 1e-07 1 1 0
1  954 0 0 2.12746041387965
2  954 303 0 0 2.12746041387965
0

0101000
+3495 0 -3498 0 *
Wi

0101100
+3496 0 +3494 0 +3493 0 *
Fa
0  1e-07 303 0

0101000
+3492 0 *
Ve
1e-07
24.454916 -77.54937 0
0 0

0101101
*
Ve
1e-07
26.374596 -77.629105 0
0 0

0101101
*
Ed
 1e-07 1 1 0
1  955 0 0 1.9213352056903
2  955 304 0 0 1.9213352056903
0

0101000
+3490 0 -3489 0 *
Ve
1e-07
24.454916 -77.629105 0
0 0

0101101
*
Ed
 1e-07 1 1 0
1  956 0 0 1.91968
2  956 304 0 0 1.91968
0

0101000
+3489 0 -3487 0 *
Ed
 1e-07 1 1 0
1  957 0 0 0.0797349999999994
2  957 304 0 0 0.0797349999999994
0

0101000
+3487 0 -3490 0 *
Wi

0101100
+3488 0 +3486 0 +3485 0 *
Fa
0  1e-07 304 0

0101000
+3484 0 *
Ve
1e-07
26.374596 -76.632355 0
0 0

0101101
*
Ve
1e-07
26.374596 -77.629105 0
0 0

0101101
*
Ed
 1e-07 1 1 0
1  958 0 0 0.996749999999992
2  958 305 0 0 0.996749999999992
0

0101000
+3482 0 -3481 0 *
Ve
1e-07
24.454916 -77.54937 0
0 0

0101101
*
Ed
 1e-07 1 1 0
1  959 0 0 1.9213352056903
2  959 305 0 0 1.9213352056903
0

0101000
+3481 0 -3479 0 *
Ed
 1e-07 1 1 0
1  960 0 0 2.12746041387965
2  960 305 0 0 2.12746041387965
0

0101000
+3479 0 -3482 0 *
Wi

0101100
+3480 0 +3478 0 +3477 0 *
Fa
0  1e-07 305 0

0101000
+3476 0 *
Ve
1e-07
22.757578 -77.579369 0
0 0

0101101
*
Ve
1e-07
24.275606 -77.54937 0
0 0

0101101
*
Ed
 1e-07 1 1 0
1  961 0 0 1.51832438852342
2  961 306 0 0 1.51832438852342
0

0101000
+3474 0 -3473 0 *
Ve
1e-07
24.275606 -78.582138 0
0 0

0101101
*
Ed
 1e-07 1 1 0
1  962 0 0 1.032768
2  962 306 0 0 1.032768
0

0101000
+3473 0 -3471 0 *
Ed
 1e-07 1 1 0
1  963 0 0 1.81932808370151
2  963 306 0 0 1.81932808370151
0

0101000
+3471 0 -3474 0 *
Wi

0101100
+3472 0 +3470 0 +3469 0 *
Fa
0  1e-07 306 0

0101000
+3468 0 *
Ve
1e-07
30.169342 -76.739243 0
0 0

0101101
*
Ve
1e-07
30.169342 -77.84304 0
0 0

0101101
*
Ed
 1e-07 1 1 0
1  964 0 0 1.103797
2  964 307 0 0 1.103797
0

0101000
+3466 0 -3465 0 *
Ve
1e-07
28.045052 -76.739243 0
0 0

0101101
*
Ed
 1e-07 1 1 0
1  965 0 0 2.39394565963996
2  965 307 0 0 2.39394565963996
0

0101000
+3465 0 -3463 0 *
Ed
 1e-07 1 1 0
1  966 0 0 2.12429
2  966 307 0 0 2.12429
0

0101000
+3463 0 -3466 0 *
Wi

0101100
+3464 0 +3462 0 +3461 0 *
Fa
0  1e-07 307 0

0101000
+3460 0 *
Ve
1e-07
28.045052 -76.739243 0
0 0

0101101
*
Ve
1e-07
30.169342 -77.84304 0
0 0

0101101
*
Ed
 1e-07 1 1 0
1  967 0 0 2.39394565963996
2  967 308 0 0 2.39394565963996
0

0101000
+3458 0 -3457 0 *
Ve
1e-07
28.045052 -79.263245 0
0 0

0101101
*
Ed
 1e-07 1 1 0
1  968 0 0 2.55530629203722
2  968 308 0 0 2.55530629203722
0

0101000
+3457 0 -3455 0 *
Ed
 1e-07 1 1 0
1  969 0 0 2.524002
2  969 308 0 0 2.524002
0

0101000
+3455 0 -3458 0 *
Wi

0101100
+3456 0 +3454 0 +3453 0 *
Fa
0  1e-07 308 0

0101000
+3452 0 *
Ve
1e-07
24.454916 -78.582138 0
0 0

0101101
*
Ve
1e-07
24.454916 -77.760956 0
0 0

0101101
*
Ed
 1e-07 1 1 0
1  970 0 0 0.821182000000007
2  970 309 0 0 0.821182000000007
0

0101000
+3450 0 -3449 0 *
Ve
1e-07
27.749666 -77.760956 0
0 0

0101101
*
Ed
 1e-07 1 1 0
1  971 0 0 3.29475
2  971 309 0 0 3.29475
0

0101000
+3449 0 -3447 0 *
Ed
 1e-07 1 1 0
1  972 0 0 3.39554376199513
2  972 309 0 0 3.39554376199513
0

0101000
+3447 0 -3450 0 *
Wi

0101100
+3448 0 +3446 0 +3445 0 *
Fa
0  1e-07 309 0

0101000
+3444 0 *
Ve
1e-07
30.169342 -77.84304 0
0 0

0101101
*
Ve
1e-07
31.522161 -78.196014 0
0 0

0101101
*
Ed
 1e-07 1 1 0
1  973 0 0 1.39810939895167
2  973 310 0 0 1.39810939895167
0

0101000
+3442 0 -3441 0 *
Ve
1e-07
30.156668 -78.790024 0
0 0

0101101
*
Ed
 1e-07 1 1 0
1  974 0 0 1.48910006821201
2  974 310 0 0 1.48910006821201
0

0101000
+3441 0 -3439 0 *
Ed
 1e-07 1 1 0
1  975 0 0 0.947068807707234
2  975 310 0 0 0.947068807707234
0

0101000
+3439 0 -3442 0 *
Wi

0101100
+3440 0 +3438 0 +3437 0 *
Fa
0  1e-07 310 0

0101000
+3436 0 *
Ve
1e-07
30.156668 -78.790024 0
0 0

0101101
*
Ve
1e-07
28.045052 -79.263245 0
0 0

0101101
*
Ed
 1e-07 1 1 0
1  976 0 0 2.16399173896228
2  976 311 0 0 2.16399173896228
0

0101000
+3434 0 -3433 0 *
Ve
1e-07
30.169342 -77.84304 0
0 0

0101101
*
Ed
 1e-07 1 1 0
1  977 0 0 2.55530629203722
2  977 311 0 0 2.55530629203722
0

0101000
+3433 0 -3431 0 *
Ed
 1e-07 1 1 0
1  978 0 0 0.947068807707234
2  978 311 0 0 0.947068807707234
0

0101000
+3431 0 -3434 0 *
Wi

0101100
+3432 0 +3430 0 +3429 0 *
Fa
0  1e-07 311 0

0101000
+3428 0 *
Ve
1e-07
24.275606 -78.582138 0
0 0

0101101
*
Ve
1e-07
24.454916 -78.582138 0
0 0

0101101
*
Ed
 1e-07 1 1 0
1  979 0 0 0.179310000000001
2  979 312 0 0 0.179310000000001
0

0101000
+3426 0 -3425 0 *
Ve
1e-07
24.454916 -79.397736 0
0 0

0101101
*
Ed
 1e-07 1 1 0
1  980 0 0 0.815597999999994
2  980 312 0 0 0.815597999999994
0

0101000
+3425 0 -3423 0 *
Ve
1e-07
24.275606 -79.397736 0
0 0

0101101
*
Ed
 1e-07 1 1 0
1  981 0 0 0.179310000000001
2  981 312 0 0 0.179310000000001
0

0101000
+3423 0 -3421 0 *
Ed
 1e-07 1 1 0
1  982 0 0 0.815597999999994
2  982 312 0 0 0.815597999999994
0

0101000
+3421 0 -3426 0 *
Wi

0101100
+3424 0 +3422 0 +3420 0 +3419 0 *
Fa
0  1e-07 312 0

0101000
+3418 0 *
Ve
1e-07
23.035023 -79.68544 0
0 0

0101101
*
Ve
1e-07
24.275606 -78.582138 0
0 0

0101101
*
Ed
 1e-07 1 1 0
1  983 0 0 1.66021729996197
2  983 313 0 0 1.66021729996197
0

0101000
+3416 0 -3415 0 *
Ve
1e-07
24.275606 -79.397736 0
0 0

0101101
*
Ed
 1e-07 1 1 0
1  984 0 0 0.815597999999994
2  984 313 0 0 0.815597999999994
0

0101000
+3415 0 -3413 0 *
Ed
 1e-07 1 1 0
1  985 0 0 1.27350687925311
2  985 313 0 0 1.27350687925311
0

0101000
+3413 0 -3416 0 *
Wi

0101100
+3414 0 +3412 0 +3411 0 *
Fa
0  1e-07 313 0

0101000
+3410 0 *
Ve
1e-07
24.275606 -79.397736 0
0 0

0101101
*
Ve
1e-07
24.275606 -79.863739 0
0 0

0101101
*
Ed
 1e-07 1 1 0
1  986 0 0 0.466003000000001
2  986 314 0 0 0.466003000000001
0

0101000
+3408 0 -3407 0 *
Ve
1e-07
23.035023 -79.68544 0
0 0

0101101
*
Ed
 1e-07 1 1 0
1  987 0 0 1.25333024909239
2  987 314 0 0 1.25333024909239
0

0101000
+3407 0 -3405 0 *
Ed
 1e-07 1 1 0
1  988 0 0 1.27350687925311
2  988 314 0 0 1.27350687925311
0

0101000
+3405 0 -3408 0 *
Wi

0101100
+3406 0 +3404 0 +3403 0 *
Fa
0  1e-07 314 0

0101000
+3402 0 *
Ve
1e-07
27.749666 -79.49498 0
0 0

0101101
*
Ve
1e-07
24.454916 -79.49498 0
0 0

0101101
*
Ed
 1e-07 1 1 0
1  989 0 0 3.29475
2  989 315 0 0 3.29475
0

0101000
+3400 0 -3399 0 *
Ve
1e-07
24.454916 -79.397736 0
0 0

0101101
*
Ed
 1e-07 1 1 0
1  990 0 0 0.0972440000000034
2  990 315 0 0 0.0972440000000034
0

0101000
+3399 0 -3397 0 *
Ed
 1e-07 1 1 0
1  991 0 0 3.29618475787326
2  991 315 0 0 3.29618475787326
0

0101000
+3397 0 -3400 0 *
Wi

0101100
+3398 0 +3396 0 +3395 0 *
Fa
0  1e-07 315 0

0101000
+3394 0 *
Ve
1e-07
27.749666 -77.760956 0
0 0

0101101
*
Ve
1e-07
27.749666 -79.49498 0
0 0

0101101
*
Ed
 1e-07 1 1 0
1  992 0 0 1.73402400000001
2  992 316 0 0 1.73402400000001
0

0101000
+3392 0 -3391 0 *
Ve
1e-07
24.454916 -78.582138 0
0 0

0101101
*
Ed
 1e-07 1 1 0
1  993 0 0 3.41886795291424
2  993 316 0 0 3.41886795291424
0

0101000
+3391 0 -3389 0 *
Ed
 1e-07 1 1 0
1  994 0 0 3.39554376199513
2  994 316 0 0 3.39554376199513
0

0101000
+3389 0 -3392 0 *
Wi

0101100
+3390 0 +3388 0 +3387 0 *
Fa
0  1e-07 316 0

0101000
+3386 0 *
Ve
1e-07
30.156668 -79.263245 0
0 0

0101101
*
Ve
1e-07
28.045052 -79.263245 0
0 0

0101101
*
Ed
 1e-07 1 1 0
1  995 0 0 2.111616
2  995 317 0 0 2.111616
0

0101000
+3384 0 -3383 0 *
Ve
1e-07
30.156668 -78.790024 0
0 0

0101101
*
Ed
 1e-07 1 1 0
1  996 0 0 2.16399173896228
2  996 317 0 0 2.16399173896228
0

0101000
+3383 0 -3381 0 *
Ed
 1e-07 1 1 0
1  997 0 0 0.473220999999995
2  997 317 0 0 0.473220999999995
0

0101000
+3381 0 -3384 0 *
Wi

0101100
+3382 0 +3380 0 +3379 0 *
Fa
0  1e-07 317 0

0101000
+3378 0 *
Ve
1e-07
24.454916 -79.397736 0
0 0

0101101
*
Ve
1e-07
24.454916 -78.582138 0
0 0

0101101
*
Ed
 1e-07 1 1 0
1  998 0 0 0.815597999999994
2  998 318 0 0 0.815597999999994
0

0101000
+3376 0 -3375 0 *
Ve
1e-07
27.749666 -79.49498 0
0 0

0101101
*
Ed
 1e-07 1 1 0
1  999 0 0 3.41886795291424
2  999 318 0 0 3.41886795291424
0

0101000
+3375 0 -3373 0 *
Ed
 1e-07 1 1 0
1  1000 0 0 3.29618475787326
2  1000 318 0 0 3.29618475787326
0

0101000
+3373 0 -3376 0 *
Wi

0101100
+3374 0 +3372 0 +3371 0 *
Fa
0  1e-07 318 0

0101000
+3370 0 *
Ve
1e-07
31.553324 -79.863739 0
0 0

0101101
*
Ve
1e-07
28.045052 -79.393097 0
0 0

0101101
*
Ed
 1e-07 1 1 0
1  1001 0 0 3.53970003222703
2  1001 319 0 0 3.53970003222703
0

0101000
+3368 0 -3367 0 *
Ve
1e-07
30.342764 -79.393097 0
0 0

0101101
*
Ed
 1e-07 1 1 0
1  1002 0 0 2.297712
2  1002 319 0 0 2.297712
0

0101000
+3367 0 -3365 0 *
Ed
 1e-07 1 1 0
1  1003 0 0 1.29883001419123
2  1003 319 0 0 1.29883001419123
0

0101000
+3365 0 -3368 0 *
Wi

0101100
+3366 0 +3364 0 +3363 0 *
Fa
0  1e-07 319 0

0101000
+3362 0 *
Ve
1e-07
24.275606 -79.863739 0
0 0

0101101
*
Ve
1e-07
23.035023 -79.872536 0
0 0

0101101
*
Ed
 1e-07 1 1 0
1  1004 0 0 1.24061418946343
2  1004 320 0 0 1.24061418946343
0

0101000
+3360 0 -3359 0 *
Ve
1e-07
23.035023 -79.68544 0
0 0

0101101
*
Ed
 1e-07 1 1 0
1  1005 0 0 0.187095999999997
2  1005 320 0 0 0.187095999999997
0

0101000
+3359 0 -3357 0 *
Ed
 1e-07 1 1 0
1  1006 0 0 1.25333024909239
2  1006 320 0 0 1.25333024909239
0

0101000
+3357 0 -3360 0 *
Wi

0101100
+3358 0 +3356 0 +3355 0 *
Fa
0  1e-07 320 0

0101000
+3354 0 *
Ve
1e-07
19.960878 -75.88662 0
0 0

0101101
*
Ve
1e-07
21.512907 -76.594971 0
0 0

0101101
*
Ed
 1e-07 1 1 0
1  1007 0 0 1.7060349222809
2  1007 321 0 0 1.7060349222809
0

0101000
+3352 0 -3351 0 *
Ve
1e-07
21.512907 -76.921844 0
0 0

0101101
*
Ed
 1e-07 1 1 0
1  1008 0 0 0.326872999999992
2  1008 321 0 0 0.326872999999992
0

0101000
+3351 0 -3349 0 *
Ed
 1e-07 1 1 0
1  1009 0 0 1.86560519591284
2  1009 321 0 0 1.86560519591284
0

0101000
+3349 0 -3352 0 *
Wi

0101100
+3350 0 +3348 0 +3347 0 *
Fa
0  1e-07 321 0

0101000
+3346 0 *
Ve
1e-07
12.734459 -81.408974 0
0 0

0101101
*
Ve
1e-07
12.595141 -81.408974 0
0 0

0101101
*
Ed
 1e-07 1 1 0
1  1010 0 0 0.139317999999999
2  1010 322 0 0 0.139317999999999
0

0101000
+3344 0 -3343 0 *
Ve
1e-07
12.734459 -80.517487 0
0 0

0101101
*
Ed
 1e-07 1 1 0
1  1011 0 0 0.902307362428677
2  1011 322 0 0 0.902307362428677
0

0101000
+3343 0 -3341 0 *
Ed
 1e-07 1 1 0
1  1012 0 0 0.891486999999998
2  1012 322 0 0 0.891486999999998
0

0101000
+3341 0 -3344 0 *
Wi

0101100
+3342 0 +3340 0 +3339 0 *
Fa
0  1e-07 322 0

0101000
+3338 0 *
Ve
1e-07
13.069929 -84.974899 0
0 0

0101101
*
Ve
1e-07
14.971758 -84.974899 0
0 0

0101101
*
Ed
 1e-07 1 1 0
1  1013 0 0 1.901829
2  1013 323 0 0 1.901829
0

0101000
+3336 0 -3335 0 *
Ve
1e-07
14.971758 -85.443344 0
0 0

0101101
*
Ed
 1e-07 1 1 0
1  1014 0 0 0.468445000000003
2  1014 323 0 0 0.468445000000003
0

0101000
+3335 0 -3333 0 *
Ve
1e-07
13.069929 -85.443344 0
0 0

0101101
*
Ed
 1e-07 1 1 0
1  1015 0 0 1.901829
2  1015 323 0 0 1.901829
0

0101000
+3333 0 -3331 0 *
Ed
 1e-07 1 1 0
1  1016 0 0 0.468445000000003
2  1016 323 0 0 0.468445000000003
0

0101000
+3331 0 -3336 0 *
Wi

0101100
+3334 0 +3332 0 +3330 0 +3329 0 *
Fa
0  1e-07 323 0

0101000
+3328 0 *
Ve
1e-07
12.734459 -81.408974 0
0 0

0101101
*
Ve
1e-07
14.971758 -84.974899 0
0 0

0101101
*
Ed
 1e-07 1 1 0
1  1017 0 0 4.20967076159478
2  1017 324 0 0 4.20967076159478
0

0101000
+3326 0 -3325 0 *
Ve
1e-07
13.069929 -84.974899 0
0 0

0101101
*
Ed
 1e-07 1 1 0
1  1018 0 0 1.901829
2  1018 324 0 0 1.901829
0

0101000
+3325 0 -3323 0 *
Ed
 1e-07 1 1 0
1  1019 0 0 3.58167017277205
2  1019 324 0 0 3.58167017277205
0

0101000
+3323 0 -3326 0 *
Wi

0101100
+3324 0 +3322 0 +3321 0 *
Fa
0  1e-07 324 0

0101000
+3320 0 *
Ve
1e-07
17.619978 -79.865677 0
0 0

0101101
*
Ve
1e-07
17.619978 -84.974899 0
0 0

0101101
*
Ed
 1e-07 1 1 0
1  1020 0 0 5.10922199999999
2  1020 325 0 0 5.10922199999999
0

0101000
+3318 0 -3317 0 *
Ve
1e-07
12.734459 -81.408974 0
0 0

0101101
*
Ed
 1e-07 1 1 0
1  1021 0 0 6.04848055341058
2  1021 325 0 0 6.04848055341058
0

0101000
+3317 0 -3315 0 *
Ed
 1e-07 1 1 0
1  1022 0 0 5.12348138764746
2  1022 325 0 0 5.12348138764746
0

0101000
+3315 0 -3318 0 *
Wi

0101100
+3316 0 +3314 0 +3313 0 *
Fa
0  1e-07 325 0

0101000
+3312 0 *
Ve
1e-07
12.734459 -81.408974 0
0 0

0101101
*
Ve
1e-07
12.734459 -80.517487 0
0 0

0101101
*
Ed
 1e-07 1 1 0
1  1023 0 0 0.891486999999998
2  1023 326 0 0 0.891486999999998
0

0101000
+3310 0 -3309 0 *
Ve
1e-07
16.600237 -79.865677 0
0 0

0101101
*
Ed
 1e-07 1 1 0
1  1024 0 0 3.92034383968855
2  1024 326 0 0 3.92034383968855
0

0101000
+3309 0 -3307 0 *
Ed
 1e-07 1 1 0
1  1025 0 0 4.16245182260324
2  1025 326 0 0 4.16245182260324
0

0101000
+3307 0 -3310 0 *
Wi

0101100
+3308 0 +3306 0 +3305 0 *
Fa
0  1e-07 326 0

0101000
+3304 0 *
Ve
1e-07
13.069929 -84.974899 0
0 0

0101101
*
Ve
1e-07
12.734459 -84.974899 0
0 0

0101101
*
Ed
 1e-07 1 1 0
1  1026 0 0 0.335470000000001
2  1026 327 0 0 0.335470000000001
0

0101000
+3302 0 -3301 0 *
Ve
1e-07
12.734459 -81.408974 0
0 0

0101101
*
Ed
 1e-07 1 1 0
1  1027 0 0 3.56592499999999
2  1027 327 0 0 3.56592499999999
0

0101000
+3301 0 -3299 0 *
Ed
 1e-07 1 1 0
1  1028 0 0 3.58167017277205
2  1028 327 0 0 3.58167017277205
0

0101000
+3299 0 -3302 0 *
Wi

0101100
+3300 0 +3298 0 +3297 0 *
Fa
0  1e-07 327 0

0101000
+3296 0 *
Ve
1e-07
20.491585 -84.08342 0
0 0

0101101
*
Ve
1e-07
17.883932 -84.974899 0
0 0

0101101
*
Ed
 1e-07 1 1 0
1  1029 0 0 2.75582818329626
2  1029 328 0 0 2.75582818329626
0

0101000
+3294 0 -3293 0 *
Ve
1e-07
20.498945 -83.251366 0
0 0

0101101
*
Ed
 1e-07 1 1 0
1  1030 0 0 3.13190979950859
2  1030 328 0 0 3.13190979950859
0

0101000
+3293 0 -3291 0 *
Ed
 1e-07 1 1 0
1  1031 0 0 0.832086551096699
2  1031 328 0 0 0.832086551096699
0

0101000
+3291 0 -3294 0 *
Wi

0101100
+3292 0 +3290 0 +3289 0 *
Fa
0  1e-07 328 0

0101000
+3288 0 *
Ve
1e-07
23.035023 -79.872536 0
0 0

0101101
*
Ve
1e-07
20.677242 -83.251366 0
0 0

0101101
*
Ed
 1e-07 1 1 0
1  1032 0 0 4.12014846975944
2  1032 329 0 0 4.12014846975944
0

0101000
+3286 0 -3285 0 *
Ve
1e-07
20.677242 -79.872536 0
0 0

0101101
*
Ed
 1e-07 1 1 0
1  1033 0 0 3.37883000000001
2  1033 329 0 0 3.37883000000001
0

0101000
+3285 0 -3283 0 *
Ed
 1e-07 1 1 0
1  1034 0 0 2.357781
2  1034 329 0 0 2.357781
0

0101000
+3283 0 -3286 0 *
Wi

0101100
+3284 0 +3282 0 +3281 0 *
Fa
0  1e-07 329 0

0101000
+3280 0 *
Ve
1e-07
20.498945 -83.251366 0
0 0

0101101
*
Ve
1e-07
20.677242 -83.251366 0
0 0

0101101
*
Ed
 1e-07 1 1 0
1  1035 0 0 0.178297000000001
2  1035 330 0 0 0.178297000000001
0

0101000
+3278 0 -3277 0 *
Ve
1e-07
20.677242 -84.08342 0
0 0

0101101
*
Ed
 1e-07 1 1 0
1  1036 0 0 0.832053999999999
2  1036 330 0 0 0.832053999999999
0

0101000
+3277 0 -3275 0 *
Ve
1e-07
20.491585 -84.08342 0
0 0

0101101
*
Ed
 1e-07 1 1 0
1  1037 0 0 0.185656999999999
2  1037 330 0 0 0.185656999999999
0

0101000
+3275 0 -3273 0 *
Ed
 1e-07 1 1 0
1  1038 0 0 0.832086551096699
2  1038 330 0 0 0.832086551096699
0

0101000
+3273 0 -3278 0 *
Wi

0101100
+3276 0 +3274 0 +3272 0 +3271 0 *
Fa
0  1e-07 330 0

0101000
+3270 0 *
Ve
1e-07
17.319326 -84.977493 0
0 0

0101101
*
Ve
1e-07
16.219833 -84.974899 0
0 0

0101101
*
Ed
 1e-07 1 1 0
1  1039 0 0 1.09949605996793
2  1039 331 0 0 1.09949605996793
0

0101000
+3268 0 -3267 0 *
Ve
1e-07
12.734459 -81.408974 0
0 0

0101101
*
Ed
 1e-07 1 1 0
1  1040 0 0 4.98634666118401
2  1040 331 0 0 4.98634666118401
0

0101000
+3267 0 -3265 0 *
Ed
 1e-07 1 1 0
1  1041 0 0 5.80993401520619
2  1041 331 0 0 5.80993401520619
0

0101000
+3265 0 -3268 0 *
Wi

0101100
+3266 0 +3264 0 +3263 0 *
Fa
0  1e-07 331 0

0101000
+3262 0 *
Ve
1e-07
14.971758 -84.974899 0
0 0

0101101
*
Ve
1e-07
12.734459 -81.408974 0
0 0

0101101
*
Ed
 1e-07 1 1 0
1  1042 0 0 4.20967076159478
2  1042 332 0 0 4.20967076159478
0

0101000
+3260 0 -3259 0 *
Ve
1e-07
16.219833 -84.974899 0
0 0

0101101
*
Ed
 1e-07 1 1 0
1  1043 0 0 4.98634666118401
2  1043 332 0 0 4.98634666118401
0

0101000
+3259 0 -3257 0 *
Ed
 1e-07 1 1 0
1  1044 0 0 1.248075
2  1044 332 0 0 1.248075
0

0101000
+3257 0 -3260 0 *
Wi

0101100
+3258 0 +3256 0 +3255 0 *
Fa
0  1e-07 332 0

0101000
+3254 0 *
Ve
1e-07
20.677242 -84.08342 0
0 0

0101101
*
Ve
1e-07
20.677242 -83.251366 0
0 0

0101101
*
Ed
 1e-07 1 1 0
1  1045 0 0 0.832053999999999
2  1045 333 0 0 0.832053999999999
0

0101000
+3252 0 -3251 0 *
Ve
1e-07
24.776291 -83.439568 0
0 0

0101101
*
Ed
 1e-07 1 1 0
1  1046 0 0 4.10336723889113
2  1046 333 0 0 4.10336723889113
0

0101000
+3251 0 -3249 0 *
Ed
 1e-07 1 1 0
1  1047 0 0 4.14930694240677
2  1047 333 0 0 4.14930694240677
0

0101000
+3249 0 -3252 0 *
Wi

0101100
+3250 0 +3248 0 +3247 0 *
Fa
0  1e-07 333 0

0101000
+3246 0 *
Ve
1e-07
17.883932 -84.974899 0
0 0

0101101
*
Ve
1e-07
19.782768 -79.872536 0
0 0

0101101
*
Ed
 1e-07 1 1 0
1  1048 0 0 5.44423422885762
2  1048 334 0 0 5.44423422885762
0

0101000
+3244 0 -3243 0 *
Ve
1e-07
20.498945 -83.251366 0
0 0

0101101
*
Ed
 1e-07 1 1 0
1  1049 0 0 3.45389659142092
2  1049 334 0 0 3.45389659142092
0

0101000
+3243 0 -3241 0 *
Ed
 1e-07 1 1 0
1  1050 0 0 3.13190979950859
2  1050 334 0 0 3.13190979950859
0

0101000
+3241 0 -3244 0 *
Wi

0101100
+3242 0 +3240 0 +3239 0 *
Fa
0  1e-07 334 0

0101000
+3238 0 *
Ve
1e-07
17.319326 -84.977493 0
0 0

0101101
*
Ve
1e-07
12.734459 -81.408974 0
0 0

0101101
*
Ed
 1e-07 1 1 0
1  1051 0 0 5.80993401520619
2  1051 335 0 0 5.80993401520619
0

0101000
+3236 0 -3235 0 *
Ve
1e-07
17.619978 -84.974899 0
0 0

0101101
*
Ed
 1e-07 1 1 0
1  1052 0 0 6.04848055341058
2  1052 335 0 0 6.04848055341058
0

0101000
+3235 0 -3233 0 *
Ed
 1e-07 1 1 0
1  1053 0 0 0.300663190197935
2  1053 335 0 0 0.300663190197935
0

0101000
+3233 0 -3236 0 *
Wi

0101100
+3234 0 +3232 0 +3231 0 *
Fa
0  1e-07 335 0

0101000
+3230 0 *
Ve
1e-07
15.307068 -87.544144 0
0 0

0101101
*
Ve
1e-07
13.069929 -85.443344 0
0 0

0101101
*
Ed
 1e-07 1 1 0
1  1054 0 0 3.06890070633134
2  1054 336 0 0 3.06890070633134
0

0101000
+3228 0 -3227 0 *
Ve
1e-07
14.971758 -85.443344 0
0 0

0101101
*
Ed
 1e-07 1 1 0
1  1055 0 0 1.901829
2  1055 336 0 0 1.901829
0

0101000
+3227 0 -3225 0 *
Ed
 1e-07 1 1 0
1  1056 0 0 2.12739122779521
2  1056 336 0 0 2.12739122779521
0

0101000
+3225 0 -3228 0 *
Wi

0101100
+3226 0 +3224 0 +3223 0 *
Fa
0  1e-07 336 0

0101000
+3222 0 *
Ve
1e-07
14.971758 -85.443344 0
0 0

0101101
*
Ve
1e-07
15.307068 -85.443344 0
0 0

0101101
*
Ed
 1e-07 1 1 0
1  1057 0 0 0.33531
2  1057 337 0 0 0.33531
0

0101000
+3220 0 -3219 0 *
Ve
1e-07
15.307068 -87.544144 0
0 0

0101101
*
Ed
 1e-07 1 1 0
1  1058 0 0 2.10080000000001
2  1058 337 0 0 2.10080000000001
0

0101000
+3219 0 -3217 0 *
Ed
 1e-07 1 1 0
1  1059 0 0 2.12739122779521
2  1059 337 0 0 2.12739122779521
0

0101000
+3217 0 -3220 0 *
Wi

0101100
+3218 0 +3216 0 +3215 0 *
Fa
0  1e-07 337 0

0101000
+3214 0 *
Ve
1e-07
10.614776 -87.544144 0
0 0

0101101
*
Ve
1e-07
13.069929 -85.443344 0
0 0

0101101
*
Ed
 1e-07 1 1 0
1  1060 0 0 3.23127480932975
2  1060 338 0 0 3.23127480932975
0

0101000
+3212 0 -3211 0 *
Ve
1e-07
15.307068 -87.544144 0
0 0

0101101
*
Ed
 1e-07 1 1 0
1  1061 0 0 3.06890070633134
2  1061 338 0 0 3.06890070633134
0

0101000
+3211 0 -3209 0 *
Ed
 1e-07 1 1 0
1  1062 0 0 4.692292
2  1062 338 0 0 4.692292
0

0101000
+3209 0 -3212 0 *
Wi

0101100
+3210 0 +3208 0 +3207 0 *
Fa
0  1e-07 338 0

0101000
+3206 0 *
Ve
1e-07
16.219833 -85.443344 0
0 0

0101101
*
Ve
1e-07
16.219833 -84.974899 0
0 0

0101101
*
Ed
 1e-07 1 1 0
1  1063 0 0 0.468445000000003
2  1063 339 0 0 0.468445000000003
0

0101000
+3204 0 -3203 0 *
Ve
1e-07
17.319326 -84.977493 0
0 0

0101101
*
Ed
 1e-07 1 1 0
1  1064 0 0 1.09949605996793
2  1064 339 0 0 1.09949605996793
0

0101000
+3203 0 -3201 0 *
Ve
1e-07
17.319326 -85.443344 0
0 0

0101101
*
Ed
 1e-07 1 1 0
1  1065 0 0 0.465851000000001
2  1065 339 0 0 0.465851000000001
0

0101000
+3201 0 -3199 0 *
Ed
 1e-07 1 1 0
1  1066 0 0 1.099493
2  1066 339 0 0 1.099493
0

0101000
+3199 0 -3204 0 *
Wi

0101100
+3202 0 +3200 0 +3198 0 +3197 0 *
Fa
0  1e-07 339 0

0101000
+3196 0 *
Ve
1e-07
20.491585 -84.08342 0
0 0

0101101
*
Ve
1e-07
19.405396 -84.974899 0
0 0

0101101
*
Ed
 1e-07 1 1 0
1  1067 0 0 1.40518374284717
2  1067 340 0 0 1.40518374284717
0

0101000
+3194 0 -3193 0 *
Ve
1e-07
17.883932 -84.974899 0
0 0

0101101
*
Ed
 1e-07 1 1 0
1  1068 0 0 1.521464
2  1068 340 0 0 1.521464
0

0101000
+3193 0 -3191 0 *
Ed
 1e-07 1 1 0
1  1069 0 0 2.75582818329626
2  1069 340 0 0 2.75582818329626
0

0101000
+3191 0 -3194 0 *
Wi

0101100
+3192 0 +3190 0 +3189 0 *
Fa
0  1e-07 340 0

0101000
+3188 0 *
Ve
1e-07
19.405396 -84.974899 0
0 0

0101101
*
Ve
1e-07
20.491585 -85.443344 0
0 0

0101101
*
Ed
 1e-07 1 1 0
1  1070 0 0 1.18289782388252
2  1070 341 0 0 1.18289782388252
0

0101000
+3186 0 -3185 0 *
Ve
1e-07
19.405396 -85.443344 0
0 0

0101101
*
Ed
 1e-07 1 1 0
1  1071 0 0 1.086189
2  1071 341 0 0 1.086189
0

0101000
+3185 0 -3183 0 *
Ed
 1e-07 1 1 0
1  1072 0 0 0.468445000000003
2  1072 341 0 0 0.468445000000003
0

0101000
+3183 0 -3186 0 *
Wi

0101100
+3184 0 +3182 0 +3181 0 *
Fa
0  1e-07 341 0

0101000
+3180 0 *
Ve
1e-07
20.491585 -85.443344 0
0 0

0101101
*
Ve
1e-07
19.405396 -84.974899 0
0 0

0101101
*
Ed
 1e-07 1 1 0
1  1073 0 0 1.18289782388252
2  1073 342 0 0 1.18289782388252
0

0101000
+3178 0 -3177 0 *
Ve
1e-07
20.491585 -84.08342 0
0 0

0101101
*
Ed
 1e-07 1 1 0
1  1074 0 0 1.40518374284717
2  1074 342 0 0 1.40518374284717
0

0101000
+3177 0 -3175 0 *
Ed
 1e-07 1 1 0
1  1075 0 0 1.35992399999999
2  1075 342 0 0 1.35992399999999
0

0101000
+3175 0 -3178 0 *
Wi

0101100
+3176 0 +3174 0 +3173 0 *
Fa
0  1e-07 342 0

0101000
+3172 0 *
Ve
1e-07
20.677242 -83.251366 0
0 0

0101101
*
Ve
1e-07
23.035023 -79.872536 0
0 0

0101101
*
Ed
 1e-07 1 1 0
1  1076 0 0 4.12014846975944
2  1076 343 0 0 4.12014846975944
0

0101000
+3170 0 -3169 0 *
Ve
1e-07
24.776291 -83.439568 0
0 0

0101101
*
Ed
 1e-07 1 1 0
1  1077 0 0 3.96934900668208
2  1077 343 0 0 3.96934900668208
0

0101000
+3169 0 -3167 0 *
Ed
 1e-07 1 1 0
1  1078 0 0 4.10336723889113
2  1078 343 0 0 4.10336723889113
0

0101000
+3167 0 -3170 0 *
Wi

0101100
+3168 0 +3166 0 +3165 0 *
Fa
0  1e-07 343 0

0101000
+3164 0 *
Ve
1e-07
24.776291 -79.863739 0
0 0

0101101
*
Ve
1e-07
24.776291 -83.439568 0
0 0

0101101
*
Ed
 1e-07 1 1 0
1  1079 0 0 3.575829
2  1079 344 0 0 3.575829
0

0101000
+3162 0 -3161 0 *
Ve
1e-07
24.275606 -79.863739 0
0 0

0101101
*
Ed
 1e-07 1 1 0
1  1080 0 0 3.61071163435492
2  1080 344 0 0 3.61071163435492
0

0101000
+3161 0 -3159 0 *
Ed
 1e-07 1 1 0
1  1081 0 0 0.500685000000001
2  1081 344 0 0 0.500685000000001
0

0101000
+3159 0 -3162 0 *
Wi

0101100
+3160 0 +3158 0 +3157 0 *
Fa
0  1e-07 344 0

0101000
+3156 0 *
Ve
1e-07
24.362034 -84.974899 0
0 0

0101101
*
Ve
1e-07
20.677242 -84.08342 0
0 0

0101101
*
Ed
 1e-07 1 1 0
1  1082 0 0 3.79109837523441
2  1082 345 0 0 3.79109837523441
0

0101000
+3154 0 -3153 0 *
Ve
1e-07
24.776291 -83.439568 0
0 0

0101101
*
Ed
 1e-07 1 1 0
1  1083 0 0 4.14930694240677
2  1083 345 0 0 4.14930694240677
0

0101000
+3153 0 -3151 0 *
Ed
 1e-07 1 1 0
1  1084 0 0 1.59023587609197
2  1084 345 0 0 1.59023587609197
0

0101000
+3151 0 -3154 0 *
Wi

0101100
+3152 0 +3150 0 +3149 0 *
Fa
0  1e-07 345 0

0101000
+3148 0 *
Ve
1e-07
21.98848 -84.974899 0
0 0

0101101
*
Ve
1e-07
20.677242 -84.974899 0
0 0

0101101
*
Ed
 1e-07 1 1 0
1  1085 0 0 1.311238
2  1085 346 0 0 1.311238
0

0101000
+3146 0 -3145 0 *
Ve
1e-07
20.677242 -84.08342 0
0 0

0101101
*
Ed
 1e-07 1 1 0
1  1086 0 0 0.89147899999999
2  1086 346 0 0 0.89147899999999
0

0101000
+3145 0 -3143 0 *
Ed
 1e-07 1 1 0
1  1087 0 0 1.58558503401268
2  1087 346 0 0 1.58558503401268
0

0101000
+3143 0 -3146 0 *
Wi

0101100
+3144 0 +3142 0 +3141 0 *
Fa
0  1e-07 346 0

0101000
+3140 0 *
Ve
1e-07
24.362034 -84.974899 0
0 0

0101101
*
Ve
1e-07
21.98848 -84.974899 0
0 0

0101101
*
Ed
 1e-07 1 1 0
1  1088 0 0 2.373554
2  1088 347 0 0 2.373554
0

0101000
+3138 0 -3137 0 *
Ve
1e-07
20.677242 -84.08342 0
0 0

0101101
*
Ed
 1e-07 1 1 0
1  1089 0 0 1.58558503401268
2  1089 347 0 0 1.58558503401268
0

0101000
+3137 0 -3135 0 *
Ed
 1e-07 1 1 0
1  1090 0 0 3.79109837523441
2  1090 347 0 0 3.79109837523441
0

0101000
+3135 0 -3138 0 *
Wi

0101100
+3136 0 +3134 0 +3133 0 *
Fa
0  1e-07 347 0

0101000
+3132 0 *
Ve
1e-07
21.98848 -84.974899 0
0 0

0101101
*
Ve
1e-07
24.362034 -84.974899 0
0 0

0101101
*
Ed
 1e-07 1 1 0
1  1091 0 0 2.373554
2  1091 348 0 0 2.373554
0

0101000
+3130 0 -3129 0 *
Ve
1e-07
24.362034 -85.443344 0
0 0

0101101
*
Ed
 1e-07 1 1 0
1  1092 0 0 0.468445000000003
2  1092 348 0 0 0.468445000000003
0

0101000
+3129 0 -3127 0 *
Ve
1e-07
21.98848 -85.443344 0
0 0

0101101
*
Ed
 1e-07 1 1 0
1  1093 0 0 2.373554
2  1093 348 0 0 2.373554
0

0101000
+3127 0 -3125 0 *
Ed
 1e-07 1 1 0
1  1094 0 0 0.468445000000003
2  1094 348 0 0 0.468445000000003
0

0101000
+3125 0 -3130 0 *
Wi

0101100
+3128 0 +3126 0 +3124 0 +3123 0 *
Fa
0  1e-07 348 0

0101000
+3122 0 *
Ve
1e-07
24.362034 -84.974899 0
0 0

0101101
*
Ve
1e-07
24.776291 -83.439568 0
0 0

0101101
*
Ed
 1e-07 1 1 0
1  1095 0 0 1.59023587609197
2  1095 349 0 0 1.59023587609197
0

0101000
+3120 0 -3119 0 *
Ve
1e-07
25.102234 -84.974899 0
0 0

0101101
*
Ed
 1e-07 1 1 0
1  1096 0 0 1.56954774339935
2  1096 349 0 0 1.56954774339935
0

0101000
+3119 0 -3117 0 *
Ed
 1e-07 1 1 0
1  1097 0 0 0.740199999999998
2  1097 349 0 0 0.740199999999998
0

0101000
+3117 0 -3120 0 *
Wi

0101100
+3118 0 +3116 0 +3115 0 *
Fa
0  1e-07 349 0

0101000
+3114 0 *
Ve
1e-07
24.275606 -79.863739 0
0 0

0101101
*
Ve
1e-07
24.776291 -83.439568 0
0 0

0101101
*
Ed
 1e-07 1 1 0
1  1098 0 0 3.61071163435492
2  1098 350 0 0 3.61071163435492
0

0101000
+3112 0 -3111 0 *
Ve
1e-07
23.035023 -79.872536 0
0 0

0101101
*
Ed
 1e-07 1 1 0
1  1099 0 0 3.96934900668208
2  1099 350 0 0 3.96934900668208
0

0101000
+3111 0 -3109 0 *
Ed
 1e-07 1 1 0
1  1100 0 0 1.24061418946343
2  1100 350 0 0 1.24061418946343
0

0101000
+3109 0 -3112 0 *
Wi

0101100
+3110 0 +3108 0 +3107 0 *
Fa
0  1e-07 350 0

0101000
+3106 0 *
Ve
1e-07
26.204432 -84.974899 0
0 0

0101101
*
Ve
1e-07
25.102234 -84.974899 0
0 0

0101101
*
Ed
 1e-07 1 1 0
1  1101 0 0 1.102198
2  1101 351 0 0 1.102198
0

0101000
+3104 0 -3103 0 *
Ve
1e-07
24.956356 -83.439568 0
0 0

0101101
*
Ed
 1e-07 1 1 0
1  1102 0 0 1.54224565826751
2  1102 351 0 0 1.54224565826751
0

0101000
+3103 0 -3101 0 *
Ed
 1e-07 1 1 0
1  1103 0 0 1.97861946349898
2  1103 351 0 0 1.97861946349898
0

0101000
+3101 0 -3104 0 *
Wi

0101100
+3102 0 +3100 0 +3099 0 *
Fa
0  1e-07 351 0

0101000
+3098 0 *
Ve
1e-07
24.956356 -79.982597 0
0 0

0101101
*
Ve
1e-07
27.749666 -79.982597 0
0 0

0101101
*
Ed
 1e-07 1 1 0
1  1104 0 0 2.79331
2  1104 352 0 0 2.79331
0

0101000
+3096 0 -3095 0 *
Ve
1e-07
24.956356 -83.439568 0
0 0

0101101
*
Ed
 1e-07 1 1 0
1  1105 0 0 4.44446051292404
2  1105 352 0 0 4.44446051292404
0

0101000
+3095 0 -3093 0 *
Ed
 1e-07 1 1 0
1  1106 0 0 3.456971
2  1106 352 0 0 3.456971
0

0101000
+3093 0 -3096 0 *
Wi

0101100
+3094 0 +3092 0 +3091 0 *
Fa
0  1e-07 352 0

0101000
+3090 0 *
Ve
1e-07
24.776291 -83.439568 0
0 0

0101101
*
Ve
1e-07
24.956356 -83.439568 0
0 0

0101101
*
Ed
 1e-07 1 1 0
1  1107 0 0 0.180064999999999
2  1107 353 0 0 0.180064999999999
0

0101000
+3088 0 -3087 0 *
Ve
1e-07
25.102234 -84.974899 0
0 0

0101101
*
Ed
 1e-07 1 1 0
1  1108 0 0 1.54224565826751
2  1108 353 0 0 1.54224565826751
0

0101000
+3087 0 -3085 0 *
Ed
 1e-07 1 1 0
1  1109 0 0 1.56954774339935
2  1109 353 0 0 1.56954774339935
0

0101000
+3085 0 -3088 0 *
Wi

0101100
+3086 0 +3084 0 +3083 0 *
Fa
0  1e-07 353 0

0101000
+3082 0 *
Ve
1e-07
24.956356 -83.439568 0
0 0

0101101
*
Ve
1e-07
27.749666 -84.974899 0
0 0

0101101
*
Ed
 1e-07 1 1 0
1  1110 0 0 3.1874475737902
2  1110 354 0 0 3.1874475737902
0

0101000
+3080 0 -3079 0 *
Ve
1e-07
26.204432 -84.974899 0
0 0

0101101
*
Ed
 1e-07 1 1 0
1  1111 0 0 1.545234
2  1111 354 0 0 1.545234
0

0101000
+3079 0 -3077 0 *
Ed
 1e-07 1 1 0
1  1112 0 0 1.97861946349898
2  1112 354 0 0 1.97861946349898
0

0101000
+3077 0 -3080 0 *
Wi

0101100
+3078 0 +3076 0 +3075 0 *
Fa
0  1e-07 354 0

0101000
+3074 0 *
Ve
1e-07
27.749666 -79.982597 0
0 0

0101101
*
Ve
1e-07
27.749666 -84.974899 0
0 0

0101101
*
Ed
 1e-07 1 1 0
1  1113 0 0 4.992302
2  1113 355 0 0 4.992302
0

0101000
+3072 0 -3071 0 *
Ve
1e-07
24.956356 -83.439568 0
0 0

0101101
*
Ed
 1e-07 1 1 0
1  1114 0 0 3.1874475737902
2  1114 355 0 0 3.1874475737902
0

0101000
+3071 0 -3069 0 *
Ed
 1e-07 1 1 0
1  1115 0 0 4.44446051292404
2  1115 355 0 0 4.44446051292404
0

0101000
+3069 0 -3072 0 *
Wi

0101100
+3070 0 +3068 0 +3067 0 *
Fa
0  1e-07 355 0

0101000
+3066 0 *
Ve
1e-07
30.186384 -84.974899 0
0 0

0101101
*
Ve
1e-07
28.582155 -84.974899 0
0 0

0101101
*
Ed
 1e-07 1 1 0
1  1116 0 0 1.604229
2  1116 356 0 0 1.604229
0

0101000
+3064 0 -3063 0 *
Ve
1e-07
31.553324 -79.863739 0
0 0

0101101
*
Ed
 1e-07 1 1 0
1  1117 0 0 5.91200488600618
2  1117 356 0 0 5.91200488600618
0

0101000
+3063 0 -3061 0 *
Ed
 1e-07 1 1 0
1  1118 0 0 5.29079214382875
2  1118 356 0 0 5.29079214382875
0

0101000
+3061 0 -3064 0 *
Wi

0101100
+3062 0 +3060 0 +3059 0 *
Fa
0  1e-07 356 0

0101000
+3058 0 *
Ve
1e-07
25.102234 -84.974899 0
0 0

0101101
*
Ve
1e-07
26.204432 -84.974899 0
0 0

0101101
*
Ed
 1e-07 1 1 0
1  1119 0 0 1.102198
2  1119 357 0 0 1.102198
0

0101000
+3056 0 -3055 0 *
Ve
1e-07
26.204432 -85.443344 0
0 0

0101101
*
Ed
 1e-07 1 1 0
1  1120 0 0 0.468445000000003
2  1120 357 0 0 0.468445000000003
0

0101000
+3055 0 -3053 0 *
Ve
1e-07
25.102234 -85.443344 0
0 0

0101101
*
Ed
 1e-07 1 1 0
1  1121 0 0 1.102198
2  1121 357 0 0 1.102198
0

0101000
+3053 0 -3051 0 *
Ed
 1e-07 1 1 0
1  1122 0 0 0.468445000000003
2  1122 357 0 0 0.468445000000003
0

0101000
+3051 0 -3056 0 *
Wi

0101100
+3054 0 +3052 0 +3050 0 +3049 0 *
Fa
0  1e-07 357 0

0101000
+3048 0 *
Ve
1e-07
21.618208 -87.544144 0
0 0

0101101
*
Ve
1e-07
21.618208 -85.443344 0
0 0

0101101
*
Ed
 1e-07 1 1 0
1  1123 0 0 2.10080000000001
2  1123 358 0 0 2.10080000000001
0

0101000
+3046 0 -3045 0 *
Ve
1e-07
21.98848 -85.443344 0
0 0

0101101
*
Ed
 1e-07 1 1 0
1  1124 0 0 0.370272
2  1124 358 0 0 0.370272
0

0101000
+3045 0 -3043 0 *
Ed
 1e-07 1 1 0
1  1125 0 0 2.13318119108153
2  1125 358 0 0 2.13318119108153
0

0101000
+3043 0 -3046 0 *
Wi

0101100
+3044 0 +3042 0 +3041 0 *
Fa
0  1e-07 358 0

0101000
+3040 0 *
Ve
1e-07
21.618208 -87.544144 0
0 0

0101101
*
Ve
1e-07
21.98848 -85.443344 0
0 0

0101101
*
Ed
 1e-07 1 1 0
1  1126 0 0 2.13318119108153
2  1126 359 0 0 2.13318119108153
0

0101000
+3038 0 -3037 0 *
Ve
1e-07
24.362034 -85.443344 0
0 0

0101101
*
Ed
 1e-07 1 1 0
1  1127 0 0 2.373554
2  1127 359 0 0 2.373554
0

0101000
+3037 0 -3035 0 *
Ed
 1e-07 1 1 0
1  1128 0 0 3.45571146918779
2  1128 359 0 0 3.45571146918779
0

0101000
+3035 0 -3038 0 *
Wi

0101100
+3036 0 +3034 0 +3033 0 *
Fa
0  1e-07 359 0

0101000
+3032 0 *
Ve
1e-07
24.362034 -85.443344 0
0 0

0101101
*
Ve
1e-07
25.102234 -85.443344 0
0 0

0101101
*
Ed
 1e-07 1 1 0
1  1129 0 0 0.740199999999998
2  1129 360 0 0 0.740199999999998
0

0101000
+3030 0 -3029 0 *
Ve
1e-07
26.774908 -87.544144 0
0 0

0101101
*
Ed
 1e-07 1 1 0
1  1130 0 0 2.68536756334697
2  1130 360 0 0 2.68536756334697
0

0101000
+3029 0 -3027 0 *
Ed
 1e-07 1 1 0
1  1131 0 0 3.19926891334193
2  1131 360 0 0 3.19926891334193
0

0101000
+3027 0 -3030 0 *
Wi

0101100
+3028 0 +3026 0 +3025 0 *
Fa
0  1e-07 360 0

0101000
+3024 0 *
Ve
1e-07
21.618208 -87.544144 0
0 0

0101101
*
Ve
1e-07
24.362034 -85.443344 0
0 0

0101101
*
Ed
 1e-07 1 1 0
1  1132 0 0 3.45571146918779
2  1132 361 0 0 3.45571146918779
0

0101000
+3022 0 -3021 0 *
Ve
1e-07
26.774908 -87.544144 0
0 0

0101101
*
Ed
 1e-07 1 1 0
1  1133 0 0 3.19926891334193
2  1133 361 0 0 3.19926891334193
0

0101000
+3021 0 -3019 0 *
Ed
 1e-07 1 1 0
1  1134 0 0 5.1567
2  1134 361 0 0 5.1567
0

0101000
+3019 0 -3022 0 *
Wi

0101100
+3020 0 +3018 0 +3017 0 *
Fa
0  1e-07 361 0

0101000
+3016 0 *
Ve
1e-07
26.204432 -85.443344 0
0 0

0101101
*
Ve
1e-07
26.774908 -87.544144 0
0 0

0101101
*
Ed
 1e-07 1 1 0
1  1135 0 0 2.17687930454953
2  1135 362 0 0 2.17687930454953
0

0101000
+3014 0 -3013 0 *
Ve
1e-07
25.102234 -85.443344 0
0 0

0101101
*
Ed
 1e-07 1 1 0
1  1136 0 0 2.68536756334697
2  1136 362 0 0 2.68536756334697
0

0101000
+3013 0 -3011 0 *
Ed
 1e-07 1 1 0
1  1137 0 0 1.102198
2  1137 362 0 0 1.102198
0

0101000
+3011 0 -3014 0 *
Wi

0101100
+3012 0 +3010 0 +3009 0 *
Fa
0  1e-07 362 0

0101000
+3008 0 *
Ve
1e-07
28.045052 -84.974899 0
0 0

0101101
*
Ve
1e-07
31.553324 -79.863739 0
0 0

0101101
*
Ed
 1e-07 1 1 0
1  1138 0 0 6.19934907644214
2  1138 363 0 0 6.19934907644214
0

0101000
+3006 0 -3005 0 *
Ve
1e-07
28.582155 -84.974899 0
0 0

0101101
*
Ed
 1e-07 1 1 0
1  1139 0 0 5.91200488600618
2  1139 363 0 0 5.91200488600618
0

0101000
+3005 0 -3003 0 *
Ed
 1e-07 1 1 0
1  1140 0 0 0.537103000000002
2  1140 363 0 0 0.537103000000002
0

0101000
+3003 0 -3006 0 *
Wi

0101100
+3004 0 +3002 0 +3001 0 *
Fa
0  1e-07 363 0

0101000
+3000 0 *
Ve
1e-07
28.582155 -84.974899 0
0 0

0101101
*
Ve
1e-07
30.186384 -84.974899 0
0 0

0101101
*
Ed
 1e-07 1 1 0
1  1141 0 0 1.604229
2  1141 364 0 0 1.604229
0

0101000
+2998 0 -2997 0 *
Ve
1e-07
30.186384 -85.443344 0
0 0

0101101
*
Ed
 1e-07 1 1 0
1  1142 0 0 0.468445000000003
2  1142 364 0 0 0.468445000000003
0

0101000
+2997 0 -2995 0 *
Ve
1e-07
28.582155 -85.443344 0
0 0

0101101
*
Ed
 1e-07 1 1 0
1  1143 0 0 1.604229
2  1143 364 0 0 1.604229
0

0101000
+2995 0 -2993 0 *
Ed
 1e-07 1 1 0
1  1144 0 0 0.468445000000003
2  1144 364 0 0 0.468445000000003
0

0101000
+2993 0 -2998 0 *
Wi

0101100
+2996 0 +2994 0 +2992 0 +2991 0 *
Fa
0  1e-07 364 0

0101000
+2990 0 *
Ve
1e-07
26.204432 -85.443344 0
0 0

0101101
*
Ve
1e-07
26.774908 -85.446022 0
0 0

0101101
*
Ed
 1e-07 1 1 0
1  1145 0 0 0.570482285667136
2  1145 365 0 0 0.570482285667136
0

0101000
+2988 0 -2987 0 *
Ve
1e-07
26.774908 -87.544144 0
0 0

0101101
*
Ed
 1e-07 1 1 0
1  1146 0 0 2.098122
2  1146 365 0 0 2.098122
0

0101000
+2987 0 -2985 0 *
Ed
 1e-07 1 1 0
1  1147 0 0 2.17687930454953
2  1147 365 0 0 2.17687930454953
0

0101000
+2985 0 -2988 0 *
Wi

0101100
+2986 0 +2984 0 +2983 0 *
Fa
0  1e-07 365 0

0101000
+2982 0 *
Ve
1e-07
28.582155 -85.443344 0
0 0

0101101
*
Ve
1e-07
30.186384 -85.443344 0
0 0

0101101
*
Ed
 1e-07 1 1 0
1  1148 0 0 1.604229
2  1148 366 0 0 1.604229
0

0101000
+2980 0 -2979 0 *
Ve
1e-07
30.947296 -87.544144 0
0 0

0101101
*
Ed
 1e-07 1 1 0
1  1149 0 0 2.23435621863302
2  1149 366 0 0 2.23435621863302
0

0101000
+2979 0 -2977 0 *
Ve
1e-07
27.926931 -87.544144 0
0 0

0101101
*
Ed
 1e-07 1 1 0
1  1150 0 0 3.020365
2  1150 366 0 0 3.020365
0

0101000
+2977 0 -2975 0 *
Ed
 1e-07 1 1 0
1  1151 0 0 2.20060880898356
2  1151 366 0 0 2.20060880898356
0

0101000
+2975 0 -2980 0 *
Wi

0101100
+2978 0 +2976 0 +2974 0 +2973 0 *
Fa
0  1e-07 366 0

0101000
+2972 0 *
Ve
1e-07
27.926931 -87.544144 0
0 0

0101101
*
Ve
1e-07
27.926931 -85.443344 0
0 0

0101101
*
Ed
 1e-07 1 1 0
1  1152 0 0 2.10080000000001
2  1152 367 0 0 2.10080000000001
0

0101000
+2970 0 -2969 0 *
Ve
1e-07
28.582155 -85.443344 0
0 0

0101101
*
Ed
 1e-07 1 1 0
1  1153 0 0 0.655224
2  1153 367 0 0 0.655224
0

0101000
+2969 0 -2967 0 *
Ed
 1e-07 1 1 0
1  1154 0 0 2.20060880898356
2  1154 367 0 0 2.20060880898356
0

0101000
+2967 0 -2970 0 *
Wi

0101100
+2968 0 +2966 0 +2965 0 *
Fa
0  1e-07 367 0

0101000
+2964 0 *
Ve
1e-07
34.351543 -70.034538 0
0 0

0101101
*
Ve
1e-07
34.05154 -70.034538 0
0 0

0101101
*
Ed
 1e-07 1 1 0
1  1155 0 0 0.300002999999997
2  1155 368 0 0 0.300002999999997
0

0101000
+2962 0 -2961 0 *
Ve
1e-07
34.05154 -69.016655 0
0 0

0101101
*
Ed
 1e-07 1 1 0
1  1156 0 0 1.017883
2  1156 368 0 0 1.017883
0

0101000
+2961 0 -2959 0 *
Ed
 1e-07 1 1 0
1  1157 0 0 1.06117274828276
2  1157 368 0 0 1.06117274828276
0

0101000
+2959 0 -2962 0 *
Wi

0101100
+2960 0 +2958 0 +2957 0 *
Fa
0  1e-07 368 0

0101000
+2956 0 *
Ve
1e-07
34.05154 -71.421532 0
0 0

0101101
*
Ve
1e-07
34.034794 -70.35128 0
0 0

0101101
*
Ed
 1e-07 1 1 0
1  1158 0 0 1.07038300249023
2  1158 369 0 0 1.07038300249023
0

0101000
+2954 0 -2953 0 *
Ve
1e-07
34.05154 -70.35128 0
0 0

0101101
*
Ed
 1e-07 1 1 0
1  1159 0 0 0.0167460000000048
2  1159 369 0 0 0.0167460000000048
0

0101000
+2953 0 -2951 0 *
Ed
 1e-07 1 1 0
1  1160 0 0 1.070252
2  1160 369 0 0 1.070252
0

0101000
+2951 0 -2954 0 *
Wi

0101100
+2952 0 +2950 0 +2949 0 *
Fa
0  1e-07 369 0

0101000
+2948 0 *
Ve
1e-07
34.05154 -71.421532 0
0 0

0101101
*
Ve
1e-07
34.05154 -70.35128 0
0 0

0101101
*
Ed
 1e-07 1 1 0
1  1161 0 0 1.070252
2  1161 370 0 0 1.070252
0

0101000
+2946 0 -2945 0 *
Ve
1e-07
34.351543 -70.35128 0
0 0

0101101
*
Ed
 1e-07 1 1 0
1  1162 0 0 0.300002999999997
2  1162 370 0 0 0.300002999999997
0

0101000
+2945 0 -2943 0 *
Ve
1e-07
34.351543 -71.421532 0
0 0

0101101
*
Ed
 1e-07 1 1 0
1  1163 0 0 1.070252
2  1163 370 0 0 1.070252
0

0101000
+2943 0 -2941 0 *
Ed
 1e-07 1 1 0
1  1164 0 0 0.300002999999997
2  1164 370 0 0 0.300002999999997
0

0101000
+2941 0 -2946 0 *
Wi

0101100
+2944 0 +2942 0 +2940 0 +2939 0 *
Fa
0  1e-07 370 0

0101000
+2938 0 *
Ve
1e-07
31.557053 -71.721535 0
0 0

0101101
*
Ve
1e-07
34.034794 -70.35128 0
0 0

0101101
*
Ed
 1e-07 1 1 0
1  1165 0 0 2.83139527938188
2  1165 371 0 0 2.83139527938188
0

0101000
+2936 0 -2935 0 *
Ve
1e-07
34.05154 -71.421532 0
0 0

0101101
*
Ed
 1e-07 1 1 0
1  1166 0 0 1.07038300249023
2  1166 371 0 0 1.07038300249023
0

0101000
+2935 0 -2933 0 *
Ed
 1e-07 1 1 0
1  1167 0 0 2.51246237647015
2  1167 371 0 0 2.51246237647015
0

0101000
+2933 0 -2936 0 *
Wi

0101100
+2934 0 +2932 0 +2931 0 *
Fa
0  1e-07 371 0

0101000
+2930 0 *
Ve
1e-07
28.03429 -70.35128 0
0 0

0101101
*
Ve
1e-07
34.034794 -70.35128 0
0 0

0101101
*
Ed
 1e-07 1 1 0
1  1168 0 0 6.000504
2  1168 372 0 0 6.000504
0

0101000
+2928 0 -2927 0 *
Ve
1e-07
31.557053 -71.721535 0
0 0

0101101
*
Ed
 1e-07 1 1 0
1  1169 0 0 2.83139527938188
2  1169 372 0 0 2.83139527938188
0

0101000
+2927 0 -2925 0 *
Ve
1e-07
31.025448 -71.721535 0
0 0

0101101
*
Ed
 1e-07 1 1 0
1  1170 0 0 0.531604999999999
2  1170 372 0 0 0.531604999999999
0

0101000
+2925 0 -2923 0 *
Ed
 1e-07 1 1 0
1  1171 0 0 3.29007977805843
2  1171 372 0 0 3.29007977805843
0

0101000
+2923 0 -2928 0 *
Wi

0101100
+2926 0 +2924 0 +2922 0 +2921 0 *
Fa
0  1e-07 372 0

0101000
+2920 0 *
Ve
1e-07
34.351543 -70.051285 0
0 0

0101101
*
Ve
1e-07
34.351543 -70.034538 0
0 0

0101101
*
Ed
 1e-07 1 1 0
1  1172 0 0 0.0167469999999952
2  1172 373 0 0 0.0167469999999952
0

0101000
+2918 0 -2917 0 *
Ve
1e-07
39.108654 -70.034538 0
0 0

0101101
*
Ed
 1e-07 1 1 0
1  1173 0 0 4.757111
2  1173 373 0 0 4.757111
0

0101000
+2917 0 -2915 0 *
Ve
1e-07
39.108654 -70.051285 0
0 0

0101101
*
Ed
 1e-07 1 1 0
1  1174 0 0 0.0167469999999952
2  1174 373 0 0 0.0167469999999952
0

0101000
+2915 0 -2913 0 *
Ed
 1e-07 1 1 0
1  1175 0 0 4.757111
2  1175 373 0 0 4.757111
0

0101000
+2913 0 -2918 0 *
Wi

0101100
+2916 0 +2914 0 +2912 0 +2911 0 *
Fa
0  1e-07 373 0

0101000
+2910 0 *
Ve
1e-07
39.108654 -70.034538 0
0 0

0101101
*
Ve
1e-07
34.351543 -70.034538 0
0 0

0101101
*
Ed
 1e-07 1 1 0
1  1176 0 0 4.757111
2  1176 374 0 0 4.757111
0

0101000
+2908 0 -2907 0 *
Ve
1e-07
34.05154 -69.016655 0
0 0

0101101
*
Ed
 1e-07 1 1 0
1  1177 0 0 1.06117274828276
2  1177 374 0 0 1.06117274828276
0

0101000
+2907 0 -2905 0 *
Ve
1e-07
39.408653 -69.016655 0
0 0

0101101
*
Ed
 1e-07 1 1 0
1  1178 0 0 5.357113
2  1178 374 0 0 5.357113
0

0101000
+2905 0 -2903 0 *
Ed
 1e-07 1 1 0
1  1179 0 0 1.06117161745403
2  1179 374 0 0 1.06117161745403
0

0101000
+2903 0 -2908 0 *
Wi

0101100
+2906 0 +2904 0 +2902 0 +2901 0 *
Fa
0  1e-07 374 0

0101000
+2900 0 *
Ve
1e-07
39.108654 -70.051285 0
0 0

0101101
*
Ve
1e-07
39.108654 -70.35128 0
0 0

0101101
*
Ed
 1e-07 1 1 0
1  1180 0 0 0.29999500000001
2  1180 375 0 0 0.29999500000001
0

0101000
+2898 0 -2897 0 *
Ve
1e-07
34.351543 -70.35128 0
0 0

0101101
*
Ed
 1e-07 1 1 0
1  1181 0 0 4.757111
2  1181 375 0 0 4.757111
0

0101000
+2897 0 -2895 0 *
Ve
1e-07
34.351543 -70.051285 0
0 0

0101101
*
Ed
 1e-07 1 1 0
1  1182 0 0 0.29999500000001
2  1182 375 0 0 0.29999500000001
0

0101000
+2895 0 -2893 0 *
Ed
 1e-07 1 1 0
1  1183 0 0 4.757111
2  1183 375 0 0 4.757111
0

0101000
+2893 0 -2898 0 *
Wi

0101100
+2896 0 +2894 0 +2892 0 +2891 0 *
Fa
0  1e-07 375 0

0101000
+2890 0 *
Ve
1e-07
39.108654 -70.35128 0
0 0

0101101
*
Ve
1e-07
36.248463 -71.721535 0
0 0

0101101
*
Ed
 1e-07 1 1 0
1  1184 0 0 3.17148093506898
2  1184 376 0 0 3.17148093506898
0

0101000
+2888 0 -2887 0 *
Ve
1e-07
34.351543 -70.35128 0
0 0

0101101
*
Ed
 1e-07 1 1 0
1  1185 0 0 2.34006501008519
2  1185 376 0 0 2.34006501008519
0

0101000
+2887 0 -2885 0 *
Ed
 1e-07 1 1 0
1  1186 0 0 4.757111
2  1186 376 0 0 4.757111
0

0101000
+2885 0 -2888 0 *
Wi

0101100
+2886 0 +2884 0 +2883 0 *
Fa
0  1e-07 376 0

0101000
+2882 0 *
Ve
1e-07
31.557053 -71.721535 0
0 0

0101101
*
Ve
1e-07
34.05154 -71.421532 0
0 0

0101101
*
Ed
 1e-07 1 1 0
1  1187 0 0 2.51246237647015
2  1187 377 0 0 2.51246237647015
0

0101000
+2880 0 -2879 0 *
Ve
1e-07
32.653717 -71.721535 0
0 0

0101101
*
Ed
 1e-07 1 1 0
1  1188 0 0 1.42965413276709
2  1188 377 0 0 1.42965413276709
0

0101000
+2879 0 -2877 0 *
Ed
 1e-07 1 1 0
1  1189 0 0 1.096664
2  1189 377 0 0 1.096664
0

0101000
+2877 0 -2880 0 *
Wi

0101100
+2878 0 +2876 0 +2875 0 *
Fa
0  1e-07 377 0

0101000
+2874 0 *
Ve
1e-07
31.557053 -71.721535 0
0 0

0101101
*
Ve
1e-07
32.653717 -71.721535 0
0 0

0101101
*
Ed
 1e-07 1 1 0
1  1190 0 0 1.096664
2  1190 378 0 0 1.096664
0

0101000
+2872 0 -2871 0 *
Ve
1e-07
32.653717 -72.196991 0
0 0

0101101
*
Ed
 1e-07 1 1 0
1  1191 0 0 0.475455999999994
2  1191 378 0 0 0.475455999999994
0

0101000
+2871 0 -2869 0 *
Ve
1e-07
31.557053 -72.196991 0
0 0

0101101
*
Ed
 1e-07 1 1 0
1  1192 0 0 1.096664
2  1192 378 0 0 1.096664
0

0101000
+2869 0 -2867 0 *
Ed
 1e-07 1 1 0
1  1193 0 0 0.475455999999994
2  1193 378 0 0 0.475455999999994
0

0101000
+2867 0 -2872 0 *
Wi

0101100
+2870 0 +2868 0 +2866 0 +2865 0 *
Fa
0  1e-07 378 0

0101000
+2864 0 *
Ve
1e-07
34.05154 -71.721535 0
0 0

0101101
*
Ve
1e-07
32.653717 -71.721535 0
0 0

0101101
*
Ed
 1e-07 1 1 0
1  1194 0 0 1.397823
2  1194 379 0 0 1.397823
0

0101000
+2862 0 -2861 0 *
Ve
1e-07
34.05154 -71.421532 0
0 0

0101101
*
Ed
 1e-07 1 1 0
1  1195 0 0 1.42965413276709
2  1195 379 0 0 1.42965413276709
0

0101000
+2861 0 -2859 0 *
Ed
 1e-07 1 1 0
1  1196 0 0 0.300003000000004
2  1196 379 0 0 0.300003000000004
0

0101000
+2859 0 -2862 0 *
Wi

0101100
+2860 0 +2858 0 +2857 0 *
Fa
0  1e-07 379 0

0101000
+2856 0 *
Ve
1e-07
31.557053 -72.196991 0
0 0

0101101
*
Ve
1e-07
31.522161 -76.592049 0
0 0

0101101
*
Ed
 1e-07 1 1 0
1  1197 0 0 4.39519650016106
2  1197 380 0 0 4.39519650016106
0

0101000
+2854 0 -2853 0 *
Ve
1e-07
31.025448 -72.196991 0
0 0

0101101
*
Ed
 1e-07 1 1 0
1  1198 0 0 4.42303726275656
2  1198 380 0 0 4.42303726275656
0

0101000
+2853 0 -2851 0 *
Ed
 1e-07 1 1 0
1  1199 0 0 0.531604999999999
2  1199 380 0 0 0.531604999999999
0

0101000
+2851 0 -2854 0 *
Wi

0101100
+2852 0 +2850 0 +2849 0 *
Fa
0  1e-07 380 0

0101000
+2848 0 *
Ve
1e-07
34.351543 -71.721535 0
0 0

0101101
*
Ve
1e-07
34.351543 -71.421532 0
0 0

0101101
*
Ed
 1e-07 1 1 0
1  1200 0 0 0.300003000000004
2  1200 381 0 0 0.300003000000004
0

0101000
+2846 0 -2845 0 *
Ve
1e-07
34.67918 -71.721535 0
0 0

0101101
*
Ed
 1e-07 1 1 0
1  1201 0 0 0.444238453736284
2  1201 381 0 0 0.444238453736284
0

0101000
+2845 0 -2843 0 *
Ed
 1e-07 1 1 0
1  1202 0 0 0.327637000000003
2  1202 381 0 0 0.327637000000003
0

0101000
+2843 0 -2846 0 *
Wi

0101100
+2844 0 +2842 0 +2841 0 *
Fa
0  1e-07 381 0

0101000
+2840 0 *
Ve
1e-07
34.351543 -71.421532 0
0 0

0101101
*
Ve
1e-07
34.351543 -70.35128 0
0 0

0101101
*
Ed
 1e-07 1 1 0
1  1203 0 0 1.070252
2  1203 382 0 0 1.070252
0

0101000
+2838 0 -2837 0 *
Ve
1e-07
36.248463 -71.721535 0
0 0

0101101
*
Ed
 1e-07 1 1 0
1  1204 0 0 2.34006501008519
2  1204 382 0 0 2.34006501008519
0

0101000
+2837 0 -2835 0 *
Ed
 1e-07 1 1 0
1  1205 0 0 1.9204966249408
2  1205 382 0 0 1.9204966249408
0

0101000
+2835 0 -2838 0 *
Wi

0101100
+2836 0 +2834 0 +2833 0 *
Fa
0  1e-07 382 0

0101000
+2832 0 *
Ve
1e-07
34.67918 -71.721535 0
0 0

0101101
*
Ve
1e-07
34.351543 -71.421532 0
0 0

0101101
*
Ed
 1e-07 1 1 0
1  1206 0 0 0.444238453736284
2  1206 383 0 0 0.444238453736284
0

0101000
+2830 0 -2829 0 *
Ve
1e-07
36.248463 -71.721535 0
0 0

0101101
*
Ed
 1e-07 1 1 0
1  1207 0 0 1.9204966249408
2  1207 383 0 0 1.9204966249408
0

0101000
+2829 0 -2827 0 *
Ed
 1e-07 1 1 0
1  1208 0 0 1.569283
2  1208 383 0 0 1.569283
0

0101000
+2827 0 -2830 0 *
Wi

0101100
+2828 0 +2826 0 +2825 0 *
Fa
0  1e-07 383 0

0101000
+2824 0 *
Ve
1e-07
34.67918 -71.721535 0
0 0

0101101
*
Ve
1e-07
36.248463 -71.721535 0
0 0

0101101
*
Ed
 1e-07 1 1 0
1  1209 0 0 1.569283
2  1209 384 0 0 1.569283
0

0101000
+2822 0 -2821 0 *
Ve
1e-07
36.248463 -72.196991 0
0 0

0101101
*
Ed
 1e-07 1 1 0
1  1210 0 0 0.475455999999994
2  1210 384 0 0 0.475455999999994
0

0101000
+2821 0 -2819 0 *
Ve
1e-07
34.67918 -72.196991 0
0 0

0101101
*
Ed
 1e-07 1 1 0
1  1211 0 0 1.569283
2  1211 384 0 0 1.569283
0

0101000
+2819 0 -2817 0 *
Ed
 1e-07 1 1 0
1  1212 0 0 0.475455999999994
2  1212 384 0 0 0.475455999999994
0

0101000
+2817 0 -2822 0 *
Wi

0101100
+2820 0 +2818 0 +2816 0 +2815 0 *
Fa
0  1e-07 384 0

0101000
+2814 0 *
Ve
1e-07
39.108654 -71.421532 0
0 0

0101101
*
Ve
1e-07
37.737995 -71.721535 0
0 0

0101101
*
Ed
 1e-07 1 1 0
1  1213 0 0 1.40310651566088
2  1213 385 0 0 1.40310651566088
0

0101000
+2812 0 -2811 0 *
Ve
1e-07
36.248463 -71.721535 0
0 0

0101101
*
Ed
 1e-07 1 1 0
1  1214 0 0 1.489532
2  1214 385 0 0 1.489532
0

0101000
+2811 0 -2809 0 *
Ed
 1e-07 1 1 0
1  1215 0 0 2.8758814920803
2  1215 385 0 0 2.8758814920803
0

0101000
+2809 0 -2812 0 *
Wi

0101100
+2810 0 +2808 0 +2807 0 *
Fa
0  1e-07 385 0

0101000
+2806 0 *
Ve
1e-07
39.108654 -71.421532 0
0 0

0101101
*
Ve
1e-07
38.791893 -71.721535 0
0 0

0101101
*
Ed
 1e-07 1 1 0
1  1216 0 0 0.436278960219264
2  1216 386 0 0 0.436278960219264
0

0101000
+2804 0 -2803 0 *
Ve
1e-07
37.737995 -71.721535 0
0 0

0101101
*
Ed
 1e-07 1 1 0
1  1217 0 0 1.053898
2  1217 386 0 0 1.053898
0

0101000
+2803 0 -2801 0 *
Ed
 1e-07 1 1 0
1  1218 0 0 1.40310651566088
2  1218 386 0 0 1.40310651566088
0

0101000
+2801 0 -2804 0 *
Wi

0101100
+2802 0 +2800 0 +2799 0 *
Fa
0  1e-07 386 0

0101000
+2798 0 *
Ve
1e-07
38.791893 -71.721535 0
0 0

0101101
*
Ve
1e-07
39.108654 -71.421532 0
0 0

0101101
*
Ed
 1e-07 1 1 0
1  1219 0 0 0.436278960219264
2  1219 387 0 0 0.436278960219264
0

0101000
+2796 0 -2795 0 *
Ve
1e-07
39.108654 -71.721535 0
0 0

0101101
*
Ed
 1e-07 1 1 0
1  1220 0 0 0.300003000000004
2  1220 387 0 0 0.300003000000004
0

0101000
+2795 0 -2793 0 *
Ed
 1e-07 1 1 0
1  1221 0 0 0.316761
2  1221 387 0 0 0.316761
0

0101000
+2793 0 -2796 0 *
Wi

0101100
+2794 0 +2792 0 +2791 0 *
Fa
0  1e-07 387 0

0101000
+2790 0 *
Ve
1e-07
36.248463 -71.721535 0
0 0

0101101
*
Ve
1e-07
39.108654 -70.35128 0
0 0

0101101
*
Ed
 1e-07 1 1 0
1  1222 0 0 3.17148093506898
2  1222 388 0 0 3.17148093506898
0

0101000
+2788 0 -2787 0 *
Ve
1e-07
39.108654 -71.421532 0
0 0

0101101
*
Ed
 1e-07 1 1 0
1  1223 0 0 1.070252
2  1223 388 0 0 1.070252
0

0101000
+2787 0 -2785 0 *
Ed
 1e-07 1 1 0
1  1224 0 0 2.8758814920803
2  1224 388 0 0 2.8758814920803
0

0101000
+2785 0 -2788 0 *
Wi

0101100
+2786 0 +2784 0 +2783 0 *
Fa
0  1e-07 388 0

0101000
+2782 0 *
Ve
1e-07
37.737995 -71.721535 0
0 0

0101101
*
Ve
1e-07
38.791893 -71.721535 0
0 0

0101101
*
Ed
 1e-07 1 1 0
1  1225 0 0 1.053898
2  1225 389 0 0 1.053898
0

0101000
+2780 0 -2779 0 *
Ve
1e-07
38.791893 -72.196991 0
0 0

0101101
*
Ed
 1e-07 1 1 0
1  1226 0 0 0.475455999999994
2  1226 389 0 0 0.475455999999994
0

0101000
+2779 0 -2777 0 *
Ve
1e-07
37.737995 -72.196991 0
0 0

0101101
*
Ed
 1e-07 1 1 0
1  1227 0 0 1.053898
2  1227 389 0 0 1.053898
0

0101000
+2777 0 -2775 0 *
Ed
 1e-07 1 1 0
1  1228 0 0 0.475455999999994
2  1228 389 0 0 0.475455999999994
0

0101000
+2775 0 -2780 0 *
Wi

0101100
+2778 0 +2776 0 +2774 0 +2773 0 *
Fa
0  1e-07 389 0

0101000
+2772 0 *
Ve
1e-07
39.408653 -71.421532 0
0 0

0101101
*
Ve
1e-07
39.108654 -71.421532 0
0 0

0101101
*
Ed
 1e-07 1 1 0
1  1229 0 0 0.299999
2  1229 390 0 0 0.299999
0

0101000
+2770 0 -2769 0 *
Ve
1e-07
39.108654 -70.35128 0
0 0

0101101
*
Ed
 1e-07 1 1 0
1  1230 0 0 1.070252
2  1230 390 0 0 1.070252
0

0101000
+2769 0 -2767 0 *
Ve
1e-07
39.408653 -70.35128 0
0 0

0101101
*
Ed
 1e-07 1 1 0
1  1231 0 0 0.299999
2  1231 390 0 0 0.299999
0

0101000
+2767 0 -2765 0 *
Ed
 1e-07 1 1 0
1  1232 0 0 1.070252
2  1232 390 0 0 1.070252
0

0101000
+2765 0 -2770 0 *
Wi

0101100
+2768 0 +2766 0 +2764 0 +2763 0 *
Fa
0  1e-07 390 0

0101000
+2762 0 *
Ve
1e-07
39.4254 -70.051285 0
0 0

0101101
*
Ve
1e-07
44.384533 -70.051285 0
0 0

0101101
*
Ed
 1e-07 1 1 0
1  1233 0 0 4.95913299999999
2  1233 391 0 0 4.95913299999999
0

0101000
+2760 0 -2759 0 *
Ve
1e-07
44.384533 -70.35128 0
0 0

0101101
*
Ed
 1e-07 1 1 0
1  1234 0 0 0.29999500000001
2  1234 391 0 0 0.29999500000001
0

0101000
+2759 0 -2757 0 *
Ve
1e-07
39.4254 -70.35128 0
0 0

0101101
*
Ed
 1e-07 1 1 0
1  1235 0 0 4.95913299999999
2  1235 391 0 0 4.95913299999999
0

0101000
+2757 0 -2755 0 *
Ed
 1e-07 1 1 0
1  1236 0 0 0.29999500000001
2  1236 391 0 0 0.29999500000001
0

0101000
+2755 0 -2760 0 *
Wi

0101100
+2758 0 +2756 0 +2754 0 +2753 0 *
Fa
0  1e-07 391 0

0101000
+2752 0 *
Ve
1e-07
39.408653 -71.421532 0
0 0

0101101
*
Ve
1e-07
39.408653 -70.35128 0
0 0

0101101
*
Ed
 1e-07 1 1 0
1  1237 0 0 1.070252
2  1237 392 0 0 1.070252
0

0101000
+2750 0 -2749 0 *
Ve
1e-07
39.4254 -70.35128 0
0 0

0101101
*
Ed
 1e-07 1 1 0
1  1238 0 0 0.0167470000000023
2  1238 392 0 0 0.0167470000000023
0

0101000
+2749 0 -2747 0 *
Ed
 1e-07 1 1 0
1  1239 0 0 1.07038301813556
2  1239 392 0 0 1.07038301813556
0

0101000
+2747 0 -2750 0 *
Wi

0101100
+2748 0 +2746 0 +2745 0 *
Fa
0  1e-07 392 0

0101000
+2744 0 *
Ve
1e-07
44.401279 -70.034538 0
0 0

0101101
*
Ve
1e-07
44.401279 -69.016655 0
0 0

0101101
*
Ed
 1e-07 1 1 0
1  1240 0 0 1.017883
2  1240 393 0 0 1.017883
0

0101000
+2742 0 -2741 0 *
Ve
1e-07
44.701279 -70.034538 0
0 0

0101101
*
Ed
 1e-07 1 1 0
1  1241 0 0 1.06117190015991
2  1241 393 0 0 1.06117190015991
0

0101000
+2741 0 -2739 0 *
Ed
 1e-07 1 1 0
1  1242 0 0 0.299999999999997
2  1242 393 0 0 0.299999999999997
0

0101000
+2739 0 -2742 0 *
Wi

0101100
+2740 0 +2738 0 +2737 0 *
Fa
0  1e-07 393 0

0101000
+2736 0 *
Ve
1e-07
49.600773 -69.016655 0
0 0

0101101
*
Ve
1e-07
44.701279 -70.034538 0
0 0

0101101
*
Ed
 1e-07 1 1 0
1  1243 0 0 5.00411103571103
2  1243 394 0 0 5.00411103571103
0

0101000
+2734 0 -2733 0 *
Ve
1e-07
44.401279 -69.016655 0
0 0

0101101
*
Ed
 1e-07 1 1 0
1  1244 0 0 1.06117190015991
2  1244 394 0 0 1.06117190015991
0

0101000
+2733 0 -2731 0 *
Ed
 1e-07 1 1 0
1  1245 0 0 5.19949399999999
2  1245 394 0 0 5.19949399999999
0

0101000
+2731 0 -2734 0 *
Wi

0101100
+2732 0 +2730 0 +2729 0 *
Fa
0  1e-07 394 0

0101000
+2728 0 *
Ve
1e-07
44.401279 -71.421532 0
0 0

0101101
*
Ve
1e-07
44.384533 -70.35128 0
0 0

0101101
*
Ed
 1e-07 1 1 0
1  1246 0 0 1.07038300249023
2  1246 395 0 0 1.07038300249023
0

0101000
+2726 0 -2725 0 *
Ve
1e-07
44.401279 -70.35128 0
0 0

0101101
*
Ed
 1e-07 1 1 0
1  1247 0 0 0.0167460000000048
2  1247 395 0 0 0.0167460000000048
0

0101000
+2725 0 -2723 0 *
Ed
 1e-07 1 1 0
1  1248 0 0 1.070252
2  1248 395 0 0 1.070252
0

0101000
+2723 0 -2726 0 *
Wi

0101100
+2724 0 +2722 0 +2721 0 *
Fa
0  1e-07 395 0

0101000
+2720 0 *
Ve
1e-07
44.701279 -70.35128 0
0 0

0101101
*
Ve
1e-07
44.701279 -70.051285 0
0 0

0101101
*
Ed
 1e-07 1 1 0
1  1249 0 0 0.29999500000001
2  1249 396 0 0 0.29999500000001
0

0101000
+2718 0 -2717 0 *
Ve
1e-07
49.600773 -70.051285 0
0 0

0101101
*
Ed
 1e-07 1 1 0
1  1250 0 0 4.899494
2  1250 396 0 0 4.899494
0

0101000
+2717 0 -2715 0 *
Ve
1e-07
49.600773 -70.35128 0
0 0

0101101
*
Ed
 1e-07 1 1 0
1  1251 0 0 0.29999500000001
2  1251 396 0 0 0.29999500000001
0

0101000
+2715 0 -2713 0 *
Ed
 1e-07 1 1 0
1  1252 0 0 4.899494
2  1252 396 0 0 4.899494
0

0101000
+2713 0 -2718 0 *
Wi

0101100
+2716 0 +2714 0 +2712 0 +2711 0 *
Fa
0  1e-07 396 0

0101000
+2710 0 *
Ve
1e-07
41.110767 -71.721535 0
0 0

0101101
*
Ve
1e-07
39.4254 -70.35128 0
0 0

0101101
*
Ed
 1e-07 1 1 0
1  1253 0 0 2.17210973242928
2  1253 397 0 0 2.17210973242928
0

0101000
+2708 0 -2707 0 *
Ve
1e-07
44.384533 -70.35128 0
0 0

0101101
*
Ed
 1e-07 1 1 0
1  1254 0 0 4.95913299999999
2  1254 397 0 0 4.95913299999999
0

0101000
+2707 0 -2705 0 *
Ed
 1e-07 1 1 0
1  1255 0 0 3.54896359347077
2  1255 397 0 0 3.54896359347077
0

0101000
+2705 0 -2708 0 *
Wi

0101100
+2706 0 +2704 0 +2703 0 *
Fa
0  1e-07 397 0

0101000
+2702 0 *
Ve
1e-07
39.514572 -71.721535 0
0 0

0101101
*
Ve
1e-07
39.408653 -71.721535 0
0 0

0101101
*
Ed
 1e-07 1 1 0
1  1256 0 0 0.105919
2  1256 398 0 0 0.105919
0

0101000
+2700 0 -2699 0 *
Ve
1e-07
39.408653 -71.421532 0
0 0

0101101
*
Ed
 1e-07 1 1 0
1  1257 0 0 0.300003000000004
2  1257 398 0 0 0.300003000000004
0

0101000
+2699 0 -2697 0 *
Ed
 1e-07 1 1 0
1  1258 0 0 0.318151904866217
2  1258 398 0 0 0.318151904866217
0

0101000
+2697 0 -2700 0 *
Wi

0101100
+2698 0 +2696 0 +2695 0 *
Fa
0  1e-07 398 0

0101000
+2694 0 *
Ve
1e-07
39.408653 -71.421532 0
0 0

0101101
*
Ve
1e-07
41.110767 -71.721535 0
0 0

0101101
*
Ed
 1e-07 1 1 0
1  1259 0 0 1.72835004238291
2  1259 399 0 0 1.72835004238291
0

0101000
+2692 0 -2691 0 *
Ve
1e-07
39.514572 -71.721535 0
0 0

0101101
*
Ed
 1e-07 1 1 0
1  1260 0 0 1.596195
2  1260 399 0 0 1.596195
0

0101000
+2691 0 -2689 0 *
Ed
 1e-07 1 1 0
1  1261 0 0 0.318151904866217
2  1261 399 0 0 0.318151904866217
0

0101000
+2689 0 -2692 0 *
Wi

0101100
+2690 0 +2688 0 +2687 0 *
Fa
0  1e-07 399 0

0101000
+2686 0 *
Ve
1e-07
41.110767 -71.721535 0
0 0

0101101
*
Ve
1e-07
44.401279 -71.421532 0
0 0

0101101
*
Ed
 1e-07 1 1 0
1  1262 0 0 3.30415965445876
2  1262 400 0 0 3.30415965445876
0

0101000
+2684 0 -2683 0 *
Ve
1e-07
43.017559 -71.721535 0
0 0

0101101
*
Ed
 1e-07 1 1 0
1  1263 0 0 1.41586822777016
2  1263 400 0 0 1.41586822777016
0

0101000
+2683 0 -2681 0 *
Ed
 1e-07 1 1 0
1  1264 0 0 1.906792
2  1264 400 0 0 1.906792
0

0101000
+2681 0 -2684 0 *
Wi

0101100
+2682 0 +2680 0 +2679 0 *
Fa
0  1e-07 400 0

0101000
+2678 0 *
Ve
1e-07
39.514572 -71.721535 0
0 0

0101101
*
Ve
1e-07
41.110767 -71.721535 0
0 0

0101101
*
Ed
 1e-07 1 1 0
1  1265 0 0 1.596195
2  1265 401 0 0 1.596195
0

0101000
+2676 0 -2675 0 *
Ve
1e-07
41.110767 -72.196991 0
0 0

0101101
*
Ed
 1e-07 1 1 0
1  1266 0 0 0.475455999999994
2  1266 401 0 0 0.475455999999994
0

0101000
+2675 0 -2673 0 *
Ve
1e-07
39.514572 -72.196991 0
0 0

0101101
*
Ed
 1e-07 1 1 0
1  1267 0 0 1.596195
2  1267 401 0 0 1.596195
0

0101000
+2673 0 -2671 0 *
Ed
 1e-07 1 1 0
1  1268 0 0 0.475455999999994
2  1268 401 0 0 0.475455999999994
0

0101000
+2671 0 -2676 0 *
Wi

0101100
+2674 0 +2672 0 +2670 0 +2669 0 *
Fa
0  1e-07 401 0

0101000
+2668 0 *
Ve
1e-07
41.110767 -71.721535 0
0 0

0101101
*
Ve
1e-07
39.408653 -71.421532 0
0 0

0101101
*
Ed
 1e-07 1 1 0
1  1269 0 0 1.72835004238291
2  1269 402 0 0 1.72835004238291
0

0101000
+2666 0 -2665 0 *
Ve
1e-07
39.4254 -70.35128 0
0 0

0101101
*
Ed
 1e-07 1 1 0
1  1270 0 0 1.07038301813556
2  1270 402 0 0 1.07038301813556
0

0101000
+2665 0 -2663 0 *
Ed
 1e-07 1 1 0
1  1271 0 0 2.17210973242928
2  1271 402 0 0 2.17210973242928
0

0101000
+2663 0 -2666 0 *
Wi

0101100
+2664 0 +2662 0 +2661 0 *
Fa
0  1e-07 402 0

0101000
+2660 0 *
Ve
1e-07
44.701279 -70.35128 0
0 0

0101101
*
Ve
1e-07
44.701279 -71.421532 0
0 0

0101101
*
Ed
 1e-07 1 1 0
1  1272 0 0 1.070252
2  1272 403 0 0 1.070252
0

0101000
+2658 0 -2657 0 *
Ve
1e-07
44.401279 -71.421532 0
0 0

0101101
*
Ed
 1e-07 1 1 0
1  1273 0 0 0.299999999999997
2  1273 403 0 0 0.299999999999997
0

0101000
+2657 0 -2655 0 *
Ve
1e-07
44.401279 -70.35128 0
0 0

0101101
*
Ed
 1e-07 1 1 0
1  1274 0 0 1.070252
2  1274 403 0 0 1.070252
0

0101000
+2655 0 -2653 0 *
Ed
 1e-07 1 1 0
1  1275 0 0 0.299999999999997
2  1275 403 0 0 0.299999999999997
0

0101000
+2653 0 -2658 0 *
Wi

0101100
+2656 0 +2654 0 +2652 0 +2651 0 *
Fa
0  1e-07 403 0

0101000
+2650 0 *
Ve
1e-07
43.017559 -71.721535 0
0 0

0101101
*
Ve
1e-07
44.401279 -71.421532 0
0 0

0101101
*
Ed
 1e-07 1 1 0
1  1276 0 0 1.41586822777016
2  1276 404 0 0 1.41586822777016
0

0101000
+2648 0 -2647 0 *
Ve
1e-07
44.034069 -71.721535 0
0 0

0101101
*
Ed
 1e-07 1 1 0
1  1277 0 0 0.474178219775015
2  1277 404 0 0 0.474178219775015
0

0101000
+2647 0 -2645 0 *
Ed
 1e-07 1 1 0
1  1278 0 0 1.01651
2  1278 404 0 0 1.01651
0

0101000
+2645 0 -2648 0 *
Wi

0101100
+2646 0 +2644 0 +2643 0 *
Fa
0  1e-07 404 0

0101000
+2642 0 *
Ve
1e-07
44.701279 -71.421532 0
0 0

0101101
*
Ve
1e-07
45.16328 -71.721535 0
0 0

0101101
*
Ed
 1e-07 1 1 0
1  1279 0 0 0.550859985849402
2  1279 405 0 0 0.550859985849402
0

0101000
+2640 0 -2639 0 *
Ve
1e-07
44.701279 -71.721535 0
0 0

0101101
*
Ed
 1e-07 1 1 0
1  1280 0 0 0.462001000000001
2  1280 405 0 0 0.462001000000001
0

0101000
+2639 0 -2637 0 *
Ed
 1e-07 1 1 0
1  1281 0 0 0.300003000000004
2  1281 405 0 0 0.300003000000004
0

0101000
+2637 0 -2640 0 *
Wi

0101100
+2638 0 +2636 0 +2635 0 *
Fa
0  1e-07 405 0

0101000
+2634 0 *
Ve
1e-07
43.017559 -71.721535 0
0 0

0101101
*
Ve
1e-07
44.034069 -71.721535 0
0 0

0101101
*
Ed
 1e-07 1 1 0
1  1282 0 0 1.01651
2  1282 406 0 0 1.01651
0

0101000
+2632 0 -2631 0 *
Ve
1e-07
44.034069 -72.196991 0
0 0

0101101
*
Ed
 1e-07 1 1 0
1  1283 0 0 0.475455999999994
2  1283 406 0 0 0.475455999999994
0

0101000
+2631 0 -2629 0 *
Ve
1e-07
43.017559 -72.196991 0
0 0

0101101
*
Ed
 1e-07 1 1 0
1  1284 0 0 1.01651
2  1284 406 0 0 1.01651
0

0101000
+2629 0 -2627 0 *
Ed
 1e-07 1 1 0
1  1285 0 0 0.475455999999994
2  1285 406 0 0 0.475455999999994
0

0101000
+2627 0 -2632 0 *
Wi

0101100
+2630 0 +2628 0 +2626 0 +2625 0 *
Fa
0  1e-07 406 0

0101000
+2624 0 *
Ve
1e-07
44.401279 -71.421532 0
0 0

0101101
*
Ve
1e-07
44.401279 -71.721535 0
0 0

0101101
*
Ed
 1e-07 1 1 0
1  1286 0 0 0.300003000000004
2  1286 407 0 0 0.300003000000004
0

0101000
+2622 0 -2621 0 *
Ve
1e-07
44.034069 -71.721535 0
0 0

0101101
*
Ed
 1e-07 1 1 0
1  1287 0 0 0.36721
2  1287 407 0 0 0.36721
0

0101000
+2621 0 -2619 0 *
Ed
 1e-07 1 1 0
1  1288 0 0 0.474178219775015
2  1288 407 0 0 0.474178219775015
0

0101000
+2619 0 -2622 0 *
Wi

0101100
+2620 0 +2618 0 +2617 0 *
Fa
0  1e-07 407 0

0101000
+2616 0 *
Ve
1e-07
44.401279 -71.421532 0
0 0

0101101
*
Ve
1e-07
41.110767 -71.721535 0
0 0

0101101
*
Ed
 1e-07 1 1 0
1  1289 0 0 3.30415965445876
2  1289 408 0 0 3.30415965445876
0

0101000
+2614 0 -2613 0 *
Ve
1e-07
44.384533 -70.35128 0
0 0

0101101
*
Ed
 1e-07 1 1 0
1  1290 0 0 3.54896359347077
2  1290 408 0 0 3.54896359347077
0

0101000
+2613 0 -2611 0 *
Ed
 1e-07 1 1 0
1  1291 0 0 1.07038300249023
2  1291 408 0 0 1.07038300249023
0

0101000
+2611 0 -2614 0 *
Wi

0101100
+2612 0 +2610 0 +2609 0 *
Fa
0  1e-07 408 0

0101000
+2608 0 *
Ve
1e-07
46.538486 -71.721535 0
0 0

0101101
*
Ve
1e-07
44.701279 -71.421532 0
0 0

0101101
*
Ed
 1e-07 1 1 0
1  1292 0 0 1.86154005083372
2  1292 409 0 0 1.86154005083372
0

0101000
+2606 0 -2605 0 *
Ve
1e-07
44.701279 -70.35128 0
0 0

0101101
*
Ed
 1e-07 1 1 0
1  1293 0 0 1.070252
2  1293 409 0 0 1.070252
0

0101000
+2605 0 -2603 0 *
Ed
 1e-07 1 1 0
1  1294 0 0 2.29192677149031
2  1294 409 0 0 2.29192677149031
0

0101000
+2603 0 -2606 0 *
Wi

0101100
+2604 0 +2602 0 +2601 0 *
Fa
0  1e-07 409 0

0101000
+2600 0 *
Ve
1e-07
39.408653 -69.016655 0
0 0

0101101
*
Ve
1e-07
39.408653 -70.034538 0
0 0

0101101
*
Ed
 1e-07 1 1 0
1  1295 0 0 1.017883
2  1295 410 0 0 1.017883
0

0101000
+2598 0 -2597 0 *
Ve
1e-07
39.108654 -70.034538 0
0 0

0101101
*
Ed
 1e-07 1 1 0
1  1296 0 0 0.299999
2  1296 410 0 0 0.299999
0

0101000
+2597 0 -2595 0 *
Ed
 1e-07 1 1 0
1  1297 0 0 1.06117161745403
2  1297 410 0 0 1.06117161745403
0

0101000
+2595 0 -2598 0 *
Wi

0101100
+2596 0 +2594 0 +2593 0 *
Fa
0  1e-07 410 0

0101000
+2592 0 *
Ve
1e-07
33.005672 -72.196991 0
0 0

0101101
*
Ve
1e-07
33.005672 -76.592049 0
0 0

0101101
*
Ed
 1e-07 1 1 0
1  1298 0 0 4.39505800000001
2  1298 411 0 0 4.39505800000001
0

0101000
+2590 0 -2589 0 *
Ve
1e-07
32.653717 -72.196991 0
0 0

0101101
*
Ed
 1e-07 1 1 0
1  1299 0 0 4.40912770799271
2  1299 411 0 0 4.40912770799271
0

0101000
+2589 0 -2587 0 *
Ed
 1e-07 1 1 0
1  1300 0 0 0.351954999999997
2  1300 411 0 0 0.351954999999997
0

0101000
+2587 0 -2590 0 *
Wi

0101100
+2588 0 +2586 0 +2585 0 *
Fa
0  1e-07 411 0

0101000
+2584 0 *
Ve
1e-07
36.783352 -75.584625 0
0 0

0101101
*
Ve
1e-07
33.276855 -72.196991 0
0 0

0101101
*
Ed
 1e-07 1 1 0
1  1301 0 0 4.87561127746717
2  1301 412 0 0 4.87561127746717
0

0101000
+2582 0 -2581 0 *
Ve
1e-07
34.67918 -72.196991 0
0 0

0101101
*
Ed
 1e-07 1 1 0
1  1302 0 0 1.402325
2  1302 412 0 0 1.402325
0

0101000
+2581 0 -2579 0 *
Ed
 1e-07 1 1 0
1  1303 0 0 3.98793228672956
2  1303 412 0 0 3.98793228672956
0

0101000
+2579 0 -2582 0 *
Wi

0101100
+2580 0 +2578 0 +2577 0 *
Fa
0  1e-07 412 0

0101000
+2576 0 *
Ve
1e-07
36.783352 -75.584625 0
0 0

0101101
*
Ve
1e-07
34.67918 -72.196991 0
0 0

0101101
*
Ed
 1e-07 1 1 0
1  1304 0 0 3.98793228672956
2  1304 413 0 0 3.98793228672956
0

0101000
+2574 0 -2573 0 *
Ve
1e-07
36.248463 -72.196991 0
0 0

0101101
*
Ed
 1e-07 1 1 0
1  1305 0 0 1.569283
2  1305 413 0 0 1.569283
0

0101000
+2573 0 -2571 0 *
Ed
 1e-07 1 1 0
1  1306 0 0 3.42960207025203
2  1306 413 0 0 3.42960207025203
0

0101000
+2571 0 -2574 0 *
Wi

0101100
+2572 0 +2570 0 +2569 0 *
Fa
0  1e-07 413 0

0101000
+2568 0 *
Ve
1e-07
33.276855 -72.196991 0
0 0

0101101
*
Ve
1e-07
36.783352 -75.584625 0
0 0

0101101
*
Ed
 1e-07 1 1 0
1  1307 0 0 4.87561127746717
2  1307 414 0 0 4.87561127746717
0

0101000
+2566 0 -2565 0 *
Ve
1e-07
33.276855 -76.892128 0
0 0

0101101
*
Ed
 1e-07 1 1 0
1  1308 0 0 3.74233687767657
2  1308 414 0 0 3.74233687767657
0

0101000
+2565 0 -2563 0 *
Ed
 1e-07 1 1 0
1  1309 0 0 4.695137
2  1309 414 0 0 4.695137
0

0101000
+2563 0 -2566 0 *
Wi

0101100
+2564 0 +2562 0 +2561 0 *
Fa
0  1e-07 414 0

0101000
+2560 0 *
Ve
1e-07
36.961647 -75.584625 0
0 0

0101101
*
Ve
1e-07
38.791893 -72.196991 0
0 0

0101101
*
Ed
 1e-07 1 1 0
1  1310 0 0 3.85043692825529
2  1310 415 0 0 3.85043692825529
0

0101000
+2558 0 -2557 0 *
Ve
1e-07
39.044239 -72.196991 0
0 0

0101101
*
Ed
 1e-07 1 1 0
1  1311 0 0 0.252345999999996
2  1311 415 0 0 0.252345999999996
0

0101000
+2557 0 -2555 0 *
Ed
 1e-07 1 1 0
1  1312 0 0 3.97658818039032
2  1312 415 0 0 3.97658818039032
0

0101000
+2555 0 -2558 0 *
Wi

0101100
+2556 0 +2554 0 +2553 0 *
Fa
0  1e-07 415 0

0101000
+2552 0 *
Ve
1e-07
38.791893 -72.196991 0
0 0

0101101
*
Ve
1e-07
36.961647 -75.584625 0
0 0

0101101
*
Ed
 1e-07 1 1 0
1  1313 0 0 3.85043692825529
2  1313 416 0 0 3.85043692825529
0

0101000
+2550 0 -2549 0 *
Ve
1e-07
37.737995 -72.196991 0
0 0

0101101
*
Ed
 1e-07 1 1 0
1  1314 0 0 3.47545397539085
2  1314 416 0 0 3.47545397539085
0

0101000
+2549 0 -2547 0 *
Ed
 1e-07 1 1 0
1  1315 0 0 1.053898
2  1315 416 0 0 1.053898
0

0101000
+2547 0 -2550 0 *
Wi

0101100
+2548 0 +2546 0 +2545 0 *
Fa
0  1e-07 416 0

0101000
+2544 0 *
Ve
1e-07
36.248463 -72.196991 0
0 0

0101101
*
Ve
1e-07
36.783352 -72.196991 0
0 0

0101101
*
Ed
 1e-07 1 1 0
1  1316 0 0 0.534889
2  1316 417 0 0 0.534889
0

0101000
+2542 0 -2541 0 *
Ve
1e-07
36.783352 -75.584625 0
0 0

0101101
*
Ed
 1e-07 1 1 0
1  1317 0 0 3.38763400000001
2  1317 417 0 0 3.38763400000001
0

0101000
+2541 0 -2539 0 *
Ed
 1e-07 1 1 0
1  1318 0 0 3.42960207025203
2  1318 417 0 0 3.42960207025203
0

0101000
+2539 0 -2542 0 *
Wi

0101100
+2540 0 +2538 0 +2537 0 *
Fa
0  1e-07 417 0

0101000
+2536 0 *
Ve
1e-07
33.005672 -76.592049 0
0 0

0101101
*
Ve
1e-07
31.522161 -76.592049 0
0 0

0101101
*
Ed
 1e-07 1 1 0
1  1319 0 0 1.483511
2  1319 418 0 0 1.483511
0

0101000
+2534 0 -2533 0 *
Ve
1e-07
31.557053 -72.196991 0
0 0

0101101
*
Ed
 1e-07 1 1 0
1  1320 0 0 4.39519650016106
2  1320 418 0 0 4.39519650016106
0

0101000
+2533 0 -2531 0 *
Ve
1e-07
32.653717 -72.196991 0
0 0

0101101
*
Ed
 1e-07 1 1 0
1  1321 0 0 1.096664
2  1321 418 0 0 1.096664
0

0101000
+2531 0 -2529 0 *
Ed
 1e-07 1 1 0
1  1322 0 0 4.40912770799271
2  1322 418 0 0 4.40912770799271
0

0101000
+2529 0 -2534 0 *
Wi

0101100
+2532 0 +2530 0 +2528 0 +2527 0 *
Fa
0  1e-07 418 0

0101000
+2526 0 *
Ve
1e-07
34.732941 -76.592049 0
0 0

0101101
*
Ve
1e-07
34.554646 -76.592049 0
0 0

0101101
*
Ed
 1e-07 1 1 0
1  1323 0 0 0.178294999999999
2  1323 419 0 0 0.178294999999999
0

0101000
+2524 0 -2523 0 *
Ve
1e-07
36.783352 -75.584625 0
0 0

0101101
*
Ed
 1e-07 1 1 0
1  1324 0 0 2.44581960704628
2  1324 419 0 0 2.44581960704628
0

0101000
+2523 0 -2521 0 *
Ed
 1e-07 1 1 0
1  1325 0 0 2.28453242145893
2  1325 419 0 0 2.28453242145893
0

0101000
+2521 0 -2524 0 *
Wi

0101100
+2522 0 +2520 0 +2519 0 *
Fa
0  1e-07 419 0

0101000
+2518 0 *
Ve
1e-07
34.554646 -76.592049 0
0 0

0101101
*
Ve
1e-07
34.554646 -76.624687 0
0 0

0101101
*
Ed
 1e-07 1 1 0
1  1326 0 0 0.0326379999999915
2  1326 420 0 0 0.0326379999999915
0

0101000
+2516 0 -2515 0 *
Ve
1e-07
33.276855 -76.892128 0
0 0

0101101
*
Ed
 1e-07 1 1 0
1  1327 0 0 1.30547865863905
2  1327 420 0 0 1.30547865863905
0

0101000
+2515 0 -2513 0 *
Ed
 1e-07 1 1 0
1  1328 0 0 1.31255371163317
2  1328 420 0 0 1.31255371163317
0

0101000
+2513 0 -2516 0 *
Wi

0101100
+2514 0 +2512 0 +2511 0 *
Fa
0  1e-07 420 0

0101000
+2510 0 *
Ve
1e-07
36.783352 -75.584625 0
0 0

0101101
*
Ve
1e-07
34.554646 -76.592049 0
0 0

0101101
*
Ed
 1e-07 1 1 0
1  1329 0 0 2.44581960704628
2  1329 421 0 0 2.44581960704628
0

0101000
+2508 0 -2507 0 *
Ve
1e-07
33.276855 -76.892128 0
0 0

0101101
*
Ed
 1e-07 1 1 0
1  1330 0 0 1.31255371163317
2  1330 421 0 0 1.31255371163317
0

0101000
+2507 0 -2505 0 *
Ed
 1e-07 1 1 0
1  1331 0 0 3.74233687767657
2  1331 421 0 0 3.74233687767657
0

0101000
+2505 0 -2508 0 *
Wi

0101100
+2506 0 +2504 0 +2503 0 *
Fa
0  1e-07 421 0

0101000
+2502 0 *
Ve
1e-07
31.025448 -72.196991 0
0 0

0101101
*
Ve
1e-07
31.522161 -76.592049 0
0 0

0101101
*
Ed
 1e-07 1 1 0
1  1332 0 0 4.42303726275656
2  1332 422 0 0 4.42303726275656
0

0101000
+2500 0 -2499 0 *
Ve
1e-07
30.347359 -76.592049 0
0 0

0101101
*
Ed
 1e-07 1 1 0
1  1333 0 0 1.174802
2  1333 422 0 0 1.174802
0

0101000
+2499 0 -2497 0 *
Ed
 1e-07 1 1 0
1  1334 0 0 4.44705964827155
2  1334 422 0 0 4.44705964827155
0

0101000
+2497 0 -2500 0 *
Wi

0101100
+2498 0 +2496 0 +2495 0 *
Fa
0  1e-07 422 0

0101000
+2494 0 *
Ve
1e-07
37.001488 -76.49424 0
0 0

0101101
*
Ve
1e-07
36.864456 -76.49424 0
0 0

0101101
*
Ed
 1e-07 1 1 0
1  1335 0 0 0.137032000000005
2  1335 423 0 0 0.137032000000005
0

0101000
+2492 0 -2491 0 *
Ve
1e-07
36.961647 -75.584625 0
0 0

0101101
*
Ed
 1e-07 1 1 0
1  1336 0 0 0.914792620600978
2  1336 423 0 0 0.914792620600978
0

0101000
+2491 0 -2489 0 *
Ed
 1e-07 1 1 0
1  1337 0 0 0.910487096836635
2  1337 423 0 0 0.910487096836635
0

0101000
+2489 0 -2492 0 *
Wi

0101100
+2490 0 +2488 0 +2487 0 *
Fa
0  1e-07 423 0

0101000
+2486 0 *
Ve
1e-07
36.783352 -75.584625 0
0 0

0101101
*
Ve
1e-07
36.864456 -76.49424 0
0 0

0101101
*
Ed
 1e-07 1 1 0
1  1338 0 0 0.91322357998521
2  1338 424 0 0 0.91322357998521
0

0101000
+2484 0 -2483 0 *
Ve
1e-07
34.732941 -76.592049 0
0 0

0101101
*
Ed
 1e-07 1 1 0
1  1339 0 0 2.13375790466163
2  1339 424 0 0 2.13375790466163
0

0101000
+2483 0 -2481 0 *
Ed
 1e-07 1 1 0
1  1340 0 0 2.28453242145893
2  1340 424 0 0 2.28453242145893
0

0101000
+2481 0 -2484 0 *
Wi

0101100
+2482 0 +2480 0 +2479 0 *
Fa
0  1e-07 424 0

0101000
+2478 0 *
Ve
1e-07
37.882847 -76.592049 0
0 0

0101101
*
Ve
1e-07
37.001488 -76.49424 0
0 0

0101101
*
Ed
 1e-07 1 1 0
1  1341 0 0 0.886769579632721
2  1341 425 0 0 0.886769579632721
0

0101000
+2476 0 -2475 0 *
Ve
1e-07
36.961647 -75.584625 0
0 0

0101101
*
Ed
 1e-07 1 1 0
1  1342 0 0 0.910487096836635
2  1342 425 0 0 0.910487096836635
0

0101000
+2475 0 -2473 0 *
Ed
 1e-07 1 1 0
1  1343 0 0 1.36510532772237
2  1343 425 0 0 1.36510532772237
0

0101000
+2473 0 -2476 0 *
Wi

0101100
+2474 0 +2472 0 +2471 0 *
Fa
0  1e-07 425 0

0101000
+2470 0 *
Ve
1e-07
37.001488 -76.49424 0
0 0

0101101
*
Ve
1e-07
37.882847 -76.592049 0
0 0

0101101
*
Ed
 1e-07 1 1 0
1  1344 0 0 0.886769579632721
2  1344 426 0 0 0.886769579632721
0

0101000
+2468 0 -2467 0 *
Ve
1e-07
37.001488 -76.592049 0
0 0

0101101
*
Ed
 1e-07 1 1 0
1  1345 0 0 0.881358999999996
2  1345 426 0 0 0.881358999999996
0

0101000
+2467 0 -2465 0 *
Ed
 1e-07 1 1 0
1  1346 0 0 0.097808999999998
2  1346 426 0 0 0.097808999999998
0

0101000
+2465 0 -2468 0 *
Wi

0101100
+2466 0 +2464 0 +2463 0 *
Fa
0  1e-07 426 0

0101000
+2462 0 *
Ve
1e-07
37.882847 -76.592049 0
0 0

0101101
*
Ve
1e-07
36.961647 -75.584625 0
0 0

0101101
*
Ed
 1e-07 1 1 0
1  1347 0 0 1.36510532772237
2  1347 427 0 0 1.36510532772237
0

0101000
+2460 0 -2459 0 *
Ve
1e-07
39.044239 -72.196991 0
0 0

0101101
*
Ed
 1e-07 1 1 0
1  1348 0 0 3.97658818039032
2  1348 427 0 0 3.97658818039032
0

0101000
+2459 0 -2457 0 *
Ed
 1e-07 1 1 0
1  1349 0 0 4.54591753126121
2  1349 427 0 0 4.54591753126121
0

0101000
+2457 0 -2460 0 *
Wi

0101100
+2458 0 +2456 0 +2455 0 *
Fa
0  1e-07 427 0

0101000
+2454 0 *
Ve
1e-07
34.732941 -76.592049 0
0 0

0101101
*
Ve
1e-07
36.864456 -76.49424 0
0 0

0101101
*
Ed
 1e-07 1 1 0
1  1350 0 0 2.13375790466163
2  1350 428 0 0 2.13375790466163
0

0101000
+2452 0 -2451 0 *
Ve
1e-07
36.864456 -76.592049 0
0 0

0101101
*
Ed
 1e-07 1 1 0
1  1351 0 0 0.097808999999998
2  1351 428 0 0 0.097808999999998
0

0101000
+2451 0 -2449 0 *
Ed
 1e-07 1 1 0
1  1352 0 0 2.131515
2  1352 428 0 0 2.131515
0

0101000
+2449 0 -2452 0 *
Wi

0101100
+2450 0 +2448 0 +2447 0 *
Fa
0  1e-07 428 0

0101000
+2446 0 *
Ve
1e-07
36.783352 -75.584625 0
0 0

0101101
*
Ve
1e-07
36.961647 -75.584625 0
0 0

0101101
*
Ed
 1e-07 1 1 0
1  1353 0 0 0.178294999999999
2  1353 429 0 0 0.178294999999999
0

0101000
+2444 0 -2443 0 *
Ve
1e-07
36.864456 -76.49424 0
0 0

0101101
*
Ed
 1e-07 1 1 0
1  1354 0 0 0.914792620600978
2  1354 429 0 0 0.914792620600978
0

0101000
+2443 0 -2441 0 *
Ed
 1e-07 1 1 0
1  1355 0 0 0.91322357998521
2  1355 429 0 0 0.91322357998521
0

0101000
+2441 0 -2444 0 *
Wi

0101100
+2442 0 +2440 0 +2439 0 *
Fa
0  1e-07 429 0

0101000
+2438 0 *
Ve
1e-07
42.726562 -73.266769 0
0 0

0101101
*
Ve
1e-07
39.338932 -72.196991 0
0 0

0101101
*
Ed
 1e-07 1 1 0
1  1356 0 0 3.55252895641739
2  1356 430 0 0 3.55252895641739
0

0101000
+2436 0 -2435 0 *
Ve
1e-07
39.514572 -72.196991 0
0 0

0101101
*
Ed
 1e-07 1 1 0
1  1357 0 0 0.175640000000001
2  1357 430 0 0 0.175640000000001
0

0101000
+2435 0 -2433 0 *
Ed
 1e-07 1 1 0
1  1358 0 0 3.38545487776517
2  1358 430 0 0 3.38545487776517
0

0101000
+2433 0 -2436 0 *
Wi

0101100
+2434 0 +2432 0 +2431 0 *
Fa
0  1e-07 430 0

0101000
+2430 0 *
Ve
1e-07
42.726562 -73.266769 0
0 0

0101101
*
Ve
1e-07
39.514572 -72.196991 0
0 0

0101101
*
Ed
 1e-07 1 1 0
1  1359 0 0 3.38545487776517
2  1359 431 0 0 3.38545487776517
0

0101000
+2428 0 -2427 0 *
Ve
1e-07
41.110767 -72.196991 0
0 0

0101101
*
Ed
 1e-07 1 1 0
1  1360 0 0 1.596195
2  1360 431 0 0 1.596195
0

0101000
+2427 0 -2425 0 *
Ed
 1e-07 1 1 0
1  1361 0 0 1.93783860300826
2  1361 431 0 0 1.93783860300826
0

0101000
+2425 0 -2428 0 *
Wi

0101100
+2426 0 +2424 0 +2423 0 *
Fa
0  1e-07 431 0

0101000
+2422 0 *
Ve
1e-07
41.110767 -72.196991 0
0 0

0101101
*
Ve
1e-07
42.726562 -72.196991 0
0 0

0101101
*
Ed
 1e-07 1 1 0
1  1362 0 0 1.615795
2  1362 432 0 0 1.615795
0

0101000
+2420 0 -2419 0 *
Ve
1e-07
42.726562 -73.266769 0
0 0

0101101
*
Ed
 1e-07 1 1 0
1  1363 0 0 1.069778
2  1363 432 0 0 1.069778
0

0101000
+2419 0 -2417 0 *
Ed
 1e-07 1 1 0
1  1364 0 0 1.93783860300826
2  1364 432 0 0 1.93783860300826
0

0101000
+2417 0 -2420 0 *
Wi

0101100
+2418 0 +2416 0 +2415 0 *
Fa
0  1e-07 432 0

0101000
+2414 0 *
Ve
1e-07
42.726562 -73.266769 0
0 0

0101101
*
Ve
1e-07
42.845428 -73.266769 0
0 0

0101101
*
Ed
 1e-07 1 1 0
1  1365 0 0 0.118865999999997
2  1365 433 0 0 0.118865999999997
0

0101000
+2412 0 -2411 0 *
Ve
1e-07
42.845585 -74.158249 0
0 0

0101101
*
Ed
 1e-07 1 1 0
1  1366 0 0 0.891480013824764
2  1366 433 0 0 0.891480013824764
0

0101000
+2411 0 -2409 0 *
Ve
1e-07
42.726562 -74.158249 0
0 0

0101101
*
Ed
 1e-07 1 1 0
1  1367 0 0 0.119022999999999
2  1367 433 0 0 0.119022999999999
0

0101000
+2409 0 -2407 0 *
Ed
 1e-07 1 1 0
1  1368 0 0 0.891480000000001
2  1368 433 0 0 0.891480000000001
0

0101000
+2407 0 -2412 0 *
Wi

0101100
+2410 0 +2408 0 +2406 0 +2405 0 *
Fa
0  1e-07 433 0

0101000
+2404 0 *
Ve
1e-07
39.338932 -72.196991 0
0 0

0101101
*
Ve
1e-07
42.726562 -74.158249 0
0 0

0101101
*
Ed
 1e-07 1 1 0
1  1369 0 0 3.91440544137472
2  1369 434 0 0 3.91440544137472
0

0101000
+2402 0 -2401 0 *
Ve
1e-07
40.527576 -75.346893 0
0 0

0101101
*
Ed
 1e-07 1 1 0
1  1370 0 0 2.49968277726034
2  1370 434 0 0 2.49968277726034
0

0101000
+2401 0 -2399 0 *
Ed
 1e-07 1 1 0
1  1371 0 0 3.36671311048922
2  1371 434 0 0 3.36671311048922
0

0101000
+2399 0 -2402 0 *
Wi

0101100
+2400 0 +2398 0 +2397 0 *
Fa
0  1e-07 434 0

0101000
+2396 0 *
Ve
1e-07
39.338932 -76.594971 0
0 0

0101101
*
Ve
1e-07
39.338932 -72.196991 0
0 0

0101101
*
Ed
 1e-07 1 1 0
1  1372 0 0 4.39798
2  1372 435 0 0 4.39798
0

0101000
+2394 0 -2393 0 *
Ve
1e-07
40.527576 -75.346893 0
0 0

0101101
*
Ed
 1e-07 1 1 0
1  1373 0 0 3.36671311048922
2  1373 435 0 0 3.36671311048922
0

0101000
+2393 0 -2391 0 *
Ed
 1e-07 1 1 0
1  1374 0 0 1.72353510344873
2  1374 435 0 0 1.72353510344873
0

0101000
+2391 0 -2394 0 *
Wi

0101100
+2392 0 +2390 0 +2389 0 *
Fa
0  1e-07 435 0

0101000
+2388 0 *
Ve
1e-07
42.845428 -73.266769 0
0 0

0101101
*
Ve
1e-07
42.845428 -72.196991 0
0 0

0101101
*
Ed
 1e-07 1 1 0
1  1375 0 0 1.069778
2  1375 436 0 0 1.069778
0

0101000
+2386 0 -2385 0 *
Ve
1e-07
43.017559 -72.196991 0
0 0

0101101
*
Ed
 1e-07 1 1 0
1  1376 0 0 0.172131
2  1376 436 0 0 0.172131
0

0101000
+2385 0 -2383 0 *
Ed
 1e-07 1 1 0
1  1377 0 0 1.08353774758658
2  1377 436 0 0 1.08353774758658
0

0101000
+2383 0 -2386 0 *
Wi

0101100
+2384 0 +2382 0 +2381 0 *
Fa
0  1e-07 436 0

0101000
+2380 0 *
Ve
1e-07
42.845428 -73.266769 0
0 0

0101101
*
Ve
1e-07
43.017559 -72.196991 0
0 0

0101101
*
Ed
 1e-07 1 1 0
1  1378 0 0 1.08353774758658
2  1378 437 0 0 1.08353774758658
0

0101000
+2378 0 -2377 0 *
Ve
1e-07
44.034069 -72.196991 0
0 0

0101101
*
Ed
 1e-07 1 1 0
1  1379 0 0 1.01651
2  1379 437 0 0 1.01651
0

0101000
+2377 0 -2375 0 *
Ed
 1e-07 1 1 0
1  1380 0 0 1.59915364995519
2  1380 437 0 0 1.59915364995519
0

0101000
+2375 0 -2378 0 *
Wi

0101100
+2376 0 +2374 0 +2373 0 *
Fa
0  1e-07 437 0

0101000
+2372 0 *
Ve
1e-07
44.714375 -74.508751 0
0 0

0101101
*
Ve
1e-07
44.714375 -72.196991 0
0 0

0101101
*
Ed
 1e-07 1 1 0
1  1381 0 0 2.31176000000001
2  1381 438 0 0 2.31176000000001
0

0101000
+2370 0 -2369 0 *
Ve
1e-07
45.16328 -72.196991 0
0 0

0101101
*
Ed
 1e-07 1 1 0
1  1382 0 0 0.448905000000003
2  1382 438 0 0 0.448905000000003
0

0101000
+2369 0 -2367 0 *
Ed
 1e-07 1 1 0
1  1383 0 0 2.35494161214775
2  1383 438 0 0 2.35494161214775
0

0101000
+2367 0 -2370 0 *
Wi

0101100
+2368 0 +2366 0 +2365 0 *
Fa
0  1e-07 438 0

0101000
+2364 0 *
Ve
1e-07
44.034069 -72.196991 0
0 0

0101101
*
Ve
1e-07
44.568958 -72.196991 0
0 0

0101101
*
Ed
 1e-07 1 1 0
1  1384 0 0 0.534889
2  1384 439 0 0 0.534889
0

0101000
+2362 0 -2361 0 *
Ve
1e-07
42.845428 -73.266769 0
0 0

0101101
*
Ed
 1e-07 1 1 0
1  1385 0 0 2.02854150319485
2  1385 439 0 0 2.02854150319485
0

0101000
+2361 0 -2359 0 *
Ed
 1e-07 1 1 0
1  1386 0 0 1.59915364995519
2  1386 439 0 0 1.59915364995519
0

0101000
+2359 0 -2362 0 *
Wi

0101100
+2360 0 +2358 0 +2357 0 *
Fa
0  1e-07 439 0

0101000
+2356 0 *
Ve
1e-07
42.726562 -75.346893 0
0 0

0101101
*
Ve
1e-07
40.527576 -75.346893 0
0 0

0101101
*
Ed
 1e-07 1 1 0
1  1387 0 0 2.198986
2  1387 440 0 0 2.198986
0

0101000
+2354 0 -2353 0 *
Ve
1e-07
42.726562 -74.158249 0
0 0

0101101
*
Ed
 1e-07 1 1 0
1  1388 0 0 2.49968277726034
2  1388 440 0 0 2.49968277726034
0

0101000
+2353 0 -2351 0 *
Ed
 1e-07 1 1 0
1  1389 0 0 1.188644
2  1389 440 0 0 1.188644
0

0101000
+2351 0 -2354 0 *
Wi

0101100
+2352 0 +2350 0 +2349 0 *
Fa
0  1e-07 440 0

0101000
+2348 0 *
Ve
1e-07
40.869633 -75.554909 0
0 0

0101101
*
Ve
1e-07
42.845585 -75.554909 0
0 0

0101101
*
Ed
 1e-07 1 1 0
1  1390 0 0 1.975952
2  1390 441 0 0 1.975952
0

0101000
+2346 0 -2345 0 *
Ve
1e-07
42.845428 -76.553436 0
0 0

0101101
*
Ed
 1e-07 1 1 0
1  1391 0 0 0.998527012342691
2  1391 441 0 0 0.998527012342691
0

0101000
+2345 0 -2343 0 *
Ve
1e-07
41.641926 -76.553436 0
0 0

0101101
*
Ed
 1e-07 1 1 0
1  1392 0 0 1.203502
2  1392 441 0 0 1.203502
0

0101000
+2343 0 -2341 0 *
Ed
 1e-07 1 1 0
1  1393 0 0 1.26233618643292
2  1393 441 0 0 1.26233618643292
0

0101000
+2341 0 -2346 0 *
Wi

0101100
+2344 0 +2342 0 +2340 0 +2339 0 *
Fa
0  1e-07 441 0

0101000
+2338 0 *
Ve
1e-07
36.961647 -72.196991 0
0 0

0101101
*
Ve
1e-07
37.737995 -72.196991 0
0 0

0101101
*
Ed
 1e-07 1 1 0
1  1394 0 0 0.776347999999999
2  1394 442 0 0 0.776347999999999
0

0101000
+2336 0 -2335 0 *
Ve
1e-07
36.961647 -75.584625 0
0 0

0101101
*
Ed
 1e-07 1 1 0
1  1395 0 0 3.47545397539085
2  1395 442 0 0 3.47545397539085
0

0101000
+2335 0 -2333 0 *
Ed
 1e-07 1 1 0
1  1396 0 0 3.38763400000001
2  1396 442 0 0 3.38763400000001
0

0101000
+2333 0 -2336 0 *
Wi

0101100
+2334 0 +2332 0 +2331 0 *
Fa
0  1e-07 442 0

0101000
+2330 0 *
Ve
1e-07
40.527576 -75.346893 0
0 0

0101101
*
Ve
1e-07
40.527576 -76.594971 0
0 0

0101101
*
Ed
 1e-07 1 1 0
1  1397 0 0 1.24807800000001
2  1397 443 0 0 1.24807800000001
0

0101000
+2328 0 -2327 0 *
Ve
1e-07
39.338932 -76.594971 0
0 0

0101101
*
Ed
 1e-07 1 1 0
1  1398 0 0 1.188644
2  1398 443 0 0 1.188644
0

0101000
+2327 0 -2325 0 *
Ed
 1e-07 1 1 0
1  1399 0 0 1.72353510344873
2  1399 443 0 0 1.72353510344873
0

0101000
+2325 0 -2328 0 *
Wi

0101100
+2326 0 +2324 0 +2323 0 *
Fa
0  1e-07 443 0

0101000
+2322 0 *
Ve
1e-07
40.869633 -76.783813 0
0 0

0101101
*
Ve
1e-07
40.869633 -75.554909 0
0 0

0101101
*
Ed
 1e-07 1 1 0
1  1400 0 0 1.228904
2  1400 444 0 0 1.228904
0

0101000
+2320 0 -2319 0 *
Ve
1e-07
41.641926 -76.553436 0
0 0

0101101
*
Ed
 1e-07 1 1 0
1  1401 0 0 1.26233618643292
2  1401 444 0 0 1.26233618643292
0

0101000
+2319 0 -2317 0 *
Ed
 1e-07 1 1 0
1  1402 0 0 0.805921857240509
2  1402 444 0 0 0.805921857240509
0

0101000
+2317 0 -2320 0 *
Wi

0101100
+2318 0 +2316 0 +2315 0 *
Fa
0  1e-07 444 0

0101000
+2314 0 *
Ve
1e-07
42.845428 -73.266769 0
0 0

0101101
*
Ve
1e-07
44.568958 -74.508751 0
0 0

0101101
*
Ed
 1e-07 1 1 0
1  1403 0 0 2.12439990331953
2  1403 445 0 0 2.12439990331953
0

0101000
+2312 0 -2311 0 *
Ve
1e-07
42.845585 -74.158249 0
0 0

0101101
*
Ed
 1e-07 1 1 0
1  1404 0 0 1.75865464180237
2  1404 445 0 0 1.75865464180237
0

0101000
+2311 0 -2309 0 *
Ed
 1e-07 1 1 0
1  1405 0 0 0.891480013824764
2  1405 445 0 0 0.891480013824764
0

0101000
+2309 0 -2312 0 *
Wi

0101100
+2310 0 +2308 0 +2307 0 *
Fa
0  1e-07 445 0

0101000
+2306 0 *
Ve
1e-07
44.568958 -74.508751 0
0 0

0101101
*
Ve
1e-07
42.845428 -73.266769 0
0 0

0101101
*
Ed
 1e-07 1 1 0
1  1406 0 0 2.12439990331953
2  1406 446 0 0 2.12439990331953
0

0101000
+2304 0 -2303 0 *
Ve
1e-07
44.568958 -72.196991 0
0 0

0101101
*
Ed
 1e-07 1 1 0
1  1407 0 0 2.02854150319485
2  1407 446 0 0 2.02854150319485
0

0101000
+2303 0 -2301 0 *
Ed
 1e-07 1 1 0
1  1408 0 0 2.31176000000001
2  1408 446 0 0 2.31176000000001
0

0101000
+2301 0 -2304 0 *
Wi

0101100
+2302 0 +2300 0 +2299 0 *
Fa
0  1e-07 446 0

0101000
+2298 0 *
Ve
1e-07
44.568958 -74.508751 0
0 0

0101101
*
Ve
1e-07
44.714375 -74.508751 0
0 0

0101101
*
Ed
 1e-07 1 1 0
1  1409 0 0 0.145416999999995
2  1409 447 0 0 0.145416999999995
0

0101000
+2296 0 -2295 0 *
Ve
1e-07
44.752888 -75.346893 0
0 0

0101101
*
Ed
 1e-07 1 1 0
1  1410 0 0 0.839026378210473
2  1410 447 0 0 0.839026378210473
0

0101000
+2295 0 -2293 0 *
Ve
1e-07
44.568958 -75.346893 0
0 0

0101101
*
Ed
 1e-07 1 1 0
1  1411 0 0 0.183929999999997
2  1411 447 0 0 0.183929999999997
0

0101000
+2293 0 -2291 0 *
Ed
 1e-07 1 1 0
1  1412 0 0 0.838141999999991
2  1412 447 0 0 0.838141999999991
0

0101000
+2291 0 -2296 0 *
Wi

0101100
+2294 0 +2292 0 +2290 0 +2289 0 *
Fa
0  1e-07 447 0

0101000
+2288 0 *
Ve
1e-07
44.568958 -74.508751 0
0 0

0101101
*
Ve
1e-07
44.568958 -75.346893 0
0 0

0101101
*
Ed
 1e-07 1 1 0
1  1413 0 0 0.838141999999991
2  1413 448 0 0 0.838141999999991
0

0101000
+2286 0 -2285 0 *
Ve
1e-07
42.845585 -75.554909 0
0 0

0101101
*
Ed
 1e-07 1 1 0
1  1414 0 0 1.73588166456847
2  1414 448 0 0 1.73588166456847
0

0101000
+2285 0 -2283 0 *
Ve
1e-07
42.845585 -74.158249 0
0 0

0101101
*
Ed
 1e-07 1 1 0
1  1415 0 0 1.39666
2  1415 448 0 0 1.39666
0

0101000
+2283 0 -2281 0 *
Ed
 1e-07 1 1 0
1  1416 0 0 1.75865464180237
2  1416 448 0 0 1.75865464180237
0

0101000
+2281 0 -2286 0 *
Wi

0101100
+2284 0 +2282 0 +2280 0 +2279 0 *
Fa
0  1e-07 448 0

0101000
+2278 0 *
Ve
1e-07
44.568958 -76.738472 0
0 0

0101101
*
Ve
1e-07
42.845585 -75.554909 0
0 0

0101101
*
Ed
 1e-07 1 1 0
1  1417 0 0 2.0906544124025
2  1417 449 0 0 2.0906544124025
0

0101000
+2276 0 -2275 0 *
Ve
1e-07
44.568958 -75.346893 0
0 0

0101101
*
Ed
 1e-07 1 1 0
1  1418 0 0 1.73588166456847
2  1418 449 0 0 1.73588166456847
0

0101000
+2275 0 -2273 0 *
Ed
 1e-07 1 1 0
1  1419 0 0 1.39157900000001
2  1419 449 0 0 1.39157900000001
0

0101000
+2273 0 -2276 0 *
Wi

0101100
+2274 0 +2272 0 +2271 0 *
Fa
0  1e-07 449 0

0101000
+2270 0 *
Ve
1e-07
49.474831 -72.196991 0
0 0

0101101
*
Ve
1e-07
50.215012 -72.196991 0
0 0

0101101
*
Ed
 1e-07 1 1 0
1  1420 0 0 0.740181
2  1420 450 0 0 0.740181
0

0101000
+2268 0 -2267 0 *
Ve
1e-07
50.386547 -76.599098 0
0 0

0101101
*
Ed
 1e-07 1 1 0
1  1421 0 0 4.40544779740653
2  1421 450 0 0 4.40544779740653
0

0101000
+2267 0 -2265 0 *
Ed
 1e-07 1 1 0
1  1422 0 0 4.49552801171397
2  1422 450 0 0 4.49552801171397
0

0101000
+2265 0 -2268 0 *
Wi

0101100
+2266 0 +2264 0 +2263 0 *
Fa
0  1e-07 450 0

0101000
+2262 0 *
Ve
1e-07
46.538486 -72.196991 0
0 0

0101101
*
Ve
1e-07
44.714375 -74.508751 0
0 0

0101101
*
Ed
 1e-07 1 1 0
1  1423 0 0 2.94476064187245
2  1423 451 0 0 2.94476064187245
0

0101000
+2260 0 -2259 0 *
Ve
1e-07
45.16328 -72.196991 0
0 0

0101101
*
Ed
 1e-07 1 1 0
1  1424 0 0 2.35494161214775
2  1424 451 0 0 2.35494161214775
0

0101000
+2259 0 -2257 0 *
Ed
 1e-07 1 1 0
1  1425 0 0 1.375206
2  1425 451 0 0 1.375206
0

0101000
+2257 0 -2260 0 *
Wi

0101100
+2258 0 +2256 0 +2255 0 *
Fa
0  1e-07 451 0

0101000
+2254 0 *
Ve
1e-07
42.726562 -74.158249 0
0 0

0101101
*
Ve
1e-07
39.338932 -72.196991 0
0 0

0101101
*
Ed
 1e-07 1 1 0
1  1426 0 0 3.91440544137472
2  1426 452 0 0 3.91440544137472
0

0101000
+2252 0 -2251 0 *
Ve
1e-07
42.726562 -73.266769 0
0 0

0101101
*
Ed
 1e-07 1 1 0
1  1427 0 0 3.55252895641739
2  1427 452 0 0 3.55252895641739
0

0101000
+2251 0 -2249 0 *
Ed
 1e-07 1 1 0
1  1428 0 0 0.891480000000001
2  1428 452 0 0 0.891480000000001
0

0101000
+2249 0 -2252 0 *
Wi

0101100
+2250 0 +2248 0 +2247 0 *
Fa
0  1e-07 452 0

0101000
+2246 0 *
Ve
1e-07
44.701279 -70.034538 0
0 0

0101101
*
Ve
1e-07
49.600773 -70.051285 0
0 0

0101101
*
Ed
 1e-07 1 1 0
1  1429 0 0 4.89952262144436
2  1429 453 0 0 4.89952262144436
0

0101000
+2244 0 -2243 0 *
Ve
1e-07
44.701279 -70.051285 0
0 0

0101101
*
Ed
 1e-07 1 1 0
1  1430 0 0 4.899494
2  1430 453 0 0 4.899494
0

0101000
+2243 0 -2241 0 *
Ed
 1e-07 1 1 0
1  1431 0 0 0.0167469999999952
2  1431 453 0 0 0.0167469999999952
0

0101000
+2241 0 -2244 0 *
Wi

0101100
+2242 0 +2240 0 +2239 0 *
Fa
0  1e-07 453 0

0101000
+2238 0 *
Ve
1e-07
49.600773 -69.016655 0
0 0

0101101
*
Ve
1e-07
49.600773 -70.051285 0
0 0

0101101
*
Ed
 1e-07 1 1 0
1  1432 0 0 1.03462999999999
2  1432 454 0 0 1.03462999999999
0

0101000
+2236 0 -2235 0 *
Ve
1e-07
44.701279 -70.034538 0
0 0

0101101
*
Ed
 1e-07 1 1 0
1  1433 0 0 4.89952262144436
2  1433 454 0 0 4.89952262144436
0

0101000
+2235 0 -2233 0 *
Ed
 1e-07 1 1 0
1  1434 0 0 5.00411103571103
2  1434 454 0 0 5.00411103571103
0

0101000
+2233 0 -2236 0 *
Wi

0101100
+2234 0 +2232 0 +2231 0 *
Fa
0  1e-07 454 0

0101000
+2230 0 *
Ve
1e-07
53.469471 -68.693199 0
0 0

0101101
*
Ve
1e-07
53.469471 -70.051285 0
0 0

0101101
*
Ed
 1e-07 1 1 0
1  1435 0 0 1.35808599999999
2  1435 455 0 0 1.35808599999999
0

0101000
+2228 0 -2227 0 *
Ve
1e-07
49.600773 -69.016655 0
0 0

0101101
*
Ed
 1e-07 1 1 0
1  1436 0 0 4.00465771971888
2  1436 455 0 0 4.00465771971888
0

0101000
+2227 0 -2225 0 *
Ed
 1e-07 1 1 0
1  1437 0 0 3.88219628549871
2  1437 455 0 0 3.88219628549871
0

0101000
+2225 0 -2228 0 *
Wi

0101100
+2226 0 +2224 0 +2223 0 *
Fa
0  1e-07 455 0

0101000
+2222 0 *
Ve
1e-07
49.900772 -70.051285 0
0 0

0101101
*
Ve
1e-07
49.600773 -70.051285 0
0 0

0101101
*
Ed
 1e-07 1 1 0
1  1438 0 0 0.299999000000007
2  1438 456 0 0 0.299999000000007
0

0101000
+2220 0 -2219 0 *
Ve
1e-07
49.600773 -69.016655 0
0 0

0101101
*
Ed
 1e-07 1 1 0
1  1439 0 0 1.03462999999999
2  1439 456 0 0 1.03462999999999
0

0101000
+2219 0 -2217 0 *
Ed
 1e-07 1 1 0
1  1440 0 0 1.07724585722155
2  1440 456 0 0 1.07724585722155
0

0101000
+2217 0 -2220 0 *
Wi

0101100
+2218 0 +2216 0 +2215 0 *
Fa
0  1e-07 456 0

0101000
+2214 0 *
Ve
1e-07
46.538486 -71.721535 0
0 0

0101101
*
Ve
1e-07
46.538486 -72.196991 0
0 0

0101101
*
Ed
 1e-07 1 1 0
1  1441 0 0 0.475455999999994
2  1441 457 0 0 0.475455999999994
0

0101000
+2212 0 -2211 0 *
Ve
1e-07
45.16328 -72.196991 0
0 0

0101101
*
Ed
 1e-07 1 1 0
1  1442 0 0 1.375206
2  1442 457 0 0 1.375206
0

0101000
+2211 0 -2209 0 *
Ve
1e-07
45.16328 -71.721535 0
0 0

0101101
*
Ed
 1e-07 1 1 0
1  1443 0 0 0.475455999999994
2  1443 457 0 0 0.475455999999994
0

0101000
+2209 0 -2207 0 *
Ed
 1e-07 1 1 0
1  1444 0 0 1.375206
2  1444 457 0 0 1.375206
0

0101000
+2207 0 -2212 0 *
Wi

0101100
+2210 0 +2208 0 +2206 0 +2205 0 *
Fa
0  1e-07 457 0

0101000
+2204 0 *
Ve
1e-07
44.701279 -71.421532 0
0 0

0101101
*
Ve
1e-07
46.538486 -71.721535 0
0 0

0101101
*
Ed
 1e-07 1 1 0
1  1445 0 0 1.86154005083372
2  1445 458 0 0 1.86154005083372
0

0101000
+2202 0 -2201 0 *
Ve
1e-07
45.16328 -71.721535 0
0 0

0101101
*
Ed
 1e-07 1 1 0
1  1446 0 0 1.375206
2  1446 458 0 0 1.375206
0

0101000
+2201 0 -2199 0 *
Ed
 1e-07 1 1 0
1  1447 0 0 0.550859985849402
2  1447 458 0 0 0.550859985849402
0

0101000
+2199 0 -2202 0 *
Wi

0101100
+2200 0 +2198 0 +2197 0 *
Fa
0  1e-07 458 0

0101000
+2196 0 *
Ve
1e-07
46.538486 -71.721535 0
0 0

0101101
*
Ve
1e-07
49.600773 -71.421532 0
0 0

0101101
*
Ed
 1e-07 1 1 0
1  1448 0 0 3.07694710230416
2  1448 459 0 0 3.07694710230416
0

0101000
+2194 0 -2193 0 *
Ve
1e-07
48.134888 -71.721535 0
0 0

0101101
*
Ed
 1e-07 1 1 0
1  1449 0 0 1.49626890405234
2  1449 459 0 0 1.49626890405234
0

0101000
+2193 0 -2191 0 *
Ed
 1e-07 1 1 0
1  1450 0 0 1.596402
2  1450 459 0 0 1.596402
0

0101000
+2191 0 -2194 0 *
Wi

0101100
+2192 0 +2190 0 +2189 0 *
Fa
0  1e-07 459 0

0101000
+2188 0 *
Ve
1e-07
46.538486 -71.721535 0
0 0

0101101
*
Ve
1e-07
44.701279 -70.35128 0
0 0

0101101
*
Ed
 1e-07 1 1 0
1  1451 0 0 2.29192677149031
2  1451 460 0 0 2.29192677149031
0

0101000
+2186 0 -2185 0 *
Ve
1e-07
49.600773 -70.35128 0
0 0

0101101
*
Ed
 1e-07 1 1 0
1  1452 0 0 4.899494
2  1452 460 0 0 4.899494
0

0101000
+2185 0 -2183 0 *
Ed
 1e-07 1 1 0
1  1453 0 0 3.35487711181706
2  1453 460 0 0 3.35487711181706
0

0101000
+2183 0 -2186 0 *
Wi

0101100
+2184 0 +2182 0 +2181 0 *
Fa
0  1e-07 460 0

0101000
+2180 0 *
Ve
1e-07
49.600773 -69.016655 0
0 0

0101101
*
Ve
1e-07
53.469471 -70.051285 0
0 0

0101101
*
Ed
 1e-07 1 1 0
1  1454 0 0 4.00465771971888
2  1454 461 0 0 4.00465771971888
0

0101000
+2178 0 -2177 0 *
Ve
1e-07
49.900772 -70.051285 0
0 0

0101101
*
Ed
 1e-07 1 1 0
1  1455 0 0 3.568699
2  1455 461 0 0 3.568699
0

0101000
+2177 0 -2175 0 *
Ed
 1e-07 1 1 0
1  1456 0 0 1.07724585722155
2  1456 461 0 0 1.07724585722155
0

0101000
+2175 0 -2178 0 *
Wi

0101100
+2176 0 +2174 0 +2173 0 *
Fa
0  1e-07 461 0

0101000
+2172 0 *
Ve
1e-07
53.469471 -70.051285 0
0 0

0101101
*
Ve
1e-07
49.900772 -70.35128 0
0 0

0101101
*
Ed
 1e-07 1 1 0
1  1457 0 0 3.5812860193827
2  1457 462 0 0 3.5812860193827
0

0101000
+2170 0 -2169 0 *
Ve
1e-07
49.900772 -70.051285 0
0 0

0101101
*
Ed
 1e-07 1 1 0
1  1458 0 0 0.29999500000001
2  1458 462 0 0 0.29999500000001
0

0101000
+2169 0 -2167 0 *
Ed
 1e-07 1 1 0
1  1459 0 0 3.568699
2  1459 462 0 0 3.568699
0

0101000
+2167 0 -2170 0 *
Wi

0101100
+2168 0 +2166 0 +2165 0 *
Fa
0  1e-07 462 0

0101000
+2164 0 *
Ve
1e-07
49.900772 -71.421532 0
0 0

0101101
*
Ve
1e-07
49.600773 -71.421532 0
0 0

0101101
*
Ed
 1e-07 1 1 0
1  1460 0 0 0.299999000000007
2  1460 463 0 0 0.299999000000007
0

0101000
+2162 0 -2161 0 *
Ve
1e-07
49.600773 -70.35128 0
0 0

0101101
*
Ed
 1e-07 1 1 0
1  1461 0 0 1.070252
2  1461 463 0 0 1.070252
0

0101000
+2161 0 -2159 0 *
Ve
1e-07
49.900772 -70.35128 0
0 0

0101101
*
Ed
 1e-07 1 1 0
1  1462 0 0 0.299999000000007
2  1462 463 0 0 0.299999000000007
0

0101000
+2159 0 -2157 0 *
Ed
 1e-07 1 1 0
1  1463 0 0 1.070252
2  1463 463 0 0 1.070252
0

0101000
+2157 0 -2162 0 *
Wi

0101100
+2160 0 +2158 0 +2156 0 +2155 0 *
Fa
0  1e-07 463 0

0101000
+2154 0 *
Ve
1e-07
49.900772 -70.35128 0
0 0

0101101
*
Ve
1e-07
52.757877 -71.721535 0
0 0

0101101
*
Ed
 1e-07 1 1 0
1  1464 0 0 3.16869811532276
2  1464 464 0 0 3.16869811532276
0

0101000
+2152 0 -2151 0 *
Ve
1e-07
49.900772 -71.421532 0
0 0

0101101
*
Ed
 1e-07 1 1 0
1  1465 0 0 2.87281234699275
2  1465 464 0 0 2.87281234699275
0

0101000
+2151 0 -2149 0 *
Ed
 1e-07 1 1 0
1  1466 0 0 1.070252
2  1466 464 0 0 1.070252
0

0101000
+2149 0 -2152 0 *
Wi

0101100
+2150 0 +2148 0 +2147 0 *
Fa
0  1e-07 464 0

0101000
+2146 0 *
Ve
1e-07
49.474831 -71.721535 0
0 0

0101101
*
Ve
1e-07
48.134888 -71.721535 0
0 0

0101101
*
Ed
 1e-07 1 1 0
1  1467 0 0 1.33994300000001
2  1467 465 0 0 1.33994300000001
0

0101000
+2144 0 -2143 0 *
Ve
1e-07
49.600773 -71.421532 0
0 0

0101101
*
Ed
 1e-07 1 1 0
1  1468 0 0 1.49626890405234
2  1468 465 0 0 1.49626890405234
0

0101000
+2143 0 -2141 0 *
Ed
 1e-07 1 1 0
1  1469 0 0 0.325366235760567
2  1469 465 0 0 0.325366235760567
0

0101000
+2141 0 -2144 0 *
Wi

0101100
+2142 0 +2140 0 +2139 0 *
Fa
0  1e-07 465 0

0101000
+2138 0 *
Ve
1e-07
52.757877 -71.721535 0
0 0

0101101
*
Ve
1e-07
49.900772 -70.35128 0
0 0

0101101
*
Ed
 1e-07 1 1 0
1  1470 0 0 3.16869811532276
2  1470 466 0 0 3.16869811532276
0

0101000
+2136 0 -2135 0 *
Ve
1e-07
53.469471 -70.051285 0
0 0

0101101
*
Ed
 1e-07 1 1 0
1  1471 0 0 3.5812860193827
2  1471 466 0 0 3.5812860193827
0

0101000
+2135 0 -2133 0 *
Ed
 1e-07 1 1 0
1  1472 0 0 1.81551675380208
2  1472 466 0 0 1.81551675380208
0

0101000
+2133 0 -2136 0 *
Wi

0101100
+2134 0 +2132 0 +2131 0 *
Fa
0  1e-07 466 0

0101000
+2130 0 *
Ve
1e-07
46.538486 -71.721535 0
0 0

0101101
*
Ve
1e-07
49.600773 -70.35128 0
0 0

0101101
*
Ed
 1e-07 1 1 0
1  1473 0 0 3.35487711181706
2  1473 467 0 0 3.35487711181706
0

0101000
+2128 0 -2127 0 *
Ve
1e-07
49.600773 -71.421532 0
0 0

0101101
*
Ed
 1e-07 1 1 0
1  1474 0 0 1.070252
2  1474 467 0 0 1.070252
0

0101000
+2127 0 -2125 0 *
Ed
 1e-07 1 1 0
1  1475 0 0 3.07694710230416
2  1475 467 0 0 3.07694710230416
0

0101000
+2125 0 -2128 0 *
Wi

0101100
+2126 0 +2124 0 +2123 0 *
Fa
0  1e-07 467 0

0101000
+2122 0 *
Ve
1e-07
53.469471 -68.693199 0
0 0

0101101
*
Ve
1e-07
49.600773 -69.016655 0
0 0

0101101
*
Ed
 1e-07 1 1 0
1  1476 0 0 3.88219628549871
2  1476 468 0 0 3.88219628549871
0

0101000
+2120 0 -2119 0 *
Ve
1e-07
49.600773 -68.693199 0
0 0

0101101
*
Ed
 1e-07 1 1 0
1  1477 0 0 0.323455999999993
2  1477 468 0 0 0.323455999999993
0

0101000
+2119 0 -2117 0 *
Ed
 1e-07 1 1 0
1  1478 0 0 3.868698
2  1478 468 0 0 3.868698
0

0101000
+2117 0 -2120 0 *
Wi

0101100
+2118 0 +2116 0 +2115 0 *
Fa
0  1e-07 468 0

0101000
+2114 0 *
Ve
1e-07
48.134888 -71.721535 0
0 0

0101101
*
Ve
1e-07
49.474831 -71.721535 0
0 0

0101101
*
Ed
 1e-07 1 1 0
1  1479 0 0 1.33994300000001
2  1479 469 0 0 1.33994300000001
0

0101000
+2112 0 -2111 0 *
Ve
1e-07
49.474831 -72.196991 0
0 0

0101101
*
Ed
 1e-07 1 1 0
1  1480 0 0 0.475455999999994
2  1480 469 0 0 0.475455999999994
0

0101000
+2111 0 -2109 0 *
Ve
1e-07
48.134888 -72.196991 0
0 0

0101101
*
Ed
 1e-07 1 1 0
1  1481 0 0 1.33994300000001
2  1481 469 0 0 1.33994300000001
0

0101000
+2109 0 -2107 0 *
Ed
 1e-07 1 1 0
1  1482 0 0 0.475455999999994
2  1482 469 0 0 0.475455999999994
0

0101000
+2107 0 -2112 0 *
Wi

0101100
+2110 0 +2108 0 +2106 0 +2105 0 *
Fa
0  1e-07 469 0

0101000
+2104 0 *
Ve
1e-07
48.134888 -72.196991 0
0 0

0101101
*
Ve
1e-07
48.038303 -76.599098 0
0 0

0101101
*
Ed
 1e-07 1 1 0
1  1483 0 0 4.40316644037833
2  1483 470 0 0 4.40316644037833
0

0101000
+2102 0 -2101 0 *
Ve
1e-07
48.038303 -72.196991 0
0 0

0101101
*
Ed
 1e-07 1 1 0
1  1484 0 0 4.402107
2  1484 470 0 0 4.402107
0

0101000
+2101 0 -2099 0 *
Ed
 1e-07 1 1 0
1  1485 0 0 0.0965849999999975
2  1485 470 0 0 0.0965849999999975
0

0101000
+2099 0 -2102 0 *
Wi

0101100
+2100 0 +2098 0 +2097 0 *
Fa
0  1e-07 470 0

0101000
+2096 0 *
Ve
1e-07
49.474831 -72.196991 0
0 0

0101101
*
Ve
1e-07
48.038303 -76.599098 0
0 0

0101101
*
Ed
 1e-07 1 1 0
1  1486 0 0 4.63056786304153
2  1486 471 0 0 4.63056786304153
0

0101000
+2094 0 -2093 0 *
Ve
1e-07
48.134888 -72.196991 0
0 0

0101101
*
Ed
 1e-07 1 1 0
1  1487 0 0 4.40316644037833
2  1487 471 0 0 4.40316644037833
0

0101000
+2093 0 -2091 0 *
Ed
 1e-07 1 1 0
1  1488 0 0 1.33994300000001
2  1488 471 0 0 1.33994300000001
0

0101000
+2091 0 -2094 0 *
Wi

0101100
+2092 0 +2090 0 +2089 0 *
Fa
0  1e-07 471 0

0101000
+2088 0 *
Ve
1e-07
49.900772 -71.421532 0
0 0

0101101
*
Ve
1e-07
50.215012 -71.721535 0
0 0

0101101
*
Ed
 1e-07 1 1 0
1  1489 0 0 0.434452042933396
2  1489 472 0 0 0.434452042933396
0

0101000
+2086 0 -2085 0 *
Ve
1e-07
49.900772 -71.721535 0
0 0

0101101
*
Ed
 1e-07 1 1 0
1  1490 0 0 0.314239999999998
2  1490 472 0 0 0.314239999999998
0

0101000
+2085 0 -2083 0 *
Ed
 1e-07 1 1 0
1  1491 0 0 0.300003000000004
2  1491 472 0 0 0.300003000000004
0

0101000
+2083 0 -2086 0 *
Wi

0101100
+2084 0 +2082 0 +2081 0 *
Fa
0  1e-07 472 0

0101000
+2080 0 *
Ve
1e-07
50.215012 -71.721535 0
0 0

0101101
*
Ve
1e-07
51.225357 -71.721535 0
0 0

0101101
*
Ed
 1e-07 1 1 0
1  1492 0 0 1.010345
2  1492 473 0 0 1.010345
0

0101000
+2078 0 -2077 0 *
Ve
1e-07
51.225357 -72.196991 0
0 0

0101101
*
Ed
 1e-07 1 1 0
1  1493 0 0 0.475455999999994
2  1493 473 0 0 0.475455999999994
0

0101000
+2077 0 -2075 0 *
Ve
1e-07
50.215012 -72.196991 0
0 0

0101101
*
Ed
 1e-07 1 1 0
1  1494 0 0 1.010345
2  1494 473 0 0 1.010345
0

0101000
+2075 0 -2073 0 *
Ed
 1e-07 1 1 0
1  1495 0 0 0.475455999999994
2  1495 473 0 0 0.475455999999994
0

0101000
+2073 0 -2078 0 *
Wi

0101100
+2076 0 +2074 0 +2072 0 +2071 0 *
Fa
0  1e-07 473 0

0101000
+2070 0 *
Ve
1e-07
49.900772 -71.421532 0
0 0

0101101
*
Ve
1e-07
52.757877 -71.721535 0
0 0

0101101
*
Ed
 1e-07 1 1 0
1  1496 0 0 2.87281234699275
2  1496 474 0 0 2.87281234699275
0

0101000
+2068 0 -2067 0 *
Ve
1e-07
51.225357 -71.721535 0
0 0

0101101
*
Ed
 1e-07 1 1 0
1  1497 0 0 1.53252
2  1497 474 0 0 1.53252
0

0101000
+2067 0 -2065 0 *
Ed
 1e-07 1 1 0
1  1498 0 0 1.3581337276697
2  1498 474 0 0 1.3581337276697
0

0101000
+2065 0 -2068 0 *
Wi

0101100
+2066 0 +2064 0 +2063 0 *
Fa
0  1e-07 474 0

0101000
+2062 0 *
Ve
1e-07
51.225357 -71.721535 0
0 0

0101101
*
Ve
1e-07
50.215012 -71.721535 0
0 0

0101101
*
Ed
 1e-07 1 1 0
1  1499 0 0 1.010345
2  1499 475 0 0 1.010345
0

0101000
+2060 0 -2059 0 *
Ve
1e-07
49.900772 -71.421532 0
0 0

0101101
*
Ed
 1e-07 1 1 0
1  1500 0 0 0.434452042933396
2  1500 475 0 0 0.434452042933396
0

0101000
+2059 0 -2057 0 *
Ed
 1e-07 1 1 0
1  1501 0 0 1.3581337276697
2  1501 475 0 0 1.3581337276697
0

0101000
+2057 0 -2060 0 *
Wi

0101100
+2058 0 +2056 0 +2055 0 *
Fa
0  1e-07 475 0

0101000
+2054 0 *
Ve
1e-07
49.600773 -71.721535 0
0 0

0101101
*
Ve
1e-07
49.474831 -71.721535 0
0 0

0101101
*
Ed
 1e-07 1 1 0
1  1502 0 0 0.125941999999995
2  1502 476 0 0 0.125941999999995
0

0101000
+2052 0 -2051 0 *
Ve
1e-07
49.600773 -71.421532 0
0 0

0101101
*
Ed
 1e-07 1 1 0
1  1503 0 0 0.325366235760567
2  1503 476 0 0 0.325366235760567
0

0101000
+2051 0 -2049 0 *
Ed
 1e-07 1 1 0
1  1504 0 0 0.300003000000004
2  1504 476 0 0 0.300003000000004
0

0101000
+2049 0 -2052 0 *
Wi

0101100
+2050 0 +2048 0 +2047 0 *
Fa
0  1e-07 476 0

0101000
+2046 0 *
Ve
1e-07
51.225357 -72.196991 0
0 0

0101101
*
Ve
1e-07
50.386547 -76.599098 0
0 0

0101101
*
Ed
 1e-07 1 1 0
1  1505 0 0 4.4813109974146
2  1505 477 0 0 4.4813109974146
0

0101000
+2044 0 -2043 0 *
Ve
1e-07
50.215012 -72.196991 0
0 0

0101101
*
Ed
 1e-07 1 1 0
1  1506 0 0 4.40544779740653
2  1506 477 0 0 4.40544779740653
0

0101000
+2043 0 -2041 0 *
Ed
 1e-07 1 1 0
1  1507 0 0 1.010345
2  1507 477 0 0 1.010345
0

0101000
+2041 0 -2044 0 *
Wi

0101100
+2042 0 +2040 0 +2039 0 *
Fa
0  1e-07 477 0

0101000
+2038 0 *
Ve
1e-07
52.757877 -71.721535 0
0 0

0101101
*
Ve
1e-07
53.469471 -70.051285 0
0 0

0101101
*
Ed
 1e-07 1 1 0
1  1508 0 0 1.81551675380208
2  1508 478 0 0 1.81551675380208
0

0101000
+2036 0 -2035 0 *
Ve
1e-07
54.803856 -70.35128 0
0 0

0101101
*
Ed
 1e-07 1 1 0
1  1509 0 0 1.36769160568091
2  1509 478 0 0 1.36769160568091
0

0101000
+2035 0 -2033 0 *
Ed
 1e-07 1 1 0
1  1510 0 0 2.4624436711255
2  1510 478 0 0 2.4624436711255
0

0101000
+2033 0 -2036 0 *
Wi

0101100
+2034 0 +2032 0 +2031 0 *
Fa
0  1e-07 478 0

0101000
+2030 0 *
Ve
1e-07
44.714375 -74.508751 0
0 0

0101101
*
Ve
1e-07
46.538486 -72.196991 0
0 0

0101101
*
Ed
 1e-07 1 1 0
1  1511 0 0 2.94476064187245
2  1511 479 0 0 2.94476064187245
0

0101000
+2028 0 -2027 0 *
Ve
1e-07
47.718864 -72.196991 0
0 0

0101101
*
Ed
 1e-07 1 1 0
1  1512 0 0 1.180378
2  1512 479 0 0 1.180378
0

0101000
+2027 0 -2025 0 *
Ed
 1e-07 1 1 0
1  1513 0 0 3.79093503620427
2  1513 479 0 0 3.79093503620427
0

0101000
+2025 0 -2028 0 *
Wi

0101100
+2026 0 +2024 0 +2023 0 *
Fa
0  1e-07 479 0

0101000
+2022 0 *
Ve
1e-07
53.469471 -70.051285 0
0 0

0101101
*
Ve
1e-07
54.803856 -70.051285 0
0 0

0101101
*
Ed
 1e-07 1 1 0
1  1514 0 0 1.334385
2  1514 480 0 0 1.334385
0

0101000
+2020 0 -2019 0 *
Ve
1e-07
54.803856 -70.35128 0
0 0

0101101
*
Ed
 1e-07 1 1 0
1  1515 0 0 0.29999500000001
2  1515 480 0 0 0.29999500000001
0

0101000
+2019 0 -2017 0 *
Ed
 1e-07 1 1 0
1  1516 0 0 1.36769160568091
2  1516 480 0 0 1.36769160568091
0

0101000
+2017 0 -2020 0 *
Wi

0101100
+2018 0 +2016 0 +2015 0 *
Fa
0  1e-07 480 0

0101000
+2014 0 *
Ve
1e-07
55.103855 -70.051285 0
0 0

0101101
*
Ve
1e-07
59.240692 -70.051285 0
0 0

0101101
*
Ed
 1e-07 1 1 0
1  1517 0 0 4.136837
2  1517 481 0 0 4.136837
0

0101000
+2012 0 -2011 0 *
Ve
1e-07
55.103855 -70.35128 0
0 0

0101101
*
Ed
 1e-07 1 1 0
1  1518 0 0 4.14770025008968
2  1518 481 0 0 4.14770025008968
0

0101000
+2011 0 -2009 0 *
Ed
 1e-07 1 1 0
1  1519 0 0 0.29999500000001
2  1519 481 0 0 0.29999500000001
0

0101000
+2009 0 -2012 0 *
Wi

0101100
+2010 0 +2008 0 +2007 0 *
Fa
0  1e-07 481 0

0101000
+2006 0 *
Ve
1e-07
54.803856 -70.35128 0
0 0

0101101
*
Ve
1e-07
55.103855 -70.35128 0
0 0

0101101
*
Ed
 1e-07 1 1 0
1  1520 0 0 0.299999
2  1520 482 0 0 0.299999
0

0101000
+2004 0 -2003 0 *
Ve
1e-07
55.103855 -71.421532 0
0 0

0101101
*
Ed
 1e-07 1 1 0
1  1521 0 0 1.070252
2  1521 482 0 0 1.070252
0

0101000
+2003 0 -2001 0 *
Ve
1e-07
54.803856 -71.421532 0
0 0

0101101
*
Ed
 1e-07 1 1 0
1  1522 0 0 0.299999
2  1522 482 0 0 0.299999
0

0101000
+2001 0 -1999 0 *
Ed
 1e-07 1 1 0
1  1523 0 0 1.070252
2  1523 482 0 0 1.070252
0

0101000
+1999 0 -2004 0 *
Wi

0101100
+2002 0 +2000 0 +1998 0 +1997 0 *
Fa
0  1e-07 482 0

0101000
+1996 0 *
Ve
1e-07
54.803856 -70.35128 0
0 0

0101101
*
Ve
1e-07
54.803856 -71.421532 0
0 0

0101101
*
Ed
 1e-07 1 1 0
1  1524 0 0 1.070252
2  1524 483 0 0 1.070252
0

0101000
+1994 0 -1993 0 *
Ve
1e-07
52.757877 -71.721535 0
0 0

0101101
*
Ed
 1e-07 1 1 0
1  1525 0 0 2.0678568297757
2  1525 483 0 0 2.0678568297757
0

0101000
+1993 0 -1991 0 *
Ed
 1e-07 1 1 0
1  1526 0 0 2.4624436711255
2  1526 483 0 0 2.4624436711255
0

0101000
+1991 0 -1994 0 *
Wi

0101100
+1992 0 +1990 0 +1989 0 *
Fa
0  1e-07 483 0

0101000
+1988 0 *
Ve
1e-07
60.291817 -70.051285 0
0 0

0101101
*
Ve
1e-07
59.991814 -70.051285 0
0 0

0101101
*
Ed
 1e-07 1 1 0
1  1527 0 0 0.300003000000004
2  1527 484 0 0 0.300003000000004
0

0101000
+1986 0 -1985 0 *
Ve
1e-07
60.379448 -68.693199 0
0 0

0101101
*
Ed
 1e-07 1 1 0
1  1528 0 0 1.41232351157657
2  1528 484 0 0 1.41232351157657
0

0101000
+1985 0 -1983 0 *
Ed
 1e-07 1 1 0
1  1529 0 0 1.36091027461657
2  1529 484 0 0 1.36091027461657
0

0101000
+1983 0 -1986 0 *
Wi

0101100
+1984 0 +1982 0 +1981 0 *
Fa
0  1e-07 484 0

0101000
+1980 0 *
Ve
1e-07
59.240692 -68.693199 0
0 0

0101101
*
Ve
1e-07
59.991814 -70.051285 0
0 0

0101101
*
Ed
 1e-07 1 1 0
1  1530 0 0 1.55196064456543
2  1530 485 0 0 1.55196064456543
0

0101000
+1978 0 -1977 0 *
Ve
1e-07
59.240692 -70.051285 0
0 0

0101101
*
Ed
 1e-07 1 1 0
1  1531 0 0 0.751121999999995
2  1531 485 0 0 0.751121999999995
0

0101000
+1977 0 -1975 0 *
Ed
 1e-07 1 1 0
1  1532 0 0 1.35808599999999
2  1532 485 0 0 1.35808599999999
0

0101000
+1975 0 -1978 0 *
Wi

0101100
+1976 0 +1974 0 +1973 0 *
Fa
0  1e-07 485 0

0101000
+1972 0 *
Ve
1e-07
60.291817 -70.35128 0
0 0

0101101
*
Ve
1e-07
60.291817 -70.051285 0
0 0

0101101
*
Ed
 1e-07 1 1 0
1  1533 0 0 0.29999500000001
2  1533 486 0 0 0.29999500000001
0

0101000
+1970 0 -1969 0 *
Ve
1e-07
60.379448 -68.693199 0
0 0

0101101
*
Ed
 1e-07 1 1 0
1  1534 0 0 1.36091027461657
2  1534 486 0 0 1.36091027461657
0

0101000
+1969 0 -1967 0 *
Ed
 1e-07 1 1 0
1  1535 0 0 1.66039507187958
2  1535 486 0 0 1.66039507187958
0

0101000
+1967 0 -1970 0 *
Wi

0101100
+1968 0 +1966 0 +1965 0 *
Fa
0  1e-07 486 0

0101000
+1964 0 *
Ve
1e-07
59.240692 -70.051285 0
0 0

0101101
*
Ve
1e-07
59.991814 -70.051285 0
0 0

0101101
*
Ed
 1e-07 1 1 0
1  1536 0 0 0.751121999999995
2  1536 487 0 0 0.751121999999995
0

0101000
+1962 0 -1961 0 *
Ve
1e-07
59.991814 -70.35128 0
0 0

0101101
*
Ed
 1e-07 1 1 0
1  1537 0 0 0.29999500000001
2  1537 487 0 0 0.29999500000001
0

0101000
+1961 0 -1959 0 *
Ed
 1e-07 1 1 0
1  1538 0 0 0.808814724710795
2  1538 487 0 0 0.808814724710795
0

0101000
+1959 0 -1962 0 *
Wi

0101100
+1960 0 +1958 0 +1957 0 *
Fa
0  1e-07 487 0

0101000
+1956 0 *
Ve
1e-07
59.991814 -70.35128 0
0 0

0101101
*
Ve
1e-07
60.291817 -70.35128 0
0 0

0101101
*
Ed
 1e-07 1 1 0
1  1539 0 0 0.300003000000004
2  1539 488 0 0 0.300003000000004
0

0101000
+1954 0 -1953 0 *
Ve
1e-07
60.291817 -71.421532 0
0 0

0101101
*
Ed
 1e-07 1 1 0
1  1540 0 0 1.070252
2  1540 488 0 0 1.070252
0

0101000
+1953 0 -1951 0 *
Ve
1e-07
59.991814 -71.421532 0
0 0

0101101
*
Ed
 1e-07 1 1 0
1  1541 0 0 0.300003000000004
2  1541 488 0 0 0.300003000000004
0

0101000
+1951 0 -1949 0 *
Ed
 1e-07 1 1 0
1  1542 0 0 1.070252
2  1542 488 0 0 1.070252
0

0101000
+1949 0 -1954 0 *
Wi

0101100
+1952 0 +1950 0 +1948 0 +1947 0 *
Fa
0  1e-07 488 0

0101000
+1946 0 *
Ve
1e-07
55.103855 -70.35128 0
0 0

0101101
*
Ve
1e-07
59.240692 -70.051285 0
0 0

0101101
*
Ed
 1e-07 1 1 0
1  1543 0 0 4.14770025008968
2  1543 489 0 0 4.14770025008968
0

0101000
+1944 0 -1943 0 *
Ve
1e-07
59.991814 -70.35128 0
0 0

0101101
*
Ed
 1e-07 1 1 0
1  1544 0 0 0.808814724710795
2  1544 489 0 0 0.808814724710795
0

0101000
+1943 0 -1941 0 *
Ed
 1e-07 1 1 0
1  1545 0 0 4.887959
2  1545 489 0 0 4.887959
0

0101000
+1941 0 -1944 0 *
Wi

0101100
+1942 0 +1940 0 +1939 0 *
Fa
0  1e-07 489 0

0101000
+1938 0 *
Ve
1e-07
60.291817 -70.35128 0
0 0

0101101
*
Ve
1e-07
60.379448 -68.693199 0
0 0

0101101
*
Ed
 1e-07 1 1 0
1  1546 0 0 1.66039507187958
2  1546 490 0 0 1.66039507187958
0

0101000
+1936 0 -1935 0 *
Ve
1e-07
60.379448 -71.721535 0
0 0

0101101
*
Ed
 1e-07 1 1 0
1  1547 0 0 3.028336
2  1547 490 0 0 3.028336
0

0101000
+1935 0 -1933 0 *
Ed
 1e-07 1 1 0
1  1548 0 0 1.37305424407996
2  1548 490 0 0 1.37305424407996
0

0101000
+1933 0 -1936 0 *
Wi

0101100
+1934 0 +1932 0 +1931 0 *
Fa
0  1e-07 490 0

0101000
+1930 0 *
Ve
1e-07
60.379448 -68.693199 0
0 0

0101101
*
Ve
1e-07
59.991814 -70.051285 0
0 0

0101101
*
Ed
 1e-07 1 1 0
1  1549 0 0 1.41232351157657
2  1549 491 0 0 1.41232351157657
0

0101000
+1928 0 -1927 0 *
Ve
1e-07
59.240692 -68.693199 0
0 0

0101101
*
Ed
 1e-07 1 1 0
1  1550 0 0 1.55196064456543
2  1550 491 0 0 1.55196064456543
0

0101000
+1927 0 -1925 0 *
Ed
 1e-07 1 1 0
1  1551 0 0 1.13875599999999
2  1551 491 0 0 1.13875599999999
0

0101000
+1925 0 -1928 0 *
Wi

0101100
+1926 0 +1924 0 +1923 0 *
Fa
0  1e-07 491 0

0101000
+1922 0 *
Ve
1e-07
56.619835 -71.721535 0
0 0

0101101
*
Ve
1e-07
55.103855 -70.35128 0
0 0

0101101
*
Ed
 1e-07 1 1 0
1  1552 0 0 2.04347599090985
2  1552 492 0 0 2.04347599090985
0

0101000
+1920 0 -1919 0 *
Ve
1e-07
59.991814 -70.35128 0
0 0

0101101
*
Ed
 1e-07 1 1 0
1  1553 0 0 4.887959
2  1553 492 0 0 4.887959
0

0101000
+1919 0 -1917 0 *
Ed
 1e-07 1 1 0
1  1554 0 0 3.63975839053446
2  1554 492 0 0 3.63975839053446
0

0101000
+1917 0 -1920 0 *
Wi

0101100
+1918 0 +1916 0 +1915 0 *
Fa
0  1e-07 492 0

0101000
+1914 0 *
Ve
1e-07
54.803856 -71.421532 0
0 0

0101101
*
Ve
1e-07
54.803856 -71.721535 0
0 0

0101101
*
Ed
 1e-07 1 1 0
1  1555 0 0 0.300003000000004
2  1555 493 0 0 0.300003000000004
0

0101000
+1912 0 -1911 0 *
Ve
1e-07
53.849079 -71.721535 0
0 0

0101101
*
Ed
 1e-07 1 1 0
1  1556 0 0 0.954777
2  1556 493 0 0 0.954777
0

0101000
+1911 0 -1909 0 *
Ed
 1e-07 1 1 0
1  1557 0 0 1.00080013975719
2  1557 493 0 0 1.00080013975719
0

0101000
+1909 0 -1912 0 *
Wi

0101100
+1910 0 +1908 0 +1907 0 *
Fa
0  1e-07 493 0

0101000
+1906 0 *
Ve
1e-07
54.803856 -71.421532 0
0 0

0101101
*
Ve
1e-07
53.849079 -71.721535 0
0 0

0101101
*
Ed
 1e-07 1 1 0
1  1558 0 0 1.00080013975719
2  1558 494 0 0 1.00080013975719
0

0101000
+1904 0 -1903 0 *
Ve
1e-07
52.757877 -71.721535 0
0 0

0101101
*
Ed
 1e-07 1 1 0
1  1559 0 0 1.091202
2  1559 494 0 0 1.091202
0

0101000
+1903 0 -1901 0 *
Ed
 1e-07 1 1 0
1  1560 0 0 2.0678568297757
2  1560 494 0 0 2.0678568297757
0

0101000
+1901 0 -1904 0 *
Wi

0101100
+1902 0 +1900 0 +1899 0 *
Fa
0  1e-07 494 0

0101000
+1898 0 *
Ve
1e-07
55.103855 -71.421532 0
0 0

0101101
*
Ve
1e-07
55.613781 -71.721535 0
0 0

0101101
*
Ed
 1e-07 1 1 0
1  1561 0 0 0.591630226987265
2  1561 495 0 0 0.591630226987265
0

0101000
+1896 0 -1895 0 *
Ve
1e-07
55.103855 -71.721535 0
0 0

0101101
*
Ed
 1e-07 1 1 0
1  1562 0 0 0.509926
2  1562 495 0 0 0.509926
0

0101000
+1895 0 -1893 0 *
Ed
 1e-07 1 1 0
1  1563 0 0 0.300003000000004
2  1563 495 0 0 0.300003000000004
0

0101000
+1893 0 -1896 0 *
Wi

0101100
+1894 0 +1892 0 +1891 0 *
Fa
0  1e-07 495 0

0101000
+1890 0 *
Ve
1e-07
55.613781 -71.721535 0
0 0

0101101
*
Ve
1e-07
55.103855 -71.421532 0
0 0

0101101
*
Ed
 1e-07 1 1 0
1  1564 0 0 0.591630226987265
2  1564 496 0 0 0.591630226987265
0

0101000
+1888 0 -1887 0 *
Ve
1e-07
56.619835 -71.721535 0
0 0

0101101
*
Ed
 1e-07 1 1 0
1  1565 0 0 1.54537929338043
2  1565 496 0 0 1.54537929338043
0

0101000
+1887 0 -1885 0 *
Ed
 1e-07 1 1 0
1  1566 0 0 1.006054
2  1566 496 0 0 1.006054
0

0101000
+1885 0 -1888 0 *
Wi

0101100
+1886 0 +1884 0 +1883 0 *
Fa
0  1e-07 496 0

0101000
+1882 0 *
Ve
1e-07
53.849079 -71.721535 0
0 0

0101101
*
Ve
1e-07
53.849079 -72.196991 0
0 0

0101101
*
Ed
 1e-07 1 1 0
1  1567 0 0 0.475455999999994
2  1567 497 0 0 0.475455999999994
0

0101000
+1880 0 -1879 0 *
Ve
1e-07
52.757877 -72.196991 0
0 0

0101101
*
Ed
 1e-07 1 1 0
1  1568 0 0 1.091202
2  1568 497 0 0 1.091202
0

0101000
+1879 0 -1877 0 *
Ve
1e-07
52.757877 -71.721535 0
0 0

0101101
*
Ed
 1e-07 1 1 0
1  1569 0 0 0.475455999999994
2  1569 497 0 0 0.475455999999994
0

0101000
+1877 0 -1875 0 *
Ed
 1e-07 1 1 0
1  1570 0 0 1.091202
2  1570 497 0 0 1.091202
0

0101000
+1875 0 -1880 0 *
Wi

0101100
+1878 0 +1876 0 +1874 0 +1873 0 *
Fa
0  1e-07 497 0

0101000
+1872 0 *
Ve
1e-07
59.991814 -71.421532 0
0 0

0101101
*
Ve
1e-07
59.991814 -71.721535 0
0 0

0101101
*
Ed
 1e-07 1 1 0
1  1571 0 0 0.300003000000004
2  1571 498 0 0 0.300003000000004
0

0101000
+1870 0 -1869 0 *
Ve
1e-07
56.619835 -71.721535 0
0 0

0101101
*
Ed
 1e-07 1 1 0
1  1572 0 0 3.371979
2  1572 498 0 0 3.371979
0

0101000
+1869 0 -1867 0 *
Ed
 1e-07 1 1 0
1  1573 0 0 3.38529824039921
2  1573 498 0 0 3.38529824039921
0

0101000
+1867 0 -1870 0 *
Wi

0101100
+1868 0 +1866 0 +1865 0 *
Fa
0  1e-07 498 0

0101000
+1864 0 *
Ve
1e-07
55.103855 -70.35128 0
0 0

0101101
*
Ve
1e-07
56.619835 -71.721535 0
0 0

0101101
*
Ed
 1e-07 1 1 0
1  1574 0 0 2.04347599090985
2  1574 499 0 0 2.04347599090985
0

0101000
+1862 0 -1861 0 *
Ve
1e-07
55.103855 -71.421532 0
0 0

0101101
*
Ed
 1e-07 1 1 0
1  1575 0 0 1.54537929338043
2  1575 499 0 0 1.54537929338043
0

0101000
+1861 0 -1859 0 *
Ed
 1e-07 1 1 0
1  1576 0 0 1.070252
2  1576 499 0 0 1.070252
0

0101000
+1859 0 -1862 0 *
Wi

0101100
+1860 0 +1858 0 +1857 0 *
Fa
0  1e-07 499 0

0101000
+1856 0 *
Ve
1e-07
60.291817 -71.421532 0
0 0

0101101
*
Ve
1e-07
60.379448 -71.721535 0
0 0

0101101
*
Ed
 1e-07 1 1 0
1  1577 0 0 0.312539584964851
2  1577 500 0 0 0.312539584964851
0

0101000
+1854 0 -1853 0 *
Ve
1e-07
60.291817 -71.721535 0
0 0

0101101
*
Ed
 1e-07 1 1 0
1  1578 0 0 0.0876309999999947
2  1578 500 0 0 0.0876309999999947
0

0101000
+1853 0 -1851 0 *
Ed
 1e-07 1 1 0
1  1579 0 0 0.300003000000004
2  1579 500 0 0 0.300003000000004
0

0101000
+1851 0 -1854 0 *
Wi

0101100
+1852 0 +1850 0 +1849 0 *
Fa
0  1e-07 500 0

0101000
+1848 0 *
Ve
1e-07
60.379448 -71.721535 0
0 0

0101101
*
Ve
1e-07
60.291817 -71.421532 0
0 0

0101101
*
Ed
 1e-07 1 1 0
1  1580 0 0 0.312539584964851
2  1580 501 0 0 0.312539584964851
0

0101000
+1846 0 -1845 0 *
Ve
1e-07
60.291817 -70.35128 0
0 0

0101101
*
Ed
 1e-07 1 1 0
1  1581 0 0 1.070252
2  1581 501 0 0 1.070252
0

0101000
+1845 0 -1843 0 *
Ed
 1e-07 1 1 0
1  1582 0 0 1.37305424407996
2  1582 501 0 0 1.37305424407996
0

0101000
+1843 0 -1846 0 *
Wi

0101100
+1844 0 +1842 0 +1841 0 *
Fa
0  1e-07 501 0

0101000
+1840 0 *
Ve
1e-07
55.613781 -71.721535 0
0 0

0101101
*
Ve
1e-07
56.619835 -71.721535 0
0 0

0101101
*
Ed
 1e-07 1 1 0
1  1583 0 0 1.006054
2  1583 502 0 0 1.006054
0

0101000
+1838 0 -1837 0 *
Ve
1e-07
56.619835 -72.196991 0
0 0

0101101
*
Ed
 1e-07 1 1 0
1  1584 0 0 0.475455999999994
2  1584 502 0 0 0.475455999999994
0

0101000
+1837 0 -1835 0 *
Ve
1e-07
55.613781 -72.196991 0
0 0

0101101
*
Ed
 1e-07 1 1 0
1  1585 0 0 1.006054
2  1585 502 0 0 1.006054
0

0101000
+1835 0 -1833 0 *
Ed
 1e-07 1 1 0
1  1586 0 0 0.475455999999994
2  1586 502 0 0 0.475455999999994
0

0101000
+1833 0 -1838 0 *
Wi

0101100
+1836 0 +1834 0 +1832 0 +1831 0 *
Fa
0  1e-07 502 0

0101000
+1830 0 *
Ve
1e-07
56.619835 -71.721535 0
0 0

0101101
*
Ve
1e-07
59.991814 -70.35128 0
0 0

0101101
*
Ed
 1e-07 1 1 0
1  1587 0 0 3.63975839053446
2  1587 503 0 0 3.63975839053446
0

0101000
+1828 0 -1827 0 *
Ve
1e-07
59.991814 -71.421532 0
0 0

0101101
*
Ed
 1e-07 1 1 0
1  1588 0 0 1.070252
2  1588 503 0 0 1.070252
0

0101000
+1827 0 -1825 0 *
Ed
 1e-07 1 1 0
1  1589 0 0 3.38529824039921
2  1589 503 0 0 3.38529824039921
0

0101000
+1825 0 -1828 0 *
Wi

0101100
+1826 0 +1824 0 +1823 0 *
Fa
0  1e-07 503 0

0101000
+1822 0 *
Ve
1e-07
54.697071 -74.158249 0
0 0

0101101
*
Ve
1e-07
51.818459 -72.196991 0
0 0

0101101
*
Ed
 1e-07 1 1 0
1  1590 0 0 3.48323699869935
2  1590 504 0 0 3.48323699869935
0

0101000
+1820 0 -1819 0 *
Ve
1e-07
52.757877 -72.196991 0
0 0

0101101
*
Ed
 1e-07 1 1 0
1  1591 0 0 0.939418000000003
2  1591 504 0 0 0.939418000000003
0

0101000
+1819 0 -1817 0 *
Ed
 1e-07 1 1 0
1  1592 0 0 2.75808018596269
2  1592 504 0 0 2.75808018596269
0

0101000
+1817 0 -1820 0 *
Wi

0101100
+1818 0 +1816 0 +1815 0 *
Fa
0  1e-07 504 0

0101000
+1814 0 *
Ve
1e-07
54.697071 -74.158249 0
0 0

0101101
*
Ve
1e-07
52.757877 -72.196991 0
0 0

0101101
*
Ed
 1e-07 1 1 0
1  1593 0 0 2.75808018596269
2  1593 505 0 0 2.75808018596269
0

0101000
+1812 0 -1811 0 *
Ve
1e-07
53.849079 -72.196991 0
0 0

0101101
*
Ed
 1e-07 1 1 0
1  1594 0 0 1.091202
2  1594 505 0 0 1.091202
0

0101000
+1811 0 -1809 0 *
Ed
 1e-07 1 1 0
1  1595 0 0 2.13673193794355
2  1595 505 0 0 2.13673193794355
0

0101000
+1809 0 -1812 0 *
Wi

0101100
+1810 0 +1808 0 +1807 0 *
Fa
0  1e-07 505 0

0101000
+1806 0 *
Ve
1e-07
51.818459 -72.196991 0
0 0

0101101
*
Ve
1e-07
54.697071 -74.158249 0
0 0

0101101
*
Ed
 1e-07 1 1 0
1  1596 0 0 3.48323699869935
2  1596 506 0 0 3.48323699869935
0

0101000
+1804 0 -1803 0 *
Ve
1e-07
54.05706 -75.198311 0
0 0

0101101
*
Ed
 1e-07 1 1 0
1  1597 0 0 1.22120556990419
2  1597 506 0 0 1.22120556990419
0

0101000
+1803 0 -1801 0 *
Ed
 1e-07 1 1 0
1  1598 0 0 3.74422971779257
2  1598 506 0 0 3.74422971779257
0

0101000
+1801 0 -1804 0 *
Wi

0101100
+1802 0 +1800 0 +1799 0 *
Fa
0  1e-07 506 0

0101000
+1798 0 *
Ve
1e-07
53.849079 -72.196991 0
0 0

0101101
*
Ve
1e-07
54.697071 -72.196991 0
0 0

0101101
*
Ed
 1e-07 1 1 0
1  1599 0 0 0.847991999999998
2  1599 507 0 0 0.847991999999998
0

0101000
+1796 0 -1795 0 *
Ve
1e-07
54.697071 -74.158249 0
0 0

0101101
*
Ed
 1e-07 1 1 0
1  1600 0 0 1.961258
2  1600 507 0 0 1.961258
0

0101000
+1795 0 -1793 0 *
Ed
 1e-07 1 1 0
1  1601 0 0 2.13673193794355
2  1601 507 0 0 2.13673193794355
0

0101000
+1793 0 -1796 0 *
Wi

0101100
+1794 0 +1792 0 +1791 0 *
Fa
0  1e-07 507 0

0101000
+1790 0 *
Ve
1e-07
54.862621 -75.081108 0
0 0

0101101
*
Ve
1e-07
54.697071 -75.081108 0
0 0

0101101
*
Ed
 1e-07 1 1 0
1  1602 0 0 0.165549999999996
2  1602 508 0 0 0.165549999999996
0

0101000
+1788 0 -1787 0 *
Ve
1e-07
54.697071 -74.158249 0
0 0

0101101
*
Ed
 1e-07 1 1 0
1  1603 0 0 0.922859000000003
2  1603 508 0 0 0.922859000000003
0

0101000
+1787 0 -1785 0 *
Ve
1e-07
54.862152 -74.158249 0
0 0

0101101
*
Ed
 1e-07 1 1 0
1  1604 0 0 0.165081000000001
2  1604 508 0 0 0.165081000000001
0

0101000
+1785 0 -1783 0 *
Ed
 1e-07 1 1 0
1  1605 0 0 0.922859119173671
2  1605 508 0 0 0.922859119173671
0

0101000
+1783 0 -1788 0 *
Wi

0101100
+1786 0 +1784 0 +1782 0 +1781 0 *
Fa
0  1e-07 508 0

0101000
+1780 0 *
Ve
1e-07
54.862152 -74.158249 0
0 0

0101101
*
Ve
1e-07
56.803448 -74.158249 0
0 0

0101101
*
Ed
 1e-07 1 1 0
1  1606 0 0 1.941296
2  1606 509 0 0 1.941296
0

0101000
+1778 0 -1777 0 *
Ve
1e-07
54.862621 -75.081108 0
0 0

0101101
*
Ed
 1e-07 1 1 0
1  1607 0 0 2.14906448898353
2  1607 509 0 0 2.14906448898353
0

0101000
+1777 0 -1775 0 *
Ed
 1e-07 1 1 0
1  1608 0 0 0.922859119173671
2  1608 509 0 0 0.922859119173671
0

0101000
+1775 0 -1778 0 *
Wi

0101100
+1776 0 +1774 0 +1773 0 *
Fa
0  1e-07 509 0

0101000
+1772 0 *
Ve
1e-07
55.613781 -72.196991 0
0 0

0101101
*
Ve
1e-07
54.862152 -74.158249 0
0 0

0101101
*
Ed
 1e-07 1 1 0
1  1609 0 0 2.1003521362393
2  1609 510 0 0 2.1003521362393
0

0101000
+1770 0 -1769 0 *
Ve
1e-07
54.862152 -72.196991 0
0 0

0101101
*
Ed
 1e-07 1 1 0
1  1610 0 0 1.961258
2  1610 510 0 0 1.961258
0

0101000
+1769 0 -1767 0 *
Ed
 1e-07 1 1 0
1  1611 0 0 0.751629000000001
2  1611 510 0 0 0.751629000000001
0

0101000
+1767 0 -1770 0 *
Wi

0101100
+1768 0 +1766 0 +1765 0 *
Fa
0  1e-07 510 0

0101000
+1764 0 *
Ve
1e-07
51.818459 -76.464058 0
0 0

0101101
*
Ve
1e-07
51.818459 -72.196991 0
0 0

0101101
*
Ed
 1e-07 1 1 0
1  1612 0 0 4.267067
2  1612 511 0 0 4.267067
0

0101000
+1762 0 -1761 0 *
Ve
1e-07
54.05706 -75.198311 0
0 0

0101101
*
Ed
 1e-07 1 1 0
1  1613 0 0 3.74422971779257
2  1613 511 0 0 3.74422971779257
0

0101000
+1761 0 -1759 0 *
Ed
 1e-07 1 1 0
1  1614 0 0 2.57166286772003
2  1614 511 0 0 2.57166286772003
0

0101000
+1759 0 -1762 0 *
Wi

0101100
+1760 0 +1758 0 +1757 0 *
Fa
0  1e-07 511 0

0101000
+1756 0 *
Ve
1e-07
54.697071 -75.081108 0
0 0

0101101
*
Ve
1e-07
54.05706 -75.198311 0
0 0

0101101
*
Ed
 1e-07 1 1 0
1  1615 0 0 0.650653996629547
2  1615 512 0 0 0.650653996629547
0

0101000
+1754 0 -1753 0 *
Ve
1e-07
54.697071 -74.158249 0
0 0

0101101
*
Ed
 1e-07 1 1 0
1  1616 0 0 1.22120556990419
2  1616 512 0 0 1.22120556990419
0

0101000
+1753 0 -1751 0 *
Ed
 1e-07 1 1 0
1  1617 0 0 0.922859000000003
2  1617 512 0 0 0.922859000000003
0

0101000
+1751 0 -1754 0 *
Wi

0101100
+1752 0 +1750 0 +1749 0 *
Fa
0  1e-07 512 0

0101000
+1748 0 *
Ve
1e-07
44.752888 -75.346893 0
0 0

0101101
*
Ve
1e-07
47.718864 -76.599098 0
0 0

0101101
*
Ed
 1e-07 1 1 0
1  1618 0 0 3.219476820013
2  1618 513 0 0 3.219476820013
0

0101000
+1746 0 -1745 0 *
Ve
1e-07
44.752888 -76.599098 0
0 0

0101101
*
Ed
 1e-07 1 1 0
1  1619 0 0 2.965976
2  1619 513 0 0 2.965976
0

0101000
+1745 0 -1743 0 *
Ed
 1e-07 1 1 0
1  1620 0 0 1.252205
2  1620 513 0 0 1.252205
0

0101000
+1743 0 -1746 0 *
Wi

0101100
+1744 0 +1742 0 +1741 0 *
Fa
0  1e-07 513 0

0101000
+1740 0 *
Ve
1e-07
44.752888 -75.346893 0
0 0

0101101
*
Ve
1e-07
44.714375 -74.508751 0
0 0

0101101
*
Ed
 1e-07 1 1 0
1  1621 0 0 0.839026378210473
2  1621 514 0 0 0.839026378210473
0

0101000
+1738 0 -1737 0 *
Ve
1e-07
47.718864 -76.599098 0
0 0

0101101
*
Ed
 1e-07 1 1 0
1  1622 0 0 3.6601235951167
2  1622 514 0 0 3.6601235951167
0

0101000
+1737 0 -1735 0 *
Ed
 1e-07 1 1 0
1  1623 0 0 3.219476820013
2  1623 514 0 0 3.219476820013
0

0101000
+1735 0 -1738 0 *
Wi

0101100
+1736 0 +1734 0 +1733 0 *
Fa
0  1e-07 514 0

0101000
+1732 0 *
Ve
1e-07
51.521885 -79.566376 0
0 0

0101101
*
Ve
1e-07
50.386547 -76.599098 0
0 0

0101101
*
Ed
 1e-07 1 1 0
1  1624 0 0 3.17706328289634
2  1624 515 0 0 3.17706328289634
0

0101000
+1730 0 -1729 0 *
Ve
1e-07
51.521885 -72.196991 0
0 0

0101101
*
Ed
 1e-07 1 1 0
1  1625 0 0 4.54615644404072
2  1625 515 0 0 4.54615644404072
0

0101000
+1729 0 -1727 0 *
Ed
 1e-07 1 1 0
1  1626 0 0 7.36938500000001
2  1626 515 0 0 7.36938500000001
0

0101000
+1727 0 -1730 0 *
Wi

0101100
+1728 0 +1726 0 +1725 0 *
Fa
0  1e-07 515 0

0101000
+1724 0 *
Ve
1e-07
50.241306 -76.738472 0
0 0

0101101
*
Ve
1e-07
50.241306 -77.921211 0
0 0

0101101
*
Ed
 1e-07 1 1 0
1  1627 0 0 1.182739
2  1627 516 0 0 1.182739
0

0101000
+1722 0 -1721 0 *
Ve
1e-07
48.038303 -76.738472 0
0 0

0101101
*
Ed
 1e-07 1 1 0
1  1628 0 0 2.50041871696122
2  1628 516 0 0 2.50041871696122
0

0101000
+1721 0 -1719 0 *
Ed
 1e-07 1 1 0
1  1629 0 0 2.203003
2  1629 516 0 0 2.203003
0

0101000
+1719 0 -1722 0 *
Wi

0101100
+1720 0 +1718 0 +1717 0 *
Fa
0  1e-07 516 0

0101000
+1716 0 *
Ve
1e-07
47.718864 -72.196991 0
0 0

0101101
*
Ve
1e-07
47.718864 -76.599098 0
0 0

0101101
*
Ed
 1e-07 1 1 0
1  1630 0 0 4.402107
2  1630 517 0 0 4.402107
0

0101000
+1714 0 -1713 0 *
Ve
1e-07
44.714375 -74.508751 0
0 0

0101101
*
Ed
 1e-07 1 1 0
1  1631 0 0 3.6601235951167
2  1631 517 0 0 3.6601235951167
0

0101000
+1713 0 -1711 0 *
Ed
 1e-07 1 1 0
1  1632 0 0 3.79093503620427
2  1632 517 0 0 3.79093503620427
0

0101000
+1711 0 -1714 0 *
Wi

0101100
+1712 0 +1710 0 +1709 0 *
Fa
0  1e-07 517 0

0101000
+1708 0 *
Ve
1e-07
42.845428 -76.553436 0
0 0

0101101
*
Ve
1e-07
42.845585 -75.554909 0
0 0

0101101
*
Ed
 1e-07 1 1 0
1  1633 0 0 0.998527012342691
2  1633 518 0 0 0.998527012342691
0

0101000
+1706 0 -1705 0 *
Ve
1e-07
44.568958 -76.738472 0
0 0

0101101
*
Ed
 1e-07 1 1 0
1  1634 0 0 2.0906544124025
2  1634 518 0 0 2.0906544124025
0

0101000
+1705 0 -1703 0 *
Ed
 1e-07 1 1 0
1  1635 0 0 1.73343415859848
2  1635 518 0 0 1.73343415859848
0

0101000
+1703 0 -1706 0 *
Wi

0101100
+1704 0 +1702 0 +1701 0 *
Fa
0  1e-07 518 0

0101000
+1700 0 *
Ve
1e-07
54.697071 -75.081108 0
0 0

0101101
*
Ve
1e-07
54.697071 -75.198311 0
0 0

0101101
*
Ed
 1e-07 1 1 0
1  1636 0 0 0.117203000000003
2  1636 519 0 0 0.117203000000003
0

0101000
+1698 0 -1697 0 *
Ve
1e-07
54.05706 -75.198311 0
0 0

0101101
*
Ed
 1e-07 1 1 0
1  1637 0 0 0.640011000000001
2  1637 519 0 0 0.640011000000001
0

0101000
+1697 0 -1695 0 *
Ed
 1e-07 1 1 0
1  1638 0 0 0.650653996629547
2  1638 519 0 0 0.650653996629547
0

0101000
+1695 0 -1698 0 *
Wi

0101100
+1696 0 +1694 0 +1693 0 *
Fa
0  1e-07 519 0

0101000
+1692 0 *
Ve
1e-07
55.326176 -75.465759 0
0 0

0101101
*
Ve
1e-07
54.258095 -76.464058 0
0 0

0101101
*
Ed
 1e-07 1 1 0
1  1639 0 0 1.46198423930013
2  1639 520 0 0 1.46198423930013
0

0101000
+1690 0 -1689 0 *
Ve
1e-07
54.258095 -75.285683 0
0 0

0101101
*
Ed
 1e-07 1 1 0
1  1640 0 0 1.17837499999999
2  1640 520 0 0 1.17837499999999
0

0101000
+1689 0 -1687 0 *
Ed
 1e-07 1 1 0
1  1641 0 0 1.08315483119312
2  1641 520 0 0 1.08315483119312
0

0101000
+1687 0 -1690 0 *
Wi

0101100
+1688 0 +1686 0 +1685 0 *
Fa
0  1e-07 520 0

0101000
+1684 0 *
Ve
1e-07
54.05706 -75.198311 0
0 0

0101101
*
Ve
1e-07
54.05706 -76.464058 0
0 0

0101101
*
Ed
 1e-07 1 1 0
1  1642 0 0 1.26574699999999
2  1642 521 0 0 1.26574699999999
0

0101000
+1682 0 -1681 0 *
Ve
1e-07
51.818459 -76.464058 0
0 0

0101101
*
Ed
 1e-07 1 1 0
1  1643 0 0 2.238601
2  1643 521 0 0 2.238601
0

0101000
+1681 0 -1679 0 *
Ed
 1e-07 1 1 0
1  1644 0 0 2.57166286772003
2  1644 521 0 0 2.57166286772003
0

0101000
+1679 0 -1682 0 *
Wi

0101100
+1680 0 +1678 0 +1677 0 *
Fa
0  1e-07 521 0

0101000
+1676 0 *
Ve
1e-07
49.474831 -72.196991 0
0 0

0101101
*
Ve
1e-07
50.386547 -76.599098 0
0 0

0101101
*
Ed
 1e-07 1 1 0
1  1645 0 0 4.49552801171397
2  1645 522 0 0 4.49552801171397
0

0101000
+1674 0 -1673 0 *
Ve
1e-07
48.038303 -76.599098 0
0 0

0101101
*
Ed
 1e-07 1 1 0
1  1646 0 0 2.348244
2  1646 522 0 0 2.348244
0

0101000
+1673 0 -1671 0 *
Ed
 1e-07 1 1 0
1  1647 0 0 4.63056786304153
2  1647 522 0 0 4.63056786304153
0

0101000
+1671 0 -1674 0 *
Wi

0101100
+1672 0 +1670 0 +1669 0 *
Fa
0  1e-07 522 0

0101000
+1668 0 *
Ve
1e-07
51.521885 -72.196991 0
0 0

0101101
*
Ve
1e-07
50.386547 -76.599098 0
0 0

0101101
*
Ed
 1e-07 1 1 0
1  1648 0 0 4.54615644404072
2  1648 523 0 0 4.54615644404072
0

0101000
+1666 0 -1665 0 *
Ve
1e-07
51.225357 -72.196991 0
0 0

0101101
*
Ed
 1e-07 1 1 0
1  1649 0 0 4.4813109974146
2  1649 523 0 0 4.4813109974146
0

0101000
+1665 0 -1663 0 *
Ed
 1e-07 1 1 0
1  1650 0 0 0.296527999999995
2  1650 523 0 0 0.296527999999995
0

0101000
+1663 0 -1666 0 *
Wi

0101100
+1664 0 +1662 0 +1661 0 *
Fa
0  1e-07 523 0

0101000
+1660 0 *
Ve
1e-07
56.803448 -74.158249 0
0 0

0101101
*
Ve
1e-07
55.613781 -72.196991 0
0 0

0101101
*
Ed
 1e-07 1 1 0
1  1651 0 0 2.29387020414255
2  1651 524 0 0 2.29387020414255
0

0101000
+1658 0 -1657 0 *
Ve
1e-07
56.619835 -72.196991 0
0 0

0101101
*
Ed
 1e-07 1 1 0
1  1652 0 0 1.006054
2  1652 524 0 0 1.006054
0

0101000
+1657 0 -1655 0 *
Ed
 1e-07 1 1 0
1  1653 0 0 1.96983417483122
2  1653 524 0 0 1.96983417483122
0

0101000
+1655 0 -1658 0 *
Wi

0101100
+1656 0 +1654 0 +1653 0 *
Fa
0  1e-07 524 0

0101000
+1652 0 *
Ve
1e-07
56.803448 -72.196991 0
0 0

0101101
*
Ve
1e-07
56.803448 -74.158249 0
0 0

0101101
*
Ed
 1e-07 1 1 0
1  1654 0 0 1.961258
2  1654 525 0 0 1.961258
0

0101000
+1650 0 -1649 0 *
Ve
1e-07
56.619835 -72.196991 0
0 0

0101101
*
Ed
 1e-07 1 1 0
1  1655 0 0 1.96983417483122
2  1655 525 0 0 1.96983417483122
0

0101000
+1649 0 -1647 0 *
Ed
 1e-07 1 1 0
1  1656 0 0 0.183613000000001
2  1656 525 0 0 0.183613000000001
0

0101000
+1647 0 -1650 0 *
Wi

0101100
+1648 0 +1646 0 +1645 0 *
Fa
0  1e-07 525 0

0101000
+1644 0 *
Ve
1e-07
60.015644 -72.613014 0
0 0

0101101
*
Ve
1e-07
56.981743 -74.158249 0
0 0

0101101
*
Ed
 1e-07 1 1 0
1  1657 0 0 3.40474763866956
2  1657 526 0 0 3.40474763866956
0

0101000
+1642 0 -1641 0 *
Ve
1e-07
56.981743 -72.200996 0
0 0

0101101
*
Ed
 1e-07 1 1 0
1  1658 0 0 1.95725299999999
2  1658 526 0 0 1.95725299999999
0

0101000
+1641 0 -1639 0 *
Ed
 1e-07 1 1 0
1  1659 0 0 3.06175017108271
2  1659 526 0 0 3.06175017108271
0

0101000
+1639 0 -1642 0 *
Wi

0101100
+1640 0 +1638 0 +1637 0 *
Fa
0  1e-07 526 0

0101000
+1636 0 *
Ve
1e-07
56.981743 -74.158249 0
0 0

0101101
*
Ve
1e-07
56.833164 -75.109161 0
0 0

0101101
*
Ed
 1e-07 1 1 0
1  1660 0 0 0.96244966153301
2  1660 527 0 0 0.96244966153301
0

0101000
+1634 0 -1633 0 *
Ve
1e-07
56.803448 -74.158249 0
0 0

0101101
*
Ed
 1e-07 1 1 0
1  1661 0 0 0.951376199197775
2  1661 527 0 0 0.951376199197775
0

0101000
+1633 0 -1631 0 *
Ed
 1e-07 1 1 0
1  1662 0 0 0.178294999999999
2  1662 527 0 0 0.178294999999999
0

0101000
+1631 0 -1634 0 *
Wi

0101100
+1632 0 +1630 0 +1629 0 *
Fa
0  1e-07 527 0

0101000
+1628 0 *
Ve
1e-07
56.803448 -74.158249 0
0 0

0101101
*
Ve
1e-07
56.833164 -75.109161 0
0 0

0101101
*
Ed
 1e-07 1 1 0
1  1663 0 0 0.951376199197775
2  1663 528 0 0 0.951376199197775
0

0101000
+1626 0 -1625 0 *
Ve
1e-07
54.862621 -75.081108 0
0 0

0101101
*
Ed
 1e-07 1 1 0
1  1664 0 0 1.97074267362789
2  1664 528 0 0 1.97074267362789
0

0101000
+1625 0 -1623 0 *
Ed
 1e-07 1 1 0
1  1665 0 0 2.14906448898353
2  1665 528 0 0 2.14906448898353
0

0101000
+1623 0 -1626 0 *
Wi

0101100
+1624 0 +1622 0 +1621 0 *
Fa
0  1e-07 528 0

0101000
+1620 0 *
Ve
1e-07
60.379311 -74.046402 0
0 0

0101101
*
Ve
1e-07
60.015644 -72.613014 0
0 0

0101101
*
Ed
 1e-07 1 1 0
1  1666 0 0 1.47880182764053
2  1666 529 0 0 1.47880182764053
0

0101000
+1618 0 -1617 0 *
Ve
1e-07
60.379395 -72.613014 0
0 0

0101101
*
Ed
 1e-07 1 1 0
1  1667 0 0 0.363751000000001
2  1667 529 0 0 0.363751000000001
0

0101000
+1617 0 -1615 0 *
Ed
 1e-07 1 1 0
1  1668 0 0 1.4333880024613
2  1668 529 0 0 1.4333880024613
0

0101000
+1615 0 -1618 0 *
Wi

0101100
+1616 0 +1614 0 +1613 0 *
Fa
0  1e-07 529 0

0101000
+1612 0 *
Ve
1e-07
60.015644 -72.613014 0
0 0

0101101
*
Ve
1e-07
60.015644 -74.046402 0
0 0

0101101
*
Ed
 1e-07 1 1 0
1  1669 0 0 1.43338799999999
2  1669 530 0 0 1.43338799999999
0

0101000
+1610 0 -1609 0 *
Ve
1e-07
56.981743 -74.158249 0
0 0

0101101
*
Ed
 1e-07 1 1 0
1  1670 0 0 3.03596196109405
2  1670 530 0 0 3.03596196109405
0

0101000
+1609 0 -1607 0 *
Ed
 1e-07 1 1 0
1  1671 0 0 3.40474763866956
2  1671 530 0 0 3.40474763866956
0

0101000
+1607 0 -1610 0 *
Wi

0101100
+1608 0 +1606 0 +1605 0 *
Fa
0  1e-07 530 0

0101000
+1604 0 *
Ve
1e-07
60.015644 -74.046402 0
0 0

0101101
*
Ve
1e-07
60.015644 -75.762917 0
0 0

0101101
*
Ed
 1e-07 1 1 0
1  1672 0 0 1.716515
2  1672 531 0 0 1.716515
0

0101000
+1602 0 -1601 0 *
Ve
1e-07
56.986015 -75.109123 0
0 0

0101101
*
Ed
 1e-07 1 1 0
1  1673 0 0 3.09937065742015
2  1673 531 0 0 3.09937065742015
0

0101000
+1601 0 -1599 0 *
Ed
 1e-07 1 1 0
1  1674 0 0 3.21061174879212
2  1674 531 0 0 3.21061174879212
0

0101000
+1599 0 -1602 0 *
Wi

0101100
+1600 0 +1598 0 +1597 0 *
Fa
0  1e-07 531 0

0101000
+1596 0 *
Ve
1e-07
60.015644 -74.046402 0
0 0

0101101
*
Ve
1e-07
56.986015 -75.109123 0
0 0

0101101
*
Ed
 1e-07 1 1 0
1  1675 0 0 3.21061174879212
2  1675 532 0 0 3.21061174879212
0

0101000
+1594 0 -1593 0 *
Ve
1e-07
56.981743 -74.158249 0
0 0

0101101
*
Ed
 1e-07 1 1 0
1  1676 0 0 0.9508835963776
2  1676 532 0 0 0.9508835963776
0

0101000
+1593 0 -1591 0 *
Ed
 1e-07 1 1 0
1  1677 0 0 3.03596196109405
2  1677 532 0 0 3.03596196109405
0

0101000
+1591 0 -1594 0 *
Wi

0101100
+1592 0 +1590 0 +1589 0 *
Fa
0  1e-07 532 0

0101000
+1588 0 *
Ve
1e-07
60.015644 -72.613014 0
0 0

0101101
*
Ve
1e-07
60.379311 -74.046402 0
0 0

0101101
*
Ed
 1e-07 1 1 0
1  1678 0 0 1.47880182764053
2  1678 533 0 0 1.47880182764053
0

0101000
+1586 0 -1585 0 *
Ve
1e-07
60.015644 -74.046402 0
0 0

0101101
*
Ed
 1e-07 1 1 0
1  1679 0 0 0.363667
2  1679 533 0 0 0.363667
0

0101000
+1585 0 -1583 0 *
Ed
 1e-07 1 1 0
1  1680 0 0 1.43338799999999
2  1680 533 0 0 1.43338799999999
0

0101000
+1583 0 -1586 0 *
Wi

0101100
+1584 0 +1582 0 +1581 0 *
Fa
0  1e-07 533 0

0101000
+1580 0 *
Ve
1e-07
60.015644 -72.196991 0
0 0

0101101
*
Ve
1e-07
60.015644 -72.613014 0
0 0

0101101
*
Ed
 1e-07 1 1 0
1  1681 0 0 0.41602300000001
2  1681 534 0 0 0.41602300000001
0

0101000
+1578 0 -1577 0 *
Ve
1e-07
56.981743 -72.200996 0
0 0

0101101
*
Ed
 1e-07 1 1 0
1  1682 0 0 3.06175017108271
2  1682 534 0 0 3.06175017108271
0

0101000
+1577 0 -1575 0 *
Ed
 1e-07 1 1 0
1  1683 0 0 3.03390364346431
2  1683 534 0 0 3.03390364346431
0

0101000
+1575 0 -1578 0 *
Wi

0101100
+1576 0 +1574 0 +1573 0 *
Fa
0  1e-07 534 0

0101000
+1572 0 *
Ve
1e-07
56.981743 -74.158249 0
0 0

0101101
*
Ve
1e-07
56.986015 -75.109123 0
0 0

0101101
*
Ed
 1e-07 1 1 0
1  1684 0 0 0.9508835963776
2  1684 535 0 0 0.9508835963776
0

0101000
+1570 0 -1569 0 *
Ve
1e-07
56.833164 -75.109161 0
0 0

0101101
*
Ed
 1e-07 1 1 0
1  1685 0 0 0.15285100472356
2  1685 535 0 0 0.15285100472356
0

0101000
+1569 0 -1567 0 *
Ed
 1e-07 1 1 0
1  1686 0 0 0.96244966153301
2  1686 535 0 0 0.96244966153301
0

0101000
+1567 0 -1570 0 *
Wi

0101100
+1568 0 +1566 0 +1565 0 *
Fa
0  1e-07 535 0

0101000
+1564 0 *
Ve
1e-07
54.862621 -75.198311 0
0 0

0101101
*
Ve
1e-07
54.862621 -75.081108 0
0 0

0101101
*
Ed
 1e-07 1 1 0
1  1687 0 0 0.117203000000003
2  1687 536 0 0 0.117203000000003
0

0101000
+1562 0 -1561 0 *
Ve
1e-07
55.504471 -75.198311 0
0 0

0101101
*
Ed
 1e-07 1 1 0
1  1688 0 0 0.65246299949423
2  1688 536 0 0 0.65246299949423
0

0101000
+1561 0 -1559 0 *
Ed
 1e-07 1 1 0
1  1689 0 0 0.641850000000005
2  1689 536 0 0 0.641850000000005
0

0101000
+1559 0 -1562 0 *
Wi

0101100
+1560 0 +1558 0 +1557 0 *
Fa
0  1e-07 536 0

0101000
+1556 0 *
Ve
1e-07
54.258095 -75.285683 0
0 0

0101101
*
Ve
1e-07
55.326176 -75.285683 0
0 0

0101101
*
Ed
 1e-07 1 1 0
1  1690 0 0 1.068081
2  1690 537 0 0 1.068081
0

0101000
+1554 0 -1553 0 *
Ve
1e-07
55.326176 -75.465759 0
0 0

0101101
*
Ed
 1e-07 1 1 0
1  1691 0 0 0.180076
2  1691 537 0 0 0.180076
0

0101000
+1553 0 -1551 0 *
Ed
 1e-07 1 1 0
1  1692 0 0 1.08315483119312
2  1692 537 0 0 1.08315483119312
0

0101000
+1551 0 -1554 0 *
Wi

0101100
+1552 0 +1550 0 +1549 0 *
Fa
0  1e-07 537 0

0101000
+1548 0 *
Ve
1e-07
55.326176 -75.465759 0
0 0

0101101
*
Ve
1e-07
55.504471 -75.465759 0
0 0

0101101
*
Ed
 1e-07 1 1 0
1  1693 0 0 0.178295000000006
2  1693 538 0 0 0.178295000000006
0

0101000
+1546 0 -1545 0 *
Ve
1e-07
55.504471 -76.464058 0
0 0

0101101
*
Ed
 1e-07 1 1 0
1  1694 0 0 0.998298999999989
2  1694 538 0 0 0.998298999999989
0

0101000
+1545 0 -1543 0 *
Ed
 1e-07 1 1 0
1  1695 0 0 1.01409565644764
2  1695 538 0 0 1.01409565644764
0

0101000
+1543 0 -1546 0 *
Wi

0101100
+1544 0 +1542 0 +1541 0 *
Fa
0  1e-07 538 0

0101000
+1540 0 *
Ve
1e-07
56.833164 -75.109161 0
0 0

0101101
*
Ve
1e-07
56.833164 -76.565254 0
0 0

0101101
*
Ed
 1e-07 1 1 0
1  1696 0 0 1.456093
2  1696 539 0 0 1.456093
0

0101000
+1538 0 -1537 0 *
Ve
1e-07
55.504471 -76.464058 0
0 0

0101101
*
Ed
 1e-07 1 1 0
1  1697 0 0 1.33254107578903
2  1697 539 0 0 1.33254107578903
0

0101000
+1537 0 -1535 0 *
Ve
1e-07
55.504471 -75.465759 0
0 0

0101101
*
Ed
 1e-07 1 1 0
1  1698 0 0 0.998298999999989
2  1698 539 0 0 0.998298999999989
0

0101000
+1535 0 -1533 0 *
Ed
 1e-07 1 1 0
1  1699 0 0 1.37571335017619
2  1699 539 0 0 1.37571335017619
0

0101000
+1533 0 -1538 0 *
Wi

0101100
+1536 0 +1534 0 +1532 0 +1531 0 *
Fa
0  1e-07 539 0

0101000
+1530 0 *
Ve
1e-07
55.326176 -75.465759 0
0 0

0101101
*
Ve
1e-07
55.504471 -76.464058 0
0 0

0101101
*
Ed
 1e-07 1 1 0
1  1700 0 0 1.01409565644764
2  1700 540 0 0 1.01409565644764
0

0101000
+1528 0 -1527 0 *
Ve
1e-07
54.258095 -76.464058 0
0 0

0101101
*
Ed
 1e-07 1 1 0
1  1701 0 0 1.24637600000001
2  1701 540 0 0 1.24637600000001
0

0101000
+1527 0 -1525 0 *
Ed
 1e-07 1 1 0
1  1702 0 0 1.46198423930013
2  1702 540 0 0 1.46198423930013
0

0101000
+1525 0 -1528 0 *
Wi

0101100
+1526 0 +1524 0 +1523 0 *
Fa
0  1e-07 540 0

0101000
+1522 0 *
Ve
1e-07
55.504471 -75.465759 0
0 0

0101101
*
Ve
1e-07
55.504471 -75.198311 0
0 0

0101101
*
Ed
 1e-07 1 1 0
1  1703 0 0 0.267448000000002
2  1703 541 0 0 0.267448000000002
0

0101000
+1520 0 -1519 0 *
Ve
1e-07
56.833164 -75.109161 0
0 0

0101101
*
Ed
 1e-07 1 1 0
1  1704 0 0 1.33168044618406
2  1704 541 0 0 1.33168044618406
0

0101000
+1519 0 -1517 0 *
Ed
 1e-07 1 1 0
1  1705 0 0 1.37571335017619
2  1705 541 0 0 1.37571335017619
0

0101000
+1517 0 -1520 0 *
Wi

0101100
+1518 0 +1516 0 +1515 0 *
Fa
0  1e-07 541 0

0101000
+1514 0 *
Ve
1e-07
60.015644 -75.762917 0
0 0

0101101
*
Ve
1e-07
56.986015 -75.762871 0
0 0

0101101
*
Ed
 1e-07 1 1 0
1  1706 0 0 3.02962900034922
2  1706 542 0 0 3.02962900034922
0

0101000
+1512 0 -1511 0 *
Ve
1e-07
56.986015 -75.109123 0
0 0

0101101
*
Ed
 1e-07 1 1 0
1  1707 0 0 0.653748000000007
2  1707 542 0 0 0.653748000000007
0

0101000
+1511 0 -1509 0 *
Ed
 1e-07 1 1 0
1  1708 0 0 3.09937065742015
2  1708 542 0 0 3.09937065742015
0

0101000
+1509 0 -1512 0 *
Wi

0101100
+1510 0 +1508 0 +1507 0 *
Fa
0  1e-07 542 0

0101000
+1506 0 *
Ve
1e-07
60.015644 -77.427017 0
0 0

0101101
*
Ve
1e-07
56.987072 -76.565208 0
0 0

0101101
*
Ed
 1e-07 1 1 0
1  1709 0 0 3.14880344125591
2  1709 543 0 0 3.14880344125591
0

0101000
+1504 0 -1503 0 *
Ve
1e-07
60.015644 -75.911499 0
0 0

0101101
*
Ed
 1e-07 1 1 0
1  1710 0 0 3.09831951481202
2  1710 543 0 0 3.09831951481202
0

0101000
+1503 0 -1501 0 *
Ed
 1e-07 1 1 0
1  1711 0 0 1.515518
2  1711 543 0 0 1.515518
0

0101000
+1501 0 -1504 0 *
Wi

0101100
+1502 0 +1500 0 +1499 0 *
Fa
0  1e-07 543 0

0101000
+1498 0 *
Ve
1e-07
56.987072 -75.911453 0
0 0

0101101
*
Ve
1e-07
60.015644 -75.911499 0
0 0

0101101
*
Ed
 1e-07 1 1 0
1  1712 0 0 3.02857200034934
2  1712 544 0 0 3.02857200034934
0

0101000
+1496 0 -1495 0 *
Ve
1e-07
56.987072 -76.565208 0
0 0

0101101
*
Ed
 1e-07 1 1 0
1  1713 0 0 3.09831951481202
2  1713 544 0 0 3.09831951481202
0

0101000
+1495 0 -1493 0 *
Ed
 1e-07 1 1 0
1  1714 0 0 0.653755000000004
2  1714 544 0 0 0.653755000000004
0

0101000
+1493 0 -1496 0 *
Wi

0101100
+1494 0 +1492 0 +1491 0 *
Fa
0  1e-07 544 0

0101000
+1490 0 *
Ve
1e-07
55.504471 -76.464058 0
0 0

0101101
*
Ve
1e-07
56.833164 -76.565254 0
0 0

0101101
*
Ed
 1e-07 1 1 0
1  1715 0 0 1.33254107578903
2  1715 545 0 0 1.33254107578903
0

0101000
+1488 0 -1487 0 *
Ve
1e-07
55.504471 -76.951561 0
0 0

0101101
*
Ed
 1e-07 1 1 0
1  1716 0 0 1.38371174255984
2  1716 545 0 0 1.38371174255984
0

0101000
+1487 0 -1485 0 *
Ed
 1e-07 1 1 0
1  1717 0 0 0.487503000000004
2  1717 545 0 0 0.487503000000004
0

0101000
+1485 0 -1488 0 *
Wi

0101100
+1486 0 +1484 0 +1483 0 *
Fa
0  1e-07 545 0

0101000
+1482 0 *
Ve
1e-07
54.862621 -75.081108 0
0 0

0101101
*
Ve
1e-07
56.833164 -75.109161 0
0 0

0101101
*
Ed
 1e-07 1 1 0
1  1718 0 0 1.97074267362789
2  1718 546 0 0 1.97074267362789
0

0101000
+1480 0 -1479 0 *
Ve
1e-07
55.504471 -75.198311 0
0 0

0101101
*
Ed
 1e-07 1 1 0
1  1719 0 0 1.33168044618406
2  1719 546 0 0 1.33168044618406
0

0101000
+1479 0 -1477 0 *
Ed
 1e-07 1 1 0
1  1720 0 0 0.65246299949423
2  1720 546 0 0 0.65246299949423
0

0101000
+1477 0 -1480 0 *
Wi

0101100
+1478 0 +1476 0 +1475 0 *
Fa
0  1e-07 546 0

0101000
+1474 0 *
Ve
1e-07
55.613781 -72.196991 0
0 0

0101101
*
Ve
1e-07
56.803448 -74.158249 0
0 0

0101101
*
Ed
 1e-07 1 1 0
1  1721 0 0 2.29387020414255
2  1721 547 0 0 2.29387020414255
0

0101000
+1472 0 -1471 0 *
Ve
1e-07
54.862152 -74.158249 0
0 0

0101101
*
Ed
 1e-07 1 1 0
1  1722 0 0 1.941296
2  1722 547 0 0 1.941296
0

0101000
+1471 0 -1469 0 *
Ed
 1e-07 1 1 0
1  1723 0 0 2.1003521362393
2  1723 547 0 0 2.1003521362393
0

0101000
+1469 0 -1472 0 *
Wi

0101100
+1470 0 +1468 0 +1467 0 *
Fa
0  1e-07 547 0

0101000
+1466 0 *
Ve
1e-07
56.987072 -76.565208 0
0 0

0101101
*
Ve
1e-07
55.504471 -76.951561 0
0 0

0101101
*
Ed
 1e-07 1 1 0
1  1724 0 0 1.53211434488748
2  1724 548 0 0 1.53211434488748
0

0101000
+1464 0 -1463 0 *
Ve
1e-07
56.833164 -76.565254 0
0 0

0101101
*
Ed
 1e-07 1 1 0
1  1725 0 0 1.38371174255984
2  1725 548 0 0 1.38371174255984
0

0101000
+1463 0 -1461 0 *
Ed
 1e-07 1 1 0
1  1726 0 0 0.153908006874238
2  1726 548 0 0 0.153908006874238
0

0101000
+1461 0 -1464 0 *
Wi

0101100
+1462 0 +1460 0 +1459 0 *
Fa
0  1e-07 548 0

0101000
+1458 0 *
Ve
1e-07
32.938137 -76.892128 0
0 0

0101101
*
Ve
1e-07
33.276855 -76.892128 0
0 0

0101101
*
Ed
 1e-07 1 1 0
1  1727 0 0 0.338718
2  1727 549 0 0 0.338718
0

0101000
+1456 0 -1455 0 *
Ve
1e-07
33.284359 -79.536858 0
0 0

0101101
*
Ed
 1e-07 1 1 0
1  1728 0 0 2.64474064568078
2  1728 549 0 0 2.64474064568078
0

0101000
+1455 0 -1453 0 *
Ve
1e-07
32.938137 -79.536858 0
0 0

0101101
*
Ed
 1e-07 1 1 0
1  1729 0 0 0.346222000000004
2  1729 549 0 0 0.346222000000004
0

0101000
+1453 0 -1451 0 *
Ed
 1e-07 1 1 0
1  1730 0 0 2.64473
2  1730 549 0 0 2.64473
0

0101000
+1451 0 -1456 0 *
Wi

0101100
+1454 0 +1452 0 +1450 0 +1449 0 *
Fa
0  1e-07 549 0

0101000
+1448 0 *
Ve
1e-07
31.699804 -78.196014 0
0 0

0101101
*
Ve
1e-07
31.699804 -77.611816 0
0 0

0101101
*
Ed
 1e-07 1 1 0
1  1731 0 0 0.584198000000001
2  1731 550 0 0 0.584198000000001
0

0101000
+1446 0 -1445 0 *
Ve
1e-07
32.689709 -77.611816 0
0 0

0101101
*
Ed
 1e-07 1 1 0
1  1732 0 0 0.989905
2  1732 550 0 0 0.989905
0

0101000
+1445 0 -1443 0 *
Ed
 1e-07 1 1 0
1  1733 0 0 1.14943430096243
2  1733 550 0 0 1.14943430096243
0

0101000
+1443 0 -1446 0 *
Wi

0101100
+1444 0 +1442 0 +1441 0 *
Fa
0  1e-07 550 0

0101000
+1440 0 *
Ve
1e-07
31.522161 -76.592049 0
0 0

0101101
*
Ve
1e-07
31.522161 -78.196014 0
0 0

0101101
*
Ed
 1e-07 1 1 0
1  1734 0 0 1.603965
2  1734 551 0 0 1.603965
0

0101000
+1438 0 -1437 0 *
Ve
1e-07
30.347359 -77.84304 0
0 0

0101101
*
Ed
 1e-07 1 1 0
1  1735 0 0 1.22668267448432
2  1735 551 0 0 1.22668267448432
0

0101000
+1437 0 -1435 0 *
Ed
 1e-07 1 1 0
1  1736 0 0 1.71614050161547
2  1736 551 0 0 1.71614050161547
0

0101000
+1435 0 -1438 0 *
Wi

0101100
+1436 0 +1434 0 +1433 0 *
Fa
0  1e-07 551 0

0101000
+1432 0 *
Ve
1e-07
31.699804 -78.196014 0
0 0

0101101
*
Ve
1e-07
30.342764 -78.790024 0
0 0

0101101
*
Ed
 1e-07 1 1 0
1  1737 0 0 1.48135257170601
2  1737 552 0 0 1.48135257170601
0

0101000
+1430 0 -1429 0 *
Ve
1e-07
31.522161 -78.196014 0
0 0

0101101
*
Ed
 1e-07 1 1 0
1  1738 0 0 1.32053972439643
2  1738 552 0 0 1.32053972439643
0

0101000
+1429 0 -1427 0 *
Ed
 1e-07 1 1 0
1  1739 0 0 0.177643
2  1739 552 0 0 0.177643
0

0101000
+1427 0 -1430 0 *
Wi

0101100
+1428 0 +1426 0 +1425 0 *
Fa
0  1e-07 552 0

0101000
+1424 0 *
Ve
1e-07
30.156668 -78.790024 0
0 0

0101101
*
Ve
1e-07
31.522161 -78.196014 0
0 0

0101101
*
Ed
 1e-07 1 1 0
1  1740 0 0 1.48910006821201
2  1740 553 0 0 1.48910006821201
0

0101000
+1422 0 -1421 0 *
Ve
1e-07
30.342764 -78.790024 0
0 0

0101101
*
Ed
 1e-07 1 1 0
1  1741 0 0 1.32053972439643
2  1741 553 0 0 1.32053972439643
0

0101000
+1421 0 -1419 0 *
Ed
 1e-07 1 1 0
1  1742 0 0 0.186095999999999
2  1742 553 0 0 0.186095999999999
0

0101000
+1419 0 -1422 0 *
Wi

0101100
+1420 0 +1418 0 +1417 0 *
Fa
0  1e-07 553 0

0101000
+1416 0 *
Ve
1e-07
33.284359 -79.536858 0
0 0

0101101
*
Ve
1e-07
33.276855 -76.892128 0
0 0

0101101
*
Ed
 1e-07 1 1 0
1  1743 0 0 2.64474064568078
2  1743 554 0 0 2.64474064568078
0

0101000
+1414 0 -1413 0 *
Ve
1e-07
34.554646 -79.739662 0
0 0

0101101
*
Ed
 1e-07 1 1 0
1  1744 0 0 3.12108950862307
2  1744 554 0 0 3.12108950862307
0

0101000
+1413 0 -1411 0 *
Ed
 1e-07 1 1 0
1  1745 0 0 1.28637417759569
2  1745 554 0 0 1.28637417759569
0

0101000
+1411 0 -1414 0 *
Wi

0101100
+1412 0 +1410 0 +1409 0 *
Fa
0  1e-07 554 0

0101000
+1408 0 *
Ve
1e-07
37.674831 -79.091118 0
0 0

0101101
*
Ve
1e-07
36.68293 -79.536858 0
0 0

0101101
*
Ed
 1e-07 1 1 0
1  1746 0 0 1.08745194900786
2  1746 555 0 0 1.08745194900786
0

0101000
+1406 0 -1405 0 *
Ve
1e-07
36.551609 -78.229355 0
0 0

0101101
*
Ed
 1e-07 1 1 0
1  1747 0 0 1.31408116189602
2  1747 555 0 0 1.31408116189602
0

0101000
+1405 0 -1403 0 *
Ed
 1e-07 1 1 0
1  1748 0 0 1.41572000390366
2  1748 555 0 0 1.41572000390366
0

0101000
+1403 0 -1406 0 *
Wi

0101100
+1404 0 +1402 0 +1401 0 *
Fa
0  1e-07 555 0

0101000
+1400 0 *
Ve
1e-07
36.68293 -79.536858 0
0 0

0101101
*
Ve
1e-07
34.732941 -79.739662 0
0 0

0101101
*
Ed
 1e-07 1 1 0
1  1749 0 0 1.9605067106585
2  1749 556 0 0 1.9605067106585
0

0101000
+1398 0 -1397 0 *
Ve
1e-07
36.551609 -78.229355 0
0 0

0101101
*
Ed
 1e-07 1 1 0
1  1750 0 0 2.36401787820503
2  1750 556 0 0 2.36401787820503
0

0101000
+1397 0 -1395 0 *
Ed
 1e-07 1 1 0
1  1751 0 0 1.31408116189602
2  1751 556 0 0 1.31408116189602
0

0101000
+1395 0 -1398 0 *
Wi

0101100
+1396 0 +1394 0 +1393 0 *
Fa
0  1e-07 556 0

0101000
+1392 0 *
Ve
1e-07
36.694202 -77.601173 0
0 0

0101101
*
Ve
1e-07
37.763329 -78.202896 0
0 0

0101101
*
Ed
 1e-07 1 1 0
1  1752 0 0 1.22682643876711
2  1752 557 0 0 1.22682643876711
0

0101000
+1390 0 -1389 0 *
Ve
1e-07
36.694202 -78.229355 0
0 0

0101101
*
Ed
 1e-07 1 1 0
1  1753 0 0 1.06945435658096
2  1753 557 0 0 1.06945435658096
0

0101000
+1389 0 -1387 0 *
Ed
 1e-07 1 1 0
1  1754 0 0 0.628181999999995
2  1754 557 0 0 0.628181999999995
0

0101000
+1387 0 -1390 0 *
Wi

0101100
+1388 0 +1386 0 +1385 0 *
Fa
0  1e-07 557 0

0101000
+1384 0 *
Ve
1e-07
34.554646 -79.739662 0
0 0

0101101
*
Ve
1e-07
33.276855 -76.892128 0
0 0

0101101
*
Ed
 1e-07 1 1 0
1  1755 0 0 3.12108950862307
2  1755 558 0 0 3.12108950862307
0

0101000
+1382 0 -1381 0 *
Ve
1e-07
34.554646 -76.624687 0
0 0

0101101
*
Ed
 1e-07 1 1 0
1  1756 0 0 1.30547865863905
2  1756 558 0 0 1.30547865863905
0

0101000
+1381 0 -1379 0 *
Ed
 1e-07 1 1 0
1  1757 0 0 3.114975
2  1757 558 0 0 3.114975
0

0101000
+1379 0 -1382 0 *
Wi

0101100
+1380 0 +1378 0 +1377 0 *
Fa
0  1e-07 558 0

0101000
+1376 0 *
Ve
1e-07
34.732941 -76.868149 0
0 0

0101101
*
Ve
1e-07
36.551609 -76.868149 0
0 0

0101101
*
Ed
 1e-07 1 1 0
1  1758 0 0 1.818668
2  1758 559 0 0 1.818668
0

0101000
+1374 0 -1373 0 *
Ve
1e-07
36.551609 -78.229355 0
0 0

0101101
*
Ed
 1e-07 1 1 0
1  1759 0 0 1.361206
2  1759 559 0 0 1.361206
0

0101000
+1373 0 -1371 0 *
Ed
 1e-07 1 1 0
1  1760 0 0 2.27165910045059
2  1760 559 0 0 2.27165910045059
0

0101000
+1371 0 -1374 0 *
Wi

0101100
+1372 0 +1370 0 +1369 0 *
Fa
0  1e-07 559 0

0101000
+1368 0 *
Ve
1e-07
31.553324 -79.091118 0
0 0

0101101
*
Ve
1e-07
30.342764 -78.790024 0
0 0

0101101
*
Ed
 1e-07 1 1 0
1  1761 0 0 1.24744262811401
2  1761 560 0 0 1.24744262811401
0

0101000
+1366 0 -1365 0 *
Ve
1e-07
31.665012 -79.091118 0
0 0

0101101
*
Ed
 1e-07 1 1 0
1  1762 0 0 1.35609637206948
2  1762 560 0 0 1.35609637206948
0

0101000
+1365 0 -1363 0 *
Ed
 1e-07 1 1 0
1  1763 0 0 0.111688000000001
2  1763 560 0 0 0.111688000000001
0

0101000
+1363 0 -1366 0 *
Wi

0101100
+1364 0 +1362 0 +1361 0 *
Fa
0  1e-07 560 0

0101000
+1360 0 *
Ve
1e-07
31.665012 -79.091118 0
0 0

0101101
*
Ve
1e-07
30.342764 -78.790024 0
0 0

0101101
*
Ed
 1e-07 1 1 0
1  1764 0 0 1.35609637206948
2  1764 561 0 0 1.35609637206948
0

0101000
+1358 0 -1357 0 *
Ve
1e-07
31.699804 -78.196014 0
0 0

0101101
*
Ed
 1e-07 1 1 0
1  1765 0 0 1.48135257170601
2  1765 561 0 0 1.48135257170601
0

0101000
+1357 0 -1355 0 *
Ed
 1e-07 1 1 0
1  1766 0 0 0.895779913862764
2  1766 561 0 0 0.895779913862764
0

0101000
+1355 0 -1358 0 *
Wi

0101100
+1356 0 +1354 0 +1353 0 *
Fa
0  1e-07 561 0

0101000
+1352 0 *
Ve
1e-07
32.689709 -79.536858 0
0 0

0101101
*
Ve
1e-07
31.665012 -79.536858 0
0 0

0101101
*
Ed
 1e-07 1 1 0
1  1767 0 0 1.024697
2  1767 562 0 0 1.024697
0

0101000
+1350 0 -1349 0 *
Ve
1e-07
31.665012 -79.091118 0
0 0

0101101
*
Ed
 1e-07 1 1 0
1  1768 0 0 0.445740000000001
2  1768 562 0 0 0.445740000000001
0

0101000
+1349 0 -1347 0 *
Ed
 1e-07 1 1 0
1  1769 0 0 1.11744713047598
2  1769 562 0 0 1.11744713047598
0

0101000
+1347 0 -1350 0 *
Wi

0101100
+1348 0 +1346 0 +1345 0 *
Fa
0  1e-07 562 0

0101000
+1344 0 *
Ve
1e-07
30.342764 -79.393097 0
0 0

0101101
*
Ve
1e-07
31.553324 -79.091118 0
0 0

0101101
*
Ed
 1e-07 1 1 0
1  1770 0 0 1.24765653528565
2  1770 563 0 0 1.24765653528565
0

0101000
+1342 0 -1341 0 *
Ve
1e-07
31.553324 -79.863739 0
0 0

0101101
*
Ed
 1e-07 1 1 0
1  1771 0 0 0.772621000000001
2  1771 563 0 0 0.772621000000001
0

0101000
+1341 0 -1339 0 *
Ed
 1e-07 1 1 0
1  1772 0 0 1.29883001419123
2  1772 563 0 0 1.29883001419123
0

0101000
+1339 0 -1342 0 *
Wi

0101100
+1340 0 +1338 0 +1337 0 *
Fa
0  1e-07 563 0

0101000
+1336 0 *
Ve
1e-07
31.699804 -78.196014 0
0 0

0101101
*
Ve
1e-07
32.689709 -79.536858 0
0 0

0101101
*
Ed
 1e-07 1 1 0
1  1773 0 0 1.66666569574134
2  1773 564 0 0 1.66666569574134
0

0101000
+1334 0 -1333 0 *
Ve
1e-07
31.665012 -79.091118 0
0 0

0101101
*
Ed
 1e-07 1 1 0
1  1774 0 0 1.11744713047598
2  1774 564 0 0 1.11744713047598
0

0101000
+1333 0 -1331 0 *
Ed
 1e-07 1 1 0
1  1775 0 0 0.895779913862764
2  1775 564 0 0 0.895779913862764
0

0101000
+1331 0 -1334 0 *
Wi

0101100
+1332 0 +1330 0 +1329 0 *
Fa
0  1e-07 564 0

0101000
+1328 0 *
Ve
1e-07
28.045052 -79.393097 0
0 0

0101101
*
Ve
1e-07
31.553324 -79.863739 0
0 0

0101101
*
Ed
 1e-07 1 1 0
1  1776 0 0 3.53970003222703
2  1776 565 0 0 3.53970003222703
0

0101000
+1326 0 -1325 0 *
Ve
1e-07
28.045052 -84.974899 0
0 0

0101101
*
Ed
 1e-07 1 1 0
1  1777 0 0 6.19934907644214
2  1777 565 0 0 6.19934907644214
0

0101000
+1325 0 -1323 0 *
Ed
 1e-07 1 1 0
1  1778 0 0 5.581802
2  1778 565 0 0 5.581802
0

0101000
+1323 0 -1326 0 *
Wi

0101100
+1324 0 +1322 0 +1321 0 *
Fa
0  1e-07 565 0

0101000
+1320 0 *
Ve
1e-07
31.699804 -78.196014 0
0 0

0101101
*
Ve
1e-07
32.689709 -77.611816 0
0 0

0101101
*
Ed
 1e-07 1 1 0
1  1779 0 0 1.14943430096243
2  1779 566 0 0 1.14943430096243
0

0101000
+1318 0 -1317 0 *
Ve
1e-07
32.689709 -79.536858 0
0 0

0101101
*
Ed
 1e-07 1 1 0
1  1780 0 0 1.92504199999999
2  1780 566 0 0 1.92504199999999
0

0101000
+1317 0 -1315 0 *
Ed
 1e-07 1 1 0
1  1781 0 0 1.66666569574134
2  1781 566 0 0 1.66666569574134
0

0101000
+1315 0 -1318 0 *
Wi

0101100
+1316 0 +1314 0 +1313 0 *
Fa
0  1e-07 566 0

0101000
+1312 0 *
Ve
1e-07
36.694202 -78.229355 0
0 0

0101101
*
Ve
1e-07
37.763329 -78.202896 0
0 0

0101101
*
Ed
 1e-07 1 1 0
1  1782 0 0 1.06945435658096
2  1782 567 0 0 1.06945435658096
0

0101000
+1310 0 -1309 0 *
Ve
1e-07
37.674831 -79.091118 0
0 0

0101101
*
Ed
 1e-07 1 1 0
1  1783 0 0 0.892619861580504
2  1783 567 0 0 0.892619861580504
0

0101000
+1309 0 -1307 0 *
Ed
 1e-07 1 1 0
1  1784 0 0 1.30547642790285
2  1784 567 0 0 1.30547642790285
0

0101000
+1307 0 -1310 0 *
Wi

0101100
+1308 0 +1306 0 +1305 0 *
Fa
0  1e-07 567 0

0101000
+1304 0 *
Ve
1e-07
34.732941 -79.739662 0
0 0

0101101
*
Ve
1e-07
34.732941 -76.868149 0
0 0

0101101
*
Ed
 1e-07 1 1 0
1  1785 0 0 2.87151299999999
2  1785 568 0 0 2.87151299999999
0

0101000
+1302 0 -1301 0 *
Ve
1e-07
36.551609 -78.229355 0
0 0

0101101
*
Ed
 1e-07 1 1 0
1  1786 0 0 2.27165910045059
2  1786 568 0 0 2.27165910045059
0

0101000
+1301 0 -1299 0 *
Ed
 1e-07 1 1 0
1  1787 0 0 2.36401787820503
2  1787 568 0 0 2.36401787820503
0

0101000
+1299 0 -1302 0 *
Wi

0101100
+1300 0 +1298 0 +1297 0 *
Fa
0  1e-07 568 0

0101000
+1296 0 *
Ve
1e-07
37.674831 -79.091118 0
0 0

0101101
*
Ve
1e-07
37.674831 -79.536858 0
0 0

0101101
*
Ed
 1e-07 1 1 0
1  1788 0 0 0.445740000000001
2  1788 569 0 0 0.445740000000001
0

0101000
+1294 0 -1293 0 *
Ve
1e-07
36.68293 -79.536858 0
0 0

0101101
*
Ed
 1e-07 1 1 0
1  1789 0 0 0.991900999999999
2  1789 569 0 0 0.991900999999999
0

0101000
+1293 0 -1291 0 *
Ed
 1e-07 1 1 0
1  1790 0 0 1.08745194900786
2  1790 569 0 0 1.08745194900786
0

0101000
+1291 0 -1294 0 *
Wi

0101100
+1292 0 +1290 0 +1289 0 *
Fa
0  1e-07 569 0

0101000
+1288 0 *
Ve
1e-07
36.694202 -78.229355 0
0 0

0101101
*
Ve
1e-07
37.674831 -79.091118 0
0 0

0101101
*
Ed
 1e-07 1 1 0
1  1791 0 0 1.30547642790285
2  1791 570 0 0 1.30547642790285
0

0101000
+1286 0 -1285 0 *
Ve
1e-07
36.551609 -78.229355 0
0 0

0101101
*
Ed
 1e-07 1 1 0
1  1792 0 0 1.41572000390366
2  1792 570 0 0 1.41572000390366
0

0101000
+1285 0 -1283 0 *
Ed
 1e-07 1 1 0
1  1793 0 0 0.142592999999998
2  1793 570 0 0 0.142592999999998
0

0101000
+1283 0 -1286 0 *
Wi

0101100
+1284 0 +1282 0 +1281 0 *
Fa
0  1e-07 570 0

0101000
+1280 0 *
Ve
1e-07
36.694202 -77.601173 0
0 0

0101101
*
Ve
1e-07
37.763329 -77.601173 0
0 0

0101101
*
Ed
 1e-07 1 1 0
1  1794 0 0 1.069127
2  1794 571 0 0 1.069127
0

0101000
+1278 0 -1277 0 *
Ve
1e-07
37.763329 -78.202896 0
0 0

0101101
*
Ed
 1e-07 1 1 0
1  1795 0 0 0.601722999999993
2  1795 571 0 0 0.601722999999993
0

0101000
+1277 0 -1275 0 *
Ed
 1e-07 1 1 0
1  1796 0 0 1.22682643876711
2  1796 571 0 0 1.22682643876711
0

0101000
+1275 0 -1278 0 *
Wi

0101100
+1276 0 +1274 0 +1273 0 *
Fa
0  1e-07 571 0

0101000
+1272 0 *
Ve
1e-07
30.342764 -79.393097 0
0 0

0101101
*
Ve
1e-07
30.342764 -78.790024 0
0 0

0101101
*
Ed
 1e-07 1 1 0
1  1797 0 0 0.603072999999995
2  1797 572 0 0 0.603072999999995
0

0101000
+1270 0 -1269 0 *
Ve
1e-07
31.553324 -79.091118 0
0 0

0101101
*
Ed
 1e-07 1 1 0
1  1798 0 0 1.24744262811401
2  1798 572 0 0 1.24744262811401
0

0101000
+1269 0 -1267 0 *
Ed
 1e-07 1 1 0
1  1799 0 0 1.24765653528565
2  1799 572 0 0 1.24765653528565
0

0101000
+1267 0 -1270 0 *
Wi

0101100
+1268 0 +1266 0 +1265 0 *
Fa
0  1e-07 572 0

0101000
+1264 0 *
Ve
1e-07
40.603165 -77.217667 0
0 0

0101101
*
Ve
1e-07
39.456127 -76.783813 0
0 0

0101101
*
Ed
 1e-07 1 1 0
1  1800 0 0 1.22634638938597
2  1800 573 0 0 1.22634638938597
0

0101000
+1262 0 -1261 0 *
Ve
1e-07
40.603165 -76.783813 0
0 0

0101101
*
Ed
 1e-07 1 1 0
1  1801 0 0 1.14703799999999
2  1801 573 0 0 1.14703799999999
0

0101000
+1261 0 -1259 0 *
Ed
 1e-07 1 1 0
1  1802 0 0 0.433854000000011
2  1802 573 0 0 0.433854000000011
0

0101000
+1259 0 -1262 0 *
Wi

0101100
+1260 0 +1258 0 +1257 0 *
Fa
0  1e-07 573 0

0101000
+1256 0 *
Ve
1e-07
41.639355 -77.545883 0
0 0

0101101
*
Ve
1e-07
39.456127 -79.516167 0
0 0

0101101
*
Ed
 1e-07 1 1 0
1  1803 0 0 2.94083381724299
2  1803 574 0 0 2.94083381724299
0

0101000
+1254 0 -1253 0 *
Ve
1e-07
40.603165 -77.217667 0
0 0

0101101
*
Ed
 1e-07 1 1 0
1  1804 0 0 2.56881264856819
2  1804 574 0 0 2.56881264856819
0

0101000
+1253 0 -1251 0 *
Ed
 1e-07 1 1 0
1  1805 0 0 1.08692937155825
2  1805 574 0 0 1.08692937155825
0

0101000
+1251 0 -1254 0 *
Wi

0101100
+1252 0 +1250 0 +1249 0 *
Fa
0  1e-07 574 0

0101000
+1248 0 *
Ve
1e-07
41.639355 -77.217667 0
0 0

0101101
*
Ve
1e-07
41.639355 -77.545883 0
0 0

0101101
*
Ed
 1e-07 1 1 0
1  1806 0 0 0.328215999999998
2  1806 575 0 0 0.328215999999998
0

0101000
+1246 0 -1245 0 *
Ve
1e-07
40.603165 -77.217667 0
0 0

0101101
*
Ed
 1e-07 1 1 0
1  1807 0 0 1.08692937155825
2  1807 575 0 0 1.08692937155825
0

0101000
+1245 0 -1243 0 *
Ed
 1e-07 1 1 0
1  1808 0 0 1.03619
2  1808 575 0 0 1.03619
0

0101000
+1243 0 -1246 0 *
Wi

0101100
+1244 0 +1242 0 +1241 0 *
Fa
0  1e-07 575 0

0101000
+1240 0 *
Ve
1e-07
39.456127 -79.516167 0
0 0

0101101
*
Ve
1e-07
39.456127 -76.783813 0
0 0

0101101
*
Ed
 1e-07 1 1 0
1  1809 0 0 2.732354
2  1809 576 0 0 2.732354
0

0101000
+1238 0 -1237 0 *
Ve
1e-07
40.603165 -77.217667 0
0 0

0101101
*
Ed
 1e-07 1 1 0
1  1810 0 0 1.22634638938597
2  1810 576 0 0 1.22634638938597
0

0101000
+1237 0 -1235 0 *
Ed
 1e-07 1 1 0
1  1811 0 0 2.56881264856819
2  1811 576 0 0 2.56881264856819
0

0101000
+1235 0 -1238 0 *
Wi

0101100
+1236 0 +1234 0 +1233 0 *
Fa
0  1e-07 576 0

0101000
+1232 0 *
Ve
1e-07
41.641926 -76.553436 0
0 0

0101101
*
Ve
1e-07
41.64064 -76.783813 0
0 0

0101101
*
Ed
 1e-07 1 1 0
1  1812 0 0 0.230380589297353
2  1812 577 0 0 0.230380589297353
0

0101000
+1230 0 -1229 0 *
Ve
1e-07
40.869633 -76.783813 0
0 0

0101101
*
Ed
 1e-07 1 1 0
1  1813 0 0 0.771006999999997
2  1813 577 0 0 0.771006999999997
0

0101000
+1229 0 -1227 0 *
Ed
 1e-07 1 1 0
1  1814 0 0 0.805921857240509
2  1814 577 0 0 0.805921857240509
0

0101000
+1227 0 -1230 0 *
Wi

0101100
+1228 0 +1226 0 +1225 0 *
Fa
0  1e-07 577 0

0101000
+1224 0 *
Ve
1e-07
46.505215 -76.738472 0
0 0

0101101
*
Ve
1e-07
46.505215 -77.783607 0
0 0

0101101
*
Ed
 1e-07 1 1 0
1  1815 0 0 1.045135
2  1815 578 0 0 1.045135
0

0101000
+1222 0 -1221 0 *
Ve
1e-07
44.568958 -76.738472 0
0 0

0101101
*
Ed
 1e-07 1 1 0
1  1816 0 0 2.20031778120207
2  1816 578 0 0 2.20031778120207
0

0101000
+1221 0 -1219 0 *
Ed
 1e-07 1 1 0
1  1817 0 0 1.936257
2  1817 578 0 0 1.936257
0

0101000
+1219 0 -1222 0 *
Wi

0101100
+1220 0 +1218 0 +1217 0 *
Fa
0  1e-07 578 0

0101000
+1216 0 *
Ve
1e-07
42.845428 -77.545883 0
0 0

0101101
*
Ve
1e-07
42.726562 -78.556229 0
0 0

0101101
*
Ed
 1e-07 1 1 0
1  1818 0 0 1.01731419221005
2  1818 579 0 0 1.01731419221005
0

0101000
+1214 0 -1213 0 *
Ve
1e-07
41.639355 -77.545883 0
0 0

0101101
*
Ed
 1e-07 1 1 0
1  1819 0 0 1.48418937489964
2  1819 579 0 0 1.48418937489964
0

0101000
+1213 0 -1211 0 *
Ed
 1e-07 1 1 0
1  1820 0 0 1.206073
2  1820 579 0 0 1.206073
0

0101000
+1211 0 -1214 0 *
Wi

0101100
+1212 0 +1210 0 +1209 0 *
Fa
0  1e-07 579 0

0101000
+1208 0 *
Ve
1e-07
44.568958 -76.738472 0
0 0

0101101
*
Ve
1e-07
46.505215 -77.783607 0
0 0

0101101
*
Ed
 1e-07 1 1 0
1  1821 0 0 2.20031778120207
2  1821 580 0 0 2.20031778120207
0

0101000
+1206 0 -1205 0 *
Ve
1e-07
42.845428 -77.545883 0
0 0

0101101
*
Ed
 1e-07 1 1 0
1  1822 0 0 3.66749963674777
2  1822 580 0 0 3.66749963674777
0

0101000
+1205 0 -1203 0 *
Ed
 1e-07 1 1 0
1  1823 0 0 1.90327827282849
2  1823 580 0 0 1.90327827282849
0

0101000
+1203 0 -1206 0 *
Wi

0101100
+1204 0 +1202 0 +1201 0 *
Fa
0  1e-07 580 0

0101000
+1200 0 *
Ve
1e-07
46.505215 -77.783607 0
0 0

0101101
*
Ve
1e-07
47.718864 -77.783607 0
0 0

0101101
*
Ed
 1e-07 1 1 0
1  1824 0 0 1.213649
2  1824 581 0 0 1.213649
0

0101000
+1198 0 -1197 0 *
Ve
1e-07
47.718864 -79.566376 0
0 0

0101101
*
Ed
 1e-07 1 1 0
1  1825 0 0 1.782769
2  1825 581 0 0 1.782769
0

0101000
+1197 0 -1195 0 *
Ve
1e-07
46.792656 -79.566376 0
0 0

0101101
*
Ed
 1e-07 1 1 0
1  1826 0 0 0.926208000000003
2  1826 581 0 0 0.926208000000003
0

0101000
+1195 0 -1193 0 *
Ed
 1e-07 1 1 0
1  1827 0 0 1.80579279980899
2  1827 581 0 0 1.80579279980899
0

0101000
+1193 0 -1198 0 *
Wi

0101100
+1196 0 +1194 0 +1192 0 +1191 0 *
Fa
0  1e-07 581 0

0101000
+1190 0 *
Ve
1e-07
42.845428 -76.553436 0
0 0

0101101
*
Ve
1e-07
44.568958 -76.738472 0
0 0

0101101
*
Ed
 1e-07 1 1 0
1  1828 0 0 1.73343415859848
2  1828 582 0 0 1.73343415859848
0

0101000
+1188 0 -1187 0 *
Ve
1e-07
42.845428 -77.545883 0
0 0

0101101
*
Ed
 1e-07 1 1 0
1  1829 0 0 1.90327827282849
2  1829 582 0 0 1.90327827282849
0

0101000
+1187 0 -1185 0 *
Ed
 1e-07 1 1 0
1  1830 0 0 0.992446999999999
2  1830 582 0 0 0.992446999999999
0

0101000
+1185 0 -1188 0 *
Wi

0101100
+1186 0 +1184 0 +1183 0 *
Fa
0  1e-07 582 0

0101000
+1182 0 *
Ve
1e-07
46.505215 -77.783607 0
0 0

0101101
*
Ve
1e-07
42.869427 -78.556229 0
0 0

0101101
*
Ed
 1e-07 1 1 0
1  1831 0 0 3.71697445993754
2  1831 583 0 0 3.71697445993754
0

0101000
+1180 0 -1179 0 *
Ve
1e-07
42.845428 -77.545883 0
0 0

0101101
*
Ed
 1e-07 1 1 0
1  1832 0 0 1.01063098691708
2  1832 583 0 0 1.01063098691708
0

0101000
+1179 0 -1177 0 *
Ed
 1e-07 1 1 0
1  1833 0 0 3.66749963674777
2  1833 583 0 0 3.66749963674777
0

0101000
+1177 0 -1180 0 *
Wi

0101100
+1178 0 +1176 0 +1175 0 *
Fa
0  1e-07 583 0

0101000
+1174 0 *
Ve
1e-07
38.919224 -79.683449 0
0 0

0101101
*
Ve
1e-07
38.031425 -79.683449 0
0 0

0101101
*
Ed
 1e-07 1 1 0
1  1834 0 0 0.887799000000001
2  1834 584 0 0 0.887799000000001
0

0101000
+1172 0 -1171 0 *
Ve
1e-07
37.85313 -79.091118 0
0 0

0101101
*
Ed
 1e-07 1 1 0
1  1835 0 0 0.618583155756767
2  1835 584 0 0 0.618583155756767
0

0101000
+1171 0 -1169 0 *
Ed
 1e-07 1 1 0
1  1836 0 0 1.21959519119952
2  1836 584 0 0 1.21959519119952
0

0101000
+1169 0 -1172 0 *
Wi

0101100
+1170 0 +1168 0 +1167 0 *
Fa
0  1e-07 584 0

0101000
+1166 0 *
Ve
1e-07
37.763329 -78.202896 0
0 0

0101101
*
Ve
1e-07
37.882847 -78.202896 0
0 0

0101101
*
Ed
 1e-07 1 1 0
1  1837 0 0 0.119517999999999
2  1837 585 0 0 0.119517999999999
0

0101000
+1164 0 -1163 0 *
Ve
1e-07
37.85313 -79.091118 0
0 0

0101101
*
Ed
 1e-07 1 1 0
1  1838 0 0 0.888718977727492
2  1838 585 0 0 0.888718977727492
0

0101000
+1163 0 -1161 0 *
Ed
 1e-07 1 1 0
1  1839 0 0 0.892749987894146
2  1839 585 0 0 0.892749987894146
0

0101000
+1161 0 -1164 0 *
Wi

0101100
+1162 0 +1160 0 +1159 0 *
Fa
0  1e-07 585 0

0101000
+1158 0 *
Ve
1e-07
39.044239 -79.683449 0
0 0

0101101
*
Ve
1e-07
37.882847 -78.202896 0
0 0

0101101
*
Ed
 1e-07 1 1 0
1  1840 0 0 1.88171957620497
2  1840 586 0 0 1.88171957620497
0

0101000
+1156 0 -1155 0 *
Ve
1e-07
37.882847 -76.592049 0
0 0

0101101
*
Ed
 1e-07 1 1 0
1  1841 0 0 1.61084699999999
2  1841 586 0 0 1.61084699999999
0

0101000
+1155 0 -1153 0 *
Ed
 1e-07 1 1 0
1  1842 0 0 3.30236057051073
2  1842 586 0 0 3.30236057051073
0

0101000
+1153 0 -1156 0 *
Wi

0101100
+1154 0 +1152 0 +1151 0 *
Fa
0  1e-07 586 0

0101000
+1150 0 *
Ve
1e-07
38.919224 -79.683449 0
0 0

0101101
*
Ve
1e-07
37.85313 -79.091118 0
0 0

0101101
*
Ed
 1e-07 1 1 0
1  1843 0 0 1.21959519119952
2  1843 587 0 0 1.21959519119952
0

0101000
+1148 0 -1147 0 *
Ve
1e-07
39.044239 -79.683449 0
0 0

0101101
*
Ed
 1e-07 1 1 0
1  1844 0 0 1.33026187776768
2  1844 587 0 0 1.33026187776768
0

0101000
+1147 0 -1145 0 *
Ed
 1e-07 1 1 0
1  1845 0 0 0.125014999999998
2  1845 587 0 0 0.125014999999998
0

0101000
+1145 0 -1148 0 *
Wi

0101100
+1146 0 +1144 0 +1143 0 *
Fa
0  1e-07 587 0

0101000
+1142 0 *
Ve
1e-07
38.031425 -79.683449 0
0 0

0101101
*
Ve
1e-07
37.85313 -79.683449 0
0 0

0101101
*
Ed
 1e-07 1 1 0
1  1846 0 0 0.178294999999999
2  1846 588 0 0 0.178294999999999
0

0101000
+1140 0 -1139 0 *
Ve
1e-07
37.85313 -79.091118 0
0 0

0101101
*
Ed
 1e-07 1 1 0
1  1847 0 0 0.592331000000001
2  1847 588 0 0 0.592331000000001
0

0101000
+1139 0 -1137 0 *
Ed
 1e-07 1 1 0
1  1848 0 0 0.618583155756767
2  1848 588 0 0 0.618583155756767
0

0101000
+1137 0 -1140 0 *
Wi

0101100
+1138 0 +1136 0 +1135 0 *
Fa
0  1e-07 588 0

0101000
+1134 0 *
Ve
1e-07
38.919224 -79.683449 0
0 0

0101101
*
Ve
1e-07
38.919224 -79.863739 0
0 0

0101101
*
Ed
 1e-07 1 1 0
1  1849 0 0 0.180289999999999
2  1849 589 0 0 0.180289999999999
0

0101000
+1132 0 -1131 0 *
Ve
1e-07
38.031425 -79.863739 0
0 0

0101101
*
Ed
 1e-07 1 1 0
1  1850 0 0 0.887799000000001
2  1850 589 0 0 0.887799000000001
0

0101000
+1131 0 -1129 0 *
Ve
1e-07
38.031425 -79.683449 0
0 0

0101101
*
Ed
 1e-07 1 1 0
1  1851 0 0 0.180289999999999
2  1851 589 0 0 0.180289999999999
0

0101000
+1129 0 -1127 0 *
Ed
 1e-07 1 1 0
1  1852 0 0 0.887799000000001
2  1852 589 0 0 0.887799000000001
0

0101000
+1127 0 -1132 0 *
Wi

0101100
+1130 0 +1128 0 +1126 0 +1125 0 *
Fa
0  1e-07 589 0

0101000
+1124 0 *
Ve
1e-07
37.85313 -79.091118 0
0 0

0101101
*
Ve
1e-07
37.882847 -78.202896 0
0 0

0101101
*
Ed
 1e-07 1 1 0
1  1853 0 0 0.888718977727492
2  1853 590 0 0 0.888718977727492
0

0101000
+1122 0 -1121 0 *
Ve
1e-07
39.044239 -79.683449 0
0 0

0101101
*
Ed
 1e-07 1 1 0
1  1854 0 0 1.88171957620497
2  1854 590 0 0 1.88171957620497
0

0101000
+1121 0 -1119 0 *
Ed
 1e-07 1 1 0
1  1855 0 0 1.33026187776768
2  1855 590 0 0 1.33026187776768
0

0101000
+1119 0 -1122 0 *
Wi

0101100
+1120 0 +1118 0 +1117 0 *
Fa
0  1e-07 590 0

0101000
+1116 0 *
Ve
1e-07
42.726562 -79.516167 0
0 0

0101101
*
Ve
1e-07
39.456127 -79.516167 0
0 0

0101101
*
Ed
 1e-07 1 1 0
1  1856 0 0 3.270435
2  1856 591 0 0 3.270435
0

0101000
+1114 0 -1113 0 *
Ve
1e-07
42.726562 -78.556229 0
0 0

0101101
*
Ed
 1e-07 1 1 0
1  1857 0 0 3.40840520670137
2  1857 591 0 0 3.40840520670137
0

0101000
+1113 0 -1111 0 *
Ed
 1e-07 1 1 0
1  1858 0 0 0.959937999999994
2  1858 591 0 0 0.959937999999994
0

0101000
+1111 0 -1114 0 *
Wi

0101100
+1112 0 +1110 0 +1109 0 *
Fa
0  1e-07 591 0

0101000
+1108 0 *
Ve
1e-07
42.726562 -78.556229 0
0 0

0101101
*
Ve
1e-07
39.456127 -79.516167 0
0 0

0101101
*
Ed
 1e-07 1 1 0
1  1859 0 0 3.40840520670137
2  1859 592 0 0 3.40840520670137
0

0101000
+1106 0 -1105 0 *
Ve
1e-07
41.639355 -77.545883 0
0 0

0101101
*
Ed
 1e-07 1 1 0
1  1860 0 0 2.94083381724299
2  1860 592 0 0 2.94083381724299
0

0101000
+1105 0 -1103 0 *
Ed
 1e-07 1 1 0
1  1861 0 0 1.48418937489964
2  1861 592 0 0 1.48418937489964
0

0101000
+1103 0 -1106 0 *
Wi

0101100
+1104 0 +1102 0 +1101 0 *
Fa
0  1e-07 592 0

0101000
+1100 0 *
Ve
1e-07
46.792656 -79.566376 0
0 0

0101101
*
Ve
1e-07
42.869427 -79.834023 0
0 0

0101101
*
Ed
 1e-07 1 1 0
1  1862 0 0 3.93234798854959
2  1862 593 0 0 3.93234798854959
0

0101000
+1098 0 -1097 0 *
Ve
1e-07
42.869427 -78.556229 0
0 0

0101101
*
Ed
 1e-07 1 1 0
1  1863 0 0 1.277794
2  1863 593 0 0 1.277794
0

0101000
+1097 0 -1095 0 *
Ed
 1e-07 1 1 0
1  1864 0 0 4.05118781939939
2  1864 593 0 0 4.05118781939939
0

0101000
+1095 0 -1098 0 *
Wi

0101100
+1096 0 +1094 0 +1093 0 *
Fa
0  1e-07 593 0

0101000
+1092 0 *
Ve
1e-07
46.792656 -79.566376 0
0 0

0101101
*
Ve
1e-07
42.869427 -78.556229 0
0 0

0101101
*
Ed
 1e-07 1 1 0
1  1865 0 0 4.05118781939939
2  1865 594 0 0 4.05118781939939
0

0101000
+1090 0 -1089 0 *
Ve
1e-07
46.505215 -77.783607 0
0 0

0101101
*
Ed
 1e-07 1 1 0
1  1866 0 0 3.71697445993754
2  1866 594 0 0 3.71697445993754
0

0101000
+1089 0 -1087 0 *
Ed
 1e-07 1 1 0
1  1867 0 0 1.80579279980899
2  1867 594 0 0 1.80579279980899
0

0101000
+1087 0 -1090 0 *
Wi

0101100
+1088 0 +1086 0 +1085 0 *
Fa
0  1e-07 594 0

0101000
+1084 0 *
Ve
1e-07
42.726562 -78.556229 0
0 0

0101101
*
Ve
1e-07
42.845428 -77.545883 0
0 0

0101101
*
Ed
 1e-07 1 1 0
1  1868 0 0 1.01731419221005
2  1868 595 0 0 1.01731419221005
0

0101000
+1082 0 -1081 0 *
Ve
1e-07
42.869427 -78.556229 0
0 0

0101101
*
Ed
 1e-07 1 1 0
1  1869 0 0 1.01063098691708
2  1869 595 0 0 1.01063098691708
0

0101000
+1081 0 -1079 0 *
Ed
 1e-07 1 1 0
1  1870 0 0 0.142865
2  1870 595 0 0 0.142865
0

0101000
+1079 0 -1082 0 *
Wi

0101100
+1080 0 +1078 0 +1077 0 *
Fa
0  1e-07 595 0

0101000
+1076 0 *
Ve
1e-07
41.759754 -79.677895 0
0 0

0101101
*
Ve
1e-07
41.759754 -79.834023 0
0 0

0101101
*
Ed
 1e-07 1 1 0
1  1871 0 0 0.156127999999995
2  1871 596 0 0 0.156127999999995
0

0101000
+1074 0 -1073 0 *
Ve
1e-07
39.338932 -79.677895 0
0 0

0101101
*
Ed
 1e-07 1 1 0
1  1872 0 0 2.42585141920687
2  1872 596 0 0 2.42585141920687
0

0101000
+1073 0 -1071 0 *
Ed
 1e-07 1 1 0
1  1873 0 0 2.420822
2  1873 596 0 0 2.420822
0

0101000
+1071 0 -1074 0 *
Wi

0101100
+1072 0 +1070 0 +1069 0 *
Fa
0  1e-07 596 0

0101000
+1068 0 *
Ve
1e-07
37.763329 -78.202896 0
0 0

0101101
*
Ve
1e-07
37.85313 -79.091118 0
0 0

0101101
*
Ed
 1e-07 1 1 0
1  1874 0 0 0.892749987894146
2  1874 597 0 0 0.892749987894146
0

0101000
+1066 0 -1065 0 *
Ve
1e-07
37.674831 -79.091118 0
0 0

0101101
*
Ed
 1e-07 1 1 0
1  1875 0 0 0.178299000000003
2  1875 597 0 0 0.178299000000003
0

0101000
+1065 0 -1063 0 *
Ed
 1e-07 1 1 0
1  1876 0 0 0.892619861580504
2  1876 597 0 0 0.892619861580504
0

0101000
+1063 0 -1066 0 *
Wi

0101100
+1064 0 +1062 0 +1061 0 *
Fa
0  1e-07 597 0

0101000
+1060 0 *
Ve
1e-07
39.044239 -79.683449 0
0 0

0101101
*
Ve
1e-07
37.882847 -76.592049 0
0 0

0101101
*
Ed
 1e-07 1 1 0
1  1877 0 0 3.30236057051073
2  1877 598 0 0 3.30236057051073
0

0101000
+1058 0 -1057 0 *
Ve
1e-07
39.044239 -72.196991 0
0 0

0101101
*
Ed
 1e-07 1 1 0
1  1878 0 0 4.54591753126121
2  1878 598 0 0 4.54591753126121
0

0101000
+1057 0 -1055 0 *
Ed
 1e-07 1 1 0
1  1879 0 0 7.486458
2  1879 598 0 0 7.486458
0

0101000
+1055 0 -1058 0 *
Wi

0101100
+1056 0 +1054 0 +1053 0 *
Fa
0  1e-07 598 0

0101000
+1052 0 *
Ve
1e-07
32.441074 -84.974899 0
0 0

0101101
*
Ve
1e-07
33.016621 -79.863739 0
0 0

0101101
*
Ed
 1e-07 1 1 0
1  1880 0 0 5.14346292830122
2  1880 599 0 0 5.14346292830122
0

0101000
+1050 0 -1049 0 *
Ve
1e-07
33.016621 -84.974899 0
0 0

0101101
*
Ed
 1e-07 1 1 0
1  1881 0 0 5.11116
2  1881 599 0 0 5.11116
0

0101000
+1049 0 -1047 0 *
Ed
 1e-07 1 1 0
1  1882 0 0 0.575547
2  1882 599 0 0 0.575547
0

0101000
+1047 0 -1050 0 *
Wi

0101100
+1048 0 +1046 0 +1045 0 *
Fa
0  1e-07 599 0

0101000
+1044 0 *
Ve
1e-07
32.441074 -85.446846 0
0 0

0101101
*
Ve
1e-07
31.315594 -84.974899 0
0 0

0101101
*
Ed
 1e-07 1 1 0
1  1883 0 0 1.22042582781954
2  1883 600 0 0 1.22042582781954
0

0101000
+1042 0 -1041 0 *
Ve
1e-07
32.441074 -84.974899 0
0 0

0101101
*
Ed
 1e-07 1 1 0
1  1884 0 0 1.12548
2  1884 600 0 0 1.12548
0

0101000
+1041 0 -1039 0 *
Ed
 1e-07 1 1 0
1  1885 0 0 0.471947
2  1885 600 0 0 0.471947
0

0101000
+1039 0 -1042 0 *
Wi

0101100
+1040 0 +1038 0 +1037 0 *
Fa
0  1e-07 600 0

0101000
+1036 0 *
Ve
1e-07
31.315594 -84.974899 0
0 0

0101101
*
Ve
1e-07
30.186384 -84.974899 0
0 0

0101101
*
Ed
 1e-07 1 1 0
1  1886 0 0 1.12921
2  1886 601 0 0 1.12921
0

0101000
+1034 0 -1033 0 *
Ve
1e-07
31.553324 -79.863739 0
0 0

0101101
*
Ed
 1e-07 1 1 0
1  1887 0 0 5.29079214382875
2  1887 601 0 0 5.29079214382875
0

0101000
+1033 0 -1031 0 *
Ed
 1e-07 1 1 0
1  1888 0 0 5.11668565562709
2  1888 601 0 0 5.11668565562709
0

0101000
+1031 0 -1034 0 *
Wi

0101100
+1032 0 +1030 0 +1029 0 *
Fa
0  1e-07 601 0

0101000
+1028 0 *
Ve
1e-07
32.441074 -84.974899 0
0 0

0101101
*
Ve
1e-07
31.315594 -84.974899 0
0 0

0101101
*
Ed
 1e-07 1 1 0
1  1889 0 0 1.12548
2  1889 602 0 0 1.12548
0

0101000
+1026 0 -1025 0 *
Ve
1e-07
31.553324 -79.863739 0
0 0

0101101
*
Ed
 1e-07 1 1 0
1  1890 0 0 5.11668565562709
2  1890 602 0 0 5.11668565562709
0

0101000
+1025 0 -1023 0 *
Ed
 1e-07 1 1 0
1  1891 0 0 5.18768316381214
2  1891 602 0 0 5.18768316381214
0

0101000
+1023 0 -1026 0 *
Wi

0101100
+1024 0 +1022 0 +1021 0 *
Fa
0  1e-07 602 0

0101000
+1020 0 *
Ve
1e-07
34.554646 -79.739662 0
0 0

0101101
*
Ve
1e-07
33.284359 -79.739662 0
0 0

0101101
*
Ed
 1e-07 1 1 0
1  1892 0 0 1.270287
2  1892 603 0 0 1.270287
0

0101000
+1018 0 -1017 0 *
Ve
1e-07
33.284359 -79.536858 0
0 0

0101101
*
Ed
 1e-07 1 1 0
1  1893 0 0 0.202804
2  1893 603 0 0 0.202804
0

0101000
+1017 0 -1015 0 *
Ed
 1e-07 1 1 0
1  1894 0 0 1.28637417759569
2  1894 603 0 0 1.28637417759569
0

0101000
+1015 0 -1018 0 *
Wi

0101100
+1016 0 +1014 0 +1013 0 *
Fa
0  1e-07 603 0

0101000
+1012 0 *
Ve
1e-07
33.276855 -79.863739 0
0 0

0101101
*
Ve
1e-07
34.524929 -84.974899 0
0 0

0101101
*
Ed
 1e-07 1 1 0
1  1895 0 0 5.26133493089691
2  1895 604 0 0 5.26133493089691
0

0101000
+1010 0 -1009 0 *
Ve
1e-07
33.276855 -84.974899 0
0 0

0101101
*
Ed
 1e-07 1 1 0
1  1896 0 0 1.248074
2  1896 604 0 0 1.248074
0

0101000
+1009 0 -1007 0 *
Ed
 1e-07 1 1 0
1  1897 0 0 5.11116
2  1897 604 0 0 5.11116
0

0101000
+1007 0 -1010 0 *
Wi

0101100
+1008 0 +1006 0 +1005 0 *
Fa
0  1e-07 604 0

0101000
+1004 0 *
Ve
1e-07
36.129597 -84.974899 0
0 0

0101101
*
Ve
1e-07
34.524929 -84.974899 0
0 0

0101101
*
Ed
 1e-07 1 1 0
1  1898 0 0 1.604668
2  1898 605 0 0 1.604668
0

0101000
+1002 0 -1001 0 *
Ve
1e-07
33.276855 -79.863739 0
0 0

0101101
*
Ed
 1e-07 1 1 0
1  1899 0 0 5.26133493089691
2  1899 605 0 0 5.26133493089691
0

0101000
+1001 0 -999 0 *
Ed
 1e-07 1 1 0
1  1900 0 0 5.85338307854218
2  1900 605 0 0 5.85338307854218
0

0101000
+999 0 -1002 0 *
Wi

0101100
+1000 0 +998 0 +997 0 *
Fa
0  1e-07 605 0

0101000
+996 0 *
Ve
1e-07
33.276855 -79.863739 0
0 0

0101101
*
Ve
1e-07
38.031425 -79.863739 0
0 0

0101101
*
Ed
 1e-07 1 1 0
1  1901 0 0 4.75457
2  1901 606 0 0 4.75457
0

0101000
+994 0 -993 0 *
Ve
1e-07
36.129597 -84.974899 0
0 0

0101101
*
Ed
 1e-07 1 1 0
1  1902 0 0 5.45352237431772
2  1902 606 0 0 5.45352237431772
0

0101000
+993 0 -991 0 *
Ed
 1e-07 1 1 0
1  1903 0 0 5.85338307854218
2  1903 606 0 0 5.85338307854218
0

0101000
+991 0 -994 0 *
Wi

0101100
+992 0 +990 0 +989 0 *
Fa
0  1e-07 606 0

0101000
+988 0 *
Ve
1e-07
34.732941 -79.739662 0
0 0

0101101
*
Ve
1e-07
36.68293 -79.536858 0
0 0

0101101
*
Ed
 1e-07 1 1 0
1  1904 0 0 1.9605067106585
2  1904 607 0 0 1.9605067106585
0

0101000
+986 0 -985 0 *
Ve
1e-07
36.68293 -79.739662 0
0 0

0101101
*
Ed
 1e-07 1 1 0
1  1905 0 0 0.202804
2  1905 607 0 0 0.202804
0

0101000
+985 0 -983 0 *
Ed
 1e-07 1 1 0
1  1906 0 0 1.949989
2  1906 607 0 0 1.949989
0

0101000
+983 0 -986 0 *
Wi

0101100
+984 0 +982 0 +981 0 *
Fa
0  1e-07 607 0

0101000
+980 0 *
Ve
1e-07
31.315598 -85.448746 0
0 0

0101101
*
Ve
1e-07
31.315594 -84.974899 0
0 0

0101101
*
Ed
 1e-07 1 1 0
1  1907 0 0 0.473847000016889
2  1907 608 0 0 0.473847000016889
0

0101000
+978 0 -977 0 *
Ve
1e-07
32.441074 -85.446846 0
0 0

0101101
*
Ed
 1e-07 1 1 0
1  1908 0 0 1.22042582781954
2  1908 608 0 0 1.22042582781954
0

0101000
+977 0 -975 0 *
Ed
 1e-07 1 1 0
1  1909 0 0 1.12547760376473
2  1909 608 0 0 1.12547760376473
0

0101000
+975 0 -978 0 *
Wi

0101100
+976 0 +974 0 +973 0 *
Fa
0  1e-07 608 0

0101000
+972 0 *
Ve
1e-07
30.186384 -85.443344 0
0 0

0101101
*
Ve
1e-07
30.947296 -85.449364 0
0 0

0101101
*
Ed
 1e-07 1 1 0
1  1910 0 0 0.760935813419241
2  1910 609 0 0 0.760935813419241
0

0101000
+970 0 -969 0 *
Ve
1e-07
30.947296 -87.544144 0
0 0

0101101
*
Ed
 1e-07 1 1 0
1  1911 0 0 2.09478
2  1911 609 0 0 2.09478
0

0101000
+969 0 -967 0 *
Ed
 1e-07 1 1 0
1  1912 0 0 2.23435621863302
2  1912 609 0 0 2.23435621863302
0

0101000
+967 0 -970 0 *
Wi

0101100
+968 0 +966 0 +965 0 *
Fa
0  1e-07 609 0

0101000
+964 0 *
Ve
1e-07
36.129597 -85.443344 0
0 0

0101101
*
Ve
1e-07
34.524929 -85.443344 0
0 0

0101101
*
Ed
 1e-07 1 1 0
1  1913 0 0 1.604668
2  1913 610 0 0 1.604668
0

0101000
+962 0 -961 0 *
Ve
1e-07
34.524929 -84.974899 0
0 0

0101101
*
Ed
 1e-07 1 1 0
1  1914 0 0 0.468445000000003
2  1914 610 0 0 0.468445000000003
0

0101000
+961 0 -959 0 *
Ve
1e-07
36.129597 -84.974899 0
0 0

0101101
*
Ed
 1e-07 1 1 0
1  1915 0 0 1.604668
2  1915 610 0 0 1.604668
0

0101000
+959 0 -957 0 *
Ed
 1e-07 1 1 0
1  1916 0 0 0.468445000000003
2  1916 610 0 0 0.468445000000003
0

0101000
+957 0 -962 0 *
Wi

0101100
+960 0 +958 0 +956 0 +955 0 *
Fa
0  1e-07 610 0

0101000
+954 0 *
Ve
1e-07
36.562099 -87.544144 0
0 0

0101101
*
Ve
1e-07
34.524929 -85.443344 0
0 0

0101101
*
Ed
 1e-07 1 1 0
1  1917 0 0 2.92633255951883
2  1917 611 0 0 2.92633255951883
0

0101000
+952 0 -951 0 *
Ve
1e-07
36.129597 -85.443344 0
0 0

0101101
*
Ed
 1e-07 1 1 0
1  1918 0 0 1.604668
2  1918 611 0 0 1.604668
0

0101000
+951 0 -949 0 *
Ed
 1e-07 1 1 0
1  1919 0 0 2.14485864802416
2  1919 611 0 0 2.14485864802416
0

0101000
+949 0 -952 0 *
Wi

0101100
+950 0 +948 0 +947 0 *
Fa
0  1e-07 611 0

0101000
+946 0 *
Ve
1e-07
32.929993 -87.544144 0
0 0

0101101
*
Ve
1e-07
34.524929 -85.443344 0
0 0

0101101
*
Ed
 1e-07 1 1 0
1  1920 0 0 2.63764695971542
2  1920 612 0 0 2.63764695971542
0

0101000
+944 0 -943 0 *
Ve
1e-07
36.562099 -87.544144 0
0 0

0101101
*
Ed
 1e-07 1 1 0
1  1921 0 0 2.92633255951883
2  1921 612 0 0 2.92633255951883
0

0101000
+943 0 -941 0 *
Ed
 1e-07 1 1 0
1  1922 0 0 3.632106
2  1922 612 0 0 3.632106
0

0101000
+941 0 -944 0 *
Wi

0101100
+942 0 +940 0 +939 0 *
Fa
0  1e-07 612 0

0101000
+938 0 *
Ve
1e-07
36.562099 -85.446022 0
0 0

0101101
*
Ve
1e-07
36.562099 -87.544144 0
0 0

0101101
*
Ed
 1e-07 1 1 0
1  1923 0 0 2.098122
2  1923 613 0 0 2.098122
0

0101000
+936 0 -935 0 *
Ve
1e-07
36.129597 -85.443344 0
0 0

0101101
*
Ed
 1e-07 1 1 0
1  1924 0 0 2.14485864802416
2  1924 613 0 0 2.14485864802416
0

0101000
+935 0 -933 0 *
Ed
 1e-07 1 1 0
1  1925 0 0 0.432510290846363
2  1925 613 0 0 0.432510290846363
0

0101000
+933 0 -936 0 *
Wi

0101100
+934 0 +932 0 +931 0 *
Fa
0  1e-07 613 0

0101000
+930 0 *
Ve
1e-07
32.92646 -85.44603 0
0 0

0101101
*
Ve
1e-07
34.524929 -85.443344 0
0 0

0101101
*
Ed
 1e-07 1 1 0
1  1926 0 0 1.59847125671906
2  1926 614 0 0 1.59847125671906
0

0101000
+928 0 -927 0 *
Ve
1e-07
32.929993 -87.544144 0
0 0

0101101
*
Ed
 1e-07 1 1 0
1  1927 0 0 2.63764695971542
2  1927 614 0 0 2.63764695971542
0

0101000
+927 0 -925 0 *
Ed
 1e-07 1 1 0
1  1928 0 0 2.09811697459532
2  1928 614 0 0 2.09811697459532
0

0101000
+925 0 -928 0 *
Wi

0101100
+926 0 +924 0 +923 0 *
Fa
0  1e-07 614 0

0101000
+922 0 *
Ve
1e-07
32.441074 -84.974899 0
0 0

0101101
*
Ve
1e-07
31.553324 -79.863739 0
0 0

0101101
*
Ed
 1e-07 1 1 0
1  1929 0 0 5.18768316381214
2  1929 615 0 0 5.18768316381214
0

0101000
+920 0 -919 0 *
Ve
1e-07
33.016621 -79.863739 0
0 0

0101101
*
Ed
 1e-07 1 1 0
1  1930 0 0 1.463297
2  1930 615 0 0 1.463297
0

0101000
+919 0 -917 0 *
Ed
 1e-07 1 1 0
1  1931 0 0 5.14346292830122
2  1931 615 0 0 5.14346292830122
0

0101000
+917 0 -920 0 *
Wi

0101100
+918 0 +916 0 +915 0 *
Fa
0  1e-07 615 0

0101000
+914 0 *
Ve
1e-07
36.902214 -84.974899 0
0 0

0101101
*
Ve
1e-07
38.031425 -79.863739 0
0 0

0101101
*
Ed
 1e-07 1 1 0
1  1932 0 0 5.23441248165646
2  1932 616 0 0 5.23441248165646
0

0101000
+912 0 -911 0 *
Ve
1e-07
38.506882 -84.974899 0
0 0

0101101
*
Ed
 1e-07 1 1 0
1  1933 0 0 5.13322665625131
2  1933 616 0 0 5.13322665625131
0

0101000
+911 0 -909 0 *
Ed
 1e-07 1 1 0
1  1934 0 0 1.604668
2  1934 616 0 0 1.604668
0

0101000
+909 0 -912 0 *
Wi

0101100
+910 0 +908 0 +907 0 *
Fa
0  1e-07 616 0

0101000
+906 0 *
Ve
1e-07
38.919224 -79.863739 0
0 0

0101101
*
Ve
1e-07
38.506882 -84.974899 0
0 0

0101101
*
Ed
 1e-07 1 1 0
1  1935 0 0 5.12776583616725
2  1935 617 0 0 5.12776583616725
0

0101000
+904 0 -903 0 *
Ve
1e-07
38.031425 -79.863739 0
0 0

0101101
*
Ed
 1e-07 1 1 0
1  1936 0 0 5.13322665625131
2  1936 617 0 0 5.13322665625131
0

0101000
+903 0 -901 0 *
Ed
 1e-07 1 1 0
1  1937 0 0 0.887799000000001
2  1937 617 0 0 0.887799000000001
0

0101000
+901 0 -904 0 *
Wi

0101100
+902 0 +900 0 +899 0 *
Fa
0  1e-07 617 0

0101000
+898 0 *
Ve
1e-07
38.919224 -79.863739 0
0 0

0101101
*
Ve
1e-07
39.044239 -84.974899 0
0 0

0101101
*
Ed
 1e-07 1 1 0
1  1938 0 0 5.11268865625758
2  1938 618 0 0 5.11268865625758
0

0101000
+896 0 -895 0 *
Ve
1e-07
38.506882 -84.974899 0
0 0

0101101
*
Ed
 1e-07 1 1 0
1  1939 0 0 0.537357
2  1939 618 0 0 0.537357
0

0101000
+895 0 -893 0 *
Ed
 1e-07 1 1 0
1  1940 0 0 5.12776583616725
2  1940 618 0 0 5.12776583616725
0

0101000
+893 0 -896 0 *
Wi

0101100
+894 0 +892 0 +891 0 *
Fa
0  1e-07 618 0

0101000
+890 0 *
Ve
1e-07
38.506882 -85.445244 0
0 0

0101101
*
Ve
1e-07
36.902214 -84.974899 0
0 0

0101101
*
Ed
 1e-07 1 1 0
1  1941 0 0 1.67217935917443
2  1941 619 0 0 1.67217935917443
0

0101000
+888 0 -887 0 *
Ve
1e-07
38.506882 -84.974899 0
0 0

0101101
*
Ed
 1e-07 1 1 0
1  1942 0 0 1.604668
2  1942 619 0 0 1.604668
0

0101000
+887 0 -885 0 *
Ed
 1e-07 1 1 0
1  1943 0 0 0.470345000000009
2  1943 619 0 0 0.470345000000009
0

0101000
+885 0 -888 0 *
Wi

0101100
+886 0 +884 0 +883 0 *
Fa
0  1e-07 619 0

0101000
+882 0 *
Ve
1e-07
39.044239 -84.974899 0
0 0

0101101
*
Ve
1e-07
38.919224 -79.863739 0
0 0

0101101
*
Ed
 1e-07 1 1 0
1  1944 0 0 5.11268865625758
2  1944 620 0 0 5.11268865625758
0

0101000
+880 0 -879 0 *
Ve
1e-07
39.044239 -79.863739 0
0 0

0101101
*
Ed
 1e-07 1 1 0
1  1945 0 0 0.125014999999998
2  1945 620 0 0 0.125014999999998
0

0101000
+879 0 -877 0 *
Ed
 1e-07 1 1 0
1  1946 0 0 5.11116
2  1946 620 0 0 5.11116
0

0101000
+877 0 -880 0 *
Wi

0101100
+878 0 +876 0 +875 0 *
Fa
0  1e-07 620 0

0101000
+874 0 *
Ve
1e-07
36.129597 -84.974899 0
0 0

0101101
*
Ve
1e-07
38.031425 -79.863739 0
0 0

0101101
*
Ed
 1e-07 1 1 0
1  1947 0 0 5.45352237431772
2  1947 621 0 0 5.45352237431772
0

0101000
+872 0 -871 0 *
Ve
1e-07
36.902214 -84.974899 0
0 0

0101101
*
Ed
 1e-07 1 1 0
1  1948 0 0 5.23441248165646
2  1948 621 0 0 5.23441248165646
0

0101000
+871 0 -869 0 *
Ed
 1e-07 1 1 0
1  1949 0 0 0.772617000000004
2  1949 621 0 0 0.772617000000004
0

0101000
+869 0 -872 0 *
Wi

0101100
+870 0 +868 0 +867 0 *
Fa
0  1e-07 621 0

0101000
+866 0 *
Ve
1e-07
39.338932 -84.974899 0
0 0

0101101
*
Ve
1e-07
39.338932 -79.677895 0
0 0

0101101
*
Ed
 1e-07 1 1 0
1  1950 0 0 5.29700399999999
2  1950 622 0 0 5.29700399999999
0

0101000
+864 0 -863 0 *
Ve
1e-07
41.759754 -79.834023 0
0 0

0101101
*
Ed
 1e-07 1 1 0
1  1951 0 0 2.42585141920687
2  1951 622 0 0 2.42585141920687
0

0101000
+863 0 -861 0 *
Ed
 1e-07 1 1 0
1  1952 0 0 5.68233976483807
2  1952 622 0 0 5.68233976483807
0

0101000
+861 0 -864 0 *
Wi

0101100
+862 0 +860 0 +859 0 *
Fa
0  1e-07 622 0

0101000
+858 0 *
Ve
1e-07
39.338932 -84.974899 0
0 0

0101101
*
Ve
1e-07
41.759754 -79.834023 0
0 0

0101101
*
Ed
 1e-07 1 1 0
1  1953 0 0 5.68233976483807
2  1953 623 0 0 5.68233976483807
0

0101000
+856 0 -855 0 *
Ve
1e-07
47.748581 -81.498116 0
0 0

0101101
*
Ed
 1e-07 1 1 0
1  1954 0 0 6.21572637336764
2  1954 623 0 0 6.21572637336764
0

0101000
+855 0 -853 0 *
Ed
 1e-07 1 1 0
1  1955 0 0 9.1000118863818
2  1955 623 0 0 9.1000118863818
0

0101000
+853 0 -856 0 *
Wi

0101100
+854 0 +852 0 +851 0 *
Fa
0  1e-07 623 0

0101000
+850 0 *
Ve
1e-07
47.748581 -81.498116 0
0 0

0101101
*
Ve
1e-07
39.998528 -84.974899 0
0 0

0101101
*
Ed
 1e-07 1 1 0
1  1956 0 0 8.49419457817502
2  1956 624 0 0 8.49419457817502
0

0101000
+848 0 -847 0 *
Ve
1e-07
39.338932 -84.974899 0
0 0

0101101
*
Ed
 1e-07 1 1 0
1  1957 0 0 0.659596000000001
2  1957 624 0 0 0.659596000000001
0

0101000
+847 0 -845 0 *
Ed
 1e-07 1 1 0
1  1958 0 0 9.1000118863818
2  1958 624 0 0 9.1000118863818
0

0101000
+845 0 -848 0 *
Wi

0101100
+846 0 +844 0 +843 0 *
Fa
0  1e-07 624 0

0101000
+842 0 *
Ve
1e-07
47.748581 -81.498116 0
0 0

0101101
*
Ve
1e-07
41.759754 -79.834023 0
0 0

0101101
*
Ed
 1e-07 1 1 0
1  1959 0 0 6.21572637336764
2  1959 625 0 0 6.21572637336764
0

0101000
+840 0 -839 0 *
Ve
1e-07
42.869427 -79.834023 0
0 0

0101101
*
Ed
 1e-07 1 1 0
1  1960 0 0 1.109673
2  1960 625 0 0 1.109673
0

0101000
+839 0 -837 0 *
Ed
 1e-07 1 1 0
1  1961 0 0 5.15512844344008
2  1961 625 0 0 5.15512844344008
0

0101000
+837 0 -840 0 *
Wi

0101100
+838 0 +836 0 +835 0 *
Fa
0  1e-07 625 0

0101000
+834 0 *
Ve
1e-07
47.748581 -81.498116 0
0 0

0101101
*
Ve
1e-07
41.412224 -84.974899 0
0 0

0101101
*
Ed
 1e-07 1 1 0
1  1962 0 0 7.22754730600485
2  1962 626 0 0 7.22754730600485
0

0101000
+832 0 -831 0 *
Ve
1e-07
39.998528 -84.974899 0
0 0

0101101
*
Ed
 1e-07 1 1 0
1  1963 0 0 1.413696
2  1963 626 0 0 1.413696
0

0101000
+831 0 -829 0 *
Ed
 1e-07 1 1 0
1  1964 0 0 8.49419457817502
2  1964 626 0 0 8.49419457817502
0

0101000
+829 0 -832 0 *
Wi

0101100
+830 0 +828 0 +827 0 *
Fa
0  1e-07 626 0

0101000
+826 0 *
Ve
1e-07
42.869427 -79.834023 0
0 0

0101101
*
Ve
1e-07
46.792656 -79.566376 0
0 0

0101101
*
Ed
 1e-07 1 1 0
1  1965 0 0 3.93234798854959
2  1965 627 0 0 3.93234798854959
0

0101000
+824 0 -823 0 *
Ve
1e-07
46.792656 -79.92421 0
0 0

0101101
*
Ed
 1e-07 1 1 0
1  1966 0 0 0.357833999999997
2  1966 627 0 0 0.357833999999997
0

0101000
+823 0 -821 0 *
Ed
 1e-07 1 1 0
1  1967 0 0 3.92426547030269
2  1967 627 0 0 3.92426547030269
0

0101000
+821 0 -824 0 *
Wi

0101100
+822 0 +820 0 +819 0 *
Fa
0  1e-07 627 0

0101000
+818 0 *
Ve
1e-07
39.998528 -84.974899 0
0 0

0101101
*
Ve
1e-07
41.412224 -85.444069 0
0 0

0101101
*
Ed
 1e-07 1 1 0
1  1968 0 0 1.48951564923502
2  1968 628 0 0 1.48951564923502
0

0101000
+816 0 -815 0 *
Ve
1e-07
39.998528 -85.444641 0
0 0

0101101
*
Ed
 1e-07 1 1 0
1  1969 0 0 1.41369611571936
2  1969 628 0 0 1.41369611571936
0

0101000
+815 0 -813 0 *
Ed
 1e-07 1 1 0
1  1970 0 0 0.469742000000011
2  1970 628 0 0 0.469742000000011
0

0101000
+813 0 -816 0 *
Wi

0101100
+814 0 +812 0 +811 0 *
Fa
0  1e-07 628 0

0101000
+810 0 *
Ve
1e-07
38.506882 -85.445244 0
0 0

0101101
*
Ve
1e-07
36.902214 -85.445892 0
0 0

0101101
*
Ed
 1e-07 1 1 0
1  1971 0 0 1.60466813083827
2  1971 629 0 0 1.60466813083827
0

0101000
+808 0 -807 0 *
Ve
1e-07
36.902214 -84.974899 0
0 0

0101101
*
Ed
 1e-07 1 1 0
1  1972 0 0 0.470993000000007
2  1972 629 0 0 0.470993000000007
0

0101000
+807 0 -805 0 *
Ed
 1e-07 1 1 0
1  1973 0 0 1.67217935917443
2  1973 629 0 0 1.67217935917443
0

0101000
+805 0 -808 0 *
Wi

0101100
+806 0 +804 0 +803 0 *
Fa
0  1e-07 629 0

0101000
+802 0 *
Ve
1e-07
39.998528 -84.974899 0
0 0

0101101
*
Ve
1e-07
41.412224 -84.974899 0
0 0

0101101
*
Ed
 1e-07 1 1 0
1  1974 0 0 1.413696
2  1974 630 0 0 1.413696
0

0101000
+800 0 -799 0 *
Ve
1e-07
41.412224 -85.444069 0
0 0

0101101
*
Ed
 1e-07 1 1 0
1  1975 0 0 0.469170000000005
2  1975 630 0 0 0.469170000000005
0

0101000
+799 0 -797 0 *
Ed
 1e-07 1 1 0
1  1976 0 0 1.48951564923502
2  1976 630 0 0 1.48951564923502
0

0101000
+797 0 -800 0 *
Wi

0101100
+798 0 +796 0 +795 0 *
Fa
0  1e-07 630 0

0101000
+794 0 *
Ve
1e-07
43.320885 -84.974899 0
0 0

0101101
*
Ve
1e-07
44.932568 -84.974899 0
0 0

0101101
*
Ed
 1e-07 1 1 0
1  1977 0 0 1.61168300000001
2  1977 631 0 0 1.61168300000001
0

0101000
+792 0 -791 0 *
Ve
1e-07
44.932568 -85.443344 0
0 0

0101101
*
Ed
 1e-07 1 1 0
1  1978 0 0 0.468445000000003
2  1978 631 0 0 0.468445000000003
0

0101000
+791 0 -789 0 *
Ve
1e-07
43.320885 -85.443344 0
0 0

0101101
*
Ed
 1e-07 1 1 0
1  1979 0 0 1.61168300000001
2  1979 631 0 0 1.61168300000001
0

0101000
+789 0 -787 0 *
Ed
 1e-07 1 1 0
1  1980 0 0 0.468445000000003
2  1980 631 0 0 0.468445000000003
0

0101000
+787 0 -792 0 *
Wi

0101100
+790 0 +788 0 +786 0 +785 0 *
Fa
0  1e-07 631 0

0101000
+784 0 *
Ve
1e-07
43.320885 -84.974899 0
0 0

0101101
*
Ve
1e-07
47.748581 -81.498116 0
0 0

0101101
*
Ed
 1e-07 1 1 0
1  1981 0 0 5.6296102793626
2  1981 632 0 0 5.6296102793626
0

0101000
+782 0 -781 0 *
Ve
1e-07
44.932568 -84.974899 0
0 0

0101101
*
Ed
 1e-07 1 1 0
1  1982 0 0 4.47414229157477
2  1982 632 0 0 4.47414229157477
0

0101000
+781 0 -779 0 *
Ed
 1e-07 1 1 0
1  1983 0 0 1.61168300000001
2  1983 632 0 0 1.61168300000001
0

0101000
+779 0 -782 0 *
Wi

0101100
+780 0 +778 0 +777 0 *
Fa
0  1e-07 632 0

0101000
+776 0 *
Ve
1e-07
44.932568 -84.974899 0
0 0

0101101
*
Ve
1e-07
47.748581 -81.498116 0
0 0

0101101
*
Ed
 1e-07 1 1 0
1  1984 0 0 4.47414229157477
2  1984 633 0 0 4.47414229157477
0

0101000
+774 0 -773 0 *
Ve
1e-07
45.519875 -84.974899 0
0 0

0101101
*
Ed
 1e-07 1 1 0
1  1985 0 0 4.12978818627844
2  1985 633 0 0 4.12978818627844
0

0101000
+773 0 -771 0 *
Ed
 1e-07 1 1 0
1  1986 0 0 0.587306999999996
2  1986 633 0 0 0.587306999999996
0

0101000
+771 0 -774 0 *
Wi

0101100
+772 0 +770 0 +769 0 *
Fa
0  1e-07 633 0

0101000
+768 0 *
Ve
1e-07
44.932568 -85.443344 0
0 0

0101101
*
Ve
1e-07
43.229332 -87.555321 0
0 0

0101101
*
Ed
 1e-07 1 1 0
1  1987 0 0 2.71320100991892
2  1987 634 0 0 2.71320100991892
0

0101000
+766 0 -765 0 *
Ve
1e-07
43.320885 -85.443344 0
0 0

0101101
*
Ed
 1e-07 1 1 0
1  1988 0 0 2.11396045382548
2  1988 634 0 0 2.11396045382548
0

0101000
+765 0 -763 0 *
Ed
 1e-07 1 1 0
1  1989 0 0 1.61168300000001
2  1989 634 0 0 1.61168300000001
0

0101000
+763 0 -766 0 *
Wi

0101100
+764 0 +762 0 +761 0 *
Fa
0  1e-07 634 0

0101000
+760 0 *
Ve
1e-07
43.320885 -85.443344 0
0 0

0101101
*
Ve
1e-07
43.229332 -87.555321 0
0 0

0101101
*
Ed
 1e-07 1 1 0
1  1990 0 0 2.11396045382548
2  1990 635 0 0 2.11396045382548
0

0101000
+758 0 -757 0 *
Ve
1e-07
43.229332 -85.443344 0
0 0

0101101
*
Ed
 1e-07 1 1 0
1  1991 0 0 2.11197700000001
2  1991 635 0 0 2.11197700000001
0

0101000
+757 0 -755 0 *
Ed
 1e-07 1 1 0
1  1992 0 0 0.0915529999999976
2  1992 635 0 0 0.0915529999999976
0

0101000
+755 0 -758 0 *
Wi

0101100
+756 0 +754 0 +753 0 *
Fa
0  1e-07 635 0

0101000
+752 0 *
Ve
1e-07
43.229332 -87.555321 0
0 0

0101101
*
Ve
1e-07
44.932568 -85.443344 0
0 0

0101101
*
Ed
 1e-07 1 1 0
1  1993 0 0 2.71320100991892
2  1993 636 0 0 2.71320100991892
0

0101000
+750 0 -749 0 *
Ve
1e-07
45.519875 -85.443344 0
0 0

0101101
*
Ed
 1e-07 1 1 0
1  1994 0 0 0.587306999999996
2  1994 636 0 0 0.587306999999996
0

0101000
+749 0 -747 0 *
Ed
 1e-07 1 1 0
1  1995 0 0 3.11561134986025
2  1995 636 0 0 3.11561134986025
0

0101000
+747 0 -750 0 *
Wi

0101100
+748 0 +746 0 +745 0 *
Fa
0  1e-07 636 0

0101000
+744 0 *
Ve
1e-07
47.401142 -87.555321 0
0 0

0101101
*
Ve
1e-07
43.229332 -87.555321 0
0 0

0101101
*
Ed
 1e-07 1 1 0
1  1996 0 0 4.17181
2  1996 637 0 0 4.17181
0

0101000
+742 0 -741 0 *
Ve
1e-07
45.519875 -85.443344 0
0 0

0101101
*
Ed
 1e-07 1 1 0
1  1997 0 0 3.11561134986025
2  1997 637 0 0 3.11561134986025
0

0101000
+741 0 -739 0 *
Ed
 1e-07 1 1 0
1  1998 0 0 2.82835860064067
2  1998 637 0 0 2.82835860064067
0

0101000
+739 0 -742 0 *
Wi

0101100
+740 0 +738 0 +737 0 *
Fa
0  1e-07 637 0

0101000
+736 0 *
Ve
1e-07
45.519875 -84.974899 0
0 0

0101101
*
Ve
1e-07
47.141701 -84.974899 0
0 0

0101101
*
Ed
 1e-07 1 1 0
1  1999 0 0 1.621826
2  1999 638 0 0 1.621826
0

0101000
+734 0 -733 0 *
Ve
1e-07
47.141701 -85.443344 0
0 0

0101101
*
Ed
 1e-07 1 1 0
1  2000 0 0 0.468445000000003
2  2000 638 0 0 0.468445000000003
0

0101000
+733 0 -731 0 *
Ve
1e-07
45.519875 -85.443344 0
0 0

0101101
*
Ed
 1e-07 1 1 0
1  2001 0 0 1.621826
2  2001 638 0 0 1.621826
0

0101000
+731 0 -729 0 *
Ed
 1e-07 1 1 0
1  2002 0 0 0.468445000000003
2  2002 638 0 0 0.468445000000003
0

0101000
+729 0 -734 0 *
Wi

0101100
+732 0 +730 0 +728 0 +727 0 *
Fa
0  1e-07 638 0

0101000
+726 0 *
Ve
1e-07
47.748581 -81.498116 0
0 0

0101101
*
Ve
1e-07
43.320885 -84.974899 0
0 0

0101101
*
Ed
 1e-07 1 1 0
1  2003 0 0 5.6296102793626
2  2003 639 0 0 5.6296102793626
0

0101000
+724 0 -723 0 *
Ve
1e-07
41.412224 -84.974899 0
0 0

0101101
*
Ed
 1e-07 1 1 0
1  2004 0 0 1.908661
2  2004 639 0 0 1.908661
0

0101000
+723 0 -721 0 *
Ed
 1e-07 1 1 0
1  2005 0 0 7.22754730600485
2  2005 639 0 0 7.22754730600485
0

0101000
+721 0 -724 0 *
Wi

0101100
+722 0 +720 0 +719 0 *
Fa
0  1e-07 639 0

0101000
+718 0 *
Ve
1e-07
42.869427 -79.834023 0
0 0

0101101
*
Ve
1e-07
46.792656 -79.92421 0
0 0

0101101
*
Ed
 1e-07 1 1 0
1  2006 0 0 3.92426547030269
2  2006 640 0 0 3.92426547030269
0

0101000
+716 0 -715 0 *
Ve
1e-07
47.718864 -80.615654 0
0 0

0101101
*
Ed
 1e-07 1 1 0
1  2007 0 0 1.15583565631106
2  2007 640 0 0 1.15583565631106
0

0101000
+715 0 -713 0 *
Ed
 1e-07 1 1 0
1  2008 0 0 4.91202465762643
2  2008 640 0 0 4.91202465762643
0

0101000
+713 0 -716 0 *
Wi

0101100
+714 0 +712 0 +711 0 *
Fa
0  1e-07 640 0

0101000
+710 0 *
Ve
1e-07
30.169342 -77.84304 0
0 0

0101101
*
Ve
1e-07
30.347359 -77.84304 0
0 0

0101101
*
Ed
 1e-07 1 1 0
1  2009 0 0 0.178017000000001
2  2009 641 0 0 0.178017000000001
0

0101000
+708 0 -707 0 *
Ve
1e-07
31.522161 -78.196014 0
0 0

0101101
*
Ed
 1e-07 1 1 0
1  2010 0 0 1.22668267448432
2  2010 641 0 0 1.22668267448432
0

0101000
+707 0 -705 0 *
Ed
 1e-07 1 1 0
1  2011 0 0 1.39810939895167
2  2011 641 0 0 1.39810939895167
0

0101000
+705 0 -708 0 *
Wi

0101100
+706 0 +704 0 +703 0 *
Fa
0  1e-07 641 0

0101000
+702 0 *
Ve
1e-07
48.038303 -79.566376 0
0 0

0101101
*
Ve
1e-07
48.038303 -76.738472 0
0 0

0101101
*
Ed
 1e-07 1 1 0
1  2012 0 0 2.827904
2  2012 642 0 0 2.827904
0

0101000
+700 0 -699 0 *
Ve
1e-07
50.241306 -77.921211 0
0 0

0101101
*
Ed
 1e-07 1 1 0
1  2013 0 0 2.50041871696122
2  2013 642 0 0 2.50041871696122
0

0101000
+699 0 -697 0 *
Ve
1e-07
50.241306 -78.741402 0
0 0

0101101
*
Ed
 1e-07 1 1 0
1  2014 0 0 0.820190999999994
2  2014 642 0 0 0.820190999999994
0

0101000
+697 0 -695 0 *
Ed
 1e-07 1 1 0
1  2015 0 0 2.35240394462453
2  2015 642 0 0 2.35240394462453
0

0101000
+695 0 -700 0 *
Wi

0101100
+698 0 +696 0 +694 0 +693 0 *
Fa
0  1e-07 642 0

0101000
+692 0 *
Ve
1e-07
50.386547 -77.921211 0
0 0

0101101
*
Ve
1e-07
50.386547 -78.741402 0
0 0

0101101
*
Ed
 1e-07 1 1 0
1  2016 0 0 0.820190999999994
2  2016 643 0 0 0.820190999999994
0

0101000
+690 0 -689 0 *
Ve
1e-07
50.241306 -78.741402 0
0 0

0101101
*
Ed
 1e-07 1 1 0
1  2017 0 0 0.145240999999999
2  2017 643 0 0 0.145240999999999
0

0101000
+689 0 -687 0 *
Ve
1e-07
50.241306 -77.921211 0
0 0

0101101
*
Ed
 1e-07 1 1 0
1  2018 0 0 0.820190999999994
2  2018 643 0 0 0.820190999999994
0

0101000
+687 0 -685 0 *
Ed
 1e-07 1 1 0
1  2019 0 0 0.145240999999999
2  2019 643 0 0 0.145240999999999
0

0101000
+685 0 -690 0 *
Wi

0101100
+688 0 +686 0 +684 0 +683 0 *
Fa
0  1e-07 643 0

0101000
+682 0 *
Ve
1e-07
52.026047 -77.635033 0
0 0

0101101
*
Ve
1e-07
52.948891 -77.93219 0
0 0

0101101
*
Ed
 1e-07 1 1 0
1  2020 0 0 0.969506746229756
2  2020 644 0 0 0.969506746229756
0

0101000
+680 0 -679 0 *
Ve
1e-07
52.948891 -78.080772 0
0 0

0101101
*
Ed
 1e-07 1 1 0
1  2021 0 0 0.14858199999999
2  2021 644 0 0 0.14858199999999
0

0101000
+679 0 -677 0 *
Ed
 1e-07 1 1 0
1  2022 0 0 1.02485330875057
2  2022 644 0 0 1.02485330875057
0

0101000
+677 0 -680 0 *
Wi

0101100
+678 0 +676 0 +675 0 *
Fa
0  1e-07 644 0

0101000
+674 0 *
Ve
1e-07
52.026047 -77.635033 0
0 0

0101101
*
Ve
1e-07
52.948891 -77.635033 0
0 0

0101101
*
Ed
 1e-07 1 1 0
1  2023 0 0 0.922844000000005
2  2023 645 0 0 0.922844000000005
0

0101000
+672 0 -671 0 *
Ve
1e-07
52.948891 -77.93219 0
0 0

0101101
*
Ed
 1e-07 1 1 0
1  2024 0 0 0.297156999999999
2  2024 645 0 0 0.297156999999999
0

0101000
+671 0 -669 0 *
Ed
 1e-07 1 1 0
1  2025 0 0 0.969506746229756
2  2025 645 0 0 0.969506746229756
0

0101000
+669 0 -672 0 *
Wi

0101100
+670 0 +668 0 +667 0 *
Fa
0  1e-07 645 0

0101000
+666 0 *
Ve
1e-07
52.026047 -79.525406 0
0 0

0101101
*
Ve
1e-07
52.948891 -78.080772 0
0 0

0101101
*
Ed
 1e-07 1 1 0
1  2026 0 0 1.71423698545214
2  2026 646 0 0 1.71423698545214
0

0101000
+664 0 -663 0 *
Ve
1e-07
55.21677 -79.143021 0
0 0

0101101
*
Ed
 1e-07 1 1 0
1  2027 0 0 2.50432587668658
2  2027 646 0 0 2.50432587668658
0

0101000
+663 0 -661 0 *
Ed
 1e-07 1 1 0
1  2028 0 0 3.21355434852968
2  2028 646 0 0 3.21355434852968
0

0101000
+661 0 -664 0 *
Wi

0101100
+662 0 +660 0 +659 0 *
Fa
0  1e-07 646 0

0101000
+658 0 *
Ve
1e-07
55.504471 -76.951561 0
0 0

0101101
*
Ve
1e-07
55.504471 -77.93219 0
0 0

0101101
*
Ed
 1e-07 1 1 0
1  2029 0 0 0.980629000000008
2  2029 647 0 0 0.980629000000008
0

0101000
+656 0 -655 0 *
Ve
1e-07
53.186619 -77.93219 0
0 0

0101101
*
Ed
 1e-07 1 1 0
1  2030 0 0 2.317852
2  2030 647 0 0 2.317852
0

0101000
+655 0 -653 0 *
Ve
1e-07
53.186619 -76.951561 0
0 0

0101101
*
Ed
 1e-07 1 1 0
1  2031 0 0 0.980629000000008
2  2031 647 0 0 0.980629000000008
0

0101000
+653 0 -651 0 *
Ed
 1e-07 1 1 0
1  2032 0 0 2.317852
2  2032 647 0 0 2.317852
0

0101000
+651 0 -656 0 *
Wi

0101100
+654 0 +652 0 +650 0 +649 0 *
Fa
0  1e-07 647 0

0101000
+648 0 *
Ve
1e-07
52.948891 -78.080772 0
0 0

0101101
*
Ve
1e-07
52.026047 -79.525406 0
0 0

0101101
*
Ed
 1e-07 1 1 0
1  2033 0 0 1.71423698545214
2  2033 648 0 0 1.71423698545214
0

0101000
+646 0 -645 0 *
Ve
1e-07
52.026047 -77.635033 0
0 0

0101101
*
Ed
 1e-07 1 1 0
1  2034 0 0 1.890373
2  2034 648 0 0 1.890373
0

0101000
+645 0 -643 0 *
Ed
 1e-07 1 1 0
1  2035 0 0 1.02485330875057
2  2035 648 0 0 1.02485330875057
0

0101000
+643 0 -646 0 *
Wi

0101100
+644 0 +642 0 +641 0 *
Fa
0  1e-07 648 0

0101000
+640 0 *
Ve
1e-07
52.948891 -78.080772 0
0 0

0101101
*
Ve
1e-07
55.228336 -78.16713 0
0 0

0101101
*
Ed
 1e-07 1 1 0
1  2036 0 0 2.28108027306997
2  2036 649 0 0 2.28108027306997
0

0101000
+638 0 -637 0 *
Ve
1e-07
55.21677 -79.143021 0
0 0

0101101
*
Ed
 1e-07 1 1 0
1  2037 0 0 0.975959536167872
2  2037 649 0 0 0.975959536167872
0

0101000
+637 0 -635 0 *
Ed
 1e-07 1 1 0
1  2038 0 0 2.50432587668658
2  2038 649 0 0 2.50432587668658
0

0101000
+635 0 -638 0 *
Wi

0101100
+636 0 +634 0 +633 0 *
Fa
0  1e-07 649 0

0101000
+632 0 *
Ve
1e-07
50.241306 -79.566376 0
0 0

0101101
*
Ve
1e-07
48.038303 -79.566376 0
0 0

0101101
*
Ed
 1e-07 1 1 0
1  2039 0 0 2.203003
2  2039 650 0 0 2.203003
0

0101000
+630 0 -629 0 *
Ve
1e-07
50.241306 -78.741402 0
0 0

0101101
*
Ed
 1e-07 1 1 0
1  2040 0 0 2.35240394462453
2  2040 650 0 0 2.35240394462453
0

0101000
+629 0 -627 0 *
Ed
 1e-07 1 1 0
1  2041 0 0 0.824974000000012
2  2041 650 0 0 0.824974000000012
0

0101000
+627 0 -630 0 *
Wi

0101100
+628 0 +626 0 +625 0 *
Fa
0  1e-07 650 0

0101000
+624 0 *
Ve
1e-07
47.718864 -79.92421 0
0 0

0101101
*
Ve
1e-07
47.718864 -80.615654 0
0 0

0101101
*
Ed
 1e-07 1 1 0
1  2042 0 0 0.691444000000004
2  2042 651 0 0 0.691444000000004
0

0101000
+622 0 -621 0 *
Ve
1e-07
46.792656 -79.92421 0
0 0

0101101
*
Ed
 1e-07 1 1 0
1  2043 0 0 1.15583565631106
2  2043 651 0 0 1.15583565631106
0

0101000
+621 0 -619 0 *
Ed
 1e-07 1 1 0
1  2044 0 0 0.926208000000003
2  2044 651 0 0 0.926208000000003
0

0101000
+619 0 -622 0 *
Wi

0101100
+620 0 +618 0 +617 0 *
Fa
0  1e-07 651 0

0101000
+616 0 *
Ve
1e-07
55.21677 -79.525406 0
0 0

0101101
*
Ve
1e-07
52.026047 -79.525406 0
0 0

0101101
*
Ed
 1e-07 1 1 0
1  2045 0 0 3.190723
2  2045 652 0 0 3.190723
0

0101000
+614 0 -613 0 *
Ve
1e-07
55.21677 -79.143021 0
0 0

0101101
*
Ed
 1e-07 1 1 0
1  2046 0 0 3.21355434852968
2  2046 652 0 0 3.21355434852968
0

0101000
+613 0 -611 0 *
Ed
 1e-07 1 1 0
1  2047 0 0 0.382384999999999
2  2047 652 0 0 0.382384999999999
0

0101000
+611 0 -614 0 *
Wi

0101100
+612 0 +610 0 +609 0 *
Fa
0  1e-07 652 0

0101000
+608 0 *
Ve
1e-07
50.386547 -78.741402 0
0 0

0101101
*
Ve
1e-07
51.521885 -79.566376 0
0 0

0101101
*
Ed
 1e-07 1 1 0
1  2048 0 0 1.40341528954191
2  2048 653 0 0 1.40341528954191
0

0101000
+606 0 -605 0 *
Ve
1e-07
50.386547 -79.566376 0
0 0

0101101
*
Ed
 1e-07 1 1 0
1  2049 0 0 1.135338
2  2049 653 0 0 1.135338
0

0101000
+605 0 -603 0 *
Ed
 1e-07 1 1 0
1  2050 0 0 0.824974000000012
2  2050 653 0 0 0.824974000000012
0

0101000
+603 0 -606 0 *
Wi

0101100
+604 0 +602 0 +601 0 *
Fa
0  1e-07 653 0

0101000
+600 0 *
Ve
1e-07
48.038303 -80.615654 0
0 0

0101101
*
Ve
1e-07
48.038303 -79.92421 0
0 0

0101101
*
Ed
 1e-07 1 1 0
1  2051 0 0 0.691444000000004
2  2051 654 0 0 0.691444000000004
0

0101000
+598 0 -597 0 *
Ve
1e-07
51.521885 -79.92421 0
0 0

0101101
*
Ed
 1e-07 1 1 0
1  2052 0 0 3.483582
2  2052 654 0 0 3.483582
0

0101000
+597 0 -595 0 *
Ed
 1e-07 1 1 0
1  2053 0 0 3.55154027935204
2  2053 654 0 0 3.55154027935204
0

0101000
+595 0 -598 0 *
Wi

0101100
+596 0 +594 0 +593 0 *
Fa
0  1e-07 654 0

0101000
+592 0 *
Ve
1e-07
50.386547 -77.921211 0
0 0

0101101
*
Ve
1e-07
51.521885 -79.566376 0
0 0

0101101
*
Ed
 1e-07 1 1 0
1  2054 0 0 1.9988897547061
2  2054 655 0 0 1.9988897547061
0

0101000
+590 0 -589 0 *
Ve
1e-07
50.386547 -78.741402 0
0 0

0101101
*
Ed
 1e-07 1 1 0
1  2055 0 0 1.40341528954191
2  2055 655 0 0 1.40341528954191
0

0101000
+589 0 -587 0 *
Ed
 1e-07 1 1 0
1  2056 0 0 0.820190999999994
2  2056 655 0 0 0.820190999999994
0

0101000
+587 0 -590 0 *
Wi

0101100
+588 0 +586 0 +585 0 *
Fa
0  1e-07 655 0

0101000
+584 0 *
Ve
1e-07
50.386547 -76.599098 0
0 0

0101101
*
Ve
1e-07
51.521885 -79.566376 0
0 0

0101101
*
Ed
 1e-07 1 1 0
1  2057 0 0 3.17706328289634
2  2057 656 0 0 3.17706328289634
0

0101000
+582 0 -581 0 *
Ve
1e-07
50.386547 -77.921211 0
0 0

0101101
*
Ed
 1e-07 1 1 0
1  2058 0 0 1.9988897547061
2  2058 656 0 0 1.9988897547061
0

0101000
+581 0 -579 0 *
Ed
 1e-07 1 1 0
1  2059 0 0 1.322113
2  2059 656 0 0 1.322113
0

0101000
+579 0 -582 0 *
Wi

0101100
+580 0 +578 0 +577 0 *
Fa
0  1e-07 656 0

0101000
+576 0 *
Ve
1e-07
55.228336 -78.080772 0
0 0

0101101
*
Ve
1e-07
55.228336 -78.16713 0
0 0

0101101
*
Ed
 1e-07 1 1 0
1  2060 0 0 0.0863580000000042
2  2060 657 0 0 0.0863580000000042
0

0101000
+574 0 -573 0 *
Ve
1e-07
52.948891 -78.080772 0
0 0

0101101
*
Ed
 1e-07 1 1 0
1  2061 0 0 2.28108027306997
2  2061 657 0 0 2.28108027306997
0

0101000
+573 0 -571 0 *
Ed
 1e-07 1 1 0
1  2062 0 0 2.279445
2  2062 657 0 0 2.279445
0

0101000
+571 0 -574 0 *
Wi

0101100
+572 0 +570 0 +569 0 *
Fa
0  1e-07 657 0

0101000
+568 0 *
Ve
1e-07
55.504471 -77.93219 0
0 0

0101101
*
Ve
1e-07
55.504471 -76.951561 0
0 0

0101101
*
Ed
 1e-07 1 1 0
1  2063 0 0 0.980629000000008
2  2063 658 0 0 0.980629000000008
0

0101000
+566 0 -565 0 *
Ve
1e-07
56.803448 -77.446831 0
0 0

0101101
*
Ed
 1e-07 1 1 0
1  2064 0 0 1.39019193618328
2  2064 658 0 0 1.39019193618328
0

0101000
+565 0 -563 0 *
Ed
 1e-07 1 1 0
1  2065 0 0 1.38669196486098
2  2065 658 0 0 1.38669196486098
0

0101000
+563 0 -566 0 *
Wi

0101100
+564 0 +562 0 +561 0 *
Fa
0  1e-07 658 0

0101000
+560 0 *
Ve
1e-07
56.989017 -77.446846 0
0 0

0101101
*
Ve
1e-07
56.803448 -77.446831 0
0 0

0101101
*
Ed
 1e-07 1 1 0
1  2066 0 0 0.185569000606237
2  2066 659 0 0 0.185569000606237
0

0101000
+558 0 -557 0 *
Ve
1e-07
55.504471 -76.951561 0
0 0

0101101
*
Ed
 1e-07 1 1 0
1  2067 0 0 1.39019193618328
2  2067 659 0 0 1.39019193618328
0

0101000
+557 0 -555 0 *
Ed
 1e-07 1 1 0
1  2068 0 0 1.5649869192236
2  2068 659 0 0 1.5649869192236
0

0101000
+555 0 -558 0 *
Wi

0101100
+556 0 +554 0 +553 0 *
Fa
0  1e-07 659 0

0101000
+552 0 *
Ve
1e-07
56.803448 -77.974884 0
0 0

0101101
*
Ve
1e-07
55.504471 -77.93219 0
0 0

0101101
*
Ed
 1e-07 1 1 0
1  2069 0 0 1.29967843106093
2  2069 660 0 0 1.29967843106093
0

0101000
+550 0 -549 0 *
Ve
1e-07
56.803448 -77.446831 0
0 0

0101101
*
Ed
 1e-07 1 1 0
1  2070 0 0 1.38669196486098
2  2070 660 0 0 1.38669196486098
0

0101000
+549 0 -547 0 *
Ed
 1e-07 1 1 0
1  2071 0 0 0.528053
2  2071 660 0 0 0.528053
0

0101000
+547 0 -550 0 *
Wi

0101100
+548 0 +546 0 +545 0 *
Fa
0  1e-07 660 0

0101000
+544 0 *
Ve
1e-07
56.803448 -77.974884 0
0 0

0101101
*
Ve
1e-07
55.504471 -78.16713 0
0 0

0101101
*
Ed
 1e-07 1 1 0
1  2072 0 0 1.31312595399109
2  2072 661 0 0 1.31312595399109
0

0101000
+542 0 -541 0 *
Ve
1e-07
55.504471 -77.93219 0
0 0

0101101
*
Ed
 1e-07 1 1 0
1  2073 0 0 0.234939999999995
2  2073 661 0 0 0.234939999999995
0

0101000
+541 0 -539 0 *
Ed
 1e-07 1 1 0
1  2074 0 0 1.29967843106093
2  2074 661 0 0 1.29967843106093
0

0101000
+539 0 -542 0 *
Wi

0101100
+540 0 +538 0 +537 0 *
Fa
0  1e-07 661 0

0101000
+536 0 *
Ve
1e-07
56.803448 -77.974884 0
0 0

0101101
*
Ve
1e-07
56.833164 -78.911743 0
0 0

0101101
*
Ed
 1e-07 1 1 0
1  2075 0 0 0.937330158768508
2  2075 662 0 0 0.937330158768508
0

0101000
+534 0 -533 0 *
Ve
1e-07
55.504471 -78.16713 0
0 0

0101101
*
Ed
 1e-07 1 1 0
1  2076 0 0 1.52311313040693
2  2076 662 0 0 1.52311313040693
0

0101000
+533 0 -531 0 *
Ed
 1e-07 1 1 0
1  2077 0 0 1.31312595399109
2  2077 662 0 0 1.31312595399109
0

0101000
+531 0 -534 0 *
Wi

0101100
+532 0 +530 0 +529 0 *
Fa
0  1e-07 662 0

0101000
+528 0 *
Ve
1e-07
55.504471 -78.16713 0
0 0

0101101
*
Ve
1e-07
55.504471 -79.143021 0
0 0

0101101
*
Ed
 1e-07 1 1 0
1  2078 0 0 0.975891000000004
2  2078 663 0 0 0.975891000000004
0

0101000
+526 0 -525 0 *
Ve
1e-07
55.228336 -78.16713 0
0 0

0101101
*
Ed
 1e-07 1 1 0
1  2079 0 0 1.01420598603341
2  2079 663 0 0 1.01420598603341
0

0101000
+525 0 -523 0 *
Ed
 1e-07 1 1 0
1  2080 0 0 0.276135000000004
2  2080 663 0 0 0.276135000000004
0

0101000
+523 0 -526 0 *
Wi

0101100
+524 0 +522 0 +521 0 *
Fa
0  1e-07 663 0

0101000
+520 0 *
Ve
1e-07
60.015644 -77.427017 0
0 0

0101101
*
Ve
1e-07
56.989017 -77.974907 0
0 0

0101101
*
Ed
 1e-07 1 1 0
1  2081 0 0 3.07581768790496
2  2081 664 0 0 3.07581768790496
0

0101000
+518 0 -517 0 *
Ve
1e-07
56.989017 -77.446846 0
0 0

0101101
*
Ed
 1e-07 1 1 0
1  2082 0 0 0.528061000000008
2  2082 664 0 0 0.528061000000008
0

0101000
+517 0 -515 0 *
Ed
 1e-07 1 1 0
1  2083 0 0 3.02669195432407
2  2083 664 0 0 3.02669195432407
0

0101000
+515 0 -518 0 *
Wi

0101100
+516 0 +514 0 +513 0 *
Fa
0  1e-07 664 0

0101000
+512 0 *
Ve
1e-07
56.987072 -76.565208 0
0 0

0101101
*
Ve
1e-07
56.989017 -77.446846 0
0 0

0101101
*
Ed
 1e-07 1 1 0
1  2084 0 0 0.88164014544994
2  2084 665 0 0 0.88164014544994
0

0101000
+510 0 -509 0 *
Ve
1e-07
55.504471 -76.951561 0
0 0

0101101
*
Ed
 1e-07 1 1 0
1  2085 0 0 1.5649869192236
2  2085 665 0 0 1.5649869192236
0

0101000
+509 0 -507 0 *
Ed
 1e-07 1 1 0
1  2086 0 0 1.53211434488748
2  2086 665 0 0 1.53211434488748
0

0101000
+507 0 -510 0 *
Wi

0101100
+508 0 +506 0 +505 0 *
Fa
0  1e-07 665 0

0101000
+504 0 *
Ve
1e-07
60.015644 -77.427017 0
0 0

0101101
*
Ve
1e-07
56.989017 -77.446846 0
0 0

0101101
*
Ed
 1e-07 1 1 0
1  2087 0 0 3.02669195432407
2  2087 666 0 0 3.02669195432407
0

0101000
+502 0 -501 0 *
Ve
1e-07
56.987072 -76.565208 0
0 0

0101101
*
Ed
 1e-07 1 1 0
1  2088 0 0 0.88164014544994
2  2088 666 0 0 0.88164014544994
0

0101000
+501 0 -499 0 *
Ed
 1e-07 1 1 0
1  2089 0 0 3.14880344125591
2  2089 666 0 0 3.14880344125591
0

0101000
+499 0 -502 0 *
Wi

0101100
+500 0 +498 0 +497 0 *
Fa
0  1e-07 666 0

0101000
+496 0 *
Ve
1e-07
60.379112 -77.427017 0
0 0

0101101
*
Ve
1e-07
60.379032 -78.800972 0
0 0

0101101
*
Ed
 1e-07 1 1 0
1  2090 0 0 1.37395500232904
2  2090 667 0 0 1.37395500232904
0

0101000
+494 0 -493 0 *
Ve
1e-07
60.015644 -77.427017 0
0 0

0101101
*
Ed
 1e-07 1 1 0
1  2091 0 0 1.42119779783427
2  2091 667 0 0 1.42119779783427
0

0101000
+493 0 -491 0 *
Ed
 1e-07 1 1 0
1  2092 0 0 0.363467999999997
2  2092 667 0 0 0.363467999999997
0

0101000
+491 0 -494 0 *
Wi

0101100
+492 0 +490 0 +489 0 *
Fa
0  1e-07 667 0

0101000
+488 0 *
Ve
1e-07
56.989017 -77.974907 0
0 0

0101101
*
Ve
1e-07
60.015644 -77.427017 0
0 0

0101101
*
Ed
 1e-07 1 1 0
1  2093 0 0 3.07581768790496
2  2093 668 0 0 3.07581768790496
0

0101000
+486 0 -485 0 *
Ve
1e-07
60.015644 -78.800972 0
0 0

0101101
*
Ed
 1e-07 1 1 0
1  2094 0 0 1.373955
2  2094 668 0 0 1.373955
0

0101000
+485 0 -483 0 *
Ed
 1e-07 1 1 0
1  2095 0 0 3.13733236705231
2  2095 668 0 0 3.13733236705231
0

0101000
+483 0 -486 0 *
Wi

0101100
+484 0 +482 0 +481 0 *
Fa
0  1e-07 668 0

0101000
+480 0 *
Ve
1e-07
60.379032 -78.800972 0
0 0

0101101
*
Ve
1e-07
60.015644 -78.800972 0
0 0

0101101
*
Ed
 1e-07 1 1 0
1  2096 0 0 0.363388
2  2096 669 0 0 0.363388
0

0101000
+478 0 -477 0 *
Ve
1e-07
60.015644 -77.427017 0
0 0

0101101
*
Ed
 1e-07 1 1 0
1  2097 0 0 1.373955
2  2097 669 0 0 1.373955
0

0101000
+477 0 -475 0 *
Ed
 1e-07 1 1 0
1  2098 0 0 1.42119779783427
2  2098 669 0 0 1.42119779783427
0

0101000
+475 0 -478 0 *
Wi

0101100
+476 0 +474 0 +473 0 *
Fa
0  1e-07 669 0

0101000
+472 0 *
Ve
1e-07
56.989017 -77.974907 0
0 0

0101101
*
Ve
1e-07
56.833164 -78.911743 0
0 0

0101101
*
Ed
 1e-07 1 1 0
1  2099 0 0 0.949711455393163
2  2099 670 0 0 0.949711455393163
0

0101000
+470 0 -469 0 *
Ve
1e-07
56.803448 -77.974884 0
0 0

0101101
*
Ed
 1e-07 1 1 0
1  2100 0 0 0.937330158768508
2  2100 670 0 0 0.937330158768508
0

0101000
+469 0 -467 0 *
Ed
 1e-07 1 1 0
1  2101 0 0 0.18556900142534
2  2101 670 0 0 0.18556900142534
0

0101000
+467 0 -470 0 *
Wi

0101100
+468 0 +466 0 +465 0 *
Fa
0  1e-07 670 0

0101000
+464 0 *
Ve
1e-07
56.989017 -77.974907 0
0 0

0101101
*
Ve
1e-07
60.015644 -78.800972 0
0 0

0101101
*
Ed
 1e-07 1 1 0
1  2102 0 0 3.13733236705231
2  2102 671 0 0 3.13733236705231
0

0101000
+462 0 -461 0 *
Ve
1e-07
56.991016 -78.911819 0
0 0

0101101
*
Ed
 1e-07 1 1 0
1  2103 0 0 3.02665848681231
2  2103 671 0 0 3.02665848681231
0

0101000
+461 0 -459 0 *
Ed
 1e-07 1 1 0
1  2104 0 0 0.936914132535627
2  2104 671 0 0 0.936914132535627
0

0101000
+459 0 -462 0 *
Wi

0101100
+460 0 +458 0 +457 0 *
Fa
0  1e-07 671 0

0101000
+456 0 *
Ve
1e-07
55.504471 -78.16713 0
0 0

0101101
*
Ve
1e-07
56.833164 -78.911743 0
0 0

0101101
*
Ed
 1e-07 1 1 0
1  2105 0 0 1.52311313040693
2  2105 672 0 0 1.52311313040693
0

0101000
+454 0 -453 0 *
Ve
1e-07
55.504471 -79.143021 0
0 0

0101101
*
Ed
 1e-07 1 1 0
1  2106 0 0 1.34867142089279
2  2106 672 0 0 1.34867142089279
0

0101000
+453 0 -451 0 *
Ed
 1e-07 1 1 0
1  2107 0 0 0.975891000000004
2  2107 672 0 0 0.975891000000004
0

0101000
+451 0 -454 0 *
Wi

0101100
+452 0 +450 0 +449 0 *
Fa
0  1e-07 672 0

0101000
+448 0 *
Ve
1e-07
56.989017 -77.974907 0
0 0

0101101
*
Ve
1e-07
56.991016 -78.911819 0
0 0

0101101
*
Ed
 1e-07 1 1 0
1  2108 0 0 0.936914132535627
2  2108 673 0 0 0.936914132535627
0

0101000
+446 0 -445 0 *
Ve
1e-07
56.833164 -78.911743 0
0 0

0101101
*
Ed
 1e-07 1 1 0
1  2109 0 0 0.157852018295623
2  2109 673 0 0 0.157852018295623
0

0101000
+445 0 -443 0 *
Ed
 1e-07 1 1 0
1  2110 0 0 0.949711455393163
2  2110 673 0 0 0.949711455393163
0

0101000
+443 0 -446 0 *
Wi

0101100
+444 0 +442 0 +441 0 *
Fa
0  1e-07 673 0

0101000
+440 0 *
Ve
1e-07
55.504471 -79.982597 0
0 0

0101101
*
Ve
1e-07
55.504471 -79.143021 0
0 0

0101101
*
Ed
 1e-07 1 1 0
1  2111 0 0 0.839575999999994
2  2111 674 0 0 0.839575999999994
0

0101000
+438 0 -437 0 *
Ve
1e-07
56.833164 -78.911743 0
0 0

0101101
*
Ed
 1e-07 1 1 0
1  2112 0 0 1.34867142089279
2  2112 674 0 0 1.34867142089279
0

0101000
+437 0 -435 0 *
Ve
1e-07
56.833164 -79.68544 0
0 0

0101101
*
Ed
 1e-07 1 1 0
1  2113 0 0 0.773696999999999
2  2113 674 0 0 0.773696999999999
0

0101000
+435 0 -433 0 *
Ed
 1e-07 1 1 0
1  2114 0 0 1.36151657018855
2  2114 674 0 0 1.36151657018855
0

0101000
+433 0 -438 0 *
Wi

0101100
+436 0 +434 0 +432 0 +431 0 *
Fa
0  1e-07 674 0

0101000
+430 0 *
Ve
1e-07
56.991016 -79.589149 0
0 0

0101101
*
Ve
1e-07
56.991016 -78.911819 0
0 0

0101101
*
Ed
 1e-07 1 1 0
1  2115 0 0 0.677330000000012
2  2115 675 0 0 0.677330000000012
0

0101000
+428 0 -427 0 *
Ve
1e-07
60.015644 -78.800972 0
0 0

0101101
*
Ed
 1e-07 1 1 0
1  2116 0 0 3.02665848681231
2  2116 675 0 0 3.02665848681231
0

0101000
+427 0 -425 0 *
Ve
1e-07
60.015644 -79.589073 0
0 0

0101101
*
Ed
 1e-07 1 1 0
1  2117 0 0 0.788100999999997
2  2117 675 0 0 0.788100999999997
0

0101000
+425 0 -423 0 *
Ed
 1e-07 1 1 0
1  2118 0 0 3.02462800095483
2  2118 675 0 0 3.02462800095483
0

0101000
+423 0 -428 0 *
Wi

0101100
+426 0 +424 0 +422 0 +421 0 *
Fa
0  1e-07 675 0

0101000
+420 0 *
Ve
1e-07
57.206207 -79.901672 0
0 0

0101101
*
Ve
1e-07
57.206207 -79.737656 0
0 0

0101101
*
Ed
 1e-07 1 1 0
1  2119 0 0 0.164016000000004
2  2119 676 0 0 0.164016000000004
0

0101000
+418 0 -417 0 *
Ve
1e-07
60.015644 -79.737656 0
0 0

0101101
*
Ed
 1e-07 1 1 0
1  2120 0 0 2.809437
2  2120 676 0 0 2.809437
0

0101000
+417 0 -415 0 *
Ed
 1e-07 1 1 0
1  2121 0 0 2.81422058574395
2  2121 676 0 0 2.81422058574395
0

0101000
+415 0 -418 0 *
Wi

0101100
+416 0 +414 0 +413 0 *
Fa
0  1e-07 676 0

0101000
+412 0 *
Ve
1e-07
60.015644 -79.737656 0
0 0

0101101
*
Ve
1e-07
60.015644 -80.220329 0
0 0

0101101
*
Ed
 1e-07 1 1 0
1  2122 0 0 0.482673000000005
2  2122 677 0 0 0.482673000000005
0

0101000
+410 0 -409 0 *
Ve
1e-07
57.206207 -79.901672 0
0 0

0101101
*
Ed
 1e-07 1 1 0
1  2123 0 0 2.8274508909295
2  2123 677 0 0 2.8274508909295
0

0101000
+409 0 -407 0 *
Ed
 1e-07 1 1 0
1  2124 0 0 2.81422058574395
2  2124 677 0 0 2.81422058574395
0

0101000
+407 0 -410 0 *
Wi

0101100
+408 0 +406 0 +405 0 *
Fa
0  1e-07 677 0

0101000
+404 0 *
Ve
1e-07
62.408566 -79.66391 0
0 0

0101101
*
Ve
1e-07
60.378677 -80.220329 0
0 0

0101101
*
Ed
 1e-07 1 1 0
1  2125 0 0 2.10476874166308
2  2125 678 0 0 2.10476874166308
0

0101000
+402 0 -401 0 *
Ve
1e-07
60.378979 -79.66391 0
0 0

0101101
*
Ed
 1e-07 1 1 0
1  2126 0 0 0.556419081956223
2  2126 678 0 0 0.556419081956223
0

0101000
+401 0 -399 0 *
Ed
 1e-07 1 1 0
1  2127 0 0 2.029587
2  2127 678 0 0 2.029587
0

0101000
+399 0 -402 0 *
Wi

0101100
+400 0 +398 0 +397 0 *
Fa
0  1e-07 678 0

0101000
+396 0 *
Ve
1e-07
56.833164 -79.68544 0
0 0

0101101
*
Ve
1e-07
56.833164 -79.901672 0
0 0

0101101
*
Ed
 1e-07 1 1 0
1  2128 0 0 0.216232000000005
2  2128 679 0 0 0.216232000000005
0

0101000
+394 0 -393 0 *
Ve
1e-07
55.504471 -79.982597 0
0 0

0101101
*
Ed
 1e-07 1 1 0
1  2129 0 0 1.33115511638351
2  2129 679 0 0 1.33115511638351
0

0101000
+393 0 -391 0 *
Ed
 1e-07 1 1 0
1  2130 0 0 1.36151657018855
2  2130 679 0 0 1.36151657018855
0

0101000
+391 0 -394 0 *
Wi

0101100
+392 0 +390 0 +389 0 *
Fa
0  1e-07 679 0

0101000
+388 0 *
Ve
1e-07
55.21677 -79.143021 0
0 0

0101101
*
Ve
1e-07
55.228336 -78.16713 0
0 0

0101101
*
Ed
 1e-07 1 1 0
1  2131 0 0 0.975959536167872
2  2131 680 0 0 0.975959536167872
0

0101000
+386 0 -385 0 *
Ve
1e-07
55.504471 -79.143021 0
0 0

0101101
*
Ed
 1e-07 1 1 0
1  2132 0 0 1.01420598603341
2  2132 680 0 0 1.01420598603341
0

0101000
+385 0 -383 0 *
Ed
 1e-07 1 1 0
1  2133 0 0 0.287701000000006
2  2133 680 0 0 0.287701000000006
0

0101000
+383 0 -386 0 *
Wi

0101100
+384 0 +382 0 +381 0 *
Fa
0  1e-07 680 0

0101000
+380 0 *
Ve
1e-07
57.206207 -79.901672 0
0 0

0101101
*
Ve
1e-07
55.504471 -79.982597 0
0 0

0101101
*
Ed
 1e-07 1 1 0
1  2134 0 0 1.70365908248129
2  2134 681 0 0 1.70365908248129
0

0101000
+378 0 -377 0 *
Ve
1e-07
56.833164 -79.901672 0
0 0

0101101
*
Ed
 1e-07 1 1 0
1  2135 0 0 1.33115511638351
2  2135 681 0 0 1.33115511638351
0

0101000
+377 0 -375 0 *
Ed
 1e-07 1 1 0
1  2136 0 0 0.373043000000003
2  2136 681 0 0 0.373043000000003
0

0101000
+375 0 -378 0 *
Wi

0101100
+376 0 +374 0 +373 0 *
Fa
0  1e-07 681 0

0101000
+372 0 *
Ve
1e-07
48.017818 -81.498116 0
0 0

0101101
*
Ve
1e-07
47.748581 -81.498116 0
0 0

0101101
*
Ed
 1e-07 1 1 0
1  2137 0 0 0.269236999999997
2  2137 682 0 0 0.269236999999997
0

0101000
+370 0 -369 0 *
Ve
1e-07
47.718864 -80.615654 0
0 0

0101101
*
Ed
 1e-07 1 1 0
1  2138 0 0 0.882962219765365
2  2138 682 0 0 0.882962219765365
0

0101000
+369 0 -367 0 *
Ve
1e-07
48.038303 -80.615654 0
0 0

0101101
*
Ed
 1e-07 1 1 0
1  2139 0 0 0.319438999999996
2  2139 682 0 0 0.319438999999996
0

0101000
+367 0 -365 0 *
Ed
 1e-07 1 1 0
1  2140 0 0 0.882699731884508
2  2140 682 0 0 0.882699731884508
0

0101000
+365 0 -370 0 *
Wi

0101100
+368 0 +366 0 +364 0 +363 0 *
Fa
0  1e-07 682 0

0101000
+362 0 *
Ve
1e-07
45.519875 -84.974899 0
0 0

0101101
*
Ve
1e-07
47.748581 -81.498116 0
0 0

0101101
*
Ed
 1e-07 1 1 0
1  2141 0 0 4.12978818627844
2  2141 683 0 0 4.12978818627844
0

0101000
+360 0 -359 0 *
Ve
1e-07
47.141701 -84.974899 0
0 0

0101101
*
Ed
 1e-07 1 1 0
1  2142 0 0 3.52935169166931
2  2142 683 0 0 3.52935169166931
0

0101000
+359 0 -357 0 *
Ed
 1e-07 1 1 0
1  2143 0 0 1.621826
2  2143 683 0 0 1.621826
0

0101000
+357 0 -360 0 *
Wi

0101100
+358 0 +356 0 +355 0 *
Fa
0  1e-07 683 0

0101000
+354 0 *
Ve
1e-07
47.748581 -81.498116 0
0 0

0101101
*
Ve
1e-07
47.748581 -84.974899 0
0 0

0101101
*
Ed
 1e-07 1 1 0
1  2144 0 0 3.476783
2  2144 684 0 0 3.476783
0

0101000
+352 0 -351 0 *
Ve
1e-07
47.141701 -84.974899 0
0 0

0101101
*
Ed
 1e-07 1 1 0
1  2145 0 0 0.606880000000004
2  2145 684 0 0 0.606880000000004
0

0101000
+351 0 -349 0 *
Ed
 1e-07 1 1 0
1  2146 0 0 3.52935169166931
2  2146 684 0 0 3.52935169166931
0

0101000
+349 0 -352 0 *
Wi

0101100
+350 0 +348 0 +347 0 *
Fa
0  1e-07 684 0

0101000
+346 0 *
Ve
1e-07
48.017818 -84.974899 0
0 0

0101101
*
Ve
1e-07
48.017818 -81.498116 0
0 0

0101101
*
Ed
 1e-07 1 1 0
1  2147 0 0 3.476783
2  2147 685 0 0 3.476783
0

0101000
+344 0 -343 0 *
Ve
1e-07
48.72921 -84.974899 0
0 0

0101101
*
Ed
 1e-07 1 1 0
1  2148 0 0 3.54881650790133
2  2148 685 0 0 3.54881650790133
0

0101000
+343 0 -341 0 *
Ed
 1e-07 1 1 0
1  2149 0 0 0.711392000000004
2  2149 685 0 0 0.711392000000004
0

0101000
+341 0 -344 0 *
Wi

0101100
+342 0 +340 0 +339 0 *
Fa
0  1e-07 685 0

0101000
+338 0 *
Ve
1e-07
47.748581 -81.498116 0
0 0

0101101
*
Ve
1e-07
42.869427 -79.834023 0
0 0

0101101
*
Ed
 1e-07 1 1 0
1  2150 0 0 5.15512844344008
2  2150 686 0 0 5.15512844344008
0

0101000
+336 0 -335 0 *
Ve
1e-07
47.718864 -80.615654 0
0 0

0101101
*
Ed
 1e-07 1 1 0
1  2151 0 0 4.91202465762643
2  2151 686 0 0 4.91202465762643
0

0101000
+335 0 -333 0 *
Ed
 1e-07 1 1 0
1  2152 0 0 0.882962219765365
2  2152 686 0 0 0.882962219765365
0

0101000
+333 0 -336 0 *
Wi

0101100
+334 0 +332 0 +331 0 *
Fa
0  1e-07 686 0

0101000
+330 0 *
Ve
1e-07
48.017818 -81.498116 0
0 0

0101101
*
Ve
1e-07
50.718166 -84.974899 0
0 0

0101101
*
Ed
 1e-07 1 1 0
1  2153 0 0 4.40226070902133
2  2153 687 0 0 4.40226070902133
0

0101000
+328 0 -327 0 *
Ve
1e-07
48.72921 -84.974899 0
0 0

0101101
*
Ed
 1e-07 1 1 0
1  2154 0 0 1.98895599999999
2  2154 687 0 0 1.98895599999999
0

0101000
+327 0 -325 0 *
Ed
 1e-07 1 1 0
1  2155 0 0 3.54881650790133
2  2155 687 0 0 3.54881650790133
0

0101000
+325 0 -328 0 *
Wi

0101100
+326 0 +324 0 +323 0 *
Fa
0  1e-07 687 0

0101000
+322 0 *
Ve
1e-07
50.718166 -84.974899 0
0 0

0101101
*
Ve
1e-07
48.017818 -81.498116 0
0 0

0101101
*
Ed
 1e-07 1 1 0
1  2156 0 0 4.40226070902133
2  2156 688 0 0 4.40226070902133
0

0101000
+320 0 -319 0 *
Ve
1e-07
51.521885 -84.974899 0
0 0

0101101
*
Ed
 1e-07 1 1 0
1  2157 0 0 4.93624407516261
2  2157 688 0 0 4.93624407516261
0

0101000
+319 0 -317 0 *
Ed
 1e-07 1 1 0
1  2158 0 0 0.803719000000001
2  2158 688 0 0 0.803719000000001
0

0101000
+317 0 -320 0 *
Wi

0101100
+318 0 +316 0 +315 0 *
Fa
0  1e-07 688 0

0101000
+314 0 *
Ve
1e-07
48.72921 -84.974899 0
0 0

0101101
*
Ve
1e-07
50.718166 -84.974899 0
0 0

0101101
*
Ed
 1e-07 1 1 0
1  2159 0 0 1.98895599999999
2  2159 689 0 0 1.98895599999999
0

0101000
+312 0 -311 0 *
Ve
1e-07
50.718166 -85.443344 0
0 0

0101101
*
Ed
 1e-07 1 1 0
1  2160 0 0 0.468445000000003
2  2160 689 0 0 0.468445000000003
0

0101000
+311 0 -309 0 *
Ve
1e-07
48.72921 -85.443344 0
0 0

0101101
*
Ed
 1e-07 1 1 0
1  2161 0 0 1.98895599999999
2  2161 689 0 0 1.98895599999999
0

0101000
+309 0 -307 0 *
Ed
 1e-07 1 1 0
1  2162 0 0 0.468445000000003
2  2162 689 0 0 0.468445000000003
0

0101000
+307 0 -312 0 *
Wi

0101100
+310 0 +308 0 +306 0 +305 0 *
Fa
0  1e-07 689 0

0101000
+304 0 *
Ve
1e-07
52.414001 -84.974899 0
0 0

0101101
*
Ve
1e-07
60.015644 -82.709465 0
0 0

0101101
*
Ed
 1e-07 1 1 0
1  2163 0 0 7.93203426037766
2  2163 690 0 0 7.93203426037766
0

0101000
+302 0 -301 0 *
Ve
1e-07
53.919365 -84.974899 0
0 0

0101101
*
Ed
 1e-07 1 1 0
1  2164 0 0 6.50359968434382
2  2164 690 0 0 6.50359968434382
0

0101000
+301 0 -299 0 *
Ed
 1e-07 1 1 0
1  2165 0 0 1.505364
2  2165 690 0 0 1.505364
0

0101000
+299 0 -302 0 *
Wi

0101100
+300 0 +298 0 +297 0 *
Fa
0  1e-07 690 0

0101000
+296 0 *
Ve
1e-07
51.521885 -84.974899 0
0 0

0101101
*
Ve
1e-07
48.017818 -81.498116 0
0 0

0101101
*
Ed
 1e-07 1 1 0
1  2166 0 0 4.93624407516261
2  2166 691 0 0 4.93624407516261
0

0101000
+294 0 -293 0 *
Ve
1e-07
51.521885 -79.92421 0
0 0

0101101
*
Ed
 1e-07 1 1 0
1  2167 0 0 3.84131040627088
2  2167 691 0 0 3.84131040627088
0

0101000
+293 0 -291 0 *
Ed
 1e-07 1 1 0
1  2168 0 0 5.05068899999999
2  2168 691 0 0 5.05068899999999
0

0101000
+291 0 -294 0 *
Wi

0101100
+292 0 +290 0 +289 0 *
Fa
0  1e-07 691 0

0101000
+288 0 *
Ve
1e-07
60.015644 -82.709465 0
0 0

0101101
*
Ve
1e-07
52.414001 -84.974899 0
0 0

0101101
*
Ed
 1e-07 1 1 0
1  2169 0 0 7.93203426037766
2  2169 692 0 0 7.93203426037766
0

0101000
+286 0 -285 0 *
Ve
1e-07
51.818459 -84.974899 0
0 0

0101101
*
Ed
 1e-07 1 1 0
1  2170 0 0 0.595542000000002
2  2170 692 0 0 0.595542000000002
0

0101000
+285 0 -283 0 *
Ed
 1e-07 1 1 0
1  2171 0 0 8.50447136114768
2  2171 692 0 0 8.50447136114768
0

0101000
+283 0 -286 0 *
Wi

0101100
+284 0 +282 0 +281 0 *
Fa
0  1e-07 692 0

0101000
+280 0 *
Ve
1e-07
47.401142 -87.555321 0
0 0

0101101
*
Ve
1e-07
47.141701 -85.443344 0
0 0

0101101
*
Ed
 1e-07 1 1 0
1  2172 0 0 2.12785255151997
2  2172 693 0 0 2.12785255151997
0

0101000
+278 0 -277 0 *
Ve
1e-07
47.401142 -85.443344 0
0 0

0101101
*
Ed
 1e-07 1 1 0
1  2173 0 0 0.259441000000002
2  2173 693 0 0 0.259441000000002
0

0101000
+277 0 -275 0 *
Ed
 1e-07 1 1 0
1  2174 0 0 2.11197700000001
2  2174 693 0 0 2.11197700000001
0

0101000
+275 0 -278 0 *
Wi

0101100
+276 0 +274 0 +273 0 *
Fa
0  1e-07 693 0

0101000
+272 0 *
Ve
1e-07
48.72921 -85.443344 0
0 0

0101101
*
Ve
1e-07
48.436508 -87.544144 0
0 0

0101101
*
Ed
 1e-07 1 1 0
1  2175 0 0 2.12109290244535
2  2175 694 0 0 2.12109290244535
0

0101000
+270 0 -269 0 *
Ve
1e-07
48.436508 -85.443344 0
0 0

0101101
*
Ed
 1e-07 1 1 0
1  2176 0 0 2.10080000000001
2  2176 694 0 0 2.10080000000001
0

0101000
+269 0 -267 0 *
Ed
 1e-07 1 1 0
1  2177 0 0 0.292701999999998
2  2177 694 0 0 0.292701999999998
0

0101000
+267 0 -270 0 *
Wi

0101100
+268 0 +266 0 +265 0 *
Fa
0  1e-07 694 0

0101000
+264 0 *
Ve
1e-07
48.72921 -85.443344 0
0 0

0101101
*
Ve
1e-07
50.718166 -85.443344 0
0 0

0101101
*
Ed
 1e-07 1 1 0
1  2178 0 0 1.98895599999999
2  2178 695 0 0 1.98895599999999
0

0101000
+262 0 -261 0 *
Ve
1e-07
51.082821 -87.544144 0
0 0

0101101
*
Ed
 1e-07 1 1 0
1  2179 0 0 2.13221338262028
2  2179 695 0 0 2.13221338262028
0

0101000
+261 0 -259 0 *
Ve
1e-07
48.436508 -87.544144 0
0 0

0101101
*
Ed
 1e-07 1 1 0
1  2180 0 0 2.646313
2  2180 695 0 0 2.646313
0

0101000
+259 0 -257 0 *
Ed
 1e-07 1 1 0
1  2181 0 0 2.12109290244535
2  2181 695 0 0 2.12109290244535
0

0101000
+257 0 -262 0 *
Wi

0101100
+260 0 +258 0 +256 0 +255 0 *
Fa
0  1e-07 695 0

0101000
+254 0 *
Ve
1e-07
45.519875 -85.443344 0
0 0

0101101
*
Ve
1e-07
47.141701 -85.443344 0
0 0

0101101
*
Ed
 1e-07 1 1 0
1  2182 0 0 1.621826
2  2182 696 0 0 1.621826
0

0101000
+252 0 -251 0 *
Ve
1e-07
47.401142 -87.555321 0
0 0

0101101
*
Ed
 1e-07 1 1 0
1  2183 0 0 2.12785255151997
2  2183 696 0 0 2.12785255151997
0

0101000
+251 0 -249 0 *
Ed
 1e-07 1 1 0
1  2184 0 0 2.82835860064067
2  2184 696 0 0 2.82835860064067
0

0101000
+249 0 -252 0 *
Wi

0101100
+250 0 +248 0 +247 0 *
Fa
0  1e-07 696 0

0101000
+246 0 *
Ve
1e-07
51.082821 -87.544144 0
0 0

0101101
*
Ve
1e-07
50.718166 -85.443344 0
0 0

0101101
*
Ed
 1e-07 1 1 0
1  2185 0 0 2.13221338262028
2  2185 697 0 0 2.13221338262028
0

0101000
+244 0 -243 0 *
Ve
1e-07
51.082821 -85.443344 0
0 0

0101101
*
Ed
 1e-07 1 1 0
1  2186 0 0 0.364655000000006
2  2186 697 0 0 0.364655000000006
0

0101000
+243 0 -241 0 *
Ed
 1e-07 1 1 0
1  2187 0 0 2.10080000000001
2  2187 697 0 0 2.10080000000001
0

0101000
+241 0 -244 0 *
Wi

0101100
+242 0 +240 0 +239 0 *
Fa
0  1e-07 697 0

0101000
+238 0 *
Ve
1e-07
53.919365 -85.443344 0
0 0

0101101
*
Ve
1e-07
52.414001 -85.443344 0
0 0

0101101
*
Ed
 1e-07 1 1 0
1  2188 0 0 1.505364
2  2188 698 0 0 1.505364
0

0101000
+236 0 -235 0 *
Ve
1e-07
52.414001 -84.974899 0
0 0

0101101
*
Ed
 1e-07 1 1 0
1  2189 0 0 0.468445000000003
2  2189 698 0 0 0.468445000000003
0

0101000
+235 0 -233 0 *
Ve
1e-07
53.919365 -84.974899 0
0 0

0101101
*
Ed
 1e-07 1 1 0
1  2190 0 0 1.505364
2  2190 698 0 0 1.505364
0

0101000
+233 0 -231 0 *
Ed
 1e-07 1 1 0
1  2191 0 0 0.468445000000003
2  2191 698 0 0 0.468445000000003
0

0101000
+231 0 -236 0 *
Wi

0101100
+234 0 +232 0 +230 0 +229 0 *
Fa
0  1e-07 698 0

0101000
+228 0 *
Ve
1e-07
48.038303 -80.615654 0
0 0

0101101
*
Ve
1e-07
51.521885 -79.92421 0
0 0

0101101
*
Ed
 1e-07 1 1 0
1  2192 0 0 3.55154027935204
2  2192 699 0 0 3.55154027935204
0

0101000
+226 0 -225 0 *
Ve
1e-07
48.017818 -81.498116 0
0 0

0101101
*
Ed
 1e-07 1 1 0
1  2193 0 0 3.84131040627088
2  2193 699 0 0 3.84131040627088
0

0101000
+225 0 -223 0 *
Ed
 1e-07 1 1 0
1  2194 0 0 0.882699731884508
2  2194 699 0 0 0.882699731884508
0

0101000
+223 0 -226 0 *
Wi

0101100
+224 0 +222 0 +221 0 *
Fa
0  1e-07 699 0

0101000
+220 0 *
Ve
1e-07
55.504471 -79.982597 0
0 0

0101101
*
Ve
1e-07
57.206207 -79.901672 0
0 0

0101101
*
Ed
 1e-07 1 1 0
1  2195 0 0 1.70365908248129
2  2195 700 0 0 1.70365908248129
0

0101000
+218 0 -217 0 *
Ve
1e-07
60.015644 -82.122154 0
0 0

0101101
*
Ed
 1e-07 1 1 0
1  2196 0 0 3.58098821127534
2  2196 700 0 0 3.58098821127534
0

0101000
+217 0 -215 0 *
Ed
 1e-07 1 1 0
1  2197 0 0 4.99283346329296
2  2197 700 0 0 4.99283346329296
0

0101000
+215 0 -218 0 *
Wi

0101100
+216 0 +214 0 +213 0 *
Fa
0  1e-07 700 0

0101000
+212 0 *
Ve
1e-07
60.015644 -82.122154 0
0 0

0101101
*
Ve
1e-07
57.206207 -79.901672 0
0 0

0101101
*
Ed
 1e-07 1 1 0
1  2198 0 0 3.58098821127534
2  2198 701 0 0 3.58098821127534
0

0101000
+210 0 -209 0 *
Ve
1e-07
60.015644 -80.220329 0
0 0

0101101
*
Ed
 1e-07 1 1 0
1  2199 0 0 2.8274508909295
2  2199 701 0 0 2.8274508909295
0

0101000
+209 0 -207 0 *
Ed
 1e-07 1 1 0
1  2200 0 0 1.90182499999999
2  2200 701 0 0 1.90182499999999
0

0101000
+207 0 -210 0 *
Wi

0101100
+208 0 +206 0 +205 0 *
Fa
0  1e-07 701 0

0101000
+204 0 *
Ve
1e-07
60.015644 -82.122154 0
0 0

0101101
*
Ve
1e-07
60.015644 -80.220329 0
0 0

0101101
*
Ed
 1e-07 1 1 0
1  2201 0 0 1.90182499999999
2  2201 702 0 0 1.90182499999999
0

0101000
+202 0 -201 0 *
Ve
1e-07
60.378677 -80.220329 0
0 0

0101101
*
Ed
 1e-07 1 1 0
1  2202 0 0 0.363033000000001
2  2202 702 0 0 0.363033000000001
0

0101000
+201 0 -199 0 *
Ve
1e-07
60.378677 -82.122154 0
0 0

0101101
*
Ed
 1e-07 1 1 0
1  2203 0 0 1.90182499999999
2  2203 702 0 0 1.90182499999999
0

0101000
+199 0 -197 0 *
Ed
 1e-07 1 1 0
1  2204 0 0 0.363033000000001
2  2204 702 0 0 0.363033000000001
0

0101000
+197 0 -202 0 *
Wi

0101100
+200 0 +198 0 +196 0 +195 0 *
Fa
0  1e-07 702 0

0101000
+194 0 *
Ve
1e-07
55.504471 -84.974899 0
0 0

0101101
*
Ve
1e-07
53.919365 -84.974899 0
0 0

0101101
*
Ed
 1e-07 1 1 0
1  2205 0 0 1.585106
2  2205 703 0 0 1.585106
0

0101000
+192 0 -191 0 *
Ve
1e-07
60.015644 -82.709465 0
0 0

0101101
*
Ed
 1e-07 1 1 0
1  2206 0 0 6.50359968434382
2  2206 703 0 0 6.50359968434382
0

0101000
+191 0 -189 0 *
Ed
 1e-07 1 1 0
1  2207 0 0 5.04805636302577
2  2207 703 0 0 5.04805636302577
0

0101000
+189 0 -192 0 *
Wi

0101100
+190 0 +188 0 +187 0 *
Fa
0  1e-07 703 0

0101000
+186 0 *
Ve
1e-07
55.504471 -84.974899 0
0 0

0101101
*
Ve
1e-07
56.581264 -84.974899 0
0 0

0101101
*
Ed
 1e-07 1 1 0
1  2208 0 0 1.076793
2  2208 704 0 0 1.076793
0

0101000
+184 0 -183 0 *
Ve
1e-07
56.581264 -85.443344 0
0 0

0101101
*
Ed
 1e-07 1 1 0
1  2209 0 0 0.468445000000003
2  2209 704 0 0 0.468445000000003
0

0101000
+183 0 -181 0 *
Ve
1e-07
55.504471 -85.443344 0
0 0

0101101
*
Ed
 1e-07 1 1 0
1  2210 0 0 1.076793
2  2210 704 0 0 1.076793
0

0101000
+181 0 -179 0 *
Ed
 1e-07 1 1 0
1  2211 0 0 0.468445000000003
2  2211 704 0 0 0.468445000000003
0

0101000
+179 0 -184 0 *
Wi

0101100
+182 0 +180 0 +178 0 +177 0 *
Fa
0  1e-07 704 0

0101000
+176 0 *
Ve
1e-07
55.504471 -84.974899 0
0 0

0101101
*
Ve
1e-07
60.015644 -82.709465 0
0 0

0101101
*
Ed
 1e-07 1 1 0
1  2212 0 0 5.04805636302577
2  2212 705 0 0 5.04805636302577
0

0101000
+174 0 -173 0 *
Ve
1e-07
56.581264 -84.974899 0
0 0

0101101
*
Ed
 1e-07 1 1 0
1  2213 0 0 4.114262654809
2  2213 705 0 0 4.114262654809
0

0101000
+173 0 -171 0 *
Ed
 1e-07 1 1 0
1  2214 0 0 1.076793
2  2214 705 0 0 1.076793
0

0101000
+171 0 -174 0 *
Wi

0101100
+172 0 +170 0 +169 0 *
Fa
0  1e-07 705 0

0101000
+168 0 *
Ve
1e-07
56.581264 -84.974899 0
0 0

0101101
*
Ve
1e-07
60.015644 -84.60173 0
0 0

0101101
*
Ed
 1e-07 1 1 0
1  2215 0 0 3.45459420004159
2  2215 706 0 0 3.45459420004159
0

0101000
+166 0 -165 0 *
Ve
1e-07
58.119488 -84.974899 0
0 0

0101101
*
Ed
 1e-07 1 1 0
1  2216 0 0 1.93252753638778
2  2216 706 0 0 1.93252753638778
0

0101000
+165 0 -163 0 *
Ed
 1e-07 1 1 0
1  2217 0 0 1.538224
2  2217 706 0 0 1.538224
0

0101000
+163 0 -166 0 *
Wi

0101100
+164 0 +162 0 +161 0 *
Fa
0  1e-07 706 0

0101000
+160 0 *
Ve
1e-07
51.818459 -84.974899 0
0 0

0101101
*
Ve
1e-07
51.818459 -79.982597 0
0 0

0101101
*
Ed
 1e-07 1 1 0
1  2218 0 0 4.992302
2  2218 707 0 0 4.992302
0

0101000
+158 0 -157 0 *
Ve
1e-07
60.015644 -82.122154 0
0 0

0101101
*
Ed
 1e-07 1 1 0
1  2219 0 0 8.47180890249975
2  2219 707 0 0 8.47180890249975
0

0101000
+157 0 -155 0 *
Ve
1e-07
60.015644 -82.709465 0
0 0

0101101
*
Ed
 1e-07 1 1 0
1  2220 0 0 0.587311
2  2220 707 0 0 0.587311
0

0101000
+155 0 -153 0 *
Ed
 1e-07 1 1 0
1  2221 0 0 8.50447136114768
2  2221 707 0 0 8.50447136114768
0

0101000
+153 0 -158 0 *
Wi

0101100
+156 0 +154 0 +152 0 +151 0 *
Fa
0  1e-07 707 0

0101000
+150 0 *
Ve
1e-07
60.378677 -82.122154 0
0 0

0101101
*
Ve
1e-07
60.378677 -80.220329 0
0 0

0101101
*
Ed
 1e-07 1 1 0
1  2222 0 0 1.90182499999999
2  2222 708 0 0 1.90182499999999
0

0101000
+148 0 -147 0 *
Ve
1e-07
62.408566 -79.66391 0
0 0

0101101
*
Ed
 1e-07 1 1 0
1  2223 0 0 2.10476874166308
2  2223 708 0 0 2.10476874166308
0

0101000
+147 0 -145 0 *
Ed
 1e-07 1 1 0
1  2224 0 0 3.18801080861671
2  2224 708 0 0 3.18801080861671
0

0101000
+145 0 -148 0 *
Wi

0101100
+146 0 +144 0 +143 0 *
Fa
0  1e-07 708 0

0101000
+142 0 *
Ve
1e-07
60.378677 -82.709465 0
0 0

0101101
*
Ve
1e-07
60.378677 -82.122154 0
0 0

0101101
*
Ed
 1e-07 1 1 0
1  2225 0 0 0.587311
2  2225 709 0 0 0.587311
0

0101000
+140 0 -139 0 *
Ve
1e-07
62.408566 -79.66391 0
0 0

0101101
*
Ed
 1e-07 1 1 0
1  2226 0 0 3.18801080861671
2  2226 709 0 0 3.18801080861671
0

0101000
+139 0 -137 0 *
Ed
 1e-07 1 1 0
1  2227 0 0 3.66003478266887
2  2227 709 0 0 3.66003478266887
0

0101000
+137 0 -140 0 *
Wi

0101100
+138 0 +136 0 +135 0 *
Fa
0  1e-07 709 0

0101000
+134 0 *
Ve
1e-07
60.015644 -84.60173 0
0 0

0101101
*
Ve
1e-07
60.015644 -82.709465 0
0 0

0101101
*
Ed
 1e-07 1 1 0
1  2228 0 0 1.89226500000001
2  2228 710 0 0 1.89226500000001
0

0101000
+132 0 -131 0 *
Ve
1e-07
60.378677 -84.60173 0
0 0

0101101
*
Ed
 1e-07 1 1 0
1  2229 0 0 1.92677445211266
2  2229 710 0 0 1.92677445211266
0

0101000
+131 0 -129 0 *
Ed
 1e-07 1 1 0
1  2230 0 0 0.363033000000001
2  2230 710 0 0 0.363033000000001
0

0101000
+129 0 -132 0 *
Wi

0101100
+130 0 +128 0 +127 0 *
Fa
0  1e-07 710 0

0101000
+126 0 *
Ve
1e-07
60.378677 -82.709465 0
0 0

0101101
*
Ve
1e-07
60.378677 -84.60173 0
0 0

0101101
*
Ed
 1e-07 1 1 0
1  2231 0 0 1.89226500000001
2  2231 711 0 0 1.89226500000001
0

0101000
+124 0 -123 0 *
Ve
1e-07
60.015644 -82.709465 0
0 0

0101101
*
Ed
 1e-07 1 1 0
1  2232 0 0 1.92677445211266
2  2232 711 0 0 1.92677445211266
0

0101000
+123 0 -121 0 *
Ed
 1e-07 1 1 0
1  2233 0 0 0.363033000000001
2  2233 711 0 0 0.363033000000001
0

0101000
+121 0 -124 0 *
Wi

0101100
+122 0 +120 0 +119 0 *
Fa
0  1e-07 711 0

0101000
+118 0 *
Ve
1e-07
59.24556 -84.974899 0
0 0

0101101
*
Ve
1e-07
58.119488 -84.974899 0
0 0

0101101
*
Ed
 1e-07 1 1 0
1  2234 0 0 1.126072
2  2234 712 0 0 1.126072
0

0101000
+116 0 -115 0 *
Ve
1e-07
60.015644 -84.60173 0
0 0

0101101
*
Ed
 1e-07 1 1 0
1  2235 0 0 1.93252753638778
2  2235 712 0 0 1.93252753638778
0

0101000
+115 0 -113 0 *
Ed
 1e-07 1 1 0
1  2236 0 0 0.855736214973399
2  2236 712 0 0 0.855736214973399
0

0101000
+113 0 -116 0 *
Wi

0101100
+114 0 +112 0 +111 0 *
Fa
0  1e-07 712 0

0101000
+110 0 *
Ve
1e-07
56.581264 -84.974899 0
0 0

0101101
*
Ve
1e-07
60.015644 -82.709465 0
0 0

0101101
*
Ed
 1e-07 1 1 0
1  2237 0 0 4.114262654809
2  2237 713 0 0 4.114262654809
0

0101000
+108 0 -107 0 *
Ve
1e-07
60.015644 -84.60173 0
0 0

0101101
*
Ed
 1e-07 1 1 0
1  2238 0 0 1.89226500000001
2  2238 713 0 0 1.89226500000001
0

0101000
+107 0 -105 0 *
Ed
 1e-07 1 1 0
1  2239 0 0 3.45459420004159
2  2239 713 0 0 3.45459420004159
0

0101000
+105 0 -108 0 *
Wi

0101100
+106 0 +104 0 +103 0 *
Fa
0  1e-07 713 0

0101000
+102 0 *
Ve
1e-07
60.378677 -84.60173 0
0 0

0101101
*
Ve
1e-07
60.378677 -82.709465 0
0 0

0101101
*
Ed
 1e-07 1 1 0
1  2240 0 0 1.89226500000001
2  2240 714 0 0 1.89226500000001
0

0101000
+100 0 -99 0 *
Ve
1e-07
62.408566 -85.443344 0
0 0

0101101
*
Ed
 1e-07 1 1 0
1  2241 0 0 3.40507617227016
2  2241 714 0 0 3.40507617227016
0

0101000
+99 0 -97 0 *
Ed
 1e-07 1 1 0
1  2242 0 0 2.19744476092506
2  2242 714 0 0 2.19744476092506
0

0101000
+97 0 -100 0 *
Wi

0101100
+98 0 +96 0 +95 0 *
Fa
0  1e-07 714 0

0101000
+94 0 *
Ve
1e-07
54.711918 -87.544144 0
0 0

0101101
*
Ve
1e-07
54.711918 -85.443344 0
0 0

0101101
*
Ed
 1e-07 1 1 0
1  2243 0 0 2.10080000000001
2  2243 715 0 0 2.10080000000001
0

0101000
+92 0 -91 0 *
Ve
1e-07
55.504471 -85.443344 0
0 0

0101101
*
Ed
 1e-07 1 1 0
1  2244 0 0 0.792553000000005
2  2244 715 0 0 0.792553000000005
0

0101000
+91 0 -89 0 *
Ed
 1e-07 1 1 0
1  2245 0 0 2.24532868369177
2  2245 715 0 0 2.24532868369177
0

0101000
+89 0 -92 0 *
Wi

0101100
+90 0 +88 0 +87 0 *
Fa
0  1e-07 715 0

0101000
+86 0 *
Ve
1e-07
57.306557 -87.544144 0
0 0

0101101
*
Ve
1e-07
55.504471 -85.443344 0
0 0

0101101
*
Ed
 1e-07 1 1 0
1  2246 0 0 2.76782849746801
2  2246 716 0 0 2.76782849746801
0

0101000
+84 0 -83 0 *
Ve
1e-07
56.581264 -85.443344 0
0 0

0101101
*
Ed
 1e-07 1 1 0
1  2247 0 0 1.076793
2  2247 716 0 0 1.076793
0

0101000
+83 0 -81 0 *
Ed
 1e-07 1 1 0
1  2248 0 0 2.2224784759023
2  2248 716 0 0 2.2224784759023
0

0101000
+81 0 -84 0 *
Wi

0101100
+82 0 +80 0 +79 0 *
Fa
0  1e-07 716 0

0101000
+78 0 *
Ve
1e-07
54.711918 -87.544144 0
0 0

0101101
*
Ve
1e-07
55.504471 -85.443344 0
0 0

0101101
*
Ed
 1e-07 1 1 0
1  2249 0 0 2.24532868369177
2  2249 717 0 0 2.24532868369177
0

0101000
+76 0 -75 0 *
Ve
1e-07
57.306557 -87.544144 0
0 0

0101101
*
Ed
 1e-07 1 1 0
1  2250 0 0 2.76782849746801
2  2250 717 0 0 2.76782849746801
0

0101000
+75 0 -73 0 *
Ed
 1e-07 1 1 0
1  2251 0 0 2.594639
2  2251 717 0 0 2.594639
0

0101000
+73 0 -76 0 *
Wi

0101100
+74 0 +72 0 +71 0 *
Fa
0  1e-07 717 0

0101000
+70 0 *
Ve
1e-07
57.306557 -85.443344 0
0 0

0101101
*
Ve
1e-07
57.306557 -87.544144 0
0 0

0101101
*
Ed
 1e-07 1 1 0
1  2252 0 0 2.10080000000001
2  2252 718 0 0 2.10080000000001
0

0101000
+68 0 -67 0 *
Ve
1e-07
56.581264 -85.443344 0
0 0

0101101
*
Ed
 1e-07 1 1 0
1  2253 0 0 2.2224784759023
2  2253 718 0 0 2.2224784759023
0

0101000
+67 0 -65 0 *
Ed
 1e-07 1 1 0
1  2254 0 0 0.725293000000001
2  2254 718 0 0 0.725293000000001
0

0101000
+65 0 -68 0 *
Wi

0101100
+66 0 +64 0 +63 0 *
Fa
0  1e-07 718 0

0101000
+62 0 *
Ve
1e-07
60.015644 -84.60173 0
0 0

0101101
*
Ve
1e-07
60.015644 -84.974899 0
0 0

0101101
*
Ed
 1e-07 1 1 0
1  2255 0 0 0.37316899999999
2  2255 719 0 0 0.37316899999999
0

0101000
+60 0 -59 0 *
Ve
1e-07
59.24556 -84.974899 0
0 0

0101101
*
Ed
 1e-07 1 1 0
1  2256 0 0 0.770084000000004
2  2256 719 0 0 0.770084000000004
0

0101000
+59 0 -57 0 *
Ed
 1e-07 1 1 0
1  2257 0 0 0.855736214973399
2  2257 719 0 0 0.855736214973399
0

0101000
+57 0 -60 0 *
Wi

0101100
+58 0 +56 0 +55 0 *
Fa
0  1e-07 719 0

0101000
+54 0 *
Ve
1e-07
59.24556 -84.974899 0
0 0

0101101
*
Ve
1e-07
59.24556 -85.443344 0
0 0

0101101
*
Ed
 1e-07 1 1 0
1  2258 0 0 0.468445000000003
2  2258 720 0 0 0.468445000000003
0

0101000
+52 0 -51 0 *
Ve
1e-07
58.119488 -85.443344 0
0 0

0101101
*
Ed
 1e-07 1 1 0
1  2259 0 0 1.126072
2  2259 720 0 0 1.126072
0

0101000
+51 0 -49 0 *
Ve
1e-07
58.119488 -84.974899 0
0 0

0101101
*
Ed
 1e-07 1 1 0
1  2260 0 0 0.468445000000003
2  2260 720 0 0 0.468445000000003
0

0101000
+49 0 -47 0 *
Ed
 1e-07 1 1 0
1  2261 0 0 1.126072
2  2261 720 0 0 1.126072
0

0101000
+47 0 -52 0 *
Wi

0101100
+50 0 +48 0 +46 0 +45 0 *
Fa
0  1e-07 720 0

0101000
+44 0 *
Ve
1e-07
60.379448 -84.974899 0
0 0

0101101
*
Ve
1e-07
62.408566 -85.443344 0
0 0

0101101
*
Ed
 1e-07 1 1 0
1  2262 0 0 2.08248903381243
2  2262 721 0 0 2.08248903381243
0

0101000
+42 0 -41 0 *
Ve
1e-07
60.379448 -85.443344 0
0 0

0101101
*
Ed
 1e-07 1 1 0
1  2263 0 0 2.029118
2  2263 721 0 0 2.029118
0

0101000
+41 0 -39 0 *
Ed
 1e-07 1 1 0
1  2264 0 0 0.468445000000003
2  2264 721 0 0 0.468445000000003
0

0101000
+39 0 -42 0 *
Wi

0101100
+40 0 +38 0 +37 0 *
Fa
0  1e-07 721 0

0101000
+36 0 *
Ve
1e-07
62.408566 -85.443344 0
0 0

0101101
*
Ve
1e-07
60.379448 -84.974899 0
0 0

0101101
*
Ed
 1e-07 1 1 0
1  2265 0 0 2.08248903381243
2  2265 722 0 0 2.08248903381243
0

0101000
+34 0 -33 0 *
Ve
1e-07
60.378677 -84.60173 0
0 0

0101101
*
Ed
 1e-07 1 1 0
1  2266 0 0 0.373169796476071
2  2266 722 0 0 0.373169796476071
0

0101000
+33 0 -31 0 *
Ed
 1e-07 1 1 0
1  2267 0 0 2.19744476092506
2  2267 722 0 0 2.19744476092506
0

0101000
+31 0 -34 0 *
Wi

0101100
+32 0 +30 0 +29 0 *
Fa
0  1e-07 722 0

0101000
+28 0 *
Ve
1e-07
62.408566 -79.66391 0
0 0

0101101
*
Ve
1e-07
62.408566 -85.443344 0
0 0

0101101
*
Ed
 1e-07 1 1 0
1  2268 0 0 5.77943399999999
2  2268 723 0 0 5.77943399999999
0

0101000
+26 0 -25 0 *
Ve
1e-07
60.378677 -82.709465 0
0 0

0101101
*
Ed
 1e-07 1 1 0
1  2269 0 0 3.40507617227016
2  2269 723 0 0 3.40507617227016
0

0101000
+25 0 -23 0 *
Ed
 1e-07 1 1 0
1  2270 0 0 3.66003478266887
2  2270 723 0 0 3.66003478266887
0

0101000
+23 0 -26 0 *
Wi

0101100
+24 0 +22 0 +21 0 *
Fa
0  1e-07 723 0

0101000
+20 0 *
Ve
1e-07
60.015644 -82.122154 0
0 0

0101101
*
Ve
1e-07
51.818459 -79.982597 0
0 0

0101101
*
Ed
 1e-07 1 1 0
1  2271 0 0 8.47180890249975
2  2271 724 0 0 8.47180890249975
0

0101000
+18 0 -17 0 *
Ve
1e-07
55.504471 -79.982597 0
0 0

0101101
*
Ed
 1e-07 1 1 0
1  2272 0 0 3.68601200000001
2  2272 724 0 0 3.68601200000001
0

0101000
+17 0 -15 0 *
Ed
 1e-07 1 1 0
1  2273 0 0 4.99283346329296
2  2273 724 0 0 4.99283346329296
0

0101000
+15 0 -18 0 *
Wi

0101100
+16 0 +14 0 +13 0 *
Fa
0  1e-07 724 0

0101000
+12 0 *
Ve
1e-07
30.347359 -76.592049 0
0 0

0101101
*
Ve
1e-07
31.522161 -76.592049 0
0 0

0101101
*
Ed
 1e-07 1 1 0
1  2274 0 0 1.174802
2  2274 725 0 0 1.174802
0

0101000
+10 0 -9 0 *
Ve
1e-07
30.347359 -77.84304 0
0 0

0101101
*
Ed
 1e-07 1 1 0
1  2275 0 0 1.71614050161547
2  2275 725 0 0 1.71614050161547
0

0101000
+9 0 -7 0 *
Ed
 1e-07 1 1 0
1  2276 0 0 1.250991
2  2276 725 0 0 1.250991
0

0101000
+7 0 -10 0 *
Wi

0101100
+8 0 +6 0 +5 0 *
Fa
0  1e-07 725 0

0101000
+4 0 *
Co

0100000
+5997 0 +5987 0 +5979 0 +5969 0 +5961 0 +5953 0 +5945 0 +5935 0 +5925 0 +5915 0 
+5907 0 +5899 0 +5891 0 +5881 0 +5873 0 +5863 0 +5855 0 +5847 0 +5839 0 +5831 0 
+5823 0 +5815 0 +5807 0 +5799 0 +5791 0 +5783 0 +5775 0 +5767 0 +5759 0 +5749 0 
+5741 0 +5731 0 +5723 0 +5715 0 +5707 0 +5697 0 +5689 0 +5681 0 +5671 0 +5663 0 
+5655 0 +5647 0 +5639 0 +5629 0 +5621 0 +5613 0 +5605 0 +5597 0 +5587 0 +5579 0 
+5571 0 +5563 0 +5555 0 +5547 0 +5539 0 +5531 0 +5523 0 +5515 0 +5507 0 +5499 0 
+5491 0 +5483 0 +5475 0 +5467 0 +5459 0 +5451 0 +5443 0 +5435 0 +5427 0 +5419 0 
+5411 0 +5403 0 +5395 0 +5387 0 +5379 0 +5371 0 +5363 0 +5355 0 +5347 0 +5339 0 
+5331 0 +5323 0 +5315 0 +5307 0 +5299 0 +5291 0 +5283 0 +5275 0 +5267 0 +5259 0 
+5251 0 +5243 0 +5235 0 +5227 0 +5219 0 +5211 0 +5203 0 +5193 0 +5185 0 +5177 0 
+5167 0 +5159 0 +5151 0 +5143 0 +5135 0 +5127 0 +5119 0 +5111 0 +5103 0 +5095 0 
+5085 0 +5077 0 +5067 0 +5059 0 +5051 0 +5043 0 +5033 0 +5025 0 +5017 0 +5009 0 
+4999 0 +4991 0 +4983 0 +4975 0 +4967 0 +4957 0 +4947 0 +4939 0 +4931 0 +4921 0 
+4913 0 +4905 0 +4897 0 +4887 0 +4879 0 +4871 0 +4863 0 +4853 0 +4845 0 +4835 0 
+4825 0 +4817 0 +4809 0 +4801 0 +4793 0 +4785 0 +4777 0 +4769 0 +4761 0 +4753 0 
+4745 0 +4737 0 +4729 0 +4721 0 +4713 0 +4705 0 +4697 0 +4689 0 +4681 0 +4673 0 
+4665 0 +4657 0 +4647 0 +4639 0 +4631 0 +4623 0 +4615 0 +4607 0 +4599 0 +4591 0 
+4581 0 +4573 0 +4565 0 +4557 0 +4549 0 +4539 0 +4531 0 +4523 0 +4513 0 +4505 0 
+4497 0 +4487 0 +4479 0 +4471 0 +4463 0 +4455 0 +4445 0 +4435 0 +4427 0 +4417 0 
+4409 0 +4401 0 +4393 0 +4385 0 +4377 0 +4369 0 +4361 0 +4353 0 +4345 0 +4337 0 
+4329 0 +4321 0 +4313 0 +4305 0 +4297 0 +4289 0 +4281 0 +4273 0 +4265 0 +4257 0 
+4247 0 +4239 0 +4231 0 +4223 0 +4215 0 +4207 0 +4199 0 +4191 0 +4183 0 +4175 0 
+4167 0 +4159 0 +4151 0 +4143 0 +4135 0 +4127 0 +4119 0 +4111 0 +4103 0 +4095 0 
+4087 0 +4079 0 +4071 0 +4063 0 +4055 0 +4047 0 +4037 0 +4029 0 +4021 0 +4013 0 
+4005 0 +3997 0 +3989 0 +3981 0 +3973 0 +3963 0 +3955 0 +3947 0 +3939 0 +3931 0 
+3921 0 +3913 0 +3905 0 +3897 0 +3887 0 +3879 0 +3871 0 +3863 0 +3855 0 +3847 0 
+3839 0 +3831 0 +3823 0 +3815 0 +3807 0 +3797 0 +3789 0 +3781 0 +3773 0 +3765 0 
+3755 0 +3745 0 +3737 0 +3729 0 +3721 0 +3713 0 +3705 0 +3697 0 +3689 0 +3681 0 
+3673 0 +3663 0 +3655 0 +3647 0 +3639 0 +3631 0 +3623 0 +3615 0 +3605 0 +3597 0 
+3589 0 +3579 0 +3571 0 +3563 0 +3555 0 +3547 0 +3539 0 +3531 0 +3523 0 +3515 0 
+3507 0 +3499 0 +3491 0 +3483 0 +3475 0 +3467 0 +3459 0 +3451 0 +3443 0 +3435 0 
+3427 0 +3417 0 +3409 0 +3401 0 +3393 0 +3385 0 +3377 0 +3369 0 +3361 0 +3353 0 
+3345 0 +3337 0 +3327 0 +3319 0 +3311 0 +3303 0 +3295 0 +3287 0 +3279 0 +3269 0 
+3261 0 +3253 0 +3245 0 +3237 0 +3229 0 +3221 0 +3213 0 +3205 0 +3195 0 +3187 0 
+3179 0 +3171 0 +3163 0 +3155 0 +3147 0 +3139 0 +3131 0 +3121 0 +3113 0 +3105 0 
+3097 0 +3089 0 +3081 0 +3073 0 +3065 0 +3057 0 +3047 0 +3039 0 +3031 0 +3023 0 
+3015 0 +3007 0 +2999 0 +2989 0 +2981 0 +2971 0 +2963 0 +2955 0 +2947 0 +2937 0 
+2929 0 +2919 0 +2909 0 +2899 0 +2889 0 +2881 0 +2873 0 +2863 0 +2855 0 +2847 0 
+2839 0 +2831 0 +2823 0 +2813 0 +2805 0 +2797 0 +2789 0 +2781 0 +2771 0 +2761 0 
+2751 0 +2743 0 +2735 0 +2727 0 +2719 0 +2709 0 +2701 0 +2693 0 +2685 0 +2677 0 
+2667 0 +2659 0 +2649 0 +2641 0 +2633 0 +2623 0 +2615 0 +2607 0 +2599 0 +2591 0 
+2583 0 +2575 0 +2567 0 +2559 0 +2551 0 +2543 0 +2535 0 +2525 0 +2517 0 +2509 0 
+2501 0 +2493 0 +2485 0 +2477 0 +2469 0 +2461 0 +2453 0 +2445 0 +2437 0 +2429 0 
+2421 0 +2413 0 +2403 0 +2395 0 +2387 0 +2379 0 +2371 0 +2363 0 +2355 0 +2347 0 
+2337 0 +2329 0 +2321 0 +2313 0 +2305 0 +2297 0 +2287 0 +2277 0 +2269 0 +2261 0 
+2253 0 +2245 0 +2237 0 +2229 0 +2221 0 +2213 0 +2203 0 +2195 0 +2187 0 +2179 0 
+2171 0 +2163 0 +2153 0 +2145 0 +2137 0 +2129 0 +2121 0 +2113 0 +2103 0 +2095 0 
+2087 0 +2079 0 +2069 0 +2061 0 +2053 0 +2045 0 +2037 0 +2029 0 +2021 0 +2013 0 
+2005 0 +1995 0 +1987 0 +1979 0 +1971 0 +1963 0 +1955 0 +1945 0 +1937 0 +1929 0 
+1921 0 +1913 0 +1905 0 +1897 0 +1889 0 +1881 0 +1871 0 +1863 0 +1855 0 +1847 0 
+1839 0 +1829 0 +1821 0 +1813 0 +1805 0 +1797 0 +1789 0 +1779 0 +1771 0 +1763 0 
+1755 0 +1747 0 +1739 0 +1731 0 +1723 0 +1715 0 +1707 0 +1699 0 +1691 0 +1683 0 
+1675 0 +1667 0 +1659 0 +1651 0 +1643 0 +1635 0 +1627 0 +1619 0 +1611 0 +1603 0 
+1595 0 +1587 0 +1579 0 +1571 0 +1563 0 +1555 0 +1547 0 +1539 0 +1529 0 +1521 0 
+1513 0 +1505 0 +1497 0 +1489 0 +1481 0 +1473 0 +1465 0 +1457 0 +1447 0 +1439 0 
+1431 0 +1423 0 +1415 0 +1407 0 +1399 0 +1391 0 +1383 0 +1375 0 +1367 0 +1359 0 
+1351 0 +1343 0 +1335 0 +1327 0 +1319 0 +1311 0 +1303 0 +1295 0 +1287 0 +1279 0 
+1271 0 +1263 0 +1255 0 +1247 0 +1239 0 +1231 0 +1223 0 +1215 0 +1207 0 +1199 0 
+1189 0 +1181 0 +1173 0 +1165 0 +1157 0 +1149 0 +1141 0 +1133 0 +1123 0 +1115 0 
+1107 0 +1099 0 +1091 0 +1083 0 +1075 0 +1067 0 +1059 0 +1051 0 +1043 0 +1035 0 
+1027 0 +1019 0 +1011 0 +1003 0 +995 0 +987 0 +979 0 +971 0 +963 0 +953 0 
+945 0 +937 0 +929 0 +921 0 +913 0 +905 0 +897 0 +889 0 +881 0 +873 0 
+865 0 +857 0 +849 0 +841 0 +833 0 +825 0 +817 0 +809 0 +801 0 +793 0 
+783 0 +775 0 +767 0 +759 0 +751 0 +743 0 +735 0 +725 0 +717 0 +709 0 
+701 0 +691 0 +681 0 +673 0 +665 0 +657 0 +647 0 +639 0 +631 0 +623 0 
+615 0 +607 0 +599 0 +591 0 +583 0 +575 0 +567 0 +559 0 +551 0 +543 0 
+535 0 +527 0 +519 0 +511 0 +503 0 +495 0 +487 0 +479 0 +471 0 +463 0 
+455 0 +447 0 +439 0 +429 0 +419 0 +411 0 +403 0 +395 0 +387 0 +379 0 
+371 0 +361 0 +353 0 +345 0 +337 0 +329 0 +321 0 +313 0 +303 0 +295 0 
+287 0 +279 0 +271 0 +263 0 +253 0 +245 0 +237 0 +227 0 +219 0 +211 0 
+203 0 +193 0 +185 0 +175 0 +167 0 +159 0 +149 0 +141 0 +133 0 +125 0 
+117 0 +109 0 +101 0 +93 0 +85 0 +77 0 +69 0 +61 0 +53 0 +43 0 
+35 0 +27 0 +19 0 +11 0 +3 0 *
Co

1100000
+6005 0 +2 0 *

+1 0 