
CASCADE Topology V3, (c) Open Cascade
Locations 0
Curve2ds 1000
1 0.2586124924971237 0.75959800750287698 -1 0 
1 -0.0987395075028763 0.75959800750287698 0 -1 
1 -0.0987395075028763 -0.91947099249712494 0.2081651994423224 0.97809368147490772 
1 -1.5996409999999996 -0.25 1 0 
1 1.5996410000000003 -0.25 0 1 
1 1.5996410000000003 0.25 -1 0 
1 -1.5996409999999996 0.25 0 -1 
1 -1.532591380742133 -1.143060785284959 0.90429307605336229 0.42691220713625433 
1 2.0240426192578673 0.5360082147150429 -1 0 
1 -1.1752393807421329 0.5360082147150429 -0.2081651994423224 -0.97809368147490772 
1 1.5389823477512548 0.79196043784643777 -0.90429307605336229 -0.42691220713625433 
1 -2.0176516522487455 -0.88710856215356415 0.92397966431214162 0.38244160330385368 
1 2.0389823477512548 0.79196043784643777 -1 0 
1 -0.17867599999999995 -1.0862409999999976 1 0 
1 0.17867600000000006 -1.0862409999999976 0 1 
1 0.17867600000000006 1.0862410000000011 -1 0 
1 -0.17867599999999995 1.0862410000000011 0 -1 
1 -1.2234950712226973 1.4623869287773026 0 -1 
1 -1.2234950712226973 -0.71009507122269611 1 0 
1 1.9757869287773029 -0.71009507122269611 -0.82729062632526085 0.56177417134855701 
1 1.8689283394368139 -1.0235048039320311 -0.86229728009516338 0.50640240988810792 
1 -1.830353660563186 1.1489771960679676 0.82729062632526085 -0.56177417134855701 
1 1.3689283394368139 -1.0235048039320311 1 0 
1 -1.6188409999999998 -0.25 1 0 
1 1.6188409999999998 -0.25 0 1 
1 1.6188409999999998 0.25 -1 0 
1 -1.6188409999999998 0.25 0 -1 
1 -3.6114074728542782 -1.0193875458574624 0.97451500445868289 0.22432232631838794 
1 3.6829085271457216 0.65968145414253954 -1 0 
1 0.44522652714572208 0.65968145414253954 -0.92397966431214162 -0.38244160330385368 
1 1.5945249999999991 -0.25 0 1 
1 1.5945249999999991 0.25 -1 0 
1 -1.5945250000000017 0.25 0 -1 
1 -1.5945250000000017 -0.25 1 0 
1 -3.6834744172276208 0.66240767564122649 0.97453539601152195 -0.22423372164031469 
1 3.6138765827723791 -1.0166613243587754 -0.92567320987425872 0.37832407869588036 
1 -0.49442441722761998 0.66240767564122649 -1 0 
1 -2.0645658452565687 0.79246491243410233 0.92567320987425872 -0.37832407869588036 
1 2.0437351547434304 -0.88660408756589959 -0.90664524355699339 0.42189382827374972 
1 -1.5645658452565687 0.79246491243410233 -1 0 
1 3.9001463875118358 0.81323031495476172 -1 0 
1 3.4001463875118358 0.81323031495476172 -0.97451500445868289 -0.22432232631838794 
1 -3.894169612488164 -0.8658386850452402 0.97757421003538503 0.21059122458852142 
1 -3.4038516864436099 1.323919286669998 0.86229728009516338 -0.50640240988810792 
1 0.29543031355639027 -0.84856271333000066 1 0 
1 3.5331123135563898 -0.84856271333000066 -0.95429647643551396 0.29886156504770345 
1 3.5786875432751053 2.4478937131080922 -0.95412814228093545 -0.29939854393021204 
1 -4.9067524567248952 -0.21477628689190809 0.95988308504535846 -0.28040054037716322 
1 2.5302115432751044 -2.3872582868919068 0.21191932258837803 0.97728716389487236 
1 1.7824823957009013 -1.8432643231162764 -0.40481427902727884 0.91439892798254341 
1 -0.3580916042990987 2.9918876768837226 -0.21191932258837803 -0.97728716389487236 
1 -1.4065676042990995 -1.8432643231162764 1 0 
1 -3.7131293503832392 1.1212427048326745 0.95429647643551396 -0.29886156504770345 
1 3.2238346496167605 -1.0512392951673242 1 0 
1 3.7238346496167605 -1.0512392951673242 -0.95988308504535846 0.28040054037716322 
1 0.3441113475585702 3.1229255227295045 -0.38576478342545789 -0.9225971666272933 
1 -1.7798196524414287 -1.9566794772704945 1 0 
1 1.40762034755857 -1.9566794772704945 -0.20492515383989848 0.97877764651819366 
1 -7.5488025585090419 -0.42484360556677103 1 0 
1 7.5428644414909574 -0.42484360556677103 -0.97453539601152195 0.22423372164031469 
1 0.24551344149095744 1.2542253944332309 -0.97757421003538503 -0.21059122458852142 
1 1.3899342450403545 -2.310575169909928 -0.479302295185559 0.87764987884113288 
1 -1.2506397549596455 2.5245768300900711 0.40481427902727884 -0.91439892798254341 
1 0.88993424504035445 -2.310575169909928 1 0 
1 0.2609613736898887 -1.0423366263101137 -0.15690851306918743 0.98761314213937879 
1 -0.096390626310111305 1.2069073736898854 0 -1 
1 -0.096390626310111305 -1.0423366263101137 1 0 
1 2.1843281864370576 -0.10043229478075943 -0.98874975081641381 0.14957917722891692 
1 0.44933318643705733 0.16203970521923949 -0.99778510765645267 -0.066519763521836694 
1 -2.1891068135629426 -0.013858294780760616 0.99980412815876141 -0.019791546596946208 
1 -0.26096137368988881 1.0423366263101119 0.15690851306918743 -0.98761314213937879 
1 0.096390626310111194 -1.2069073736898872 0 1 
1 0.096390626310111194 1.0423366263101119 -1 0 
1 0.86445509023107014 -0.15626031482331904 -0.97086811499387049 0.23961448889465936 
1 -0.19902690976892989 0.10621168517667989 -1 0 
1 -0.87053990976892992 0.10621168517667989 0.98874975081641381 -0.14957917722891692 
1 -1.2699723102904208 0.21992498800439542 0 -1 
1 -1.2699723102904208 -0.28007501199560458 0.99778510765645267 0.066519763521836694 
1 1.3684676897095791 -0.10417701199560447 0 1 
1 1.3684676897095791 0.16970598800439518 -0.99981891032117398 0.019030148821811099 
1 -1.1580256955403971 -0.98878550722956859 0.78553739199149542 0.61881419326256559 
1 1.480414304459603 1.0896694927704313 -0.82162123001001064 -0.57003381864310232 
1 -1.515377695540397 -0.98878550722956859 1 0 
1 0.59042918450033532 0.14840296590265289 -0.99293325895557427 -0.11867410526253241 
1 -0.47305281549966471 0.021296965902651621 0 -1 
1 -0.47305281549966471 -0.25258603409734803 0.93569612934477497 0.35280696354976654 
1 0.97365465316829813 -0.73724121244802809 0 1 
1 0.97365465316829813 1.3914327875519721 -0.78553739199149542 -0.61881419326256559 
1 -1.6647853468317018 -0.68702221244802786 0.99981891032117398 -0.019030148821811099 
1 -0.19671429169919064 -0.051297368106169472 0.99293325895557427 0.11867410526253241 
1 0.8667677083008094 0.075808631893831802 -0.99732722882906732 -0.073064345861255334 
1 -0.86822729169919066 -0.051297368106169472 1 0 
1 -1.7591173521391275 -1.5174834453111608 0.8963900334662348 0.44326618177163313 
1 2.6143176478608727 0.64518655468883956 -0.99980412815876141 0.019791546596946208 
1 -1.7591173521391275 0.73176055468883838 0 -1 
1 -4.1841587966344038 -1.3318726836248764 0.96902233289378481 0.24697311261165028 
1 4.3012812033655967 0.83079731637512388 -1 0 
1 0.18927620336559636 0.83079731637512388 -0.8963900334662348 -0.44326618177163313 
1 0.54967624873707344 -3.1025026463039005 0.18445209611718683 0.98284150514616353 
1 1.5029772487370732 1.9771023536960985 -0.99769468111464454 -0.067862532192276642 
1 -2.0908977512629265 1.7326493536960985 0.479302295185559 -0.87764987884113288 
1 0.48352190658244787 -1.1862263418597259 0.79744671552749269 0.60338937336881759 
1 2.9836909065824475 0.70553065814027427 -0.99624225100992136 -0.086610491874165044 
1 -3.1103530934175518 0.17573165814027547 0.93510412376370344 -0.35437307702492915 
1 -1.6457173934350289 0.37135941425803765 0 -1 
1 -1.6457173934350289 -0.29210158574196221 0.99769468111464454 0.067862532192276642 
1 1.9481576065649708 -0.047648585741962179 -0.99327196117585759 0.11580505663340367 
1 4.359598702414389 1.2405086046802278 -0.96902233289378481 -0.24697311261165028 
1 -4.1258412975856116 -0.92216139531977248 0 -1 
1 -4.1258412975856116 -1.4221613953197725 0.95412814228093545 0.29939854393021204 
1 1.7175768646248635 -0.28699419165100615 0 1 
1 1.7175768646248635 0.046287808348992598 -0.99971562991518614 0.023846578439737146 
1 -1.8762981353751362 0.13201380834899368 0.99327196117585759 -0.11580505663340367 
1 -0.58415124753625669 1.3056475916711321 0 -1 
1 -0.58415124753625669 -0.82302640832886809 0.99732722882906732 0.073064345861255334 
1 1.1508437524637434 -0.69592040832886681 -0.65499580194990936 0.75563251612671822 
1 2.0416477665536528 -0.34513420534914907 -0.8254125883502873 0.56452994516932353 
1 0.17563876655365274 0.93109779465085118 -0.86944027757663045 -0.49403805898682734 
1 -2.0703572334463476 -0.34513420534914907 1 0 
1 -1.5337748681400987 -0.33829282469630684 0.99971562991518614 -0.023846578439737146 
1 2.060100131859901 -0.42401882469630792 -0.93510412376370344 0.35437307702492915 
1 -1.5337748681400987 0.93793917530369342 0 -1 
1 3.0774872536428362 0.15346861195904538 -1 0 
1 -2.1200737463571642 0.15346861195904538 -0.86090169295127739 -0.50877133869118907 
1 -3.0165567463571632 -0.37633038804095342 0.99624225100992136 0.086610491874165044 
1 -0.2831470081601184 -0.62258351715404636 0.86090169295127739 0.50877133869118907 
1 0.61333599183988063 -0.092784517154047563 -0.76100420157287108 0.64874695004172234 
1 -0.2831470081601184 0.67145648284595261 0 -1 
1 -1.1533901251104339 0.41773037488956888 0.8254125883502873 -0.56452994516932353 
1 0.7126188748895661 -0.85850162511043138 0 1 
1 0.7126188748895661 0.41773037488956888 -1 0 
1 -0.65358488633152545 -0.044922960933904577 0.97086811499387049 -0.23961448889465936 
1 0.40989711366847459 -0.3073949609339035 0 1 
1 0.40989711366847459 0.35606603906609635 -0.93569612934477497 -0.35280696354976654 
1 -0.85367849284571484 -2.790815487268155 0.38576478342545789 0.9225971666272933 
1 1.2702525071542841 2.2887895127318441 -1 0 
1 0.099622507154284889 2.2887895127318441 -0.18445209611718683 -0.98284150514616353 
1 -1.5321749855393434 0.85049961390079432 0.48007597604176422 -0.87722691319153423 
1 -0.43678598553934345 -1.1510683860992046 0.86944027757663045 0.49403805898682734 
1 1.8092100144606569 0.12516361390079567 -0.97724018970331517 0.21213583296706079 
1 -1.5937199999999994 0.25 0 -1 
1 -1.5937199999999994 -0.25 1 0 
1 1.5937199999999994 -0.25 0 1 
1 1.5937199999999994 0.25 -1 0 
1 0.11820057712129817 -0.93176442287870742 0 1 
1 0.11820057712129817 0.7473045771212945 -1 0 
1 -0.30266042287870221 0.7473045771212945 0.24313026787708478 -0.96999364577404168 
1 -2.03880363029187 0.53880633545089296 0.90664524355699339 -0.42189382827374972 
1 1.5694973697081291 -1.140262664549109 -0.24313026787708478 0.96999364577404168 
1 1.1486363697081288 0.53880633545089296 -1 0 
1 1.1575039999999994 -0.25 0 1 
1 1.1575039999999994 0.25 -1 0 
1 -1.1575039999999994 0.25 0 -1 
1 -1.1575039999999994 -0.25 1 0 
1 -0.35784545476085228 -0.55151955596816293 0.90484605016537456 0.4257389170608209 
1 2.607544545239147 0.84372544403183625 -0.96681870060216546 -0.25546350065310758 
1 -2.6728534547608511 -0.55151955596816293 1 0 
1 -0.87418834945609092 -0.63165296852550767 0.8587821894984089 0.51234085431509258 
1 1.4645116505439084 0.76359203147449151 -0.90484605016537456 -0.4257389170608209 
1 -1.5008783494560909 -0.63165296852550767 1 0 
1 3.1010172497104449 -1.6780551734537177 -0.5427926808770156 0.83986671894196541 
1 -0.18185175028955669 3.4015498265462814 -0.48304143898448249 -0.87559749212968885 
1 -2.9841207502895575 -1.6780551734537177 1 0 
1 -1.0575628286309211 0.36178717136907323 0 -1 
1 -1.0575628286309211 -0.13821282863092677 1 0 
1 1.2811371713690782 -0.13821282863092677 -0.97790082353544727 0.20906931704268344 
1 -0.58757946915346615 -3.2006646920352182 0.48304143898448249 0.87559749212968885 
1 2.2146895308465346 1.8789403079647808 -1 0 
1 -1.651088469153466 1.8789403079647808 0.20492515383989848 -0.97877764651819366 
1 -3.0133007092894317 -1.3729959573346733 0.96681870060216546 0.25546350065310758 
1 2.2670972907105664 0.022249042665325902 0 1 
1 2.2670972907105664 1.9476390426653261 -0.84652618505559318 -0.53234708416147425 
1 -1.485495823062088 -0.30674215183377029 0.97790082353544727 -0.20906931704268344 
1 0.85320417693791128 -0.80674215183377029 0 1 
1 0.85320417693791128 1.0885028481662289 -0.8587821894984089 -0.51234085431509258 
1 -0.7878888585410202 -0.45936492158416087 1 0 
1 1.50652214145898 -0.45936492158416087 -0.88413591046332674 0.46722980622942312 
1 -1.1336908585410193 0.93588007841583831 0.24056481764691484 -0.97063307614695815 
1 0.24879806464984711 -0.62172543535015024 -0.24056481764691484 0.97063307614695815 
1 -0.097003935350151949 0.77351956464984895 0 -1 
1 -0.097003935350151949 -0.62172543535015024 1 0 
1 0.16709899999999678 0.96269499999999653 -1 0 
1 -0.16709900000000388 0.96269499999999653 0 -1 
1 -0.16709900000000388 -0.96269500000000363 1 0 
1 0.16709899999999678 -0.96269500000000363 0 1 
1 -1.0276753501875966 -1.0409706498124009 0.86347263777087635 0.50439568180249628 
1 1.5840076498124027 0.48463835018759838 -1 0 
1 -1.0276753501875966 0.48463835018759838 0 -1 
1 -2.8784317159951875 1.9799205751171627 0 -1 
1 -2.8784317159951875 0.054530575117162527 0.97803472338527275 -0.20844202995723535 
1 3.6682232840048101 -1.3407144248828367 -0.89183449856438857 0.45236183213264775 
1 -5.8637262996488033 -1.1153515336542945 0.99031867135876461 0.13881256844468853 
1 6.0211977003511983 0.55055346634570412 -0.99988557446745863 -0.01512739144334606 
1 -3.252043299648804 0.41025746634570481 -0.86347263777087635 -0.50439568180249628 
1 4.5540998481323349 0.35146936836812159 -0.97954856991252992 0.20120785069752498 
1 -4.0091671518676648 2.1104393683681213 0.5427926808770156 -0.83986671894196541 
1 -0.72629815186766322 -2.9691656316318777 0.84652618505559318 0.53234708416147425 
1 -1.1472055000000019 0.25 0 -1 
1 -1.1472055000000019 -0.25 1 0 
1 1.1472054999999983 -0.25 0 1 
1 1.1472054999999983 0.25 -1 0 
1 -1.8531328653012373 -0.23371442866520376 0.99686512366089819 0.079119689259641843 
1 2.0126451346987633 0.073106571334795589 -0.99997657425406439 0.0068447748761921133 
1 -1.8531328653012373 0.099567571334794991 0 -1 
1 1.8452202996363631 -0.081223767035787375 0 1 
1 1.8452202996363631 0.22754123296421191 -0.99682083222967788 -0.079675770676739741 
1 -1.9934067003636358 -0.07927976703578743 0.99999987176380756 -0.00050643101054329801 
1 4.2750184498326753 -0.93617588522865702 -0.97313440420400499 0.23023777134631132 
1 -3.1595315501673227 0.82279411477134268 -1 0 
1 -4.2882485501673244 0.82279411477134268 0.97954856991252992 -0.20120785069752498 
1 1.7586606679367058 -1.0010542014505717 -0.81346964654375353 0.58160737112933913 
1 -0.69881733206329244 0.75597179854942809 -1 0 
1 -1.8372623320632933 0.75597179854942809 0.89848103626252851 -0.43901233180471483 
1 -3.7676488193226021 0.66189762412607145 0.97313440420400499 -0.23023777134631132 
1 3.6669011806773959 -1.0970723758739283 -0.89848103626252851 0.43901233180471483 
1 0.070978180677396807 0.6599536241260715 -0.99999987176380756 0.00050643101054329801 
1 -1.3369956836720487 -0.77856807915645199 1 0 
1 -0.16636568367204951 -0.77856807915645199 0.57500233168226933 0.81815176988133054 
1 1.163173316327951 1.1131889208435481 -0.79744671552749269 -0.60338937336881759 
1 -0.51591141126367646 1.3465882746690259 -0.57500233168226933 -0.81815176988133054 
1 -1.8454504112636769 -0.54516872533097427 0.99997657425406439 -0.0068447748761921133 
1 2.0203275887363237 -0.57162972533097367 -0.79757250450350681 0.60322309310901201 
1 0.99171507886898169 0.98176343803056554 -1 0 
1 -2.5578739211310193 0.98176343803056554 0.57080989489794165 -0.82108225159639214 
1 -1.2243439211310161 -0.936454561969434 1 0 
1 2.6142830788689828 -0.936454561969434 -0.64581708656521541 0.76349216806750364 
1 0.7931566679749249 0.65857904479268647 -1 0 
1 -1.5382693320250738 0.65857904479268647 0.79757250450350681 -0.60322309310901201 
1 0.99796966797492637 -1.2596389552073131 -0.10616906726929431 0.99434809254866485 
1 -1.8456688900985334 -0.22705510990147104 0.99682083222967788 0.079675770676739741 
1 1.9929581099014655 0.079765890098528303 -1 0 
1 -1.8456688900985334 0.079765890098528303 0 -1 
1 -0.48635716476720958 1.1598048813749209 0.10616906726929431 -0.99434809254866485 
1 -0.28154416476720812 -0.75841311862507865 1 0 
1 0.84717283523279363 -0.75841311862507865 -0.57080989489794165 0.82108225159639214 
1 1.0051686643799691 0.54266483562003032 -0.95024896186305297 -0.31149142922107848 
1 -1.3262573356200296 -0.22157616437996985 1 0 
1 1.0051686643799691 -0.22157616437996985 0 1 
1 1.8592229615484754 0.22707653845152365 -0.99686512366089819 -0.079119689259641843 
1 -2.0065550384515252 -0.079744461548475698 1 0 
1 1.8592229615484754 -0.079744461548475698 0 1 
1 -1.1573118715137483 -0.052664171801874105 0 -1 
1 -1.1573118715137483 -0.36142917180187339 0.97185356841419579 0.23558574142038863 
1 1.30016612848625 0.23428482819812579 -0.99325181899522996 -0.11597768777944802 
1 -1.5945662273794632 0.41341113623776593 0.81346964654375353 -0.58160737112933913 
1 0.86291177262053509 -1.3436148637622338 0 1 
1 0.86291177262053509 1.0091251362377651 -0.97185356841419579 -0.23558574142038863 
1 0.31024893889086513 0.53386577193547247 -1 0 
1 -0.31380206110913278 0.53386577193547247 0.006663478193510047 -0.99997779878273529 
1 -0.30667206110913625 -0.53612222806452792 1 0 
1 0.31024893889086513 -0.53612222806452792 0 1 
1 -1.0443048226615907 -0.051797677338409898 1 0 
1 0.95045717733840718 -0.051797677338409898 0 1 
1 0.95045717733840718 0.14564532266158992 -0.99513711043246611 -0.098499398171369532 
1 1.0460705925533418 0.049840853128428009 -0.99999233155503142 0.0039162266446360018 
1 -0.94869140744665614 0.057652853128427495 0 -1 
1 -0.94869140744665614 -0.1476021468715718 0.99513711043246611 0.098499398171369532 
1 -1.4452744933342743 -0.49842008490787393 0.99325181899522996 0.11597768777944802 
1 1.012203506665724 -0.21147108490787403 0.027120001212201213 0.99963218512323337 
1 1.041482506665723 0.86774091509212603 -0.8764472833734368 -0.4814978291408204 
1 -0.17431947592832131 -0.53395929748897508 1 0 
1 0.15987852407167935 -0.53395929748897508 0 1 
1 0.15987852407167935 0.54525270251102498 -1 0 
1 -0.14504047592832237 0.54525270251102498 -0.027120001212201213 -0.99963218512323337 
1 -0.79223223678666699 0.34480505748399004 0 -1 
1 -0.79223223678666699 -0.73440694251601002 0.88196469247055764 0.47131547952015623 
1 1.1953997632133344 0.32776905748399088 -0.9999632709767059 0.0085706882784933585 
1 0.79894640284429386 -0.33745459357652585 -0.006663478193510047 0.99997779878273529 
1 0.79181640284429733 0.73253340642347453 -0.88196469247055764 -0.47131547952015623 
1 -1.1958155971557041 -0.32964259357652637 0.99999233155503142 -0.0039162266446360018 
1 0.66793788360354966 0.021901718858170938 -0.84224900588957685 0.5390886866537079 
1 -0.31633611639644954 0.65189471885816985 0 -1 
1 -0.31633611639644954 -0.66440328114182989 0.82028249082599847 0.57195859574299235 
1 -0.97029540206735376 -1.0735989444796186 0.8764472833734368 0.4814978291408204 
1 1.5164615979326435 0.29256205552038139 -0.97170822551417446 0.2361845136076757 
1 -0.75480640206735572 0.84461905552038097 -0.11163591208416533 -0.99374917516098427 
1 -0.5785579465117614 -1.0174274513054833 1 0 
1 0.55988705348823942 -1.0174274513054833 0.11163591208416533 0.99374917516098427 
1 0.77537605348823746 0.90079054869451625 -1 0 
1 -0.76019094651176289 0.90079054869451625 0.094266753666565797 -0.99554697486013544 
1 0.99357769937791574 -0.19942194942374591 -0.81885201354237402 0.57400468632024226 
1 -0.0097803006220864575 0.50391905057625408 -0.82028249082599847 -0.57195859574299235 
1 -0.99405430062208566 -0.18238594942374675 0.9999632709767059 -0.0085706882784933585 
1 -4.4406978097951857 0.2990806495583751 0 -1 
1 -4.4406978097951857 -0.52023835044162503 0.99761930475799088 0.068961748630547826 
1 4.8325431902048166 0.12078664955837404 -0.99981521786529881 0.019223166361585622 
1 -0.29600173901513926 0.88586695063359322 -1 0 
1 -0.93560773901513938 0.88586695063359322 0.65499580194990936 -0.75563251612671822 
1 0.79938726098486068 -1.1157010493664057 -0.48007597604176422 0.87722691319153423 
1 0.4478035271932348 0.29726251388633607 -1 0 
1 -0.53136547280676494 0.29726251388633607 0 -1 
1 -0.53136547280676494 -0.27144148611366425 1 0 
1 0.59594852719323477 -0.27144148611366425 -0.25208322755606838 0.96770555769041422 
1 0.041780972806765515 -0.31664352719323752 0 1 
1 0.041780972806765515 0.2520604728067628 -1 0 
1 -0.10636402719323446 0.2520604728067628 0.25208322755606838 -0.96770555769041422 
1 -1.1157526625788527 0.13759316257885246 0 -1 
1 -1.1157526625788527 -0.36240683742114754 0.97990472808688978 0.19946609705150059 
1 1.3405663374211472 0.13759316257885246 -1 0 
1 1.012872371764433 0.52082677754873608 -0.97990472808688978 -0.19946609705150059 
1 -1.4434466282355669 0.020826777548736075 0.97422920892549314 -0.22556029898102156 
1 1.012872371764433 -0.54787722245126425 0 1 
1 -0.89595572624288455 2.5186942782691171 0.04381158271744811 -0.99903981162904221 
1 -0.71383472624288458 -1.6342287217308833 1 0 
1 1.7424842737571153 -1.6342287217308833 -0.53624907427278945 0.84405979073853321 
1 -0.96129143814172091 0.25924583375991439 -1 0 
1 -1.5007644381417209 0.25924583375991439 0.98245429669815243 -0.18650349835683733 
1 1.4950275618582791 -0.30945816624008593 -0.97422920892549314 0.22556029898102156 
1 0.036874744918225844 2.1948836881961578 -0.077114725020565072 -0.99702222602357404 
1 -0.28433325508177421 -1.9580393118038426 1 0 
1 0.21899574491822582 -1.9580393118038426 -0.04381158271744811 0.99903981162904221 
1 -1.0734800879836985 -1.5517917648803703 0.82162123001001064 0.57003381864310232 
1 1.9223119120163015 0.52666323511962965 -0.98245429669815243 0.18650349835683733 
1 -1.0734800879836985 1.09536723511963 0 -1 
1 -0.55847836851332566 0.31960507856291187 -1 0 
1 -1.1160503685133261 0.31960507856291187 0.95030434485499815 -0.31132242474597405 
1 1.0980206314866745 -0.40573092143708678 -0.91603185860591196 0.40110551481997664 
1 -0.70979955054576038 -0.40280194945424341 0.94581247649613476 0.32471334943954577 
1 0.94669944945423978 0.16590205054575691 -1 0 
1 -0.70979955054576038 0.16590205054575691 0 -1 
1 0.60743462867938192 -0.67194326868418308 0 1 
1 0.60743462867938192 0.62209673131581589 -0.94581247649613476 -0.32471334943954577 
1 -1.0490643713206182 0.053392731315815567 0.91603185860591196 -0.40110551481997664 
1 1.4072241936395891 0.083323027155200791 -0.97776728239712163 0.20969296953819727 
1 -0.92420180636040961 0.58332302715520079 0 -1 
1 -0.92420180636040961 -0.68091797284479938 0.95024896186305297 0.31149142922107848 
1 1.0539661372247711 0.13825313722477439 -1 0 
1 -1.2774598627752276 0.13825313722477439 0.97776728239712163 -0.20969296953819727 
1 1.0539661372247711 -0.36174686277522561 0 1 
1 2.2041546994971011 2.8021498266270379 -0.81905714937058938 -0.57371193648461261 
1 -3.7247463005028996 -1.3507731733729624 1 0 
1 2.3976966994971001 -1.3507731733729624 -0.046553274266466736 0.998915808592031 
1 -0.56891591312862655 0.26144608687137172 0.76100420157287108 -0.64874695004172234 
1 0.32756708687137248 -0.50279491312862845 0 1 
1 0.32756708687137248 0.26144608687137172 -1 0 
1 -1.6801832963950463 0.30321214338928826 0.97724018970331517 -0.21213583296706079 
1 1.661201703604954 -0.42212385661071039 -0.95030434485499815 0.31132242474597405 
1 -0.55286929639504656 0.30321214338928826 -1 0 
1 -1.8583591922947074 -2.2772944855572419 1 0 
1 3.7773338077052925 -2.2772944855572419 -0.10946900109823567 0.99399021011202848 
1 3.3199688077052922 1.8756285144427585 -1 0 
1 -4.4967991922947075 1.8756285144427585 0.53624907427278945 -0.84405979073853321 
1 0.12061852375909332 1.9683975237590916 -1 0 
1 -0.33674647624090692 1.9683975237590916 0.10946900109823567 -0.99399021011202848 
1 0.12061852375909332 -2.1845254762409088 0 1 
1 -3.9083839999999999 -0.25000000000000089 1 0 
1 3.9083839999999999 -0.25000000000000089 0 1 
1 3.9083839999999999 0.24999999999999911 -1 0 
1 -3.9083839999999999 0.24999999999999911 0 -1 
1 -0.083402850139725926 1.999260350139731 0 -1 
1 -0.083402850139725926 -2.1536626498602693 0.077114725020565072 0.99702222602357404 
1 0.23780514986027412 1.999260350139731 -1 0 
1 2.057934507429144 0.74642729606289304 -1 0 
1 -3.8982214925708565 0.74642729606289304 0.23129886592971358 -0.97288274453791623 
1 -3.5770134925708565 -0.60462870393710677 1 0 
1 4.2397545074291436 -0.60462870393710677 -0.85019441799554496 0.52646885150901046 
1 -0.089716528857992639 -0.6046405288579928 1 0 
1 0.23149147114200741 -0.6046405288579928 -0.23129886592971358 0.97288274453791623 
1 -0.089716528857992639 0.74641547114200701 0 -1 
1 1.3527846322204633 0.034950367779536862 -1 0 
1 -1.2864003677795361 0.034950367779536862 0 -1 
1 -1.2864003677795361 -0.10133463222046313 0.99866936498254733 0.051570334935461697 
1 0.69804834430556451 -0.98171026651798687 0.29392241521305768 0.95582928069573336 
1 1.1554133443055647 0.50563073348201293 -0.99866936498254733 -0.051570334935461697 
1 -1.4837716556944347 0.36934573348201294 0.85019441799554496 -0.52646885150901046 
1 2.8031912442992315 1.352090328903043 -1 0 
1 -2.5099617557007683 1.352090328903043 0.43827535023714304 -0.89884076308015182 
1 -0.48499375570077063 -2.8008326710969573 0.62075566377664393 0.78400408537788779 
1 -0.029925118899770453 -2.1941527815815345 0.073593223560242657 0.9972883421789368 
1 0.27653288110023055 1.9587702184184659 -1 0 
1 -0.22346711889976945 1.9587702184184659 0.046553274266466736 -0.998915808592031 
1 -2.207191649159931 -1.5276809467503973 1 0 
1 1.1879723508400701 -1.5276809467503973 -0.025751386052119345 0.99966837807164566 
1 1.0809933508400711 2.625242053249603 -0.62075566377664393 -0.78400408537788779 
1 -3.0787024899625637 0.99861169110282866 0.93906463492706838 -0.34374061649635157 
1 2.850198510037437 -1.1716373088971714 0 1 
1 2.850198510037437 -0.67163730889717144 -0.96253467760556455 0.27115861484885928 
1 -2.6084024273448527 0.30077761319611973 0 -1 
1 -2.6084024273448527 -0.19922238680388027 1 0 
1 2.7047505726551471 -0.19922238680388027 0 1 
1 2.7047505726551471 0.093630613196119761 -0.99924084947890657 0.038957986763604784 
1 -0.32584052409670061 -0.64651247590329852 1 0 
1 0.13152447590329963 -0.64651247590329852 0 1 
1 0.13152447590329963 0.84082852409670128 -0.29392241521305768 -0.95582928069573336 
1 -2.9282730922170144 1.7279670647829493 0 -1 
1 -2.9282730922170144 0.38493806478294967 0.96786888033921725 -0.25145542442132757 
1 3.5006279077829863 -1.2853109352170504 -0.90547351432329504 0.4244027743300246 
1 0.6303799275461035 -1.2313402684997072 0.9996273325658307 0.027298278101780041 
1 5.9435329275461033 -1.086246268499707 -0.97143898816734997 0.23728946935840886 
1 -5.7985210724538971 1.7819377315002924 0.90547351432329504 -0.4244027743300246 
1 2.7187877085042569 -0.80373356632689763 1 0 
1 3.2187877085042569 -0.80373356632689763 -0.96786888033921725 0.25145542442132757 
1 -3.2101132914957438 0.86651543367310246 0.96253467760556455 -0.27115861484885928 
1 -2.0213424834487457 2.8971840665169024 0 -1 
1 -2.0213424834487457 -3.425987933483098 0.81905714937058938 0.57371193648461261 
1 3.907558516551255 0.72693506651690232 -0.93906463492706838 0.34374061649635157 
1 -0.85010927794488111 -1.6409507330942006 1 0 
1 1.4813167220551176 -1.6409507330942006 -0.43827535023714304 0.89884076308015182 
1 -0.54365127794488011 2.5119722669057998 -0.073593223560242657 -0.9972883421789368 
1 -0.72046749999999804 0.38212049999999742 0 -1 
1 -0.72046749999999804 -0.38212050000000275 1 0 
1 0.72046750000000159 -0.38212050000000275 0 1 
1 0.72046750000000159 0.38212049999999742 -1 0 
1 0.41582436946726986 0.72407903280695507 -1 0 
1 -1.0251106305327298 0.72407903280695507 0.64581708656521541 -0.76349216806750364 
1 0.59745736946727135 -1.1941389671930445 -0.094266753666565797 0.99554697486013544 
1 0.98065872299810763 -2.0199099580593476 -0.27558997408017283 0.96127528116897376 
1 -0.35329727700189295 2.6330130419406528 -0.022985709299778362 -0.99973579368150378 
1 -0.460276277001892 -2.0199099580593476 1 0 
1 -1.2510585740207922 2.2397428488025612 0 -1 
1 -1.2510585740207922 -1.9131801511974391 0.93203972391984957 0.3623561135615222 
1 2.4620854259792075 -0.46959315119743827 -0.80781742211751972 0.58943278880921179 
1 -1.0242300592693994 0.138596059269398 0 -1 
1 -1.0242300592693994 -0.361403940730602 0.97661549039424345 0.21499345088167574 
1 1.2470379407305998 0.138596059269398 -1 0 
1 1.2881829343088249 0.50950119519550086 -0.97661549039424345 -0.21499345088167574 
1 -0.98308506569117426 0.0095011951955008556 0 -1 
1 -0.98308506569117426 -0.75473980480449931 0.87376086951645682 0.48635577811088587 
1 0.92263266966902791 0.97561601089673466 -0.85027057813186269 -0.52634584064406564 
1 -1.4093693303309713 -0.46797098910326618 1 0 
1 0.86189866966902784 -0.46797098910326618 0.042034405333578558 0.99911616380091284 
1 1.8215943954350209 0.84475074146109108 -0.93203972391984957 -0.3623561135615222 
1 -1.8915496045649789 -0.59883625853890976 1 0 
1 -0.51040760456497836 -0.59883625853890976 0.85027057813186269 0.52634584064406564 
1 -1.4410709642784596 -0.24355072647093401 0.97170822551417446 -0.2361845136076757 
1 0.83019703572153958 -0.79560772647093359 0 1 
1 0.83019703572153958 1.0206902735290662 -0.87376086951645682 -0.48635577811088587 
1 -1.1054949428854854 0.45072338576983562 -0.042034405333578558 -0.99911616380091284 
1 -1.1662289428854855 -0.99286361423016523 0.89223276543957641 0.45157578796481773 
1 1.6860400571145142 0.45072338576983562 -1 0 
1 -0.60354727575150591 0.20358622424849848 0.84224900588957685 -0.5390886866537079 
1 0.3807267242484933 -0.42640677575150043 0 1 
1 0.3807267242484933 0.20358622424849848 -1 0 
1 0.027089164298725876 2.0500611642987261 -1 0 
1 -0.079889835701273171 2.0500611642987261 0.025751386052119345 -0.99966837807164566 
1 0.027089164298725876 -2.1028618357012743 0 1 
1 0.071922169013877379 1.044878830986125 -1 0 
1 -0.024701830986121109 1.044878830986125 0 -1 
1 -0.024701830986121109 -1.0920991690138742 0.045169103853200214 0.99897935517061554 
1 -0.80659128492209575 -0.99524542315760023 1 0 
1 0.9426747150779029 -0.99524542315760023 -0.18601279015030756 0.98254732298271397 
1 0.53810871507790381 1.1417325768423989 -1 0 
1 -0.70996728492209726 1.1417325768423989 -0.045169103853200214 -0.99897935517061554 
1 -0.62202306282874886 0.23132643717125667 0.81885201354237402 -0.57400468632024226 
1 0.38133493717125333 -0.47201456282874332 0 1 
1 0.38133493717125333 0.23132643717125667 -1 0 
1 0.2998077770018952 2.0602192543041413 -1 0 
1 -0.92716922299810633 2.0602192543041413 0.27558997408017283 -0.96127528116897376 
1 0.40678677700189425 -2.592703745695859 -0.022985709299778362 0.99973579368150378 
1 -0.61348850000000255 -0.14642649999999957 1 0 
1 0.61348849999999899 -0.14642649999999957 0 1 
1 0.61348849999999899 0.14642650000000046 -1 0 
1 -11.948286545958371 6.2333380991647864 -1 0 
1 -11.948286545958371 6.2333380991647864 -1 0 
1 -0.61348850000000255 0.14642650000000046 0 -1 
1 0.027052164134779844 -2.3528988358652256 0 1 
1 0.027052164134779844 2.3000241641347747 -1 0 
1 -0.079926835865219203 2.3000241641347747 0.022985709299778362 -0.99973579368150378 
1 -2.7417646909281466 0.016027192487120701 0.99924084947890657 -0.038957986763604784 
1 2.5713883090718532 -0.19111980751287927 0 1 
1 2.5713883090718532 0.16112119248712098 -0.9996273325658307 -0.027298278101780041 
1 -0.027052164134776291 -2.3528988358652239 0.022985709299778362 0.99973579368150378 
1 0.079926835865222756 2.3000241641347765 -1 0 
1 -0.027052164134776291 2.3000241641347765 0 -1 
1 1.8733448622843163 -0.063413335345052779 -0.99724350516322224 0.074198324844772567 
1 -1.7328201377156809 0.20489766465494696 0 -1 
1 -1.7328201377156809 -0.087955335345053065 0.99997684292862488 0.0068054100905406761 
1 1.3487869259782066 0.92181216630038687 -0.99997684292862488 -0.0068054100905406761 
1 -2.2573780740217906 0.89727016630038658 0.79949825459805324 -0.60066841176698027 
1 1.3487869259782066 -1.8120658336996129 0 1 
1 0.11063111590822672 -1.1601408840917724 0 1 
1 0.11063111590822672 0.97683711590822675 -1 0 
1 -0.29393488409177237 0.97683711590822675 0.18601279015030756 -0.98254732298271397 
1 1.691799616824337 0.22344380857786916 -0.99835425337189865 -0.057347927375266748 
1 -1.9143653831756602 0.016296808577869193 0.99724350516322224 -0.074198324844772567 
1 1.691799616824337 -0.25201419142213055 0 1 
1 -1.8618220717558458 1.3389396967030835 0.80781742211751972 -0.58943278880921179 
1 1.851321928244154 -1.370396303296916 -0.79949825459805324 0.60066841176698027 
1 -1.7548430717558432 1.3389396967030835 -1 0 
1 2.1003456402840293 -0.067418030490437708 -0.99940395148632755 0.034521612846363604 
1 -2.1001393597159677 0.07767596950956257 0.99919155436605478 -0.040202458675404132 
1 1.5060256402840295 -0.067418030490437708 1 0 
1 -1.719220986691262 -0.19087703249165955 0.99835425337189865 0.057347927375266748 
1 1.8869440133087352 0.016269967508340422 -0.99919155436605478 0.040202458675404132 
1 -1.719220986691262 0.1613639675083407 0 -1 
1 8.3331527107061802 -1.458170152663814 1 0 
1 9.5812287107061813 -1.458170152663814 -0.98785095253485633 0.15540429716059012 
1 -9.5731292892938171 1.5551078473361857 0.98613463514950994 -0.16594722461837949 
1 0.62403799999999876 -0.31675349999999991 0 1 
1 0.62403799999999876 0.3167535000000008 -1 0 
1 -0.62403800000000231 0.3167535000000008 0 -1 
1 -0.62403800000000231 -0.31675349999999991 1 0 
1 9.1053584993557237 -1.4714752298363845 1 0 
1 10.054497499355723 -1.4714752298363845 -0.98895255938329152 0.14823236923572877 
1 -10.048999500644275 1.5418027701636152 0.98785095253485633 -0.15540429716059012 
1 8.96981644186803 -1.368819770537165 -0.98613463514950994 0.16594722461837949 
1 -8.9364655581319674 1.6444582294628347 0.97879737209277062 -0.20483091657336897 
1 4.769331441868033 -1.2237257705371647 0.99940395148632755 -0.034521612846363604 
1 -6.8408157318773481 1.534477576428614 0.97143898816734997 -0.23728946935840886 
1 4.9012382681226523 -1.3337064235713854 1 0 
1 6.8649812681226532 -1.3337064235713854 -0.97879737209277062 0.20483091657336897 
1 1.784910806710311 1.2792986688931967 -1 0 
1 1.284910806710311 1.2792986688931967 -0.74347391644089877 -0.66876493297124318 
1 -1.7270901932896905 -1.4300373311068029 0.7917737416501609 0.61081449068706961 
1 11.564998710250247 -1.4093638243324733 -0.99161023979355523 0.12926380907496107 
1 -11.550499289749752 1.6039141756675264 0.98895255938329152 -0.14823236923572877 
1 8.5529977102502457 -1.4093638243324733 1 0 
1 0.99925064633501037 0.36110185366498371 -0.9755776284708586 -0.21965493581336987 
1 -1.2214543536649884 -0.13889814633501629 1 0 
1 0.99925064633501037 -0.13889814633501629 0 1 
1 2.1945768571921604 -1.4635218519383422 1 0 
1 4.446190857192164 -1.4635218519383422 -0.93558297856571571 0.35310691046495218 
1 -4.3520781428078372 1.8571131480616572 0.89183449856438857 -0.45236183213264775 
1 1.1258070000000018 -0.25 0 1 
1 1.1258070000000018 0.25 -1 0 
1 -1.1258070000000018 0.25 0 -1 
1 -1.1258070000000018 -0.25 1 0 
1 -6.3563072587107428 0.38392338616888821 0.93558297856571571 -0.35310691046495218 
1 2.4419617412892585 -2.9367116138311111 0.52632370756565661 0.85028427884698732 
1 5.5286167412892588 2.0498283861688869 -0.99031867135876461 -0.13881256844468853 
1 1.2214543536649813 0.13889814633501629 -1 0 
1 -0.99925064633501748 0.13889814633501629 0 -1 
1 -0.99925064633501748 -0.36110185366498371 0.9755776284708586 0.21965493581336987 
1 1.2358924276146794 -0.13872607238532453 -0.97617147447055175 0.21700058163513994 
1 -1.0133445723853143 0.36127392761467547 0 -1 
1 -1.0133445723853143 -0.13872607238532453 1 0 
1 3.5567017044679545 0.54058821136387181 -0.99154542753447727 -0.1297600290361817 
1 -3.5708852955320438 -0.39217378863612495 1 0 
1 -1.2788502955320453 -0.39217378863612495 0.98189903558144109 0.1894050789293576 
1 1.1460174999999921 0.25 -1 0 
1 -1.1460175000000064 0.25 0 -1 
1 -1.1460175000000064 -0.25 1 0 
1 1.1460174999999921 -0.25 0 1 
1 -0.6081505000000007 -0.25000000000000355 1 0 
1 0.6081505000000007 -0.25000000000000355 0 1 
1 0.6081505000000007 0.24999999999999645 -1 0 
1 -0.6081505000000007 0.24999999999999645 0 -1 
1 -0.61077900000000085 -0.25000000000000355 1 0 
1 0.61077900000000085 -0.25000000000000355 0 1 
1 0.61077900000000085 0.24999999999999645 -1 0 
1 -0.61077900000000085 0.24999999999999645 0 -1 
1 1.4416261316561005 2.6525116451312911 -0.52632370756565661 -0.85028427884698732 
1 -1.6450288683438998 -2.3340283548687069 1 0 
1 -0.86992486834390093 -2.3340283548687069 0.42056815879672832 0.90726094581786665 
1 0.65233948018159538 -0.56665504352927698 1 0 
1 2.8730444801815942 -0.56665504352927698 -0.97128008129388921 0.23793907556712085 
1 -2.8224205198184045 0.8285899564707222 0.92798401803827857 -0.37261999713586474 
1 0.21166759243610045 -0.34096594076830655 0.88398240996558686 0.46752015878615683 
1 1.9753245924361025 0.59179605923169021 -0.97403314547810904 -0.22640545821605298 
1 -2.0375694075638933 -0.34096594076830655 1 0 
1 3.2786728503961662 -0.65333728649155276 -0.97803472338527275 0.20844202995723535 
1 -3.2679821496038315 0.74190771350844642 0.97128008129388921 -0.23793907556712085 
1 2.4274828503961672 -0.65333728649155276 1 0 
1 -1.5995776169426321 -0.42749752196787227 0.97403314547810904 0.22640545821605298 
1 2.4133163830573636 0.50526447803212449 -0.98189903558144109 -0.1894050789293576 
1 -2.4222356169426362 -0.42749752196787227 1 0 
1 -3.2498016109170038 -1.8802905113048283 0.99154542753447727 0.1297600290361817 
1 3.8777853890829945 -0.94752851130483151 -0.76505451074192765 0.64396552360621739 
1 -0.93825061091700235 3.1062494886951697 -0.42056815879672832 -0.90726094581786665 
1 4.5148773722150679 -0.060301306804767307 0 1 
1 4.5148773722150679 0.44042769319523245 -0.99761930475799088 -0.068961748630547826 
1 -4.7583636277849344 -0.20059730680476662 0.99988557446745863 0.01512739144334606 
1 2.274760988305637 0.074086635116618282 -0.99967319005220523 0.025563902105267329 
1 -2.0386240116943597 0.18438963511661832 0 -1 
1 -2.0386240116943597 -0.31633936488338144 0.99592851940284777 0.090146459941873092 
1 -2.4397561185205134 1.9467743620490658 0.76505451074192765 -0.64396552360621739 
1 2.3762798814794834 -2.1070036379509354 -0.72869544025700983 0.68483790443333581 
1 -1.9371051185205133 1.9467743620490658 -1 0 
1 -0.76511876785284727 -0.31204123214715196 1 0 
1 0.45643923214715443 -0.31204123214715196 0 1 
1 0.45643923214715443 0.6207207678528448 -0.79478793330273412 -0.60688725565492696 
1 -0.36071278125656647 -0.40432575061148768 0.79478793330273412 0.60688725565492696 
1 0.86084521874343523 0.52843624938850908 -0.88398240996558686 -0.46752015878615683 
1 -0.9028117812565668 -0.40432575061148768 1 0 
1 -0.38842474036622576 -0.7126645306585857 0.60105688058592588 0.79920624766096271 
1 0.80827225963377458 0.87854546934141453 -0.72995045440796869 -0.68350006152860021 
1 -0.89107574036622594 -0.7126645306585857 1 0 
1 1.0133445723853214 -0.36127392761467902 0 1 
1 1.0133445723853214 0.13872607238532098 -1 0 
1 -1.2358924276146723 0.13872607238532098 0.97617147447055175 -0.21700058163513994 
1 -4.6917895119604118 -0.34763352377956203 0.99981521786529881 -0.019223166361585622 
1 4.5814514880395905 -0.52592752377956309 -0.87543878586793933 0.48332901030050773 
1 1.402618488039586 1.2291034762204376 -0.96812391855890945 -0.25047171160460863 
1 0.15784657442966221 0.41798942557033314 -1 0 
1 -0.061063425570338836 0.41798942557033314 0 -1 
1 -0.061063425570338836 -0.51477257442966362 0.22848209699489183 0.97354811455460022 
1 -0.70645692510316849 0.60554211152344095 0.37998022049922203 -0.92499461189207077 
1 -0.32328592510317122 -0.32721988847655581 1 0 
1 0.89301507489683019 -0.32721988847655581 -0.8638407935584691 0.50376490884565828 
1 -1.4825263984711441 0.56939923604262077 0.8638407935584691 -0.50376490884565828 
1 0.11694560152885458 -0.36336276395737599 1 0 
1 1.5382146015288569 -0.36336276395737599 -0.95548484775890208 0.29504017642203872 
1 -0.053638130741312295 0.57570160107190915 -0.22848209699489183 -0.97354811455460022 
1 -0.27254813074131334 -0.35706039892808761 1 0 
1 0.32953286925868497 -0.35706039892808761 -0.37998022049922203 0.92499461189207077 
1 1.5044246125764644 1.703340538424305 -0.99592851940284777 -0.090146459941873092 
1 -2.8089603874235323 1.3129145384243053 0.72869544025700983 -0.68483790443333581 
1 1.5044246125764644 -2.7408634615756959 0 1 
1 -1.6013993540341431 2.3587768798859603 0 -1 
1 -1.6013993540341431 -1.8220291201140419 0.95548484775890208 -0.29504017642203872 
1 1.4193416459658579 -2.7547911201140387 0 1 
1 1.4193416459658579 2.3587768798859603 -1 0 
1 2.2372469075778483 -0.51286899865747948 -0.86755463497895469 0.49734188977657284 
1 -0.73084309242214829 1.1886440013425208 -0.64563077910493671 -0.76364972145110654 
1 -2.0761380924221484 -0.40256599865747944 0.99967319005220523 -0.025563902105267329 
1 -0.51734066634681142 -2.3400064443078925 0.93903251863405002 0.34382834226950026 
1 3.1704533336531853 -0.9897144443078929 -0.83484256772550269 0.55048877110572325 
1 -2.3935226663468114 2.6791285556921061 0.35014259307866563 -0.93669641000280768 
1 -2.9198468973085028 -0.52883000206002606 1 0 
1 2.6003551026915019 -0.52883000206002606 -0.53895601810449101 0.84233390680237463 
1 1.3867061026914982 1.3679809979399753 -0.91516396078901185 -0.4030817843477526 
1 -0.53420645545612189 3.0351829960574044 0 -1 
1 -0.53420645545612189 -2.4839520039425942 0.96627534306552387 0.25751108982644649 
1 1.3419755445438781 -1.9839520039425942 -0.35014259307866563 0.93669641000280768 
1 1.7564640602855413 -0.62066473142009926 -0.92798401803827857 0.37261999713586474 
1 -1.7182959397144586 0.77458026857989992 0.88413591046332674 -0.46722980622942312 
1 0.92191706028554066 -0.62066473142009926 1 0 
1 -1.5938969999999983 -0.25 1 0 
1 1.5938969999999983 -0.25 0 1 
1 1.5938969999999983 0.25 -1 0 
1 -1.5938969999999983 0.25 0 -1 
1 -1.3525857022991232 -0.63235679318574256 0.92080029285168685 0.39003438397691031 
1 1.8352082977008735 0.71793520681425704 -0.93903251863405002 -0.34382834226950026 
1 -1.8525857022991232 -0.63235679318574256 1 0 
1 1.2863986413487467 0.082394256112753084 -1 0 
1 -1.2746823586512548 0.082394256112753084 0.94360708539009119 -0.33106746805087522 
1 -0.35075435865125115 -0.24176874388724912 0.98095538634120261 0.19423318462142869 
1 1.3248709892899413 0.94417201071005152 -0.92080029285168685 -0.39003438397691031 
1 -1.8629230107100554 -0.40611998928994808 1 0 
1 1.3248709892899413 -0.40611998928994808 0 1 
1 0.52920054229097957 -0.094844957709021571 -0.94360708539009119 0.33106746805087522 
1 -0.39472745770902407 0.22931804229098063 0 -1 
1 -0.39472745770902407 -0.094844957709021571 1 0 
1 -0.19732170248596503 -0.57153619462729921 1 0 
1 0.30267829751403497 -0.57153619462729921 -0.27002878233915395 0.96285225071577518 
1 -0.076006702485962307 0.77875580537270039 -0.08948310843898237 -0.99598833994384561 
1 -0.7769711835145543 0.12952381648544886 0 -1 
1 -0.7769711835145543 -0.046313183514548939 1 0 
1 0.86018181648544356 -0.046313183514548939 -0.99428160278800737 0.10678995438388036 
1 -1.0467205123458569 -0.14137048765414306 1 0 
1 0.82946148765414307 -0.14137048765414306 0 1 
1 0.82946148765414307 0.35862951234585694 -0.96627534306552387 -0.25751108982644649 
1 0.98265556810654431 -0.045841568106531838 0 1 
1 0.98265556810654431 0.12999543189346596 -0.99633967263444412 -0.085482493732276538 
1 -1.0668094318934607 -0.045841568106531838 1 0 
1 -2.1544622729629879 -2.5209829969157695 0.96277007355925603 0.27032163335313153 
1 -0.9999322729629867 -2.1968199969157673 0.50301218697170591 0.86427931813618086 
1 1.9212137270370135 2.8223150030842312 -0.60647544367912487 -0.79510221746276677 
1 -0.15701075123123331 0.21553324876878222 0 -1 
1 -0.15701075123123331 -0.10862975123121998 1 0 
1 0.26391424876877068 -0.10862975123121998 -0.79228317236658885 0.61015356655905417 
1 0.50738555116475936 -0.09220205116475455 0 1 
1 0.50738555116475936 0.23196094883524765 -0.96277007355925603 -0.27032163335313153 
1 -0.6471444488352418 -0.09220205116475455 1 0 
1 -0.91411652653059861 -0.21740568090217138 0.99633967263444412 0.085482493732276538 
1 1.1353484734694064 -0.041568680902173583 -0.98772111037097465 0.15622742437718509 
1 -0.91411652653059861 0.28259431909782862 0 -1 
1 0.25761774684420402 -0.10043374684420669 0 1 
1 0.25761774684420402 0.2237292531557955 -0.89167481668946125 -0.45267650842717239 
1 -0.38091325315578928 -0.10043374684420669 1 0 
1 -0.92584621732025596 -0.04267363284572312 0.99428160278800737 -0.10678995438388036 
1 0.7113067826797419 -0.21851063284572092 0 1 
1 0.7113067826797419 0.28148936715427908 -0.98095538634120261 -0.19423318462142869 
1 -1.2877769783347475 0.91534888552082094 0.27002878233915395 -0.96285225071577518 
1 -0.90909197833475019 -0.43494311447917866 1 0 
1 1.6519890216652513 -0.43494311447917866 -0.90872507061591168 0.41739519167583433 
1 2.6396238580865088 -2.1471490091360899 -0.65667437922242045 0.75417422368631037 
1 -0.55491014191348853 1.5216939908639091 -1 0 
1 -2.9243521419134879 1.5216939908639091 0.83484256772550269 -0.55048877110572325 
1 -0.031688432704925162 -0.70411506729507067 0.08948310843898237 0.99598833994384561 
1 0.089626567295077564 0.64617693270492893 -1 0 
1 -0.031688432704925162 0.64617693270492893 0 -1 
1 -1.3794401249641766 1.2835161249641764 0 -1 
1 -1.3794401249641766 -2.3853268750358225 0.72488817645875103 0.68886655574959266 
1 2.4812508750358262 1.2835161249641764 -1 0 
1 -1.7099481221654784 0.72057764553503745 0.90872507061591168 -0.41739519167583433 
1 1.2298178778345203 -0.62971435446496216 1 0 
1 1.7298178778345203 -0.62971435446496216 -0.93084767110630917 0.36540746187777901 
1 -0.073428999999997302 -0.53853200000000179 1 0 
1 0.073429000000004407 -0.53853200000000179 0 1 
1 0.073429000000004407 0.53853199999999823 -1 0 
1 -0.073428999999997302 0.53853199999999823 0 -1 
1 -0.99436719286182296 0.48369130713818187 0 -1 
1 -0.99436719286182296 -0.19412769286181941 1 0 
1 1.2839308071381765 -0.19412769286181941 -0.95848035501339524 0.28515856826228436 
1 0.96925181697669416 0.29727012537859032 -0.99814579898954259 -0.060868415122522231 
1 -1.3090461830233053 0.15833612537859132 0.95848035501339524 -0.28515856826228436 
1 0.96925181697669416 -0.51948287462140996 0 1 
1 1.3910698042082004 0.16965875857269808 0 1 
1 1.3910698042082004 1.2467227585726981 -0.82342088628702148 -0.56743109187486018 
1 -1.803464195791797 -0.95467624142730223 0.94328166615388809 0.33199352146983974 
1 -0.31352633487851733 -2.3001113268779605 0.79228317236658885 -0.61015356655905417 
1 0.10739866512148666 -2.6242743268779627 0 1 
1 0.10739866512148666 2.7190236731220381 -0.083570683398365903 -0.99650185191816387 
1 -2.1841793952208803 1.005651540659958 0.65667437922242045 -0.75417422368631037 
1 1.010354604779117 -2.663191459340041 0 1 
1 1.010354604779117 2.1299865406599583 -0.94328166615388809 -0.33199352146983974 
1 1.3942542889403029 2.6151900229148453 -0.50301218697170591 -0.86427931813618086 
1 -1.5268917110596973 -2.4039449770851533 1 0 
1 -1.0268917110596973 -2.4039449770851533 0.43447476154876108 0.90068400761707057 
1 0.67516342974252552 3.017267382169404 -0.43447476154876108 -0.90068400761707057 
1 -1.7459825702574747 -2.0018676178305945 1 0 
1 0.94201342974252356 -2.0018676178305945 -0.053091548223231151 0.99858964920895332 
1 0.94853553465760143 -2.2831494668089682 0.083570683398365903 0.99650185191816387 
1 1.3694605346576054 2.7359855331910303 -0.72488817645875103 -0.68886655574959266 
1 -2.4912304653423973 -0.93285746680896864 0.93084767110630917 -0.36540746187777901 
1 0.69244350216450812 -0.24159803318099193 0.89167481668946125 0.45267650842717239 
1 1.3309745021645014 0.082564966819010266 -1 0 
1 -1.3570214978354969 0.082564966819010266 0.98772111037097465 -0.15622742437718509 
1 0.039535565822660601 -2.4712395658226534 0 1 
1 0.039535565822660601 2.5478954341773452 -0.031011737777161756 -0.99951902038932738 
1 -0.11619143417734534 -2.4712395658226534 1 0 
1 1.4315421368551284 -1.2264846016748052 0 1 
1 1.4315421368551284 -0.77996860167480619 -0.84617415483743996 0.53290646429288546 
1 -1.6035948631448704 1.1315103983251937 0.78968839035687222 -0.61350814675566634 
1 -1.7993231745099791 0.71984414676090758 0.84617415483743996 -0.53290646429288546 
1 1.2358138254900197 -1.1916348532390924 0.028114526131661936 0.99960470858254369 
1 1.2766238254900202 0.25935414676090929 -0.98897885897246562 0.14805680161856791 
1 0.18467611883379931 2.4082828816282351 -1 0 
1 -0.23790088116620467 2.4082828816282351 0.053091548223231151 -0.99858964920895332 
1 0.028949118833793364 -2.6108521183717635 0.031011737777161756 0.99951902038932738 
1 0.8491204799348111 -0.25938652006518481 -0.86379659818306131 0.5038406860976703 
1 -0.55114052006518932 0.55736647993481547 0 -1 
1 -0.55114052006518932 -0.25938652006518481 1 0 
1 -0.46314027991493134 3.7227378830064701 -0.13389562045252035 -0.99099544036470455 
1 -1.5036792799149339 -3.9785551169935296 0.60647544367912487 0.79510221746276677 
1 2.5719967200850675 1.3647428830064712 -0.78968839035687222 0.61350814675566634 
1 -0.22134755242178272 -0.71750737756122618 1 0 
1 0.20122944757822125 -0.71750737756122618 0 1 
1 0.20122944757822125 0.73348162243877546 -1 0 
1 -0.18053755242178227 0.73348162243877546 -0.028114526131661936 -0.99960470858254369 
1 1.2204661295649473 0.63906168030716515 -0.97104958746337655 -0.23887799958808736 
1 -0.83949087043505344 0.13231268030716592 0 -1 
1 -0.83949087043505344 -0.93767531969283446 0.79408324589860857 0.60780901489129802 
1 -1.7382146030552121 0.62820986812386614 0.87543878586793933 -0.48332901030050773 
1 1.4406183969447923 -1.1268211318761345 -0.47467601761118899 0.88016059801878332 
1 0.49411939694478946 0.62820986812386614 -1 0 
1 0.70597124417574975 0.62833041785431476 -1 0 
1 -0.81746975582424852 0.62833041785431476 0.47467601761118899 -0.88016059801878332 
1 0.12902924417575434 -1.1267005821456859 0.31229445532135552 0.94998535419002006 
1 1.1161669999999972 -0.66329249999999895 0 1 
1 1.1161669999999972 0.66329250000000073 -1 0 
1 -1.1161670000000044 0.66329250000000073 0 -1 
1 -1.1161670000000044 -0.66329249999999895 1 0 
1 -0.90386871642821021 0.54225898539420569 -0.79408324589860857 -0.60780901489129802 
1 -2.9638257164282109 -1.0344780146057939 0.96812391855890945 0.25047171160460863 
1 3.1305822835717869 0.54225898539420569 -1 0 
1 -4.4611089809732114 -0.37085571370626802 1 0 
1 4.5499010190267875 -0.37085571370626802 -0.97361167150206285 0.22821111523096188 
1 -1.6088399809732117 1.0727312862937328 -0.89223276543957641 -0.45157578796481773 
1 0.86324533397835879 -0.58002566602164585 0 1 
1 0.86324533397835879 0.24655933397835383 -1 0 
1 -1.1967116660216419 0.24655933397835383 0.92807187583407946 -0.37240111880311677 
1 0.62585208763399436 2.4960509349247948 -0.45380652242416569 -0.89110024138998256 
1 -1.4890879123660099 -1.6568720650752056 1 0 
1 0.74324608763399169 -1.6568720650752056 -0.028256513584041271 0.99960070500178966 
1 1.6328087598008949 -1.9604125808842188 0.45380652242416569 0.89110024138998256 
1 3.7477487598008992 2.1925104191157816 -0.9503432673541744 -0.31120358962356515 
1 -4.5259322401991042 -0.51682558088421793 0.97361167150206285 -0.22821111523096188 
1 -0.58377141288637091 0.45722081568742645 0 -1 
1 -0.58377141288637091 -0.36936418431257323 0.9895157533602521 -0.14442497655147027 
1 0.53863458711363421 -0.53318518431257367 0 1 
1 0.53863458711363421 0.45722081568742645 -1 0 
1 5.854718454041631 1.287562099164786 -1 0 
1 5.854718454041631 1.287562099164786 -1 0 
1 1.2719998493744065 -0.10451843836446706 -0.92807187583407946 0.37240111880311677 
1 -0.78795715062559424 0.72206656163553262 0 -1 
1 -0.78795715062559424 -0.61126743836446629 0.97104958746337655 0.23887799958808736 
1 -0.65867374826976999 -0.82359873931419258 0.64563077910493671 0.76364972145110654 
1 0.68662125173023014 0.76761126068580765 -1 0 
1 0.53802325173023036 0.76761126068580765 -0.60105688058592588 -0.79920624766096271 
1 1.2922260905610656 -1.1549036083221171 -0.35143362894000224 0.9362127987001998 
1 0.58020509056106562 0.74190739167788422 -0.99627412432239437 -0.08624308207413707 
1 -1.6758639094389309 0.54660939167788314 0.86755463497895469 -0.49734188977657284 
1 2.3715449090975156 0.62299773853394491 -1 0 
1 -1.1572140909024853 0.62299773853394491 -0.37939566171803002 -0.92523452803575068 
1 -1.9350080909024854 -1.2738132614660564 0.91516396078901185 0.4030817843477526 
1 -1.5867606641503471 0.57763333584964549 0 -1 
1 -1.5867606641503471 -0.22239566415035306 1 0 
1 1.9419983358496538 -0.22239566415035306 -0.97524988437966242 0.22110554723356721 
1 -0.82147658687195246 0.73375341312805453 0.53895601810449101 -0.84233390680237463 
1 0.39217241312805129 -1.1630575868719468 0 1 
1 0.39217241312805129 0.73375341312805453 -1 0 
1 1.325876500467416 -0.18184579368920772 -0.94314133506294917 0.33239197056438952 
1 -0.93019249953258054 0.61326220631079131 0 -1 
1 -0.93019249953258054 -0.37714379368920881 0.99627412432239437 0.08624308207413707 
1 -1.9419983358496467 0.22239566415035306 0.97524988437966242 -0.22110554723356721 
1 1.5867606641503542 -0.57763333584964549 0 1 
1 1.5867606641503542 0.22239566415035306 -1 0 
1 0.88446549500500993 0.59409411873781259 -0.97631049472353026 -0.21637425422793624 
1 -1.3716035049949866 0.094094118737812593 0.94314133506294917 -0.33239197056438952 
1 0.88446549500500993 -0.70101388126218644 0 1 
1 -0.022453210210379382 -1.202261374723447 0.37939566171803002 0.92523452803575068 
1 0.75534078978962071 0.69454962527655439 -1 0 
1 -0.7344742102103794 0.69454962527655439 0.35143362894000224 -0.9362127987001998 
1 -0.71603879376323221 -1.0115635805700585 0.72995045440796869 0.68350006152860021 
1 0.98330920623676832 0.57964641942994177 -0.9895157533602521 0.14442497655147027 
1 -0.1390967937632368 0.74346741942994221 -0.31229445532135552 -0.94998535419002006 
1 -1.0373800553868335 -1.9074936319617777 0.74347391644089877 0.66876493297124318 
1 1.9746209446131679 0.80184236803822184 -0.98649995045867522 0.16376155759222435 
1 -1.0373800553868335 1.3018423680382218 0 -1 
1 -0.18767911802181914 1.9588161862625073 0.028256513584041271 -0.99960070500178966 
1 -0.070285118021821802 -2.1941068137374931 0.091740810001223333 0.99578292000833168 
1 0.31232088197818086 1.9588161862625073 -1 0 
1 4.2596654345266813 0.99437122272926448 -1 0 
1 -0.50201456547332057 0.99437122272926448 -0.7917737416501609 -0.61081449068706961 
1 -4.0140155654733221 -1.714964777270735 0.9503432673541744 0.31120358962356515 
1 -2.2656440000000018 -0.24999999999999911 1 0 
1 2.2656439999999947 -0.24999999999999911 0 1 
1 2.2656439999999947 0.25000000000000089 -1 0 
1 -2.2656440000000018 0.25000000000000089 0 -1 
1 1.7465403571078255 -1.5833581820910219 -0.50220782680277476 0.8647469564549124 
1 -0.665298642892175 2.5695648179089785 -0.091740810001223333 -0.99578292000833168 
1 -1.0479046428921777 -1.5833581820910219 1 0 
1 -2.3808399999999956 0.24999999999999822 0 -1 
1 -2.3808399999999956 -0.25000000000000178 1 0 
1 2.3808400000000063 -0.25000000000000178 0 1 
1 2.3808400000000063 0.24999999999999822 -1 0 
1 -9.8486682333387101 -1.4898099425705462 0.9890333767293229 0.14769217892425193 
1 10.345991766661292 1.525855057429454 -0.98954872234549696 -0.14419891159226744 
1 -10.34866823333871 -1.4898099425705462 1 0 
1 7.7140943737782948 1.5317973169269825 -0.98143853662949032 -0.19177695069680464 
1 -7.7188856262217058 -1.4838676830730178 1 0 
1 -7.2188856262217058 -1.4838676830730178 0.98021201483615916 0.1979505139443625 
1 7.4347715738141673 1.7311453130406571 -0.98021201483615916 -0.1979505139443625 
1 -7.4982084261858333 -1.2845196869593432 1 0 
1 -2.9669204261858368 -1.2845196869593432 0.96044953060608684 0.27845412397475372 
1 -5.3526383596497666 -1.3323088494159787 0.98143853662949032 0.19177695069680464 
1 10.080341640350234 1.6833561505840215 -0.9890333767293229 -0.14769217892425193 
1 -10.114318359649769 -1.3323088494159787 1 0 
1 2.2275414370593438 1.4042068864902868 -1 0 
1 -2.3037465629406526 1.4042068864902868 0.50220782680277476 -0.8647469564549124 
1 0.1080924370593479 -2.7487161135097136 0.45457427261049577 0.89070883608541729 
1 1.3913051540194026 -0.36469534598060349 0 1 
1 1.3913051540194026 0.13530465401939651 -1 0 
1 -1.6206958459805989 0.13530465401939651 0.98649995045867522 -0.16376155759222435 
1 0.30328476985266661 1.958801091973279 -1 0 
1 -0.19671523014733339 1.958801091973279 0.032879524279468372 -0.99945932227537704 
1 -0.060095230147332757 -2.1941219080267214 0.087166768763880506 0.99619373337883643 
1 -1.4969111021141188 -1.6534206566241298 1 0 
1 0.75915789788587773 -1.6534206566241298 -0.032879524279468372 0.99945932227537704 
1 0.6225378978858771 2.4995023433758705 -0.45457427261049577 -0.89070883608541729 
1 -3.171023272211059 -1.8976775620046951 1 0 
1 3.577000727788942 -1.8976775620046951 -0.31616821049453425 0.94870314781425913 
1 2.1929827277889444 2.2552454379953053 -1 0 
1 -2.8076432722110596 2.2552454379953053 -0.087166768763880506 -0.99619373337883643 
1 1.3284042266398188 -0.94303827336017676 0 1 
1 1.3284042266398188 0.40531272663982243 -1 0 
1 -1.8661297733601785 0.40531272663982243 0.92129629174962879 -0.38886134136525202 
1 -1.6343424551993593 2.5766643778745033 0.20820168239521947 -0.97808591618926821 
1 -0.75032445519936175 -1.5762586221254971 1 0 
1 2.4442095448006356 -1.5762586221254971 -0.70068950557359344 0.71346633892499312 
1 2.5003129999999985 0.25 -1 0 
1 -2.5003130000000056 0.25 0 -1 
1 -2.5003130000000056 -0.25 1 0 
1 2.5003129999999985 -0.25 0 1 
1 1.3053805833449132 2.8513246450874412 -0.9010410503535824 -0.43373381880793344 
1 -2.8389064166550853 0.85639064508744145 0.70637041934801259 -0.70784237699512798 
1 1.3053805833449132 -3.2965323549125589 0 1 
1 2.3154650504135432 0.78566297894909898 -0.95190144534703558 -0.30640437063825415 
1 -2.3288219495864553 -0.70927102105090079 1 0 
1 -1.8288219495864553 -0.70927102105090079 0.94067088054866976 0.33932034198938088 
1 -0.28413297877591503 1.9626633721426208 -1 0 
1 -0.78413297877591503 1.9626633721426208 0.31616821049453425 -0.94870314781425913 
1 0.59988502122408249 -2.1902596278573796 -0.20820168239521947 0.97808591618926821 
1 4.7925807095575124 0.93778608201605174 -0.98820013260206963 -0.15316820141678228 
1 -4.8523322904424901 -0.55714791798394803 1 0 
1 0.14829370955751386 -0.55714791798394803 0.95190144534703558 0.30640437063825415 
1 -2.0672715702256639 2.0880747175928365 0.70068950557359344 -0.71346633892499312 
1 2.011280429774331 -2.0648482824071639 1 0 
1 2.0770154297743346 -2.0648482824071639 -0.70637041934801259 0.70784237699512798 
1 1.2393490078414047 0.13868549215859538 -1 0 
1 -1.0167199921585919 0.13868549215859538 0 -1 
1 -1.0167199921585919 -0.36131450784140462 0.97631049472353026 0.21637425422793624 
1 5.1956680889962286 1.542606014572466 -0.96044953060608684 -0.27845412397475372 
1 -5.2060239110037756 -1.4730589854275342 1 0 
1 -4.7060239110037756 -1.4730589854275342 0.95661717291598247 0.29134787536934853 
1 -1.0769387368425782 1.6646515873042365 0 -1 
1 -1.0769387368425782 -1.8850984126957631 0.82342088628702148 0.56743109187486018 
1 2.1175952631574191 0.31630058730423727 -0.92129629174962879 0.38886134136525202 
1 0.041145988392806032 0.4259029883928136 -1 0 
1 -0.11096901160719597 0.4259029883928136 0.1628469470663482 -0.98665134258823672 
1 0.041145988392806032 -0.49572601160718754 0 1 
1 -0.044498773558800053 -0.42495626798834607 1 0 
1 0.11209022644120381 -0.42495626798834607 -0.1628469470663482 0.98665134258823672 
1 -0.040024773558798188 0.49667273201165507 -0.0048543907413302022 -0.99998821737585009 
1 0.85837738421160026 0.380235394096756 -0.99586272027071876 -0.090870470313540952 
1 -0.54188361578840016 0.25246439409675681 0 -1 
1 -0.54188361578840016 -0.66916460590324434 0.80021822876123472 0.59970891802459658 
1 0.95713975516889604 0.26832048665950659 -0.99997387547275129 0.0072283035358659273 
1 -1.3256322448311053 0.28482148665950646 0.92467705619563501 -0.38075233649365103 
1 0.95266575516889418 -0.65330851334049456 0.0048543907413302022 0.99998821737585009 
1 0.21137245346789513 -0.58124183745861835 0 1 
1 0.21137245346789513 0.78361016254138072 -0.48644684405595168 -0.87371017386087746 
1 -0.48228754653210615 -0.46227683745861903 0.98560998146051448 -0.16903539406113835 
1 1.1398786164157357 -0.036810490720204925 -0.98560998146051448 0.16903539406113835 
1 0.44621861641573446 0.082154509279794397 -0.99792770305510747 -0.064345158910031494 
1 -1.1428933835842656 -0.020309490720205048 0.99997387547275129 -0.0072283035358659273 
1 -0.76976498760496526 -0.076023012395035394 0.99792770305510747 0.064345158910031494 
1 0.81934701239503482 0.02644098760496405 -1 0 
1 -0.76976498760496526 0.02644098760496405 0 -1 
1 -0.42089957777467646 -0.28467852121420023 0.99155778563472985 0.12966556114539857 
1 0.5561704222253212 -0.15690752121420104 -0.77339548219721777 0.63392383463388813 
1 -0.19845657777467807 0.46163247878579838 -0.28563886968230229 -0.95833732898526747 
1 0.70075588115295062 0.054280153035486833 -1 0 
1 0.27756488115294786 0.054280153035486833 -0.99155778563472985 -0.12966556114539857 
1 -0.6995051188470498 -0.073490846964512357 0.99586272027071876 0.090870470313540952 
1 0.45064860903880799 -0.90711345888442629 0 1 
1 0.45064860903880799 0.95903954111557432 -0.80021822876123472 -0.59970891802459658 
1 -0.94961239096119243 -0.090360458884426009 0.86379659818306131 -0.5038406860976703 
1 -0.75448520759586302 0.20119177876465777 -1 0 
1 -1.5408662075958617 0.20119177876465777 0.98897885897246562 -0.14805680161856791 
1 1.5350807924041376 -0.25929822123534052 -0.98036791744615959 0.19717694196401425 
1 0.85683757551678497 -0.70474275116759877 0 1 
1 0.85683757551678497 0.94750224883240008 -0.88702949622265703 -0.46171276009114076 
1 -1.4327284244832157 -0.24425275116760048 0.98036791744615959 -0.19717694196401425 
1 -0.26669727567944079 4.3664350486272987 0 -1 
1 -0.26669727567944079 -4.5266129513727016 0.13389562045252035 0.99099544036470455 
1 0.77384172432056175 3.1746800486272981 -0.65769996238163952 0.75328000071898238 
1 0.07145079432308421 0.13962579432308075 -1 0 
1 -0.15099220567691418 0.13962579432308075 0.52692485089593111 -0.84991187867231321 
1 0.07145079432308421 -0.21916720567691961 0 1 
1 0.27795484030462347 -0.40862865969537765 0 1 
1 0.27795484030462347 0.20991134030462177 -1 0 
1 -0.4766721596953758 0.20991134030462177 0.77339548219721777 -0.63392383463388813 
1 0.16452185521296059 0.18603022003218506 -0.52692485089593111 0.84991187867231321 
1 -0.057921144787037804 0.54482322003218542 0 -1 
1 -0.057921144787037804 -0.56028077996781356 0.28563886968230229 0.95833732898526747 
1 0.97939370606776066 -1.9243147196279349 -0.38275482023013158 0.92384995945802784 
1 -0.74117929393224102 2.2286082803720655 0.24004488006306157 -0.9707617913553821 
1 0.28573370606775939 -1.9243147196279349 1 0 
1 -0.10906692992629985 -2.1751600700736908 0.099560344615096733 0.99503152602323275 
1 0.30646407007370158 1.9777629299263095 -1 0 
1 -0.10906692992629985 1.9777629299263095 0 -1 
1 -0.21843646630721025 0.49454996630721482 0 -1 
1 -0.21843646630721025 -0.75133703369278493 0.48644684405595168 0.87371017386087746 
1 0.47522353369279102 0.49454996630721482 -1 0 
1 4.0248440038072104 0.092869722487928463 -0.99982864902077973 0.018511418024627632 
1 -3.7163479961927877 0.23619472248792839 0 -1 
1 -3.7163479961927877 -0.40713027751207154 0.9979205998012658 0.064455228587617125 
1 -0.17893161476398234 2.3791850464422462 -0.099560344615096733 -0.99503152602323275 
1 -0.59446261476398377 -1.7737379535577542 1 0 
1 0.84798138523601807 -1.7737379535577542 -0.24004488006306157 0.9707617913553821 
1 -1.9631420007189107 -1.0740241410328695 0.9010410503535824 0.43373381880793344 
1 2.1811449992810878 0.92090985896713029 -0.94067088054866976 -0.33932034198938088 
1 -1.9631420007189107 -0.57402414103286947 0 -1 
1 4.4534394626860063 0.31540171209748635 -0.99999985547906267 0.00053762612832255335 
1 -4.0673505373139989 0.3199827120974863 0.32536583414600267 -0.94558821585850783 
1 -3.6518195373139974 -0.88764628790251354 0.9891632848370876 0.14681960335834893 
1 -0.18720710552135955 -0.70149885537271572 0.99999965272116309 -0.00083340119590013964 
1 0.069571894478642093 -0.70171285537271544 0 1 
1 0.069571894478642093 0.81923214462728478 -0.16649554190811788 -0.98604220727346259 
1 -0.12125533548937995 0.69032466451062025 0 -1 
1 -0.12125533548937995 -0.5173043354893796 1 0 
1 0.29427566451062148 -0.5173043354893796 -0.32536583414600267 0.94558821585850783 
1 -5.2364580002453422 -1.2183381811667751 0.98820013260206963 0.15316820141678228 
1 4.4084549997546603 0.2765958188332247 0.16649554190811788 0.98604220727346259 
1 4.6652339997546619 1.7973268188332252 -0.95661717291598247 -0.29134787536934853 
1 0.22298487510720832 -1.7745037030057027 1 0 
1 1.9010778751072053 -1.7745037030057027 -0.63332930683920419 0.77388241296631965 
1 -1.4975881248927934 2.3784192969942977 0.38275482023013158 -0.92384995945802784 
1 2.0868879352047784 2.2513430609229266 -0.7227081523885831 -0.69115333065180318 
1 -2.255638064795221 -1.9015799390770738 1 0 
1 -1.2150990647952185 -1.9015799390770738 0.6223533428478365 0.78273642859274373 
1 0.85949743758264674 2.4970360488880727 -0.51810331994779768 -0.85531804018100199 
1 -1.6561085624173515 -1.6558869511119276 1 0 
1 0.63345743758264916 -1.6558869511119276 0.054348688119486226 0.99852201783420425 
1 -0.91974301648774315 -0.82091748351226457 0.88702949622265703 0.46171276009114076 
1 1.3698229835122575 0.370837516487736 -1 0 
1 -0.91974301648774315 0.370837516487736 0 -1 
1 -0.03695185916308219 2.2138612183204769 -0.054348688119486226 -0.99852201783420425 
1 -0.26299185916307977 -1.9390617816795235 1 0 
1 0.3271151408369235 -1.9390617816795235 -0.087330309109403995 0.99617941010184308 
1 0.35771791710337197 -0.75842908289663136 0 1 
1 0.35771791710337197 0.43332591710336921 -1 0 
1 -0.68282108289663057 0.43332591710336921 0.65769996238163952 -0.75328000071898238 
1 1.5669564957668811 2.2256187130265781 -0.6223533428478365 -0.78273642859274373 
1 -1.7350305042331158 -1.9273042869734223 1 0 
1 -0.94864950423311711 -1.9273042869734223 0.51810331994779768 0.85531804018100199 
1 3.7496286445276397 -0.1290326445276424 0 1 
1 3.7496286445276397 0.3709673554723576 -0.9979205998012658 -0.064455228587617125 
1 -3.9915633554723584 -0.1290326445276424 1 0 
1 -0.26096160381649725 -0.59425839618350551 1 0 
1 0.10310539618350845 -0.59425839618350551 0 1 
1 0.10310539618350845 0.75211460381649431 -0.26103090236752841 -0.96533044498202469 
1 0.094998616996228691 1.9894266169962256 -1 0 
1 -0.269068383003777 1.9894266169962256 0.087330309109403995 -0.99617941010184308 
1 0.094998616996228691 -2.1634963830037748 0 1 
1 3.4583992235560075 -0.43834526779702099 0.26103090236752841 0.96533044498202469 
1 3.8224662235560132 0.90802773220297883 -0.9891632848370876 -0.14681960335834893 
1 -4.2827927764439906 -0.29502026779702106 0.99982864902077973 -0.018511418024627632 
1 3.9459768371278656 1.2355901454909413 -1 0 
1 -3.7952151628721325 1.2355901454909413 0.63332930683920419 -0.77388241296631965 
1 -0.39654916287213382 -2.9173328545090591 0.7227081523885831 0.69115333065180318 
1 -0.92846114392684598 0.69299229818042996 0 -1 
1 -0.92846114392684598 -0.38407170181957007 0.99814579898954259 0.060868415122522231 
1 1.3498368560731535 -0.24513770181957106 -0.92467705619563501 0.38075233649365103 
1 -21.910787048802675 0.75598590527288945 0.99161023979355523 -0.12926380907496107 
1 1.204710951197324 -2.2572920947271102 0.98954872234549696 0.14419891159226744 
1 21.899370951197326 0.75837290527289003 -0.9999999985156881 -5.4485080753589855e-05 
Curves 996
1 -0.515486 -21.167224999999998 0 -1 0 0 
1 -0.872838 -21.167224999999998 0 0 -1 0 
1 -0.872838 -22.846294 0 0.2081651994423224 0.97809368147490772 0 
1 -0.515486 -21.167224999999998 0 1 0 0 
1 2.6837960000000001 -21.167224999999998 0 0 1 0 
1 2.6837960000000001 -20.667224999999998 0 -1 0 0 
1 -0.515486 -20.667224999999998 0 0 -1 0 
1 -0.872838 -22.846294 0 0.90429307605336229 0.42691220713625433 0 
1 2.6837960000000001 -21.167224999999998 0 -1 0 0 
1 -0.515486 -21.167224999999998 0 -0.2081651994423224 -0.97809368147490772 0 
1 2.6837960000000001 -21.167224999999998 0 -0.90429307605336229 -0.42691220713625433 0 
1 -0.872838 -22.846294 0 0.92397966431214162 0.38244160330385368 0 
1 3.1837960000000001 -21.167224999999998 0 -1 0 0 
1 -0.872838 -20.667224999999998 0 1 0 0 
1 -0.515486 -20.667224999999998 0 0 1 0 
1 -0.515486 -18.494743 0 -1 0 0 
1 -0.872838 -18.494743 0 0 -1 0 
1 -0.515486 -18.494743 0 0 -1 0 
1 -0.515486 -20.667224999999998 0 1 0 0 
1 2.6837960000000001 -20.667224999999998 0 -0.82729062632526085 0.56177417134855701 0 
1 3.1837960000000001 -20.667224999999998 0 -0.86229728009516338 0.50640240988810792 0 
1 -0.515486 -18.494743 0 0.82729062632526085 -0.56177417134855701 0 
1 2.6837960000000001 -20.667224999999998 0 1 0 0 
1 3.1837960000000001 -21.167224999999998 0 1 0 0 
1 6.4214779999999996 -21.167224999999998 0 0 1 0 
1 6.4214779999999996 -20.667224999999998 0 -1 0 0 
1 3.1837960000000001 -20.667224999999998 0 0 -1 0 
1 -0.872838 -22.846294 0 0.97451500445868289 0.22432232631838794 0 
1 6.4214779999999996 -21.167224999999998 0 -1 0 0 
1 3.1837960000000001 -21.167224999999998 0 -0.92397966431214162 -0.38244160330385368 0 
1 10.110528 -21.167224999999998 0 0 1 0 
1 10.110528 -20.667224999999998 0 -1 0 0 
1 6.9214779999999996 -20.667224999999998 0 0 -1 0 
1 6.9214779999999996 -21.167224999999998 0 1 0 0 
1 6.9214779999999996 -21.167224999999998 0 0.97453539601152195 -0.22423372164031469 0 
1 14.218828999999999 -22.846294 0 -0.92567320987425872 0.37832407869588036 0 
1 10.110528 -21.167224999999998 0 -1 0 0 
1 10.110528 -21.167224999999998 0 0.92567320987425872 -0.37832407869588036 0 
1 14.218828999999999 -22.846294 0 -0.90664524355699339 0.42189382827374972 0 
1 10.610528 -21.167224999999998 0 -1 0 0 
1 6.9214779999999996 -21.167224999999998 0 -1 0 0 
1 6.4214779999999996 -21.167224999999998 0 -0.97451500445868289 -0.22432232631838794 0 
1 -0.872838 -22.846294 0 0.97757421003538503 0.21059122458852142 0 
1 -0.515486 -18.494743 0 0.86229728009516338 -0.50640240988810792 0 
1 3.1837960000000001 -20.667224999999998 0 1 0 0 
1 6.4214779999999996 -20.667224999999998 0 -0.95429647643551396 0.29886156504770345 0 
1 7.9699540000000004 -15.832072999999999 0 -0.95412814228093545 -0.29939854393021204 0 
1 -0.515486 -18.494743 0 0.95988308504535846 -0.28040054037716322 0 
1 6.9214779999999996 -20.667224999999998 0 0.21191932258837803 0.97728716389487236 0 
1 10.110528 -20.667224999999998 0 -0.40481427902727884 0.91439892798254341 0 
1 7.9699540000000004 -15.832072999999999 0 -0.21191932258837803 -0.97728716389487236 0 
1 6.9214779999999996 -20.667224999999998 0 1 0 0 
1 -0.515486 -18.494743 0 0.95429647643551396 -0.29886156504770345 0 
1 6.4214779999999996 -20.667224999999998 0 1 0 0 
1 6.9214779999999996 -20.667224999999998 0 -0.95988308504535846 0.28040054037716322 0 
1 12.734458999999999 -15.587619999999999 0 -0.38576478342545789 -0.9225971666272933 0 
1 10.610528 -20.667224999999998 0 1 0 0 
1 13.797967999999999 -20.667224999999998 0 -0.20492515383989848 0.97877764651819366 0 
1 -0.872838 -22.846294 0 1 0 0 
1 14.218828999999999 -22.846294 0 -0.97453539601152195 0.22423372164031469 0 
1 6.9214779999999996 -21.167224999999998 0 -0.97757421003538503 -0.21059122458852142 0 
1 10.610528 -20.667224999999998 0 -0.479302295185559 0.87764987884113288 0 
1 7.9699540000000004 -15.832072999999999 0 0.40481427902727884 -0.91439892798254341 0 
1 10.110528 -20.667224999999998 0 1 0 0 
1 -0.515486 -17.994743 0 -0.15690851306918743 0.98761314213937879 0 
1 -0.872838 -15.745499000000001 0 0 -1 0 
1 -0.872838 -17.994743 0 1 0 0 
1 3.8579490000000001 -15.832072999999999 0 -0.98874975081641381 0.14957917722891692 0 
1 2.122954 -15.569601 0 -0.99778510765645267 -0.066519763521836694 0 
1 -0.515486 -15.745499000000001 0 0.99980412815876141 -0.019791546596946208 0 
1 -0.872838 -15.745499000000001 0 0.15690851306918743 -0.98761314213937879 0 
1 -0.515486 -17.994743 0 0 1 0 
1 -0.515486 -15.745499000000001 0 -1 0 0 
1 3.8579490000000001 -15.832072999999999 0 -0.97086811499387049 0.23961448889465936 0 
1 2.794467 -15.569601 0 -1 0 0 
1 2.122954 -15.569601 0 0.98874975081641381 -0.14957917722891692 0 
1 -0.515486 -15.245499000000001 0 0 -1 0 
1 -0.515486 -15.745499000000001 0 0.99778510765645267 0.066519763521836694 0 
1 2.122954 -15.569601 0 0 1 0 
1 2.122954 -15.295718000000001 0 -0.99981891032117398 0.019030148821811099 0 
1 -0.515486 -15.245499000000001 0 0.78553739199149542 0.61881419326256559 0 
1 2.122954 -13.167044000000001 0 -0.82162123001001064 -0.57003381864310232 0 
1 -0.872838 -15.245499000000001 0 1 0 0 
1 3.8579490000000001 -15.168612 0 -0.99293325895557427 -0.11867410526253241 0 
1 2.794467 -15.295718000000001 0 0 -1 0 
1 2.794467 -15.569601 0 0.93569612934477497 0.35280696354976654 0 
1 2.122954 -15.295718000000001 0 0 1 0 
1 2.122954 -13.167044000000001 0 -0.78553739199149542 -0.61881419326256559 0 
1 -0.515486 -15.245499000000001 0 0.99981891032117398 -0.019030148821811099 0 
1 2.794467 -15.295718000000001 0 0.99293325895557427 0.11867410526253241 0 
1 3.8579490000000001 -15.168612 0 -0.99732722882906732 -0.073064345861255334 0 
1 2.122954 -15.295718000000001 0 1 0 0 
1 -0.515486 -17.994743 0 0.8963900334662348 0.44326618177163313 0 
1 3.8579490000000001 -15.832072999999999 0 -0.99980412815876141 0.019791546596946208 0 
1 -0.515486 -15.745499000000001 0 0 -1 0 
1 -0.515486 -17.994743 0 0.96902233289378481 0.24697311261165028 0 
1 7.9699540000000004 -15.832072999999999 0 -1 0 0 
1 3.8579490000000001 -15.832072999999999 0 -0.8963900334662348 -0.44326618177163313 0 
1 10.610528 -20.667224999999998 0 0.18445209611718683 0.98284150514616353 0 
1 11.563829 -15.587619999999999 0 -0.99769468111464454 -0.067862532192276642 0 
1 7.9699540000000004 -15.832072999999999 0 0.479302295185559 -0.87764987884113288 0 
1 11.563829 -15.254338000000001 0 0.79744671552749269 0.60338937336881759 0 
1 14.063998 -13.362581 0 -0.99624225100992136 -0.086610491874165044 0 
1 7.9699540000000004 -13.892379999999999 0 0.93510412376370344 -0.35437307702492915 0 
1 7.9699540000000004 -15.168612 0 0 -1 0 
1 7.9699540000000004 -15.832072999999999 0 0.99769468111464454 0.067862532192276642 0 
1 11.563829 -15.587619999999999 0 -0.99327196117585759 0.11580505663340367 0 
1 7.9699540000000004 -15.832072999999999 0 -0.96902233289378481 -0.24697311261165028 0 
1 -0.515486 -17.994743 0 0 -1 0 
1 -0.515486 -18.494743 0 0.95412814228093545 0.29939854393021204 0 
1 11.563829 -15.587619999999999 0 0 1 0 
1 11.563829 -15.254338000000001 0 -0.99971562991518614 0.023846578439737146 0 
1 7.9699540000000004 -15.168612 0 0.99327196117585759 -0.11580505663340367 0 
1 2.122954 -13.167044000000001 0 0 -1 0 
1 2.122954 -15.295718000000001 0 0.99732722882906732 0.073064345861255334 0 
1 3.8579490000000001 -15.168612 0 -0.65499580194990936 0.75563251612671822 0 
1 7.9699540000000004 -15.168612 0 -0.8254125883502873 0.56452994516932353 0 
1 6.1039450000000004 -13.892379999999999 0 -0.86944027757663045 -0.49403805898682734 0 
1 3.8579490000000001 -15.168612 0 1 0 0 
1 7.9699540000000004 -15.168612 0 0.99971562991518614 -0.023846578439737146 0 
1 11.563829 -15.254338000000001 0 -0.93510412376370344 0.35437307702492915 0 
1 7.9699540000000004 -13.892379999999999 0 0 -1 0 
1 14.063998 -13.362581 0 -1 0 0 
1 8.8664369999999995 -13.362581 0 -0.86090169295127739 -0.50877133869118907 0 
1 7.9699540000000004 -13.892379999999999 0 0.99624225100992136 0.086610491874165044 0 
1 7.9699540000000004 -13.892379999999999 0 0.86090169295127739 0.50877133869118907 0 
1 8.8664369999999995 -13.362581 0 -0.76100420157287108 0.64874695004172234 0 
1 7.9699540000000004 -12.59834 0 0 -1 0 
1 6.1039450000000004 -13.892379999999999 0 0.8254125883502873 -0.56452994516932353 0 
1 7.9699540000000004 -15.168612 0 0 1 0 
1 7.9699540000000004 -13.892379999999999 0 -1 0 0 
1 2.794467 -15.569601 0 0.97086811499387049 -0.23961448889465936 0 
1 3.8579490000000001 -15.832072999999999 0 0 1 0 
1 3.8579490000000001 -15.168612 0 -0.93569612934477497 -0.35280696354976654 0 
1 10.610528 -20.667224999999998 0 0.38576478342545789 0.9225971666272933 0 
1 12.734458999999999 -15.587619999999999 0 -1 0 0 
1 11.563829 -15.587619999999999 0 -0.18445209611718683 -0.98284150514616353 0 
1 2.7625600000000001 -13.167044000000001 0 0.48007597604176422 -0.87722691319153423 0 
1 3.8579490000000001 -15.168612 0 0.86944027757663045 0.49403805898682734 0 
1 6.1039450000000004 -13.892379999999999 0 -0.97724018970331517 0.21213583296706079 0 
1 10.610528 -20.667224999999998 0 0 -1 0 
1 10.610528 -21.167224999999998 0 1 0 0 
1 13.797967999999999 -21.167224999999998 0 0 1 0 
1 13.797967999999999 -20.667224999999998 0 -1 0 0 
1 14.218828999999999 -22.846294 0 0 1 0 
1 14.218828999999999 -21.167224999999998 0 -1 0 0 
1 13.797967999999999 -21.167224999999998 0 0.24313026787708478 -0.96999364577404168 0 
1 10.610528 -21.167224999999998 0 0.90664524355699339 -0.42189382827374972 0 
1 14.218828999999999 -22.846294 0 -0.24313026787708478 0.96999364577404168 0 
1 13.797967999999999 -21.167224999999998 0 -1 0 0 
1 22.198114 -21.167224999999998 0 0 1 0 
1 22.198114 -20.667224999999998 0 -1 0 0 
1 19.883106000000002 -20.667224999999998 0 0 -1 0 
1 19.883106000000002 -21.167224999999998 0 1 0 0 
1 22.198114 -20.667224999999998 0 0.90484605016537456 0.4257389170608209 0 
1 25.163504 -19.271979999999999 0 -0.96681870060216546 -0.25546350065310758 0 
1 19.883106000000002 -20.667224999999998 0 1 0 0 
1 22.824804 -20.667224999999998 0 0.8587821894984089 0.51234085431509258 0 
1 25.163504 -19.271979999999999 0 -0.90484605016537456 -0.4257389170608209 0 
1 22.198114 -20.667224999999998 0 1 0 0 
1 19.883106000000002 -20.667224999999998 0 -0.5427926808770156 0.83986671894196541 0 
1 16.600237 -15.587619999999999 0 -0.48304143898448249 -0.87559749212968885 0 
1 13.797967999999999 -20.667224999999998 0 1 0 0 
1 22.824804 -20.667224999999998 0 0 -1 0 
1 22.824804 -21.167224999999998 0 1 0 0 
1 25.163504 -21.167224999999998 0 -0.97790082353544727 0.20906931704268344 0 
1 13.797967999999999 -20.667224999999998 0 0.48304143898448249 0.87559749212968885 0 
1 16.600237 -15.587619999999999 0 -1 0 0 
1 12.734458999999999 -15.587619999999999 0 0.20492515383989848 -0.97877764651819366 0 
1 19.883106000000002 -20.667224999999998 0 0.96681870060216546 0.25546350065310758 0 
1 25.163504 -19.271979999999999 0 0 1 0 
1 25.163504 -17.346589999999999 0 -0.84652618505559318 -0.53234708416147425 0 
1 22.824804 -20.667224999999998 0 0.97790082353544727 -0.20906931704268344 0 
1 25.163504 -21.167224999999998 0 0 1 0 
1 25.163504 -19.271979999999999 0 -0.8587821894984089 -0.51234085431509258 0 
1 25.843503999999999 -20.667224999999998 0 1 0 0 
1 28.137915 -20.667224999999998 0 -0.88413591046332674 0.46722980622942312 0 
1 25.497702 -19.271979999999999 0 0.24056481764691484 -0.97063307614695815 0 
1 25.843503999999999 -20.667224999999998 0 -0.24056481764691484 0.97063307614695815 0 
1 25.497702 -19.271979999999999 0 0 -1 0 
1 25.497702 -20.667224999999998 0 1 0 0 
1 25.497702 -17.346589999999999 0 -1 0 0 
1 25.163504 -17.346589999999999 0 0 -1 0 
1 25.163504 -19.271979999999999 0 1 0 0 
1 25.497702 -19.271979999999999 0 0 1 0 
1 25.497702 -17.346589999999999 0 0.86347263777087635 0.50439568180249628 0 
1 28.109385 -15.820981 0 -1 0 0 
1 25.497702 -15.820981 0 0 -1 0 
1 25.497702 -17.346589999999999 0 0 -1 0 
1 25.497702 -19.271979999999999 0 0.97803472338527275 -0.20844202995723535 0 
1 32.044356999999998 -20.667224999999998 0 -0.89183449856438857 0.45236183213264775 0 
1 25.497702 -17.346589999999999 0 0.99031867135876461 0.13881256844468853 0 
1 37.382626000000002 -15.680685 0 -0.99988557446745863 -0.01512739144334606 0 
1 28.109385 -15.820981 0 -0.86347263777087635 -0.50439568180249628 0 
1 25.163504 -17.346589999999999 0 -0.97954856991252992 0.20120785069752498 0 
1 16.600237 -15.587619999999999 0 0.5427926808770156 -0.83986671894196541 0 
1 19.883106000000002 -20.667224999999998 0 0.84652618505559318 0.53234708416147425 0 
1 25.843503999999999 -20.667224999999998 0 0 -1 0 
1 25.843503999999999 -21.167224999999998 0 1 0 0 
1 28.137915 -21.167224999999998 0 0 1 0 
1 28.137915 -20.667224999999998 0 -1 0 0 
1 12.734458999999999 -15.587619999999999 0 0.99686512366089819 0.079119689259641843 0 
1 16.600237 -15.280799 0 -0.99997657425406439 0.0068447748761921133 0 
1 12.734458999999999 -15.254338000000001 0 0 -1 0 
1 21.567581000000001 -15.589563999999999 0 0 1 0 
1 21.567581000000001 -15.280799 0 -0.99682083222967788 -0.079675770676739741 0 
1 17.728954000000002 -15.587619999999999 0 0.99999987176380756 -0.00050643101054329801 0 
1 25.163504 -17.346589999999999 0 -0.97313440420400499 0.23023777134631132 0 
1 17.728954000000002 -15.587619999999999 0 -1 0 0 
1 16.600237 -15.587619999999999 0 0.97954856991252992 -0.20120785069752498 0 
1 25.163504 -17.346589999999999 0 -0.81346964654375353 0.58160737112933913 0 
1 22.706026000000001 -15.589563999999999 0 -1 0 0 
1 21.567581000000001 -15.589563999999999 0 0.89848103626252851 -0.43901233180471483 0 
1 17.728954000000002 -15.587619999999999 0 0.97313440420400499 -0.23023777134631132 0 
1 25.163504 -17.346589999999999 0 -0.89848103626252851 0.43901233180471483 0 
1 21.567581000000001 -15.589563999999999 0 -0.99999987176380756 0.00050643101054329801 0 
1 11.563829 -15.254338000000001 0 1 0 0 
1 12.734458999999999 -15.254338000000001 0 0.57500233168226933 0.81815176988133054 0 
1 14.063998 -13.362581 0 -0.79744671552749269 -0.60338937336881759 0 
1 14.063998 -13.362581 0 -0.57500233168226933 -0.81815176988133054 0 
1 12.734458999999999 -15.254338000000001 0 0.99997657425406439 -0.0068447748761921133 0 
1 16.600237 -15.280799 0 -0.79757250450350681 0.60322309310901201 0 
1 19.945012999999999 -13.362581 0 -1 0 0 
1 16.395423999999998 -13.362581 0 0.57080989489794165 -0.82108225159639214 0 
1 17.728954000000002 -15.280799 0 1 0 0 
1 21.567581000000001 -15.280799 0 -0.64581708656521541 0.76349216806750364 0 
1 16.395423999999998 -13.362581 0 -1 0 0 
1 14.063998 -13.362581 0 0.79757250450350681 -0.60322309310901201 0 
1 16.600237 -15.280799 0 -0.10616906726929431 0.99434809254866485 0 
1 17.728954000000002 -15.587619999999999 0 0.99682083222967788 0.079675770676739741 0 
1 21.567581000000001 -15.280799 0 -1 0 0 
1 17.728954000000002 -15.280799 0 0 -1 0 
1 16.395423999999998 -13.362581 0 0.10616906726929431 -0.99434809254866485 0 
1 16.600237 -15.280799 0 1 0 0 
1 17.728954000000002 -15.280799 0 -0.57080989489794165 0.82108225159639214 0 
1 16.395423999999998 -12.59834 0 -0.95024896186305297 -0.31149142922107848 0 
1 14.063998 -13.362581 0 1 0 0 
1 16.395423999999998 -13.362581 0 0 1 0 
1 16.600237 -15.280799 0 -0.99686512366089819 -0.079119689259641843 0 
1 12.734458999999999 -15.587619999999999 0 1 0 0 
1 16.600237 -15.587619999999999 0 0 1 0 
1 22.706026000000001 -15.280799 0 0 -1 0 
1 22.706026000000001 -15.589563999999999 0 0.97185356841419579 0.23558574142038863 0 
1 25.163504 -14.99385 0 -0.99325181899522996 -0.11597768777944802 0 
1 22.706026000000001 -15.589563999999999 0 0.81346964654375353 -0.58160737112933913 0 
1 25.163504 -17.346589999999999 0 0 1 0 
1 25.163504 -14.99385 0 -0.97185356841419579 -0.23558574142038863 0 
1 28.109385 -13.931673999999999 0 -1 0 0 
1 27.485334000000002 -13.931673999999999 0 0.006663478193510047 -0.99997779878273529 0 
1 27.492463999999998 -15.001662 0 1 0 0 
1 28.109385 -15.001662 0 0 1 0 
1 25.497702 -15.199104999999999 0 1 0 0 
1 27.492463999999998 -15.199104999999999 0 0 1 0 
1 27.492463999999998 -15.001662 0 -0.99513711043246611 -0.098499398171369532 0 
1 27.492463999999998 -15.001662 0 -0.99999233155503142 0.0039162266446360018 0 
1 25.497702 -14.99385 0 0 -1 0 
1 25.497702 -15.199104999999999 0 0.99513711043246611 0.098499398171369532 0 
1 22.706026000000001 -15.280799 0 0.99325181899522996 0.11597768777944802 0 
1 25.163504 -14.99385 0 0.027120001212201213 0.99963218512323337 0 
1 25.192782999999999 -13.914638 0 -0.8764472833734368 -0.4814978291408204 0 
1 25.163504 -14.99385 0 1 0 0 
1 25.497702 -14.99385 0 0 1 0 
1 25.497702 -13.914638 0 -1 0 0 
1 25.192782999999999 -13.914638 0 -0.027120001212201213 -0.99963218512323337 0 
1 25.497702 -13.914638 0 0 -1 0 
1 25.497702 -14.99385 0 0.88196469247055764 0.47131547952015623 0 
1 27.485334000000002 -13.931673999999999 0 -0.9999632709767059 0.0085706882784933585 0 
1 27.492463999999998 -15.001662 0 -0.006663478193510047 0.99997779878273529 0 
1 27.485334000000002 -13.931673999999999 0 -0.88196469247055764 -0.47131547952015623 0 
1 25.497702 -14.99385 0 0.99999233155503142 -0.0039162266446360018 0 
1 26.481976 -13.228332999999999 0 -0.84224900588957685 0.5390886866537079 0 
1 25.497702 -12.59834 0 0 -1 0 
1 25.497702 -13.914638 0 0.82028249082599847 0.57195859574299235 0 
1 22.706026000000001 -15.280799 0 0.8764472833734368 0.4814978291408204 0 
1 25.192782999999999 -13.914638 0 -0.97170822551417446 0.2361845136076757 0 
1 22.921514999999999 -13.362581 0 -0.11163591208416533 -0.99374917516098427 0 
1 21.567581000000001 -15.280799 0 1 0 0 
1 22.706026000000001 -15.280799 0 0.11163591208416533 0.99374917516098427 0 
1 22.921514999999999 -13.362581 0 -1 0 0 
1 21.385947999999999 -13.362581 0 0.094266753666565797 -0.99554697486013544 0 
1 27.485334000000002 -13.931673999999999 0 -0.81885201354237402 0.57400468632024226 0 
1 26.481976 -13.228332999999999 0 -0.82028249082599847 -0.57195859574299235 0 
1 25.497702 -13.914638 0 0.9999632709767059 -0.0085706882784933585 0 
1 28.109385 -15.001662 0 0 -1 0 
1 28.109385 -15.820981 0 0.99761930475799088 0.068961748630547826 0 
1 37.382626000000002 -15.179956000000001 0 -0.99981521786529881 0.019223166361585622 0 
1 2.7625600000000001 -13.167044000000001 0 -1 0 0 
1 2.122954 -13.167044000000001 0 0.65499580194990936 -0.75563251612671822 0 
1 3.8579490000000001 -15.168612 0 -0.48007597604176422 0.87722691319153423 0 
1 3.7417289999999999 -12.59834 0 -1 0 0 
1 2.7625600000000001 -12.59834 0 0 -1 0 
1 2.7625600000000001 -13.167044000000001 0 1 0 0 
1 3.8898739999999998 -13.167044000000001 0 -0.25208322755606838 0.96770555769041422 0 
1 3.8898739999999998 -13.167044000000001 0 0 1 0 
1 3.8898739999999998 -12.59834 0 -1 0 0 
1 3.7417289999999999 -12.59834 0 0.25208322755606838 -0.96770555769041422 0 
1 -0.33336500000000002 -12.09834 0 0 -1 0 
1 -0.33336500000000002 -12.59834 0 0.97990472808688978 0.19946609705150059 0 
1 2.122954 -12.09834 0 -1 0 0 
1 2.122954 -12.09834 0 -0.97990472808688978 -0.19946609705150059 0 
1 -0.33336500000000002 -12.59834 0 0.97422920892549314 -0.22556029898102156 0 
1 2.122954 -13.167044000000001 0 0 1 0 
1 -0.515486 -7.945417 0 0.04381158271744811 -0.99903981162904221 0 
1 -0.33336500000000002 -12.09834 0 1 0 0 
1 2.122954 -12.09834 0 -0.53624907427278945 0.84405979073853321 0 
1 -0.33336500000000002 -12.59834 0 -1 0 0 
1 -0.872838 -12.59834 0 0.98245429669815243 -0.18650349835683733 0 
1 2.122954 -13.167044000000001 0 -0.97422920892549314 0.22556029898102156 0 
1 -0.515486 -7.945417 0 -0.077114725020565072 -0.99702222602357404 0 
1 -0.83669400000000005 -12.09834 0 1 0 0 
1 -0.33336500000000002 -12.09834 0 -0.04381158271744811 0.99903981162904221 0 
1 -0.872838 -15.245499000000001 0 0.82162123001001064 0.57003381864310232 0 
1 2.122954 -13.167044000000001 0 -0.98245429669815243 0.18650349835683733 0 
1 -0.872838 -12.59834 0 0 -1 0 
1 4.4474460000000002 -13.167044000000001 0 -1 0 0 
1 3.8898739999999998 -13.167044000000001 0 0.95030434485499815 -0.31132242474597405 0 
1 6.1039450000000004 -13.892379999999999 0 -0.91603185860591196 0.40110551481997664 0 
1 4.4474460000000002 -13.167044000000001 0 0.94581247649613476 0.32471334943954577 0 
1 6.1039450000000004 -12.59834 0 -1 0 0 
1 4.4474460000000002 -12.59834 0 0 -1 0 
1 6.1039450000000004 -13.892379999999999 0 0 1 0 
1 6.1039450000000004 -12.59834 0 -0.94581247649613476 -0.32471334943954577 0 
1 4.4474460000000002 -13.167044000000001 0 0.91603185860591196 -0.40110551481997664 0 
1 16.395423999999998 -12.59834 0 -0.97776728239712163 0.20969296953819727 0 
1 14.063998 -12.09834 0 0 -1 0 
1 14.063998 -13.362581 0 0.95024896186305297 0.31149142922107848 0 
1 16.395423999999998 -12.09834 0 -1 0 0 
1 14.063998 -12.09834 0 0.97776728239712163 -0.20969296953819727 0 
1 16.395423999999998 -12.59834 0 0 1 0 
1 13.870456000000001 -7.945417 0 -0.81905714937058938 -0.57371193648461261 0 
1 7.9415550000000001 -12.09834 0 1 0 0 
1 14.063998 -12.09834 0 -0.046553274266466736 0.998915808592031 0 
1 7.9699540000000004 -12.59834 0 0.76100420157287108 -0.64874695004172234 0 
1 8.8664369999999995 -13.362581 0 0 1 0 
1 8.8664369999999995 -12.59834 0 -1 0 0 
1 2.7625600000000001 -13.167044000000001 0 0.97724018970331517 -0.21213583296706079 0 
1 6.1039450000000004 -13.892379999999999 0 -0.95030434485499815 0.31132242474597405 0 
1 3.8898739999999998 -13.167044000000001 0 -1 0 0 
1 2.122954 -12.09834 0 1 0 0 
1 7.7586469999999998 -12.09834 0 -0.10946900109823567 0.99399021011202848 0 
1 7.3012819999999996 -7.945417 0 -1 0 0 
1 -0.515486 -7.945417 0 0.53624907427278945 -0.84405979073853321 0 
1 7.7586469999999998 -7.945417 0 -1 0 0 
1 7.3012819999999996 -7.945417 0 0.10946900109823567 -0.99399021011202848 0 
1 7.7586469999999998 -12.09834 0 0 1 0 
1 -0.515486 -7.945417 0 1 0 0 
1 7.3012819999999996 -7.945417 0 0 1 0 
1 7.3012819999999996 -7.445417 0 -1 0 0 
1 -0.515486 -7.445417 0 0 -1 0 
1 -0.83669400000000005 -7.945417 0 0 -1 0 
1 -0.83669400000000005 -12.09834 0 0.077114725020565072 0.99702222602357404 0 
1 -0.515486 -7.945417 0 -1 0 0 
1 5.1194620000000004 -6.0943610000000001 0 -1 0 0 
1 -0.83669400000000005 -6.0943610000000001 0 0.23129886592971358 -0.97288274453791623 0 
1 -0.515486 -7.445417 0 1 0 0 
1 7.3012819999999996 -7.445417 0 -0.85019441799554496 0.52646885150901046 0 
1 -0.83669400000000005 -7.445417 0 1 0 0 
1 -0.515486 -7.445417 0 -0.23129886592971358 0.97288274453791623 0 
1 -0.83669400000000005 -6.0943610000000001 0 0 -1 0 
1 7.7586469999999998 -5.9580760000000001 0 -1 0 0 
1 5.1194620000000004 -5.9580760000000001 0 0 -1 0 
1 5.1194620000000004 -6.0943610000000001 0 0.99866936498254733 0.051570334935461697 0 
1 7.3012819999999996 -7.445417 0 0.29392241521305768 0.95582928069573336 0 
1 7.7586469999999998 -5.9580760000000001 0 -0.99866936498254733 -0.051570334935461697 0 
1 5.1194620000000004 -6.0943610000000001 0 0.85019441799554496 -0.52646885150901046 0 
1 19.683609000000001 -7.945417 0 -1 0 0 
1 14.370456000000001 -7.945417 0 0.43827535023714304 -0.89884076308015182 0 
1 16.395423999999998 -12.09834 0 0.62075566377664393 0.78400408537788779 0 
1 14.063998 -12.09834 0 0.073593223560242657 0.9972883421789368 0 
1 14.370456000000001 -7.945417 0 -1 0 0 
1 13.870456000000001 -7.945417 0 0.046553274266466736 -0.998915808592031 0 
1 16.395423999999998 -12.09834 0 1 0 0 
1 19.790588 -12.09834 0 -0.025751386052119345 0.99966837807164566 0 
1 19.683609000000001 -7.945417 0 -0.62075566377664393 -0.78400408537788779 0 
1 7.9415550000000001 -5.7751679999999999 0 0.93906463492706838 -0.34374061649635157 0 
1 13.870456000000001 -7.945417 0 0 1 0 
1 13.870456000000001 -7.445417 0 -0.96253467760556455 0.27115861484885928 0 
1 14.370456000000001 -7.445417 0 0 -1 0 
1 14.370456000000001 -7.945417 0 1 0 0 
1 19.683609000000001 -7.945417 0 0 1 0 
1 19.683609000000001 -7.6525639999999999 0 -0.99924084947890657 0.038957986763604784 0 
1 7.3012819999999996 -7.445417 0 1 0 0 
1 7.7586469999999998 -7.445417 0 0 1 0 
1 7.7586469999999998 -5.9580760000000001 0 -0.29392241521305768 -0.95582928069573336 0 
1 7.9415550000000001 -4.4321390000000003 0 0 -1 0 
1 7.9415550000000001 -5.7751679999999999 0 0.96786888033921725 -0.25145542442132757 0 
1 14.370456000000001 -7.445417 0 -0.90547351432329504 0.4244027743300246 0 
1 14.370456000000001 -7.445417 0 0.9996273325658307 0.027298278101780041 0 
1 19.683609000000001 -7.3003229999999997 0 -0.97143898816734997 0.23728946935840886 0 
1 7.9415550000000001 -4.4321390000000003 0 0.90547351432329504 -0.4244027743300246 0 
1 13.870456000000001 -7.445417 0 1 0 0 
1 14.370456000000001 -7.445417 0 -0.96786888033921725 0.25145542442132757 0 
1 7.9415550000000001 -5.7751679999999999 0 0.96253467760556455 -0.27115861484885928 0 
1 7.9415550000000001 -5.7751679999999999 0 0 -1 0 
1 7.9415550000000001 -12.09834 0 0.81905714937058938 0.57371193648461261 0 
1 13.870456000000001 -7.945417 0 -0.93906463492706838 0.34374061649635157 0 
1 14.063998 -12.09834 0 1 0 0 
1 16.395423999999998 -12.09834 0 -0.43827535023714304 0.89884076308015182 0 
1 14.370456000000001 -7.945417 0 -0.073593223560242657 -0.9972883421789368 0 
1 19.945012999999999 -12.59834 0 0 -1 0 
1 19.945012999999999 -13.362581 0 1 0 0 
1 21.385947999999999 -13.362581 0 0 1 0 
1 21.385947999999999 -12.59834 0 -1 0 0 
1 21.385947999999999 -13.362581 0 -1 0 0 
1 19.945012999999999 -13.362581 0 0.64581708656521541 -0.76349216806750364 0 
1 21.567581000000001 -15.280799 0 -0.094266753666565797 0.99554697486013544 0 
1 21.385947999999999 -12.59834 0 -0.27558997408017283 0.96127528116897376 0 
1 20.051991999999998 -7.945417 0 -0.022985709299778362 -0.99973579368150378 0 
1 19.945012999999999 -12.59834 0 1 0 0 
1 21.540372999999999 -7.945417 0 0 -1 0 
1 21.540372999999999 -12.09834 0 0.93203972391984957 0.3623561135615222 0 
1 25.253516999999999 -10.654752999999999 0 -0.80781742211751972 0.58943278880921179 0 
1 22.921514999999999 -12.09834 0 0 -1 0 
1 22.921514999999999 -12.59834 0 0.97661549039424345 0.21499345088167574 0 
1 25.192782999999999 -12.09834 0 -1 0 0 
1 25.192782999999999 -12.09834 0 -0.97661549039424345 -0.21499345088167574 0 
1 22.921514999999999 -12.59834 0 0 -1 0 
1 22.921514999999999 -13.362581 0 0.87376086951645682 0.48635577811088587 0 
1 25.253516999999999 -10.654752999999999 0 -0.85027057813186269 -0.52634584064406564 0 
1 22.921514999999999 -12.09834 0 1 0 0 
1 25.192782999999999 -12.09834 0 0.042034405333578558 0.99911616380091284 0 
1 25.253516999999999 -10.654752999999999 0 -0.93203972391984957 -0.3623561135615222 0 
1 21.540372999999999 -12.09834 0 1 0 0 
1 22.921514999999999 -12.09834 0 0.85027057813186269 0.52634584064406564 0 
1 22.921514999999999 -13.362581 0 0.97170822551417446 -0.2361845136076757 0 
1 25.192782999999999 -13.914638 0 0 1 0 
1 25.192782999999999 -12.09834 0 -0.87376086951645682 -0.48635577811088587 0 
1 25.253516999999999 -10.654752999999999 0 -0.042034405333578558 -0.99911616380091284 0 
1 25.192782999999999 -12.09834 0 0.89223276543957641 0.45157578796481773 0 
1 28.045051999999998 -10.654752999999999 0 -1 0 0 
1 25.497702 -12.59834 0 0.84224900588957685 -0.5390886866537079 0 
1 26.481976 -13.228332999999999 0 0 1 0 
1 26.481976 -12.59834 0 -1 0 0 
1 19.790588 -7.945417 0 -1 0 0 
1 19.683609000000001 -7.945417 0 0.025751386052119345 -0.99966837807164566 0 
1 19.790588 -12.09834 0 0 1 0 
1 25.847836999999998 -8.0789240000000007 0 -1 0 0 
1 25.751213 -8.0789240000000007 0 0 -1 0 
1 25.751213 -10.215902 0 0.045169103853200214 0.99897935517061554 0 
1 25.751213 -10.215902 0 1 0 0 
1 27.500478999999999 -10.215902 0 -0.18601279015030756 0.98254732298271397 0 
1 27.095912999999999 -8.0789240000000007 0 -1 0 0 
1 25.847836999999998 -8.0789240000000007 0 -0.045169103853200214 -0.99897935517061554 0 
1 26.481976 -13.228332999999999 0 0.81885201354237402 -0.57400468632024226 0 
1 27.485334000000002 -13.931673999999999 0 0 1 0 
1 27.485334000000002 -13.228332999999999 0 -1 0 0 
1 21.278969 -7.945417 0 -1 0 0 
1 20.051991999999998 -7.945417 0 0.27558997408017283 -0.96127528116897376 0 
1 21.385947999999999 -12.59834 0 -0.022985709299778362 0.99973579368150378 0 
1 20.051991999999998 -7.945417 0 1 0 0 
1 21.278969 -7.945417 0 0 1 0 
1 21.278969 -7.6525639999999999 0 -1 0 0 
1 20.051991999999998 -7.6525639999999999 0 0 -1 0 
1 21.385947999999999 -12.59834 0 0 1 0 
1 21.385947999999999 -7.945417 0 -1 0 0 
1 21.278969 -7.945417 0 0.022985709299778362 -0.99973579368150378 0 
1 14.370456000000001 -7.445417 0 0.99924084947890657 -0.038957986763604784 0 
1 19.683609000000001 -7.6525639999999999 0 0 1 0 
1 19.683609000000001 -7.3003229999999997 0 -0.9996273325658307 -0.027298278101780041 0 
1 19.945012999999999 -12.59834 0 0.022985709299778362 0.99973579368150378 0 
1 20.051991999999998 -7.945417 0 -1 0 0 
1 19.945012999999999 -7.945417 0 0 -1 0 
1 25.253516999999999 -7.9208749999999997 0 -0.99724350516322224 0.074198324844772567 0 
1 21.647352000000001 -7.6525639999999999 0 0 -1 0 
1 21.647352000000001 -7.945417 0 0.99997684292862488 0.0068054100905406761 0 
1 25.253516999999999 -7.9208749999999997 0 -0.99997684292862488 -0.0068054100905406761 0 
1 21.647352000000001 -7.945417 0 0.79949825459805324 -0.60066841176698027 0 
1 25.253516999999999 -10.654752999999999 0 0 1 0 
1 27.500478999999999 -10.215902 0 0 1 0 
1 27.500478999999999 -8.0789240000000007 0 -1 0 0 
1 27.095912999999999 -8.0789240000000007 0 0.18601279015030756 -0.98254732298271397 0 
1 25.253516999999999 -7.445417 0 -0.99835425337189865 -0.057347927375266748 0 
1 21.647352000000001 -7.6525639999999999 0 0.99724350516322224 -0.074198324844772567 0 
1 25.253516999999999 -7.9208749999999997 0 0 1 0 
1 21.540372999999999 -7.945417 0 0.80781742211751972 -0.58943278880921179 0 
1 25.253516999999999 -10.654752999999999 0 -0.79949825459805324 0.60066841176698027 0 
1 21.647352000000001 -7.945417 0 -1 0 0 
1 25.847836999999998 -7.445417 0 -0.99940395148632755 0.034521612846363604 0 
1 21.647352000000001 -7.3003229999999997 0 0.99919155436605478 -0.040202458675404132 0 
1 25.253516999999999 -7.445417 0 1 0 0 
1 21.647352000000001 -7.6525639999999999 0 0.99835425337189865 0.057347927375266748 0 
1 25.253516999999999 -7.445417 0 -0.99919155436605478 0.040202458675404132 0 
1 21.647352000000001 -7.3003229999999997 0 0 -1 0 
1 25.847836999999998 -7.445417 0 1 0 0 
1 27.095912999999999 -7.445417 0 -0.98785095253485633 0.15540429716059012 0 
1 7.9415550000000001 -4.4321390000000003 0 0.98613463514950994 -0.16594722461837949 0 
1 27.095912999999999 -8.0789240000000007 0 0 1 0 
1 27.095912999999999 -7.445417 0 -1 0 0 
1 25.847836999999998 -7.445417 0 0 -1 0 
1 25.847836999999998 -8.0789240000000007 0 1 0 0 
1 27.095912999999999 -7.445417 0 1 0 0 
1 28.045051999999998 -7.445417 0 -0.98895255938329152 0.14823236923572877 0 
1 7.9415550000000001 -4.4321390000000003 0 0.98785095253485633 -0.15540429716059012 0 
1 25.847836999999998 -7.445417 0 -0.98613463514950994 0.16594722461837949 0 
1 7.9415550000000001 -4.4321390000000003 0 0.97879737209277062 -0.20483091657336897 0 
1 21.647352000000001 -7.3003229999999997 0 0.99940395148632755 -0.034521612846363604 0 
1 7.9415550000000001 -4.4321390000000003 0 0.97143898816734997 -0.23728946935840886 0 
1 19.683609000000001 -7.3003229999999997 0 1 0 0 
1 21.647352000000001 -7.3003229999999997 0 -0.97879737209277062 0.20483091657336897 0 
1 31.557053 -7.945417 0 -1 0 0 
1 31.057053 -7.945417 0 -0.74347391644089877 -0.66876493297124318 0 
1 28.045051999999998 -10.654752999999999 0 0.7917737416501609 0.61081449068706961 0 
1 31.057053 -7.445417 0 -0.99161023979355523 0.12926380907496107 0 
1 7.9415550000000001 -4.4321390000000003 0 0.98895255938329152 -0.14823236923572877 0 
1 28.045051999999998 -7.445417 0 1 0 0 
1 31.193166999999999 -20.667224999999998 0 -0.9755776284708586 -0.21965493581336987 0 
1 28.972462 -21.167224999999998 0 1 0 0 
1 31.193166999999999 -21.167224999999998 0 0 1 0 
1 32.044356999999998 -20.667224999999998 0 1 0 0 
1 34.295971000000002 -20.667224999999998 0 -0.93558297856571571 0.35310691046495218 0 
1 25.497702 -17.346589999999999 0 0.89183449856438857 -0.45236183213264775 0 
1 34.295971000000002 -21.167224999999998 0 0 1 0 
1 34.295971000000002 -20.667224999999998 0 -1 0 0 
1 32.044356999999998 -20.667224999999998 0 0 -1 0 
1 32.044356999999998 -21.167224999999998 0 1 0 0 
1 25.497702 -17.346589999999999 0 0.93558297856571571 -0.35310691046495218 0 
1 34.295971000000002 -20.667224999999998 0 0.52632370756565661 0.85028427884698732 0 
1 37.382626000000002 -15.680685 0 -0.99031867135876461 -0.13881256844468853 0 
1 31.193166999999999 -20.667224999999998 0 -1 0 0 
1 28.972462 -20.667224999999998 0 0 -1 0 
1 28.972462 -21.167224999999998 0 0.9755776284708586 0.21965493581336987 0 
1 40.435004999999997 -21.167224999999998 0 -0.97617147447055175 0.21700058163513994 0 
1 38.185768000000003 -20.667224999999998 0 0 -1 0 
1 38.185768000000003 -21.167224999999998 0 1 0 0 
1 42.198661999999999 -19.734463000000002 0 -0.99154542753447727 -0.1297600290361817 0 
1 35.071075 -20.667224999999998 0 1 0 0 
1 37.363109999999999 -20.667224999999998 0 0.98189903558144109 0.1894050789293576 0 
1 37.363109999999999 -20.667224999999998 0 -1 0 0 
1 35.071075 -20.667224999999998 0 0 -1 0 
1 35.071075 -21.167224999999998 0 1 0 0 
1 37.363109999999999 -21.167224999999998 0 0 1 0 
1 42.800742999999997 -21.167224999999998 0 1 0 0 
1 44.017043999999999 -21.167224999999998 0 0 1 0 
1 44.017043999999999 -20.667224999999998 0 -1 0 0 
1 42.800742999999997 -20.667224999999998 0 0 -1 0 
1 40.977103999999997 -21.167224999999998 0 1 0 0 
1 42.198661999999999 -21.167224999999998 0 0 1 0 
1 42.198661999999999 -20.667224999999998 0 -1 0 0 
1 40.977103999999997 -20.667224999999998 0 0 -1 0 
1 37.382626000000002 -15.680685 0 -0.52632370756565661 -0.85028427884698732 0 
1 34.295971000000002 -20.667224999999998 0 1 0 0 
1 35.071075 -20.667224999999998 0 0.42056815879672832 0.90726094581786665 0 
1 28.972462 -20.667224999999998 0 1 0 0 
1 31.193166999999999 -20.667224999999998 0 -0.97128008129388921 0.23793907556712085 0 
1 25.497702 -19.271979999999999 0 0.92798401803827857 -0.37261999713586474 0 
1 40.435004999999997 -20.667224999999998 0 0.88398240996558686 0.46752015878615683 0 
1 42.198661999999999 -19.734463000000002 0 -0.97403314547810904 -0.22640545821605298 0 
1 38.185768000000003 -20.667224999999998 0 1 0 0 
1 32.044356999999998 -20.667224999999998 0 -0.97803472338527275 0.20844202995723535 0 
1 25.497702 -19.271979999999999 0 0.97128008129388921 -0.23793907556712085 0 
1 31.193166999999999 -20.667224999999998 0 1 0 0 
1 38.185768000000003 -20.667224999999998 0 0.97403314547810904 0.22640545821605298 0 
1 42.198661999999999 -19.734463000000002 0 -0.98189903558144109 -0.1894050789293576 0 
1 37.363109999999999 -20.667224999999998 0 1 0 0 
1 35.071075 -20.667224999999998 0 0.99154542753447727 0.1297600290361817 0 
1 42.198661999999999 -19.734463000000002 0 -0.76505451074192765 0.64396552360621739 0 
1 37.382626000000002 -15.680685 0 -0.42056815879672832 -0.90726094581786665 0 
1 37.382626000000002 -15.680685 0 0 1 0 
1 37.382626000000002 -15.179956000000001 0 -0.99761930475799088 -0.068961748630547826 0 
1 28.109385 -15.820981 0 0.99988557446745863 0.01512739144334606 0 
1 42.198661999999999 -15.290259000000001 0 -0.99967319005220523 0.025563902105267329 0 
1 37.885277000000002 -15.179956000000001 0 0 -1 0 
1 37.885277000000002 -15.680685 0 0.99592851940284777 0.090146459941873092 0 
1 37.382626000000002 -15.680685 0 0.76505451074192765 -0.64396552360621739 0 
1 42.198661999999999 -19.734463000000002 0 -0.72869544025700983 0.68483790443333581 0 
1 37.885277000000002 -15.680685 0 -1 0 0 
1 40.977103999999997 -20.667224999999998 0 1 0 0 
1 42.198661999999999 -20.667224999999998 0 0 1 0 
1 42.198661999999999 -19.734463000000002 0 -0.79478793330273412 -0.60688725565492696 0 
1 40.977103999999997 -20.667224999999998 0 0.79478793330273412 0.60688725565492696 0 
1 42.198661999999999 -19.734463000000002 0 -0.88398240996558686 -0.46752015878615683 0 
1 40.435004999999997 -20.667224999999998 0 1 0 0 
1 37.885277000000002 -15.179956000000001 0 0.60105688058592588 0.79920624766096271 0 
1 39.081974000000002 -13.588746 0 -0.72995045440796869 -0.68350006152860021 0 
1 37.382626000000002 -15.179956000000001 0 1 0 0 
1 40.435004999999997 -21.167224999999998 0 0 1 0 
1 40.435004999999997 -20.667224999999998 0 -1 0 0 
1 38.185768000000003 -20.667224999999998 0 0.97617147447055175 -0.21700058163513994 0 
1 28.109385 -15.001662 0 0.99981521786529881 -0.019223166361585622 0 
1 37.382626000000002 -15.179956000000001 0 -0.87543878586793933 0.48332901030050773 0 
1 34.203792999999997 -13.424925 0 -0.96812391855890945 -0.25047171160460863 0 
1 42.417572 -19.734463000000002 0 -1 0 0 
1 42.198661999999999 -19.734463000000002 0 0 -1 0 
1 42.198661999999999 -20.667224999999998 0 0.22848209699489183 0.97354811455460022 0 
1 42.417572 -19.734463000000002 0 0.37998022049922203 -0.92499461189207077 0 
1 42.800742999999997 -20.667224999999998 0 1 0 0 
1 44.017043999999999 -20.667224999999998 0 -0.8638407935584691 0.50376490884565828 0 
1 42.417572 -19.734463000000002 0 0.8638407935584691 -0.50376490884565828 0 
1 44.017043999999999 -20.667224999999998 0 1 0 0 
1 45.438313000000001 -20.667224999999998 0 -0.95548484775890208 0.29504017642203872 0 
1 42.417572 -19.734463000000002 0 -0.22848209699489183 -0.97354811455460022 0 
1 42.198661999999999 -20.667224999999998 0 1 0 0 
1 42.800742999999997 -20.667224999999998 0 -0.37998022049922203 0.92499461189207077 0 
1 42.198661999999999 -15.290259000000001 0 -0.99592851940284777 -0.090146459941873092 0 
1 37.885277000000002 -15.680685 0 0.72869544025700983 -0.68483790443333581 0 
1 42.198661999999999 -19.734463000000002 0 0 1 0 
1 42.417572 -15.553656999999999 0 0 -1 0 
1 42.417572 -19.734463000000002 0 0.95548484775890208 -0.29504017642203872 0 
1 45.438313000000001 -20.667224999999998 0 0 1 0 
1 45.438313000000001 -15.553656999999999 0 -1 0 0 
1 42.198661999999999 -15.290259000000001 0 -0.86755463497895469 0.49734188977657284 0 
1 39.230572000000002 -13.588746 0 -0.64563077910493671 -0.76364972145110654 0 
1 37.885277000000002 -15.179956000000001 0 0.99967319005220523 -0.025563902105267329 0 
1 47.741405 -20.667224999999998 0 0.93903251863405002 0.34382834226950026 0 
1 51.429198999999997 -19.316932999999999 0 -0.83484256772550269 0.55048877110572325 0 
1 45.865223 -15.64809 0 0.35014259307866563 -0.93669641000280768 0 
1 42.198661999999999 -15.290259000000001 0 1 0 0 
1 47.718864000000004 -15.290259000000001 0 -0.53895601810449101 0.84233390680237463 0 
1 46.505215 -13.393447999999999 0 -0.91516396078901185 -0.4030817843477526 0 
1 45.865223 -15.64809 0 0 -1 0 
1 45.865223 -21.167224999999998 0 0.96627534306552387 0.25751108982644649 0 
1 47.741405 -20.667224999999998 0 -0.35014259307866563 0.93669641000280768 0 
1 28.972462 -20.667224999999998 0 -0.92798401803827857 0.37261999713586474 0 
1 25.497702 -19.271979999999999 0 0.88413591046332674 -0.46722980622942312 0 
1 28.137915 -20.667224999999998 0 1 0 0 
1 48.241405 -21.167224999999998 0 1 0 0 
1 51.429198999999997 -21.167224999999998 0 0 1 0 
1 51.429198999999997 -20.667224999999998 0 -1 0 0 
1 48.241405 -20.667224999999998 0 0 -1 0 
1 48.241405 -20.667224999999998 0 0.92080029285168685 0.39003438397691031 0 
1 51.429198999999997 -19.316932999999999 0 -0.93903251863405002 -0.34382834226950026 0 
1 47.741405 -20.667224999999998 0 1 0 0 
1 54.490279999999998 -20.667224999999998 0 -1 0 0 
1 51.929198999999997 -20.667224999999998 0 0.94360708539009119 -0.33106746805087522 0 
1 52.853127000000001 -20.991388000000001 0 0.98095538634120261 0.19423318462142869 0 
1 51.429198999999997 -19.316932999999999 0 -0.92080029285168685 -0.39003438397691031 0 
1 48.241405 -20.667224999999998 0 1 0 0 
1 51.429198999999997 -20.667224999999998 0 0 1 0 
1 52.853127000000001 -20.991388000000001 0 -0.94360708539009119 0.33106746805087522 0 
1 51.929198999999997 -20.667224999999998 0 0 -1 0 
1 51.929198999999997 -20.991388000000001 0 1 0 0 
1 51.429198999999997 -20.667224999999998 0 1 0 0 
1 51.929198999999997 -20.667224999999998 0 -0.27002878233915395 0.96285225071577518 0 
1 51.550514 -19.316932999999999 0 -0.08948310843898237 -0.99598833994384561 0 
1 52.853127000000001 -20.991388000000001 0 0 -1 0 
1 52.853127000000001 -21.167224999999998 0 1 0 0 
1 54.490279999999998 -21.167224999999998 0 -0.99428160278800737 0.10678995438388036 0 
1 45.865223 -21.167224999999998 0 1 0 0 
1 47.741405 -21.167224999999998 0 0 1 0 
1 47.741405 -20.667224999999998 0 -0.96627534306552387 -0.25751108982644649 0 
1 59.240917000000003 -21.167224999999998 0 0 1 0 
1 59.240917000000003 -20.991388000000001 0 -0.99633967263444412 -0.085482493732276538 0 
1 57.191451999999998 -21.167224999999998 0 1 0 0 
1 55.536921999999997 -20.991388000000001 0 0.96277007355925603 0.27032163335313153 0 
1 56.691451999999998 -20.667224999999998 0 0.50301218697170591 0.86427931813618086 0 
1 59.612597999999998 -15.64809 0 -0.60647544367912487 -0.79510221746276677 0 
1 54.990279999999998 -20.667224999999998 0 0 -1 0 
1 54.990279999999998 -20.991388000000001 0 1 0 0 
1 55.411205000000002 -20.991388000000001 0 -0.79228317236658874 0.61015356655905406 0 
1 56.691451999999998 -20.991388000000001 0 0 1 0 
1 56.691451999999998 -20.667224999999998 0 -0.96277007355925603 -0.27032163335313153 0 
1 55.536921999999997 -20.991388000000001 0 1 0 0 
1 57.191451999999998 -21.167224999999998 0 0.99633967263444412 0.085482493732276538 0 
1 59.240917000000003 -20.991388000000001 0 -0.98772111037097465 0.15622742437718509 0 
1 57.191451999999998 -20.667224999999998 0 0 -1 0 
1 59.879447999999996 -20.991388000000001 0 0 1 0 
1 59.879447999999996 -20.667224999999998 0 -0.89167481668946125 -0.45267650842717239 0 
1 59.240917000000003 -20.991388000000001 0 1 0 0 
1 52.853127000000001 -20.991388000000001 0 0.99428160278800737 -0.10678995438388036 0 
1 54.490279999999998 -21.167224999999998 0 0 1 0 
1 54.490279999999998 -20.667224999999998 0 -0.98095538634120261 -0.19423318462142869 0 
1 51.550514 -19.316932999999999 0 0.27002878233915395 -0.96285225071577518 0 
1 51.929198999999997 -20.667224999999998 0 1 0 0 
1 54.490279999999998 -20.667224999999998 0 -0.90872507061591168 0.41739519167583433 0 
1 51.429198999999997 -19.316932999999999 0 -0.65667437922242045 0.75417422368631037 0 
1 48.234665 -15.64809 0 -1 0 0 
1 45.865223 -15.64809 0 0.83484256772550269 -0.55048877110572325 0 
1 51.429198999999997 -20.667224999999998 0 0.08948310843898237 0.99598833994384561 0 
1 51.550514 -19.316932999999999 0 -1 0 0 
1 51.429198999999997 -19.316932999999999 0 0 -1 0 
1 51.550514 -15.64809 0 0 -1 0 
1 51.550514 -19.316932999999999 0 0.72488817645875103 0.68886655574959266 0 
1 55.411205000000002 -15.64809 0 -1 0 0 
1 51.550514 -19.316932999999999 0 0.90872507061591168 -0.41739519167583433 0 
1 54.490279999999998 -20.667224999999998 0 1 0 0 
1 54.990279999999998 -20.667224999999998 0 -0.93084767110630917 0.36540746187777901 0 
1 51.429198999999997 -14.523755 0 1 0 0 
1 51.576056999999999 -14.523755 0 0 1 0 
1 51.576056999999999 -13.446691 0 -1 0 0 
1 51.429198999999997 -13.446691 0 0 -1 0 
1 51.576056999999999 -14.523755 0 0 -1 0 
1 51.576056999999999 -15.201574000000001 0 1 0 0 
1 53.854354999999998 -15.201574000000001 0 -0.95848035501339524 0.28515856826228436 0 
1 53.854354999999998 -14.384821000000001 0 -0.99814579898954259 -0.060868415122522231 0 
1 51.576056999999999 -14.523755 0 0.95848035501339524 -0.28515856826228436 0 
1 53.854354999999998 -15.201574000000001 0 0 1 0 
1 51.429198999999997 -14.523755 0 0 1 0 
1 51.429198999999997 -13.446691 0 -0.82342088628702148 -0.56743109187486018 0 
1 48.234665 -15.64809 0 0.94328166615388809 0.33199352146983974 0 
1 54.990279999999998 -20.667224999999998 0 0.79228317236658874 -0.61015356655905406 0 
1 55.411205000000002 -20.991388000000001 0 0 1 0 
1 55.411205000000002 -15.64809 0 -0.083570683398365903 -0.99650185191816387 0 
1 48.234665 -15.64809 0 0.65667437922242045 -0.75417422368631037 0 
1 51.429198999999997 -19.316932999999999 0 0 1 0 
1 51.429198999999997 -14.523755 0 -0.94328166615388809 -0.33199352146983974 0 
1 59.612597999999998 -15.64809 0 -0.50301218697170591 -0.86427931813618086 0 
1 56.691451999999998 -20.667224999999998 0 1 0 0 
1 57.191451999999998 -20.667224999999998 0 0.43447476154876108 0.90068400761707057 0 
1 59.612597999999998 -15.64809 0 -0.43447476154876108 -0.90068400761707057 0 
1 57.191451999999998 -20.667224999999998 0 1 0 0 
1 59.879447999999996 -20.667224999999998 0 -0.053091548223231151 0.99858964920895332 0 
1 54.990279999999998 -20.667224999999998 0 0.083570683398365903 0.99650185191816387 0 
1 55.411205000000002 -15.64809 0 -0.72488817645875103 -0.68886655574959266 0 
1 51.550514 -19.316932999999999 0 0.93084767110630917 -0.36540746187777901 0 
1 59.240917000000003 -20.991388000000001 0 0.89167481668946125 0.45267650842717239 0 
1 59.879447999999996 -20.667224999999998 0 -1 0 0 
1 57.191451999999998 -20.667224999999998 0 0.98772111037097465 -0.15622742437718509 0 
1 60.035175000000002 -20.667224999999998 0 0 1 0 
1 60.035175000000002 -15.64809 0 -0.031011737777161756 -0.99951902038932738 0 
1 59.879447999999996 -20.667224999999998 0 1 0 0 
1 59.612597999999998 -15.64809 0 0 1 0 
1 59.612597999999998 -15.201574000000001 0 -0.84617415483743996 0.53290646429288546 0 
1 56.577461 -13.290095000000001 0 0.78968839035687222 -0.61350814675566634 0 
1 56.577461 -13.290095000000001 0 0.84617415483743996 -0.53290646429288546 0 
1 59.612597999999998 -15.201574000000001 0 0.028114526131661936 0.99960470858254369 0 
1 59.653407999999999 -13.750584999999999 0 -0.98897885897246562 0.14805680161856791 0 
1 60.035175000000002 -15.64809 0 -1 0 0 
1 59.612597999999998 -15.64809 0 0.053091548223231151 -0.99858964920895332 0 
1 59.879447999999996 -20.667224999999998 0 0.031011737777161756 0.99951902038932738 0 
1 55.411205000000002 -15.201574000000001 0 -0.86379659818306131 0.5038406860976703 0 
1 54.010944000000002 -14.384821000000001 0 0 -1 0 
1 54.010944000000002 -15.201574000000001 0 1 0 0 
1 56.577461 -13.290095000000001 0 -0.13389562045252035 -0.99099544036470455 0 
1 55.536921999999997 -20.991388000000001 0 0.60647544367912487 0.79510221746276677 0 
1 59.612597999999998 -15.64809 0 -0.78968839035687222 0.61350814675566634 0 
1 59.612597999999998 -15.201574000000001 0 1 0 0 
1 60.035175000000002 -15.201574000000001 0 0 1 0 
1 60.035175000000002 -13.750584999999999 0 -1 0 0 
1 59.653407999999999 -13.750584999999999 0 -0.028114526131661936 -0.99960470858254369 0 
1 30.169342 -13.424925 0 -0.97104958746337655 -0.23887799958808736 0 
1 28.109385 -13.931673999999999 0 0 -1 0 
1 28.109385 -15.001662 0 0.79408324589860857 0.60780901489129802 0 
1 34.203792999999997 -13.424925 0 0.87543878586793933 -0.48332901030050773 0 
1 37.382626000000002 -15.179956000000001 0 -0.47467601761118899 0.88016059801878332 0 
1 36.436126999999999 -13.424925 0 -1 0 0 
1 37.959567999999997 -13.424925 0 -1 0 0 
1 36.436126999999999 -13.424925 0 0.47467601761118899 -0.88016059801878332 0 
1 37.382626000000002 -15.179956000000001 0 0.31229445532135552 0.94998535419002006 0 
1 36.436126999999999 -13.424925 0 0 1 0 
1 36.436126999999999 -12.09834 0 -1 0 0 
1 34.203792999999997 -12.09834 0 0 -1 0 
1 34.203792999999997 -13.424925 0 1 0 0 
1 30.169342 -13.424925 0 -0.79408324589860857 -0.60780901489129802 0 
1 28.109385 -15.001662 0 0.96812391855890945 0.25047171160460863 0 
1 34.203792999999997 -13.424925 0 -1 0 0 
1 25.192782999999999 -12.09834 0 1 0 0 
1 34.203792999999997 -12.09834 0 -0.97361167150206285 0.22821111523096188 0 
1 28.045051999999998 -10.654752999999999 0 -0.89223276543957641 -0.45157578796481773 0 
1 30.169342 -13.424925 0 0 1 0 
1 30.169342 -12.59834 0 -1 0 0 
1 28.109385 -12.59834 0 0.92807187583407946 -0.37240111880311677 0 
1 36.318733000000002 -7.945417 0 -0.45380652242416569 -0.89110024138998256 0 
1 34.203792999999997 -12.09834 0 1 0 0 
1 36.436126999999999 -12.09834 0 -0.028256513584041271 0.99960070500178966 0 
1 34.203792999999997 -12.09834 0 0.45380652242416569 0.89110024138998256 0 
1 36.318733000000002 -7.945417 0 -0.9503432673541744 -0.31120358962356515 0 
1 28.045051999999998 -10.654752999999999 0 0.97361167150206285 -0.22821111523096188 0 
1 37.959567999999997 -12.59834 0 0 -1 0 
1 37.959567999999997 -13.424925 0 0.9895157533602521 -0.14442497655147027 0 
1 39.081974000000002 -13.588746 0 0 1 0 
1 39.081974000000002 -12.59834 0 -1 0 0 
1 30.169342 -13.424925 0 -0.92807187583407946 0.37240111880311677 0 
1 28.109385 -12.59834 0 0 -1 0 
1 28.109385 -13.931673999999999 0 0.97104958746337655 0.23887799958808736 0 
1 37.885277000000002 -15.179956000000001 0 0.64563077910493671 0.76364972145110654 0 
1 39.230572000000002 -13.588746 0 -1 0 0 
1 39.081974000000002 -13.588746 0 -0.60105688058592588 -0.79920624766096271 0 
1 42.198661999999999 -15.290259000000001 0 -0.35143362894000224 0.9362127987001998 0 
1 41.486640999999999 -13.393447999999999 0 -0.99627412432239437 -0.08624308207413707 0 
1 39.230572000000002 -13.588746 0 0.86755463497895469 -0.49734188977657284 0 
1 46.505215 -13.393447999999999 0 -1 0 0 
1 42.976455999999999 -13.393447999999999 0 -0.37939566171803002 -0.92523452803575068 0 
1 42.198661999999999 -15.290259000000001 0 0.91516396078901185 0.4030817843477526 0 
1 42.976455999999999 -12.593419000000001 0 0 -1 0 
1 42.976455999999999 -13.393447999999999 0 1 0 0 
1 46.505215 -13.393447999999999 0 -0.97524988437966242 0.22110554723356721 0 
1 46.505215 -13.393447999999999 0 0.53895601810449101 -0.84233390680237463 0 
1 47.718864000000004 -15.290259000000001 0 0 1 0 
1 47.718864000000004 -13.393447999999999 0 -1 0 0 
1 41.486640999999999 -13.393447999999999 0 -0.94314133506294917 0.33239197056438952 0 
1 39.230572000000002 -12.59834 0 0 -1 0 
1 39.230572000000002 -13.588746 0 0.99627412432239437 0.08624308207413707 0 
1 42.976455999999999 -12.593419000000001 0 0.97524988437966242 -0.22110554723356721 0 
1 46.505215 -13.393447999999999 0 0 1 0 
1 46.505215 -12.593419000000001 0 -1 0 0 
1 41.486640999999999 -12.09834 0 -0.97631049472353026 -0.21637425422793624 0 
1 39.230572000000002 -12.59834 0 0.94314133506294917 -0.33239197056438952 0 
1 41.486640999999999 -13.393447999999999 0 0 1 0 
1 42.198661999999999 -15.290259000000001 0 0.37939566171803002 0.92523452803575068 0 
1 42.976455999999999 -13.393447999999999 0 -1 0 0 
1 41.486640999999999 -13.393447999999999 0 0.35143362894000224 -0.9362127987001998 0 
1 37.382626000000002 -15.179956000000001 0 0.72995045440796869 0.68350006152860021 0 
1 39.081974000000002 -13.588746 0 -0.9895157533602521 0.14442497655147027 0 
1 37.959567999999997 -13.424925 0 -0.31229445532135552 -0.94998535419002006 0 
1 28.045051999999998 -10.654752999999999 0 0.74347391644089877 0.66876493297124318 0 
1 31.057053 -7.945417 0 -0.98649995045867522 0.16376155759222435 0 
1 28.045051999999998 -7.445417 0 0 -1 0 
1 36.318733000000002 -7.945417 0 0.028256513584041271 -0.99960070500178966 0 
1 36.436126999999999 -12.09834 0 0.091740810001223333 0.99578292000833168 0 
1 36.818733000000002 -7.945417 0 -1 0 0 
1 36.318733000000002 -7.945417 0 -1 0 0 
1 31.557053 -7.945417 0 -0.7917737416501609 -0.61081449068706961 0 
1 28.045051999999998 -10.654752999999999 0 0.9503432673541744 0.31120358962356515 0 
1 36.818733000000002 -7.945417 0 1 0 0 
1 41.350020999999998 -7.945417 0 0 1 0 
1 41.350020999999998 -7.445417 0 -1 0 0 
1 36.818733000000002 -7.445417 0 0 -1 0 
1 39.230572000000002 -12.09834 0 -0.50220782680277476 0.8647469564549124 0 
1 36.818733000000002 -7.945417 0 -0.091740810001223333 -0.99578292000833168 0 
1 36.436126999999999 -12.09834 0 1 0 0 
1 31.557053 -7.445417 0 0 -1 0 
1 31.557053 -7.945417 0 1 0 0 
1 36.318733000000002 -7.945417 0 0 1 0 
1 36.318733000000002 -7.445417 0 -1 0 0 
1 31.557053 -7.445417 0 0.9890333767293229 0.14769217892425193 0 
1 51.751713000000002 -4.4297519999999997 0 -0.98954872234549696 -0.14419891159226744 0 
1 31.057053 -7.445417 0 1 0 0 
1 51.751713000000002 -4.4297519999999997 0 -0.98143853662949032 -0.19177695069680464 0 
1 36.318733000000002 -7.445417 0 1 0 0 
1 36.818733000000002 -7.445417 0 0.98021201483615916 0.1979505139443625 0 
1 51.751713000000002 -4.4297519999999997 0 -0.98021201483615916 -0.1979505139443625 0 
1 36.818733000000002 -7.445417 0 1 0 0 
1 41.350020999999998 -7.445417 0 0.96044953060608684 0.27845412397475372 0 
1 36.318733000000002 -7.445417 0 0.98143853662949032 0.19177695069680464 0 
1 51.751713000000002 -4.4297519999999997 0 -0.9890333767293229 -0.14769217892425193 0 
1 31.557053 -7.445417 0 1 0 0 
1 41.350020999999998 -7.945417 0 -1 0 0 
1 36.818733000000002 -7.945417 0 0.50220782680277476 -0.8647469564549124 0 
1 39.230572000000002 -12.09834 0 0.45457427261049577 0.89070883608541729 0 
1 31.057053 -7.945417 0 0 1 0 
1 31.057053 -7.445417 0 -1 0 0 
1 28.045051999999998 -7.445417 0 0.98649995045867522 -0.16376155759222435 0 
1 41.850020999999998 -7.945417 0 -1 0 0 
1 41.350020999999998 -7.945417 0 0.032879524279468372 -0.99945932227537704 0 
1 41.486640999999999 -12.09834 0 0.087166768763880506 0.99619373337883643 0 
1 39.230572000000002 -12.09834 0 1 0 0 
1 41.486640999999999 -12.09834 0 -0.032879524279468372 0.99945932227537704 0 
1 41.350020999999998 -7.945417 0 -0.45457427261049577 -0.89070883608541729 0 
1 41.486640999999999 -12.09834 0 1 0 0 
1 48.234665 -12.09834 0 -0.31616821049453425 0.94870314781425913 0 
1 46.850647000000002 -7.945417 0 -1 0 0 
1 41.850020999999998 -7.945417 0 -0.087166768763880506 -0.99619373337883643 0 
1 51.429198999999997 -13.446691 0 0 1 0 
1 51.429198999999997 -12.09834 0 -1 0 0 
1 48.234665 -12.09834 0 0.92129629174962879 -0.38886134136525202 0 
1 47.350647000000002 -7.945417 0 0.20820168239521947 -0.97808591618926821 0 
1 48.234665 -12.09834 0 1 0 0 
1 51.429198999999997 -12.09834 0 -0.70068950557359344 0.71346633892499312 0 
1 46.850647000000002 -7.445417 0 -1 0 0 
1 41.850020999999998 -7.445417 0 0 -1 0 
1 41.850020999999998 -7.945417 0 1 0 0 
1 46.850647000000002 -7.945417 0 0 1 0 
1 51.494934000000001 -5.9504830000000002 0 -0.9010410503535824 -0.43373381880793344 0 
1 47.350647000000002 -7.945417 0 0.70637041934801259 -0.70784237699512798 0 
1 51.494934000000001 -12.09834 0 0 1 0 
1 51.494934000000001 -5.9504830000000002 0 -0.95190144534703558 -0.30640437063825415 0 
1 46.850647000000002 -7.445417 0 1 0 0 
1 47.350647000000002 -7.445417 0 0.94067088054866976 0.33932034198938088 0 
1 47.350647000000002 -7.945417 0 -1 0 0 
1 46.850647000000002 -7.945417 0 0.31616821049453425 -0.94870314781425913 0 
1 48.234665 -12.09834 0 -0.20820168239521947 0.97808591618926821 0 
1 51.494934000000001 -5.9504830000000002 0 -0.98820013260206963 -0.15316820141678228 0 
1 41.850020999999998 -7.445417 0 1 0 0 
1 46.850647000000002 -7.445417 0 0.95190144534703558 0.30640437063825415 0 
1 47.350647000000002 -7.945417 0 0.70068950557359344 -0.71346633892499312 0 
1 51.429198999999997 -12.09834 0 1 0 0 
1 51.494934000000001 -12.09834 0 -0.70637041934801259 0.70784237699512798 0 
1 41.486640999999999 -12.09834 0 -1 0 0 
1 39.230572000000002 -12.09834 0 0 -1 0 
1 39.230572000000002 -12.59834 0 0.97631049472353026 0.21637425422793624 0 
1 51.751713000000002 -4.4297519999999997 0 -0.96044953060608684 -0.27845412397475372 0 
1 41.350020999999998 -7.445417 0 1 0 0 
1 41.850020999999998 -7.445417 0 0.95661717291598247 0.29134787536934853 0 
1 48.234665 -12.09834 0 0 -1 0 
1 48.234665 -15.64809 0 0.82342088628702148 0.56743109187486018 0 
1 51.429198999999997 -13.446691 0 -0.92129629174962879 0.38886134136525202 0 
1 54.010944000000002 -13.463191999999999 0 -1 0 0 
1 53.858829 -13.463191999999999 0 0.1628469470663482 -0.98665134258823672 0 
1 54.010944000000002 -14.384821000000001 0 0 1 0 
1 53.854354999999998 -14.384821000000001 0 1 0 0 
1 54.010944000000002 -14.384821000000001 0 -0.1628469470663482 0.98665134258823672 0 
1 53.858829 -13.463191999999999 0 -0.0048543907413302022 -0.99998821737585009 0 
1 55.411205000000002 -13.335421 0 -0.99586272027071876 -0.090870470313540952 0 
1 54.010944000000002 -13.463191999999999 0 0 -1 0 
1 54.010944000000002 -14.384821000000001 0 0.80021822876123472 0.59970891802459658 0 
1 53.858829 -13.463191999999999 0 -0.99997387547275129 0.0072283035358659273 0 
1 51.576056999999999 -13.446691 0 0.92467705619563501 -0.38075233649365103 0 
1 53.854354999999998 -14.384821000000001 0 0.0048543907413302022 0.99998821737585009 0 
1 53.858829 -13.463191999999999 0 0 1 0 
1 53.858829 -12.09834 0 -0.48644684405595168 -0.87371017386087746 0 
1 53.165168999999999 -13.344227 0 0.98560998146051448 -0.16903539406113835 0 
1 53.858829 -13.463191999999999 0 -0.98560998146051448 0.16903539406113835 0 
1 53.165168999999999 -13.344227 0 -0.99792770305510747 -0.064345158910031494 0 
1 51.576056999999999 -13.446691 0 0.99997387547275129 -0.0072283035358659273 0 
1 51.576056999999999 -13.446691 0 0.99792770305510747 0.064345158910031494 0 
1 53.165168999999999 -13.344227 0 -1 0 0 
1 51.576056999999999 -13.344227 0 0 -1 0 
1 54.010944000000002 -13.463191999999999 0 0.99155778563472985 0.12966556114539857 0 
1 54.988014 -13.335421 0 -0.77339548219721777 0.63392383463388813 0 
1 54.233387 -12.716881000000001 0 -0.28563886968230229 -0.95833732898526747 0 
1 55.411205000000002 -13.335421 0 -1 0 0 
1 54.988014 -13.335421 0 -0.99155778563472985 -0.12966556114539857 0 
1 54.010944000000002 -13.463191999999999 0 0.99586272027071876 0.090870470313540952 0 
1 55.411205000000002 -15.201574000000001 0 0 1 0 
1 55.411205000000002 -13.335421 0 -0.80021822876123472 -0.59970891802459658 0 
1 54.010944000000002 -14.384821000000001 0 0.86379659818306131 -0.5038406860976703 0 
1 57.363841999999998 -13.290095000000001 0 -1 0 0 
1 56.577461 -13.290095000000001 0 0.98897885897246562 -0.14805680161856791 0 
1 59.653407999999999 -13.750584999999999 0 -0.98036791744615959 0.19717694196401425 0 
1 59.653407999999999 -13.750584999999999 0 0 1 0 
1 59.653407999999999 -12.09834 0 -0.88702949622265703 -0.46171276009114076 0 
1 57.363841999999998 -13.290095000000001 0 0.98036791744615959 -0.19717694196401425 0 
1 55.536921999999997 -12.09834 0 0 -1 0 
1 55.536921999999997 -20.991388000000001 0 0.13389562045252035 0.99099544036470455 0 
1 56.577461 -13.290095000000001 0 -0.65769996238163952 0.75328000071898238 0 
1 54.233387 -12.358088 0 -1 0 0 
1 54.010944000000002 -12.358088 0 0.52692485089593111 -0.84991187867231321 0 
1 54.233387 -12.716881000000001 0 0 1 0 
1 54.988014 -13.335421 0 0 1 0 
1 54.988014 -12.716881000000001 0 -1 0 0 
1 54.233387 -12.716881000000001 0 0.77339548219721777 -0.63392383463388813 0 
1 54.233387 -12.716881000000001 0 -0.52692485089593111 0.84991187867231321 0 
1 54.010944000000002 -12.358088 0 0 -1 0 
1 54.010944000000002 -13.463191999999999 0 0.28563886968230229 0.95833732898526747 0 
1 53.858829 -12.09834 0 -0.38275482023013158 0.92384995945802784 0 
1 52.138255999999998 -7.945417 0 0.24004488006306157 -0.9707617913553821 0 
1 53.165168999999999 -12.09834 0 1 0 0 
1 51.722724999999997 -12.09834 0 0.099560344615096733 0.99503152602323275 0 
1 52.138255999999998 -7.945417 0 -1 0 0 
1 51.722724999999997 -7.945417 0 0 -1 0 
1 53.165168999999999 -12.09834 0 0 -1 0 
1 53.165168999999999 -13.344227 0 0.48644684405595168 0.87371017386087746 0 
1 53.858829 -12.09834 0 -1 0 0 
1 59.879447999999996 -7.445417 0 -0.99982864902077973 0.018511418024627632 0 
1 52.138255999999998 -7.302092 0 0 -1 0 
1 52.138255999999998 -7.945417 0 0.9979205998012658 0.064455228587617125 0 
1 52.138255999999998 -7.945417 0 -0.099560344615096733 -0.99503152602323275 0 
1 51.722724999999997 -12.09834 0 1 0 0 
1 53.165168999999999 -12.09834 0 -0.24004488006306157 0.9707617913553821 0 
1 47.350647000000002 -7.945417 0 0.9010410503535824 0.43373381880793344 0 
1 51.494934000000001 -5.9504830000000002 0 -0.94067088054866976 -0.33932034198938088 0 
1 47.350647000000002 -7.445417 0 0 -1 0 
1 60.243515000000002 -6.0990440000000001 0 -0.99999985547906267 0.00053762612832255335 0 
1 51.722724999999997 -6.0944630000000002 0 0.32536583414600267 -0.94558821585850783 0 
1 52.138255999999998 -7.302092 0 0.9891632848370876 0.14681960335834893 0 
1 51.494934000000001 -5.9504830000000002 0 0.99999965272116309 -0.00083340119590013964 0 
1 51.751713000000002 -5.9506969999999999 0 0 1 0 
1 51.751713000000002 -4.4297519999999997 0 -0.16649554190811788 -0.98604220727346259 0 
1 51.722724999999997 -6.0944630000000002 0 0 -1 0 
1 51.722724999999997 -7.302092 0 1 0 0 
1 52.138255999999998 -7.302092 0 -0.32536583414600267 0.94558821585850783 0 
1 41.850020999999998 -7.445417 0 0.98820013260206963 0.15316820141678228 0 
1 51.494934000000001 -5.9504830000000002 0 0.16649554190811788 0.98604220727346259 0 
1 51.751713000000002 -4.4297519999999997 0 -0.95661717291598247 -0.29134787536934853 0 
1 53.858829 -12.09834 0 1 0 0 
1 55.536921999999997 -12.09834 0 -0.63332930683920419 0.77388241296631965 0 
1 52.138255999999998 -7.945417 0 0.38275482023013158 -0.92384995945802784 0 
1 59.879447999999996 -7.945417 0 -0.7227081523885831 -0.69115333065180318 0 
1 55.536921999999997 -12.09834 0 1 0 0 
1 56.577461 -12.09834 0 0.6223533428478365 0.78273642859274373 0 
1 59.879447999999996 -7.945417 0 -0.51810331994779768 -0.85531804018100199 0 
1 57.363841999999998 -12.09834 0 1 0 0 
1 59.653407999999999 -12.09834 0 0.054348688119486226 0.99852201783420425 0 
1 57.363841999999998 -13.290095000000001 0 0.88702949622265703 0.46171276009114076 0 
1 59.653407999999999 -12.09834 0 -1 0 0 
1 57.363841999999998 -12.09834 0 0 -1 0 
1 59.879447999999996 -7.945417 0 -0.054348688119486226 -0.99852201783420425 0 
1 59.653407999999999 -12.09834 0 1 0 0 
1 60.243515000000002 -12.09834 0 -0.087330309109403995 0.99617941010184308 0 
1 56.577461 -13.290095000000001 0 0 1 0 
1 56.577461 -12.09834 0 -1 0 0 
1 55.536921999999997 -12.09834 0 0.65769996238163952 -0.75328000071898238 0 
1 59.879447999999996 -7.945417 0 -0.6223533428478365 -0.78273642859274373 0 
1 56.577461 -12.09834 0 1 0 0 
1 57.363841999999998 -12.09834 0 0.51810331994779768 0.85531804018100199 0 
1 59.879447999999996 -7.945417 0 0 1 0 
1 59.879447999999996 -7.445417 0 -0.9979205998012658 -0.064455228587617125 0 
1 52.138255999999998 -7.945417 0 1 0 0 
1 59.879447999999996 -7.445417 0 1 0 0 
1 60.243515000000002 -7.445417 0 0 1 0 
1 60.243515000000002 -6.0990440000000001 0 -0.26103090236752841 -0.96533044498202469 0 
1 60.243515000000002 -7.945417 0 -1 0 0 
1 59.879447999999996 -7.945417 0 0.087330309109403995 -0.99617941010184308 0 
1 60.243515000000002 -12.09834 0 0 1 0 
1 59.879447999999996 -7.445417 0 0.26103090236752841 0.96533044498202469 0 
1 60.243515000000002 -6.0990440000000001 0 -0.9891632848370876 -0.14681960335834893 0 
1 52.138255999999998 -7.302092 0 0.99982864902077973 -0.018511418024627632 0 
1 59.879447999999996 -7.945417 0 -1 0 0 
1 52.138255999999998 -7.945417 0 0.63332930683920419 -0.77388241296631965 0 
1 55.536921999999997 -12.09834 0 0.7227081523885831 0.69115333065180318 0 
1 51.576056999999999 -13.446691 0 0 -1 0 
1 51.576056999999999 -14.523755 0 0.99814579898954259 0.060868415122522231 0 
1 53.854354999999998 -14.384821000000001 0 -0.92467705619563501 0.38075233649365103 0 
1 7.9415550000000001 -4.4321390000000003 0 0.99161023979355523 -0.12926380907496107 0 
1 31.057053 -7.445417 0 0.98954872234549696 0.14419891159226744 0 
1 51.751713000000002 -4.4297519999999997 0 -0.9999999985156881 -5.4485080753589855e-05 0 
Polygon3D 0
PolygonOnTriangulations 0
Surfaces 324
1 -0.7740984924971237 -21.926823007502875 0 0 0 1 1 0 -0 -0 1 0 
1 1.0841549999999998 -20.917224999999998 0 0 0 1 1 0 -0 -0 1 0 
1 0.65975338074213286 -21.703233214715041 0 0 0 1 1 0 -0 -0 1 0 
1 1.1448136522487453 -21.959185437846436 0 0 0 1 1 0 -0 -0 1 0 
1 -0.69416200000000006 -19.580984000000001 0 0 0 1 1 0 -0 -0 1 0 
1 0.70800907122269729 -19.957129928777302 0 0 0 1 1 0 -0 -0 1 0 
1 1.3148676605631862 -19.643720196067967 0 0 0 1 1 0 -0 -0 1 0 
1 4.8026369999999998 -20.917224999999998 0 0 0 1 1 0 -0 -0 1 0 
1 2.738569472854278 -21.826906454142538 0 0 0 1 1 0 -0 -0 1 0 
1 8.5160030000000013 -20.917224999999998 0 0 0 1 1 0 -0 -0 1 0 
1 10.60495241722762 -21.829632675641225 0 0 0 1 1 0 -0 -0 1 0 
1 12.175093845256569 -21.959689912434101 0 0 0 1 1 0 -0 -0 1 0 
1 3.0213316124881637 -21.98045531495476 0 0 0 1 1 0 -0 -0 1 0 
1 2.8883656864436098 -19.818662286669998 0 0 0 1 1 0 -0 -0 1 0 
1 4.3912664567248951 -18.279966713108092 0 0 0 1 1 0 -0 -0 1 0 
1 8.3280456042990991 -18.823960676883722 0 0 0 1 1 0 -0 -0 1 0 
1 3.1976433503832391 -19.615985704832674 0 0 0 1 1 0 -0 -0 1 0 
1 12.390347652441429 -18.710545522729504 0 0 0 1 1 0 -0 -0 1 0 
1 6.6759645585090421 -22.421450394433229 0 0 0 1 1 0 -0 -0 1 0 
1 9.2205937549596459 -18.35664983009007 0 0 0 1 1 0 -0 -0 1 0 
1 -0.7764473736898887 -16.952406373689886 0 0 0 1 1 0 -0 -0 1 0 
1 1.6736208135629427 -15.73164070521924 0 0 0 1 1 0 -0 -0 1 0 
1 -0.61187662631011119 -16.787835626310113 0 0 0 1 1 0 -0 -0 1 0 
1 2.9934939097689299 -15.67581268517668 0 0 0 1 1 0 -0 -0 1 0 
1 0.75448631029042079 -15.465423988004396 0 0 0 1 1 0 -0 -0 1 0 
1 0.64253969554039703 -14.256713492770432 0 0 0 1 1 0 -0 -0 1 0 
1 3.2675198154996647 -15.317014965902652 0 0 0 1 1 0 -0 -0 1 0 
1 1.1492993468317019 -14.558476787551973 0 0 0 1 1 0 -0 -0 1 0 
1 2.9911812916991907 -15.244420631893831 0 0 0 1 1 0 -0 -0 1 0 
1 1.2436313521391273 -16.477259554688839 0 0 0 1 1 0 -0 -0 1 0 
1 3.6686727966344037 -16.662870316375123 0 0 0 1 1 0 -0 -0 1 0 
1 10.060851751262927 -17.564722353696098 0 0 0 1 1 0 -0 -0 1 0 
1 11.080307093417552 -14.068111658140275 0 0 0 1 1 0 -0 -0 1 0 
1 9.6156713934350293 -15.539971414258037 0 0 0 1 1 0 -0 -0 1 0 
1 3.6103552975856115 -17.072581604680227 0 0 0 1 1 0 -0 -0 1 0 
1 9.8462521353751367 -15.300625808348993 0 0 0 1 1 0 -0 -0 1 0 
1 2.7071052475362567 -14.472691591671133 0 0 0 1 1 0 -0 -0 1 0 
1 5.9283062334463477 -14.82347779465085 0 0 0 1 1 0 -0 -0 1 0 
1 9.5037288681400991 -14.830319175303693 0 0 0 1 1 0 -0 -0 1 0 
1 10.986510746357164 -13.516049611959046 0 0 0 1 1 0 -0 -0 1 0 
1 8.2531010081601188 -13.269796482845953 0 0 0 1 1 0 -0 -0 1 0 
1 7.2573351251104343 -14.310110374889568 0 0 0 1 1 0 -0 -0 1 0 
1 3.4480518863315255 -15.524678039066096 0 0 0 1 1 0 -0 -0 1 0 
1 11.464206492845715 -17.876409512731843 0 0 0 1 1 0 -0 -0 1 0 
1 4.2947349855393435 -14.017543613900795 0 0 0 1 1 0 -0 -0 1 0 
1 12.204248 -20.917224999999998 0 0 0 1 1 0 -0 -0 1 0 
1 14.100628422878701 -21.914529577121293 0 0 0 1 1 0 -0 -0 1 0 
1 12.64933163029187 -21.706031335450891 0 0 0 1 1 0 -0 -0 1 0 
1 21.040610000000001 -20.917224999999998 0 0 0 1 1 0 -0 -0 1 0 
1 22.555959454760853 -20.115705444031835 0 0 0 1 1 0 -0 -0 1 0 
1 23.698992349456091 -20.035572031474491 0 0 0 1 1 0 -0 -0 1 0 
1 16.782088750289557 -18.989169826546281 0 0 0 1 1 0 -0 -0 1 0 
1 23.882366828630921 -21.029012171369072 0 0 0 1 1 0 -0 -0 1 0 
1 14.385547469153465 -17.46656030796478 0 0 0 1 1 0 -0 -0 1 0 
1 22.896406709289433 -19.294229042665325 0 0 0 1 1 0 -0 -0 1 0 
1 24.310299823062088 -20.360482848166228 0 0 0 1 1 0 -0 -0 1 0 
1 26.63139285854102 -20.207860078415838 0 0 0 1 1 0 -0 -0 1 0 
1 25.594705935350152 -20.045499564649848 0 0 0 1 1 0 -0 -0 1 0 
1 25.330603000000004 -18.309284999999996 0 0 0 1 1 0 -0 -0 1 0 
1 26.525377350187597 -16.305619350187598 0 0 0 1 1 0 -0 -0 1 0 
1 28.376133715995188 -19.326510575117162 0 0 0 1 1 0 -0 -0 1 0 
1 31.361428299648804 -16.231238466345705 0 0 0 1 1 0 -0 -0 1 0 
1 20.609404151867665 -17.698059368368121 0 0 0 1 1 0 -0 -0 1 0 
1 26.990709500000001 -20.917224999999998 0 0 0 1 1 0 -0 -0 1 0 
1 14.587591865301237 -15.353905571334796 0 0 0 1 1 0 -0 -0 1 0 
1 19.722360700363637 -15.508340232964212 0 0 0 1 1 0 -0 -0 1 0 
1 20.888485550167324 -16.410414114771342 0 0 0 1 1 0 -0 -0 1 0 
1 23.404843332063294 -16.345535798549427 0 0 0 1 1 0 -0 -0 1 0 
1 21.496602819322604 -16.249517624126071 0 0 0 1 1 0 -0 -0 1 0 
1 12.900824683672049 -14.475769920843549 0 0 0 1 1 0 -0 -0 1 0 
1 14.579909411263676 -14.709169274669026 0 0 0 1 1 0 -0 -0 1 0 
1 18.953297921131018 -14.344344438030566 0 0 0 1 1 0 -0 -0 1 0 
1 15.602267332025074 -14.021160044792687 0 0 0 1 1 0 -0 -0 1 0 
1 19.574622890098535 -15.360564890098528 0 0 0 1 1 0 -0 -0 1 0 
1 16.881781164767208 -14.522385881374921 0 0 0 1 1 0 -0 -0 1 0 
1 15.390255335620029 -13.141004835620031 0 0 0 1 1 0 -0 -0 1 0 
1 14.741014038451524 -15.507875538451524 0 0 0 1 1 0 -0 -0 1 0 
1 23.86333787151375 -15.228134828198126 0 0 0 1 1 0 -0 -0 1 0 
1 24.300592227379465 -16.002975136237765 0 0 0 1 1 0 -0 -0 1 0 
1 27.799136061109134 -14.465539771935472 0 0 0 1 1 0 -0 -0 1 0 
1 26.542006822661591 -15.14730732266159 0 0 0 1 1 0 -0 -0 1 0 
1 26.446393407446656 -15.051502853128428 0 0 0 1 1 0 -0 -0 1 0 
1 24.151300493334276 -14.782378915092126 0 0 0 1 1 0 -0 -0 1 0 
1 25.337823475928321 -14.459890702511025 0 0 0 1 1 0 -0 -0 1 0 
1 26.289934236786667 -14.25944305748399 0 0 0 1 1 0 -0 -0 1 0 
1 26.693517597155704 -14.664207406423474 0 0 0 1 1 0 -0 -0 1 0 
1 25.81403811639645 -13.25023471885817 0 0 0 1 1 0 -0 -0 1 0 
1 23.676321402067355 -14.207200055520381 0 0 0 1 1 0 -0 -0 1 0 
1 22.146138946511762 -14.263371548694517 0 0 0 1 1 0 -0 -0 1 0 
1 26.491756300622086 -13.732252050576253 0 0 0 1 1 0 -0 -0 1 0 
1 32.550082809795185 -15.300742649558375 0 0 0 1 1 0 -0 -0 1 0 
1 3.0585617390151394 -14.052910950633594 0 0 0 1 1 0 -0 -0 1 0 
1 3.2939254728067651 -12.895602513886336 0 0 0 1 1 0 -0 -0 1 0 
1 3.8480930271932343 -12.850400472806763 0 0 0 1 1 0 -0 -0 1 0 
1 0.78238766257885284 -12.235933162578853 0 0 0 1 1 0 -0 -0 1 0 
1 1.110081628235567 -12.619166777548736 0 0 0 1 1 0 -0 -0 1 0 
1 0.38046972624288461 -10.464111278269117 0 0 0 1 1 0 -0 -0 1 0 
1 0.62792643814172089 -12.857585833759915 0 0 0 1 1 0 -0 -0 1 0 
1 -0.55236074491822584 -10.140300688196158 0 0 0 1 1 0 -0 -0 1 0 
1 0.20064208798369859 -13.69370723511963 0 0 0 1 1 0 -0 -0 1 0 
1 5.0059243685133259 -13.486649078562913 0 0 0 1 1 0 -0 -0 1 0 
1 5.1572455505457606 -12.764242050545757 0 0 0 1 1 0 -0 -0 1 0 
1 5.4965103713206185 -13.220436731315816 0 0 0 1 1 0 -0 -0 1 0 
1 14.988199806360409 -12.681663027155201 0 0 0 1 1 0 -0 -0 1 0 
1 15.341457862775227 -12.236593137224775 0 0 0 1 1 0 -0 -0 1 0 
1 11.6663013005029 -10.747566826627038 0 0 0 1 1 0 -0 -0 1 0 
1 8.538869913128627 -12.859786086871372 0 0 0 1 1 0 -0 -0 1 0 
1 4.4427432963950464 -13.470256143389289 0 0 0 1 1 0 -0 -0 1 0 
1 3.9813131922947074 -9.8210455144427584 0 0 0 1 1 0 -0 -0 1 0 
1 7.6380284762409065 -9.9138145237590916 0 0 0 1 1 0 -0 -0 1 0 
1 3.3928979999999997 -7.6954169999999991 0 0 0 1 1 0 -0 -0 1 0 
1 -0.75329114986027412 -9.944677350139731 0 0 0 1 1 0 -0 -0 1 0 
1 3.0615274925708564 -6.8407882960628932 0 0 0 1 1 0 -0 -0 1 0 
1 -0.74697747114200741 -6.8407764711420072 0 0 0 1 1 0 -0 -0 1 0 
1 6.4058623677795365 -5.993026367779537 0 0 0 1 1 0 -0 -0 1 0 
1 6.6032336556944351 -6.4637067334820131 0 0 0 1 1 0 -0 -0 1 0 
1 16.880417755700769 -9.297507328903043 0 0 0 1 1 0 -0 -0 1 0 
1 14.09392311889977 -9.9041872184184658 0 0 0 1 1 0 -0 -0 1 0 
1 18.602615649159929 -10.570659053249603 0 0 0 1 1 0 -0 -0 1 0 
1 11.020257489962564 -6.7737796911028285 0 0 0 1 1 0 -0 -0 1 0 
1 16.978858427344854 -7.7461946131961197 0 0 0 1 1 0 -0 -0 1 0 
1 7.6271225240967002 -6.7989045240967014 0 0 0 1 1 0 -0 -0 1 0 
1 10.869828092217015 -6.1601060647829495 0 0 0 1 1 0 -0 -0 1 0 
1 13.740076072453897 -6.2140767315002927 0 0 0 1 1 0 -0 -0 1 0 
1 11.151668291495744 -6.6416834336731023 0 0 0 1 1 0 -0 -0 1 0 
1 9.9628974834487458 -8.6723520665169023 0 0 0 1 1 0 -0 -0 1 0 
1 14.914107277944881 -10.4573892669058 0 0 0 1 1 0 -0 -0 1 0 
1 20.665480499999997 -12.980460499999998 0 0 0 1 1 0 -0 -0 1 0 
1 20.970123630532729 -14.086660032806956 0 0 0 1 1 0 -0 -0 1 0 
1 20.405289277001891 -10.578430041940653 0 0 0 1 1 0 -0 -0 1 0 
1 22.791431574020791 -10.185159848802561 0 0 0 1 1 0 -0 -0 1 0 
1 23.945745059269399 -12.236936059269398 0 0 0 1 1 0 -0 -0 1 0 
1 23.904600065691174 -12.607841195195501 0 0 0 1 1 0 -0 -0 1 0 
1 24.330884330330971 -11.630369010896734 0 0 0 1 1 0 -0 -0 1 0 
1 23.431922604564978 -11.499503741461091 0 0 0 1 1 0 -0 -0 1 0 
1 24.362585964278459 -13.119030273529066 0 0 0 1 1 0 -0 -0 1 0 
1 26.359011942885484 -11.105476385769835 0 0 0 1 1 0 -0 -0 1 0 
1 26.101249275751506 -12.801926224248499 0 0 0 1 1 0 -0 -0 1 0 
1 19.763498835701274 -9.995478164298726 0 0 0 1 1 0 -0 -0 1 0 
1 25.775914830986121 -9.1238028309861257 0 0 0 1 1 0 -0 -0 1 0 
1 26.557804284922096 -9.2206565768423996 0 0 0 1 1 0 -0 -0 1 0 
1 27.103999062828748 -13.459659437171256 0 0 0 1 1 0 -0 -0 1 0 
1 20.979161222998105 -10.005636254304141 0 0 0 1 1 0 -0 -0 1 0 
1 20.665480500000001 -7.7989905000000004 0 0 0 1 1 0 -0 -0 1 0 
1 33.227255545958371 -13.885902099164786 0 0 0 1 1 0 -0 -0 1 0 
1 33.227255545958371 -13.885902099164786 0 0 0 1 1 0 -0 -0 1 0 
1 21.358895835865219 -10.245441164134775 0 0 0 1 1 0 -0 -0 1 0 
1 17.112220690928147 -7.4614441924871207 0 0 0 1 1 0 -0 -0 1 0 
1 19.972065164134776 -10.245441164134776 0 0 0 1 1 0 -0 -0 1 0 
1 23.380172137715682 -7.8574616646549469 0 0 0 1 1 0 -0 -0 1 0 
1 23.904730074021792 -8.8426871663003865 0 0 0 1 1 0 -0 -0 1 0 
1 27.389847884091772 -9.0557611159082274 0 0 0 1 1 0 -0 -0 1 0 
1 23.561717383175662 -7.6688608085778691 0 0 0 1 1 0 -0 -0 1 0 
1 23.402195071755845 -9.2843566967030835 0 0 0 1 1 0 -0 -0 1 0 
1 23.747491359715969 -7.3779989695095622 0 0 0 1 1 0 -0 -0 1 0 
1 23.366572986691263 -7.4616869675083404 0 0 0 1 1 0 -0 -0 1 0 
1 17.514684289293818 -5.987246847336186 0 0 0 1 1 0 -0 -0 1 0 
1 26.471875000000001 -7.7621705000000008 0 0 0 1 1 0 -0 -0 1 0 
1 17.990554500644276 -5.9739417701636155 0 0 0 1 1 0 -0 -0 1 0 
1 16.878020558131968 -6.076597229462835 0 0 0 1 1 0 -0 -0 1 0 
1 14.782370731877348 -5.9666165764286143 0 0 0 1 1 0 -0 -0 1 0 
1 29.772142193289689 -9.2247156688931966 0 0 0 1 1 0 -0 -0 1 0 
1 19.492054289749753 -6.0360531756675266 0 0 0 1 1 0 -0 -0 1 0 
1 30.193916353664989 -21.028326853664982 0 0 0 1 1 0 -0 -0 1 0 
1 29.849780142807838 -19.203703148061656 0 0 0 1 1 0 -0 -0 1 0 
1 33.170164 -20.917224999999998 0 0 0 1 1 0 -0 -0 1 0 
1 31.854009258710743 -17.730513386168887 0 0 0 1 1 0 -0 -0 1 0 
1 29.971712646335018 -20.806123146335015 0 0 0 1 1 0 -0 -0 1 0 
1 39.199112572385317 -21.028498927614674 0 0 0 1 1 0 -0 -0 1 0 
1 38.641960295532044 -20.275051211363873 0 0 0 1 1 0 -0 -0 1 0 
1 36.217092500000007 -20.917224999999998 0 0 0 1 1 0 -0 -0 1 0 
1 43.408893499999998 -20.917224999999995 0 0 0 1 1 0 -0 -0 1 0 
1 41.587882999999998 -20.917224999999995 0 0 0 1 1 0 -0 -0 1 0 
1 35.940999868343901 -18.333196645131292 0 0 0 1 1 0 -0 -0 1 0 
1 28.320122519818405 -20.100569956470721 0 0 0 1 1 0 -0 -0 1 0 
1 40.223337407563896 -20.326259059231692 0 0 0 1 1 0 -0 -0 1 0 
1 28.765684149603832 -20.013887713508446 0 0 0 1 1 0 -0 -0 1 0 
1 39.785345616942635 -20.239727478032126 0 0 0 1 1 0 -0 -0 1 0 
1 38.320876610917004 -18.78693448869517 0 0 0 1 1 0 -0 -0 1 0 
1 32.867748627784934 -15.620383693195233 0 0 0 1 1 0 -0 -0 1 0 
1 39.923901011694362 -15.364345635116619 0 0 0 1 1 0 -0 -0 1 0 
1 39.822382118520515 -17.627459362049066 0 0 0 1 1 0 -0 -0 1 0 
1 41.742222767852844 -20.355183767852846 0 0 0 1 1 0 -0 -0 1 0 
1 41.337816781256564 -20.262899249388511 0 0 0 1 1 0 -0 -0 1 0 
1 38.273701740366228 -14.467291469341415 0 0 0 1 1 0 -0 -0 1 0 
1 39.421660427614675 -20.805951072385319 0 0 0 1 1 0 -0 -0 1 0 
1 32.801174511960411 -14.654028476220438 0 0 0 1 1 0 -0 -0 1 0 
1 42.259725425570338 -20.152452425570335 0 0 0 1 1 0 -0 -0 1 0 
1 43.124028925103168 -20.340005111523443 0 0 0 1 1 0 -0 -0 1 0 
1 43.900098398471144 -20.303862236042622 0 0 0 1 1 0 -0 -0 1 0 
1 42.471210130741312 -20.310164601071911 0 0 0 1 1 0 -0 -0 1 0 
1 40.694237387423534 -16.993599538424306 0 0 0 1 1 0 -0 -0 1 0 
1 44.018971354034143 -17.91243387988596 0 0 0 1 1 0 -0 -0 1 0 
1 39.961415092422151 -14.777390001342521 0 0 0 1 1 0 -0 -0 1 0 
1 48.258745666346812 -18.327218555692106 0 0 0 1 1 0 -0 -0 1 0 
1 45.118508897308502 -14.761428997939975 0 0 0 1 1 0 -0 -0 1 0 
1 46.399429455456122 -18.683272996057404 0 0 0 1 1 0 -0 -0 1 0 
1 27.215997939714459 -20.046560268579899 0 0 0 1 1 0 -0 -0 1 0 
1 49.835301999999999 -20.917224999999998 0 0 0 1 1 0 -0 -0 1 0 
1 49.593990702299124 -20.034868206814256 0 0 0 1 1 0 -0 -0 1 0 
1 53.203881358651252 -20.749619256112751 0 0 0 1 1 0 -0 -0 1 0 
1 50.104328010710056 -20.26110501071005 0 0 0 1 1 0 -0 -0 1 0 
1 52.323926457709021 -20.896543042290979 0 0 0 1 1 0 -0 -0 1 0 
1 51.626520702485962 -20.095688805372699 0 0 0 1 1 0 -0 -0 1 0 
1 53.630098183514555 -21.120911816485449 0 0 0 1 1 0 -0 -0 1 0 
1 46.911943512345857 -21.025854512345855 0 0 0 1 1 0 -0 -0 1 0 
1 58.258261431893459 -21.121383431893467 0 0 0 1 1 0 -0 -0 1 0 
1 57.691384272962985 -18.470405003084231 0 0 0 1 1 0 -0 -0 1 0 
1 55.147290751231232 -20.882758248768781 0 0 0 1 1 0 -0 -0 1 0 
1 56.184066448835239 -20.899185948835246 0 0 0 1 1 0 -0 -0 1 0 
1 58.105568526530597 -20.949819319097827 0 0 0 1 1 0 -0 -0 1 0 
1 59.621830253155792 -20.890954253155794 0 0 0 1 1 0 -0 -0 1 0 
1 53.778973217320257 -20.948714367154277 0 0 0 1 1 0 -0 -0 1 0 
1 52.838290978334747 -20.23228188552082 0 0 0 1 1 0 -0 -0 1 0 
1 48.789575141913488 -17.169783990863909 0 0 0 1 1 0 -0 -0 1 0 
1 51.460887432704922 -19.963109932704928 0 0 0 1 1 0 -0 -0 1 0 
1 52.929954124964176 -16.931606124964176 0 0 0 1 1 0 -0 -0 1 0 
1 53.260462122165478 -20.037510645535036 0 0 0 1 1 0 -0 -0 1 0 
1 51.502627999999994 -13.985222999999998 0 0 0 1 1 0 -0 -0 1 0 
1 52.570424192861822 -15.007446307138181 0 0 0 1 1 0 -0 -0 1 0 
1 52.885103183023304 -14.682091125378591 0 0 0 1 1 0 -0 -0 1 0 
1 50.038129195791797 -14.693413758572698 0 0 0 1 1 0 -0 -0 1 0 
1 55.303806334878516 -18.367113673122038 0 0 0 1 1 0 -0 -0 1 0 
1 50.41884439522088 -16.653741540659958 0 0 0 1 1 0 -0 -0 1 0 
1 58.218343711059696 -18.263280022914845 0 0 0 1 1 0 -0 -0 1 0 
1 58.937434570257473 -18.665357382169404 0 0 0 1 1 0 -0 -0 1 0 
1 54.041744465342397 -18.38407553319103 0 0 0 1 1 0 -0 -0 1 0 
1 58.548473497835495 -20.749789966819009 0 0 0 1 1 0 -0 -0 1 0 
1 59.995639434177342 -18.195985434177345 0 0 0 1 1 0 -0 -0 1 0 
1 58.18105586314487 -14.421605398325195 0 0 0 1 1 0 -0 -0 1 0 
1 58.376784174509979 -14.009939146760908 0 0 0 1 1 0 -0 -0 1 0 
1 59.850498881166203 -18.056372881628235 0 0 0 1 1 0 -0 -0 1 0 
1 54.562084520065191 -14.942187479934816 0 0 0 1 1 0 -0 -0 1 0 
1 57.040601279914931 -17.012832883006471 0 0 0 1 1 0 -0 -0 1 0 
1 59.833945552421781 -14.484066622438775 0 0 0 1 1 0 -0 -0 1 0 
1 28.948875870435053 -14.063986680307165 0 0 0 1 1 0 -0 -0 1 0 
1 35.94200760305521 -14.053134868123866 0 0 0 1 1 0 -0 -0 1 0 
1 37.253596755824248 -14.053255417854315 0 0 0 1 1 0 -0 -0 1 0 
1 35.319960000000002 -12.761632500000001 0 0 0 1 1 0 -0 -0 1 0 
1 31.073210716428211 -13.967183985394206 0 0 0 1 1 0 -0 -0 1 0 
1 29.65389198097321 -11.727484286293732 0 0 0 1 1 0 -0 -0 1 0 
1 29.306096666021642 -12.844899333978354 0 0 0 1 1 0 -0 -0 1 0 
1 35.692880912366007 -10.441467934924795 0 0 0 1 1 0 -0 -0 1 0 
1 32.570984240199103 -10.137927419115782 0 0 0 1 1 0 -0 -0 1 0 
1 38.543339412886368 -13.055560815687427 0 0 0 1 1 0 -0 -0 1 0 
1 33.227255545958371 -13.885902099164786 0 0 0 1 1 0 -0 -0 1 0 
1 33.227255545958371 -13.885902099164786 0 0 0 1 1 0 -0 -0 1 0 
1 28.897342150625594 -13.320406561635533 0 0 0 1 1 0 -0 -0 1 0 
1 38.543950748269772 -14.356357260685808 0 0 0 1 1 0 -0 -0 1 0 
1 40.906435909438933 -14.135355391677884 0 0 0 1 1 0 -0 -0 1 0 
1 44.133670090902484 -14.016445738533944 0 0 0 1 1 0 -0 -0 1 0 
1 44.563216664150346 -13.171052335849646 0 0 0 1 1 0 -0 -0 1 0 
1 47.326691586871952 -14.127201413128054 0 0 0 1 1 0 -0 -0 1 0 
1 40.160764499532583 -13.211602206310792 0 0 0 1 1 0 -0 -0 1 0 
1 44.918454335849646 -12.815814664150354 0 0 0 1 1 0 -0 -0 1 0 
1 40.602175504994989 -12.692434118737813 0 0 0 1 1 0 -0 -0 1 0 
1 42.221115210210378 -14.087997625276554 0 0 0 1 1 0 -0 -0 1 0 
1 38.098664793763234 -14.168392419429942 0 0 0 1 1 0 -0 -0 1 0 
1 29.082432055386832 -8.7472593680382218 0 0 0 1 1 0 -0 -0 1 0 
1 36.506412118021821 -9.9042331862625073 0 0 0 1 1 0 -0 -0 1 0 
1 32.05906756547332 -8.9397882227292644 0 0 0 1 1 0 -0 -0 1 0 
1 39.084377000000003 -7.6954170000000008 0 0 0 1 1 0 -0 -0 1 0 
1 37.484031642892177 -10.514981817908978 0 0 0 1 1 0 -0 -0 1 0 
1 33.937892999999995 -7.6954169999999982 0 0 0 1 1 0 -0 -0 1 0 
1 41.40572123333871 -5.9556070574294537 0 0 0 1 1 0 -0 -0 1 0 
1 44.037618626221708 -5.9615493169269822 0 0 0 1 1 0 -0 -0 1 0 
1 44.316941426185835 -6.1608973130406568 0 0 0 1 1 0 -0 -0 1 0 
1 41.671371359649768 -6.1131081505840212 0 0 0 1 1 0 -0 -0 1 0 
1 39.122479562940654 -9.3496238864902868 0 0 0 1 1 0 -0 -0 1 0 
1 29.665747845980597 -7.5807216540193965 0 0 0 1 1 0 -0 -0 1 0 
1 41.546736230147332 -9.904218091973279 0 0 0 1 1 0 -0 -0 1 0 
1 40.727483102114121 -10.44491934337587 0 0 0 1 1 0 -0 -0 1 0 
1 44.657664272211058 -10.200662437995305 0 0 0 1 1 0 -0 -0 1 0 
1 50.100794773360178 -12.503652726639823 0 0 0 1 1 0 -0 -0 1 0 
1 48.984989455199361 -10.522081377874503 0 0 0 1 1 0 -0 -0 1 0 
1 44.350334000000004 -7.695417 0 0 0 1 1 0 -0 -0 1 0 
1 50.189553416655087 -8.8018076450874414 0 0 0 1 1 0 -0 -0 1 0 
1 49.179468949586457 -6.7361459789490992 0 0 0 1 1 0 -0 -0 1 0 
1 47.634779978775917 -9.9080803721426207 0 0 0 1 1 0 -0 -0 1 0 
1 46.702353290442488 -6.8882690820160519 0 0 0 1 1 0 -0 -0 1 0 
1 49.417918570225666 -10.033491717592836 0 0 0 1 1 0 -0 -0 1 0 
1 40.247291992158594 -12.237025492158596 0 0 0 1 1 0 -0 -0 1 0 
1 46.556044911003774 -5.9723580145724657 0 0 0 1 1 0 -0 -0 1 0 
1 49.311603736842578 -13.762991587304237 0 0 0 1 1 0 -0 -0 1 0 
1 53.969798011607196 -13.889094988392813 0 0 0 1 1 0 -0 -0 1 0 
1 53.898853773558798 -13.959864732011654 0 0 0 1 1 0 -0 -0 1 0 
1 54.552827615788402 -13.715656394096756 0 0 0 1 1 0 -0 -0 1 0 
1 52.901689244831104 -13.731512486659506 0 0 0 1 1 0 -0 -0 1 0 
1 53.647456546532105 -12.881950162541381 0 0 0 1 1 0 -0 -0 1 0 
1 52.718950383584264 -13.426381509279794 0 0 0 1 1 0 -0 -0 1 0 
1 52.345821987604964 -13.370667987604964 0 0 0 1 1 0 -0 -0 1 0 
1 54.431843577774679 -13.178513478785799 0 0 0 1 1 0 -0 -0 1 0 
1 54.710449118847052 -13.389701153035487 0 0 0 1 1 0 -0 -0 1 0 
1 54.960556390961194 -14.294460541115575 0 0 0 1 1 0 -0 -0 1 0 
1 58.118327207595861 -13.491286778764659 0 0 0 1 1 0 -0 -0 1 0 
1 58.796570424483214 -13.0458422488324 0 0 0 1 1 0 -0 -0 1 0 
1 55.803619275679438 -16.464775048627299 0 0 0 1 1 0 -0 -0 1 0 
1 54.161936205676916 -12.497713794323081 0 0 0 1 1 0 -0 -0 1 0 
1 54.710059159695376 -12.926792340304623 0 0 0 1 1 0 -0 -0 1 0 
1 54.06886514478704 -12.902911220032186 0 0 0 1 1 0 -0 -0 1 0 
1 52.879435293932239 -10.174025280372065 0 0 0 1 1 0 -0 -0 1 0 
1 51.831791929926297 -9.9231799299263095 0 0 0 1 1 0 -0 -0 1 0 
1 53.383605466307209 -12.592889966307215 0 0 0 1 1 0 -0 -0 1 0 
1 55.854603996192786 -7.5382867224879284 0 0 0 1 1 0 -0 -0 1 0 
1 52.317187614763981 -10.324602046442246 0 0 0 1 1 0 -0 -0 1 0 
1 49.313789000718913 -6.8713928589671305 0 0 0 1 1 0 -0 -0 1 0 
1 55.790075537313996 -6.4144457120974865 0 0 0 1 1 0 -0 -0 1 0 
1 51.68214110552136 -5.2489841446272845 0 0 0 1 1 0 -0 -0 1 0 
1 51.843980335489377 -6.7847876645106204 0 0 0 1 1 0 -0 -0 1 0 
1 47.08647900024534 -6.2270788188332249 0 0 0 1 1 0 -0 -0 1 0 
1 53.635844124892792 -10.323836296994298 0 0 0 1 1 0 -0 -0 1 0 
1 57.792560064795218 -10.196760060922927 0 0 0 1 1 0 -0 -0 1 0 
1 59.01995056241735 -10.442453048888073 0 0 0 1 1 0 -0 -0 1 0 
1 58.283585016487741 -12.469177516487736 0 0 0 1 1 0 -0 -0 1 0 
1 59.916399859163079 -10.159278218320477 0 0 0 1 1 0 -0 -0 1 0 
1 56.219743082896628 -12.53166591710337 0 0 0 1 1 0 -0 -0 1 0 
1 58.312491504233115 -10.171035713026578 0 0 0 1 1 0 -0 -0 1 0 
1 56.129819355472357 -7.8163843554723575 0 0 0 1 1 0 -0 -0 1 0 
1 60.140409603816494 -6.8511586038164944 0 0 0 1 1 0 -0 -0 1 0 
1 60.148516383003773 -9.9348436169962255 0 0 0 1 1 0 -0 -0 1 0 
1 56.421048776443989 -7.007071732202979 0 0 0 1 1 0 -0 -0 1 0 
1 55.933471162872131 -9.1810071454909412 0 0 0 1 1 0 -0 -0 1 0 
1 52.504518143926845 -14.139683298180429 0 0 0 1 1 0 -0 -0 1 0 
1 29.852342048802676 -5.1881249052728897 0 0 0 1 1 0 -0 -0 1 0 
Triangulations 0

TShapes 2953
Ve
1e-07
-0.872838 -22.846294 0
0 0

0101101
*
Ve
1e-07
19.883106 -21.167225 0
0 0

0101101
*
Ve
1e-07
22.198114 -21.167225 0
0 0

0101101
*
Ve
1e-07
22.198114 -20.667225 0
0 0

0101101
*
Ve
1e-07
22.824804 -20.667225 0
0 0

0101101
*
Ve
1e-07
22.824804 -21.167225 0
0 0

0101101
*
Ve
1e-07
25.163504 -21.167225 0
0 0

0101101
*
Ve
1e-07
25.163504 -19.27198 0
0 0

0101101
*
Ve
1e-07
25.497702 -19.27198 0
0 0

0101101
*
Ve
1e-07
25.497702 -20.667225 0
0 0

0101101
*
Ve
1e-07
25.843504 -20.667225 0
0 0

0101101
*
Ve
1e-07
25.843504 -21.167225 0
0 0

0101101
*
Ve
1e-07
28.137915 -21.167225 0
0 0

0101101
*
Ve
1e-07
28.137915 -20.667225 0
0 0

0101101
*
Ve
1e-07
28.972462 -20.667225 0
0 0

0101101
*
Ve
1e-07
28.972462 -21.167225 0
0 0

0101101
*
Ve
1e-07
31.193167 -21.167225 0
0 0

0101101
*
Ve
1e-07
31.193167 -20.667225 0
0 0

0101101
*
Ve
1e-07
32.044357 -20.667225 0
0 0

0101101
*
Ve
1e-07
32.044357 -21.167225 0
0 0

0101101
*
Ve
1e-07
34.295971 -21.167225 0
0 0

0101101
*
Ve
1e-07
34.295971 -20.667225 0
0 0

0101101
*
Ve
1e-07
35.071075 -20.667225 0
0 0

0101101
*
Ve
1e-07
35.071075 -21.167225 0
0 0

0101101
*
Ve
1e-07
37.36311 -21.167225 0
0 0

0101101
*
Ve
1e-07
37.36311 -20.667225 0
0 0

0101101
*
Ve
1e-07
38.185768 -20.667225 0
0 0

0101101
*
Ve
1e-07
38.185768 -21.167225 0
0 0

0101101
*
Ve
1e-07
40.435005 -21.167225 0
0 0

0101101
*
Ve
1e-07
40.435005 -20.667225 0
0 0

0101101
*
Ve
1e-07
40.977104 -20.667225 0
0 0

0101101
*
Ve
1e-07
40.977104 -21.167225 0
0 0

0101101
*
Ve
1e-07
42.198662 -21.167225 0
0 0

0101101
*
Ve
1e-07
42.198662 -20.667225 0
0 0

0101101
*
Ve
1e-07
42.800743 -20.667225 0
0 0

0101101
*
Ve
1e-07
42.800743 -21.167225 0
0 0

0101101
*
Ve
1e-07
44.017044 -21.167225 0
0 0

0101101
*
Ve
1e-07
44.017044 -20.667225 0
0 0

0101101
*
Ve
1e-07
45.438313 -20.667225 0
0 0

0101101
*
Ve
1e-07
45.438313 -15.553657 0
0 0

0101101
*
Ve
1e-07
42.417572 -15.553657 0
0 0

0101101
*
Ve
1e-07
42.417572 -19.734463 0
0 0

0101101
*
Ve
1e-07
42.198662 -19.734463 0
0 0

0101101
*
Ve
1e-07
42.198662 -15.290259 0
0 0

0101101
*
Ve
1e-07
47.718864 -15.290259 0
0 0

0101101
*
Ve
1e-07
47.718864 -13.393448 0
0 0

0101101
*
Ve
1e-07
46.505215 -13.393448 0
0 0

0101101
*
Ve
1e-07
46.505215 -12.593419 0
0 0

0101101
*
Ve
1e-07
42.976456 -12.593419 0
0 0

0101101
*
Ve
1e-07
42.976456 -13.393448 0
0 0

0101101
*
Ve
1e-07
41.486641 -13.393448 0
0 0

0101101
*
Ve
1e-07
41.486641 -12.09834 0
0 0

0101101
*
Ve
1e-07
48.234665 -12.09834 0
0 0

0101101
*
Ve
1e-07
48.234665 -15.64809 0
0 0

0101101
*
Ve
1e-07
45.865223 -15.64809 0
0 0

0101101
*
Ve
1e-07
45.865223 -21.167225 0
0 0

0101101
*
Ve
1e-07
47.741405 -21.167225 0
0 0

0101101
*
Ve
1e-07
47.741405 -20.667225 0
0 0

0101101
*
Ve
1e-07
48.241405 -20.667225 0
0 0

0101101
*
Ve
1e-07
48.241405 -21.167225 0
0 0

0101101
*
Ve
1e-07
51.429199 -21.167225 0
0 0

0101101
*
Ve
1e-07
51.429199 -20.667225 0
0 0

0101101
*
Ve
1e-07
51.929199 -20.667225 0
0 0

0101101
*
Ve
1e-07
51.929199 -20.991388 0
0 0

0101101
*
Ve
1e-07
52.853127 -20.991388 0
0 0

0101101
*
Ve
1e-07
52.853127 -21.167225 0
0 0

0101101
*
Ve
1e-07
54.49028 -21.167225 0
0 0

0101101
*
Ve
1e-07
54.49028 -20.667225 0
0 0

0101101
*
Ve
1e-07
54.99028 -20.667225 0
0 0

0101101
*
Ve
1e-07
54.99028 -20.991388 0
0 0

0101101
*
Ve
1e-07
55.411205 -20.991388 0
0 0

0101101
*
Ve
1e-07
55.411205 -15.64809 0
0 0

0101101
*
Ve
1e-07
51.550514 -15.64809 0
0 0

0101101
*
Ve
1e-07
51.550514 -19.316933 0
0 0

0101101
*
Ve
1e-07
51.429199 -19.316933 0
0 0

0101101
*
Ve
1e-07
51.429199 -14.523755 0
0 0

0101101
*
Ve
1e-07
51.576057 -14.523755 0
0 0

0101101
*
Ve
1e-07
51.576057 -15.201574 0
0 0

0101101
*
Ve
1e-07
53.854355 -15.201574 0
0 0

0101101
*
Ve
1e-07
53.854355 -14.384821 0
0 0

0101101
*
Ve
1e-07
54.010944 -14.384821 0
0 0

0101101
*
Ve
1e-07
54.010944 -15.201574 0
0 0

0101101
*
Ve
1e-07
55.411205 -15.201574 0
0 0

0101101
*
Ve
1e-07
55.411205 -13.335421 0
0 0

0101101
*
Ve
1e-07
54.988014 -13.335421 0
0 0

0101101
*
Ve
1e-07
54.988014 -12.716881 0
0 0

0101101
*
Ve
1e-07
54.233387 -12.716881 0
0 0

0101101
*
Ve
1e-07
54.233387 -12.358088 0
0 0

0101101
*
Ve
1e-07
54.010944 -12.358088 0
0 0

0101101
*
Ve
1e-07
54.010944 -13.463192 0
0 0

0101101
*
Ve
1e-07
53.858829 -13.463192 0
0 0

0101101
*
Ve
1e-07
53.858829 -12.09834 0
0 0

0101101
*
Ve
1e-07
55.536922 -12.09834 0
0 0

0101101
*
Ve
1e-07
55.536922 -20.991388 0
0 0

0101101
*
Ve
1e-07
56.691452 -20.991388 0
0 0

0101101
*
Ve
1e-07
56.691452 -20.667225 0
0 0

0101101
*
Ve
1e-07
57.191452 -20.667225 0
0 0

0101101
*
Ve
1e-07
57.191452 -21.167225 0
0 0

0101101
*
Ve
1e-07
59.240917 -21.167225 0
0 0

0101101
*
Ve
1e-07
59.240917 -20.991388 0
0 0

0101101
*
Ve
1e-07
59.879448 -20.991388 0
0 0

0101101
*
Ve
1e-07
59.879448 -20.667225 0
0 0

0101101
*
Ve
1e-07
60.035175 -20.667225 0
0 0

0101101
*
Ve
1e-07
60.035175 -15.64809 0
0 0

0101101
*
Ve
1e-07
59.612598 -15.64809 0
0 0

0101101
*
Ve
1e-07
59.612598 -15.201574 0
0 0

0101101
*
Ve
1e-07
60.035175 -15.201574 0
0 0

0101101
*
Ve
1e-07
60.035175 -13.750585 0
0 0

0101101
*
Ve
1e-07
59.653408 -13.750585 0
0 0

0101101
*
Ve
1e-07
59.653408 -12.09834 0
0 0

0101101
*
Ve
1e-07
60.243515 -12.09834 0
0 0

0101101
*
Ve
1e-07
60.243515 -7.945417 0
0 0

0101101
*
Ve
1e-07
59.879448 -7.945417 0
0 0

0101101
*
Ve
1e-07
59.879448 -7.445417 0
0 0

0101101
*
Ve
1e-07
60.243515 -7.445417 0
0 0

0101101
*
Ve
1e-07
60.243515 -6.099044 0
0 0

0101101
*
Ve
1e-07
51.722725 -6.094463 0
0 0

0101101
*
Ve
1e-07
51.722725 -7.302092 0
0 0

0101101
*
Ve
1e-07
52.138256 -7.302092 0
0 0

0101101
*
Ve
1e-07
52.138256 -7.945417 0
0 0

0101101
*
Ve
1e-07
51.722725 -7.945417 0
0 0

0101101
*
Ve
1e-07
51.722725 -12.09834 0
0 0

0101101
*
Ve
1e-07
53.165169 -12.09834 0
0 0

0101101
*
Ve
1e-07
53.165169 -13.344227 0
0 0

0101101
*
Ve
1e-07
51.576057 -13.344227 0
0 0

0101101
*
Ve
1e-07
51.576057 -13.446691 0
0 0

0101101
*
Ve
1e-07
51.429199 -13.446691 0
0 0

0101101
*
Ve
1e-07
51.429199 -12.09834 0
0 0

0101101
*
Ve
1e-07
51.494934 -12.09834 0
0 0

0101101
*
Ve
1e-07
51.494934 -5.950483 0
0 0

0101101
*
Ve
1e-07
51.751713 -5.950697 0
0 0

0101101
*
Ve
1e-07
51.751713 -4.429752 0
0 0

0101101
*
Ve
1e-07
7.941555 -4.432139 0
0 0

0101101
*
Ve
1e-07
7.941555 -5.775168 0
0 0

0101101
*
Ve
1e-07
7.941555 -12.09834 0
0 0

0101101
*
Ve
1e-07
14.063998 -12.09834 0
0 0

0101101
*
Ve
1e-07
14.063998 -13.362581 0
0 0

0101101
*
Ve
1e-07
8.866437 -13.362581 0
0 0

0101101
*
Ve
1e-07
8.866437 -12.59834 0
0 0

0101101
*
Ve
1e-07
7.969954 -12.59834 0
0 0

0101101
*
Ve
1e-07
7.969954 -13.89238 0
0 0

0101101
*
Ve
1e-07
6.103945 -13.89238 0
0 0

0101101
*
Ve
1e-07
6.103945 -12.59834 0
0 0

0101101
*
Ve
1e-07
4.447446 -12.59834 0
0 0

0101101
*
Ve
1e-07
4.447446 -13.167044 0
0 0

0101101
*
Ve
1e-07
3.889874 -13.167044 0
0 0

0101101
*
Ve
1e-07
3.889874 -12.59834 0
0 0

0101101
*
Ve
1e-07
3.741729 -12.59834 0
0 0

0101101
*
Ve
1e-07
2.76256 -12.59834 0
0 0

0101101
*
Ve
1e-07
2.76256 -13.167044 0
0 0

0101101
*
Ve
1e-07
2.122954 -13.167044 0
0 0

0101101
*
Ve
1e-07
2.122954 -12.09834 0
0 0

0101101
*
Ve
1e-07
7.758647 -12.09834 0
0 0

0101101
*
Ve
1e-07
7.758647 -7.945417 0
0 0

0101101
*
Ve
1e-07
7.301282 -7.945417 0
0 0

0101101
*
Ve
1e-07
7.301282 -7.445417 0
0 0

0101101
*
Ve
1e-07
7.758647 -7.445417 0
0 0

0101101
*
Ve
1e-07
7.758647 -5.958076 0
0 0

0101101
*
Ve
1e-07
5.119462 -5.958076 0
0 0

0101101
*
Ve
1e-07
5.119462 -6.094361 0
0 0

0101101
*
Ve
1e-07
-0.836694 -6.094361 0
0 0

0101101
*
Ve
1e-07
-0.836694 -7.445417 0
0 0

0101101
*
Ve
1e-07
-0.515486 -7.445417 0
0 0

0101101
*
Ve
1e-07
-0.515486 -7.945417 0
0 0

0101101
*
Ve
1e-07
-0.836694 -7.945417 0
0 0

0101101
*
Ve
1e-07
-0.836694 -12.09834 0
0 0

0101101
*
Ve
1e-07
-0.333365 -12.09834 0
0 0

0101101
*
Ve
1e-07
-0.333365 -12.59834 0
0 0

0101101
*
Ve
1e-07
-0.872838 -12.59834 0
0 0

0101101
*
Ve
1e-07
-0.872838 -15.245499 0
0 0

0101101
*
Ve
1e-07
-0.515486 -15.245499 0
0 0

0101101
*
Ve
1e-07
-0.515486 -15.745499 0
0 0

0101101
*
Ve
1e-07
-0.872838 -15.745499 0
0 0

0101101
*
Ve
1e-07
-0.872838 -17.994743 0
0 0

0101101
*
Ve
1e-07
-0.515486 -17.994743 0
0 0

0101101
*
Ve
1e-07
-0.515486 -18.494743 0
0 0

0101101
*
Ve
1e-07
-0.872838 -18.494743 0
0 0

0101101
*
Ve
1e-07
-0.872838 -20.667225 0
0 0

0101101
*
Ve
1e-07
-0.515486 -20.667225 0
0 0

0101101
*
Ve
1e-07
-0.515486 -21.167225 0
0 0

0101101
*
Ve
1e-07
-0.872838 -21.167225 0
0 0

0101101
*
Ve
1e-07
14.218829 -22.846294 0
0 0

0101101
*
Ve
1e-07
14.218829 -21.167225 0
0 0

0101101
*
Ve
1e-07
13.797968 -21.167225 0
0 0

0101101
*
Ve
1e-07
13.797968 -20.667225 0
0 0

0101101
*
Ve
1e-07
19.883106 -20.667225 0
0 0

0101101
*
Ve
1e-07
56.577461 -12.09834 0
0 0

0101101
*
Ve
1e-07
57.363842 -12.09834 0
0 0

0101101
*
Ve
1e-07
57.363842 -13.290095 0
0 0

0101101
*
Ve
1e-07
56.577461 -13.290095 0
0 0

0101101
*
Ve
1e-07
41.350021 -7.445417 0
0 0

0101101
*
Ve
1e-07
41.850021 -7.445417 0
0 0

0101101
*
Ve
1e-07
41.850021 -7.945417 0
0 0

0101101
*
Ve
1e-07
41.350021 -7.945417 0
0 0

0101101
*
Ve
1e-07
46.850647 -7.945417 0
0 0

0101101
*
Ve
1e-07
46.850647 -7.445417 0
0 0

0101101
*
Ve
1e-07
47.350647 -7.445417 0
0 0

0101101
*
Ve
1e-07
47.350647 -7.945417 0
0 0

0101101
*
Ve
1e-07
36.318733 -7.445417 0
0 0

0101101
*
Ve
1e-07
36.818733 -7.445417 0
0 0

0101101
*
Ve
1e-07
36.818733 -7.945417 0
0 0

0101101
*
Ve
1e-07
36.318733 -7.945417 0
0 0

0101101
*
Ve
1e-07
37.382626 -15.680685 0
0 0

0101101
*
Ve
1e-07
37.382626 -15.179956 0
0 0

0101101
*
Ve
1e-07
37.885277 -15.179956 0
0 0

0101101
*
Ve
1e-07
37.885277 -15.680685 0
0 0

0101101
*
Ve
1e-07
39.230572 -12.09834 0
0 0

0101101
*
Ve
1e-07
39.230572 -12.59834 0
0 0

0101101
*
Ve
1e-07
39.230572 -13.588746 0
0 0

0101101
*
Ve
1e-07
39.081974 -13.588746 0
0 0

0101101
*
Ve
1e-07
39.081974 -12.59834 0
0 0

0101101
*
Ve
1e-07
37.959568 -12.59834 0
0 0

0101101
*
Ve
1e-07
37.959568 -13.424925 0
0 0

0101101
*
Ve
1e-07
36.436127 -13.424925 0
0 0

0101101
*
Ve
1e-07
36.436127 -12.09834 0
0 0

0101101
*
Ve
1e-07
25.253517 -7.445417 0
0 0

0101101
*
Ve
1e-07
25.847837 -7.445417 0
0 0

0101101
*
Ve
1e-07
25.847837 -8.078924 0
0 0

0101101
*
Ve
1e-07
25.751213 -8.078924 0
0 0

0101101
*
Ve
1e-07
25.751213 -10.215902 0
0 0

0101101
*
Ve
1e-07
27.500479 -10.215902 0
0 0

0101101
*
Ve
1e-07
27.500479 -8.078924 0
0 0

0101101
*
Ve
1e-07
27.095913 -8.078924 0
0 0

0101101
*
Ve
1e-07
27.095913 -7.445417 0
0 0

0101101
*
Ve
1e-07
28.045052 -7.445417 0
0 0

0101101
*
Ve
1e-07
28.045052 -10.654753 0
0 0

0101101
*
Ve
1e-07
25.253517 -10.654753 0
0 0

0101101
*
Ve
1e-07
25.253517 -7.920875 0
0 0

0101101
*
Ve
1e-07
31.057053 -7.945417 0
0 0

0101101
*
Ve
1e-07
31.057053 -7.445417 0
0 0

0101101
*
Ve
1e-07
31.557053 -7.445417 0
0 0

0101101
*
Ve
1e-07
31.557053 -7.945417 0
0 0

0101101
*
Ve
1e-07
25.497702 -15.820981 0
0 0

0101101
*
Ve
1e-07
25.497702 -17.34659 0
0 0

0101101
*
Ve
1e-07
25.163504 -17.34659 0
0 0

0101101
*
Ve
1e-07
25.163504 -14.99385 0
0 0

0101101
*
Ve
1e-07
25.497702 -14.99385 0
0 0

0101101
*
Ve
1e-07
25.497702 -15.199105 0
0 0

0101101
*
Ve
1e-07
27.492464 -15.199105 0
0 0

0101101
*
Ve
1e-07
27.492464 -15.001662 0
0 0

0101101
*
Ve
1e-07
28.109385 -15.001662 0
0 0

0101101
*
Ve
1e-07
28.109385 -15.820981 0
0 0

0101101
*
Ve
1e-07
25.497702 -12.59834 0
0 0

0101101
*
Ve
1e-07
25.497702 -13.914638 0
0 0

0101101
*
Ve
1e-07
25.192783 -13.914638 0
0 0

0101101
*
Ve
1e-07
25.192783 -12.09834 0
0 0

0101101
*
Ve
1e-07
34.203793 -12.09834 0
0 0

0101101
*
Ve
1e-07
34.203793 -13.424925 0
0 0

0101101
*
Ve
1e-07
30.169342 -13.424925 0
0 0

0101101
*
Ve
1e-07
30.169342 -12.59834 0
0 0

0101101
*
Ve
1e-07
28.109385 -12.59834 0
0 0

0101101
*
Ve
1e-07
28.109385 -13.931674 0
0 0

0101101
*
Ve
1e-07
27.485334 -13.931674 0
0 0

0101101
*
Ve
1e-07
27.485334 -13.228333 0
0 0

0101101
*
Ve
1e-07
26.481976 -13.228333 0
0 0

0101101
*
Ve
1e-07
26.481976 -12.59834 0
0 0

0101101
*
Ve
1e-07
2.122954 -15.295718 0
0 0

0101101
*
Ve
1e-07
2.794467 -15.295718 0
0 0

0101101
*
Ve
1e-07
2.794467 -15.569601 0
0 0

0101101
*
Ve
1e-07
2.122954 -15.569601 0
0 0

0101101
*
Ve
1e-07
11.563829 -15.58762 0
0 0

0101101
*
Ve
1e-07
11.563829 -15.254338 0
0 0

0101101
*
Ve
1e-07
12.734459 -15.254338 0
0 0

0101101
*
Ve
1e-07
12.734459 -15.58762 0
0 0

0101101
*
Ve
1e-07
3.857949 -15.832073 0
0 0

0101101
*
Ve
1e-07
3.857949 -15.168612 0
0 0

0101101
*
Ve
1e-07
7.969954 -15.168612 0
0 0

0101101
*
Ve
1e-07
7.969954 -15.832073 0
0 0

0101101
*
Ve
1e-07
10.110528 -21.167225 0
0 0

0101101
*
Ve
1e-07
10.110528 -20.667225 0
0 0

0101101
*
Ve
1e-07
10.610528 -20.667225 0
0 0

0101101
*
Ve
1e-07
10.610528 -21.167225 0
0 0

0101101
*
Ve
1e-07
16.600237 -15.58762 0
0 0

0101101
*
Ve
1e-07
16.600237 -15.280799 0
0 0

0101101
*
Ve
1e-07
17.728954 -15.280799 0
0 0

0101101
*
Ve
1e-07
17.728954 -15.58762 0
0 0

0101101
*
Ve
1e-07
2.683796 -21.167225 0
0 0

0101101
*
Ve
1e-07
2.683796 -20.667225 0
0 0

0101101
*
Ve
1e-07
3.183796 -20.667225 0
0 0

0101101
*
Ve
1e-07
3.183796 -21.167225 0
0 0

0101101
*
Ve
1e-07
13.870456 -7.945417 0
0 0

0101101
*
Ve
1e-07
13.870456 -7.445417 0
0 0

0101101
*
Ve
1e-07
14.370456 -7.445417 0
0 0

0101101
*
Ve
1e-07
14.370456 -7.945417 0
0 0

0101101
*
Ve
1e-07
6.421478 -21.167225 0
0 0

0101101
*
Ve
1e-07
6.421478 -20.667225 0
0 0

0101101
*
Ve
1e-07
6.921478 -20.667225 0
0 0

0101101
*
Ve
1e-07
6.921478 -21.167225 0
0 0

0101101
*
Ve
1e-07
22.706026 -15.589564 0
0 0

0101101
*
Ve
1e-07
21.567581 -15.589564 0
0 0

0101101
*
Ve
1e-07
21.567581 -15.280799 0
0 0

0101101
*
Ve
1e-07
22.706026 -15.280799 0
0 0

0101101
*
Ve
1e-07
16.395424 -13.362581 0
0 0

0101101
*
Ve
1e-07
16.395424 -12.59834 0
0 0

0101101
*
Ve
1e-07
16.395424 -12.09834 0
0 0

0101101
*
Ve
1e-07
19.790588 -12.09834 0
0 0

0101101
*
Ve
1e-07
19.790588 -7.945417 0
0 0

0101101
*
Ve
1e-07
19.683609 -7.945417 0
0 0

0101101
*
Ve
1e-07
19.683609 -7.652564 0
0 0

0101101
*
Ve
1e-07
19.683609 -7.300323 0
0 0

0101101
*
Ve
1e-07
21.647352 -7.300323 0
0 0

0101101
*
Ve
1e-07
21.647352 -7.652564 0
0 0

0101101
*
Ve
1e-07
21.647352 -7.945417 0
0 0

0101101
*
Ve
1e-07
21.540373 -7.945417 0
0 0

0101101
*
Ve
1e-07
21.540373 -12.09834 0
0 0

0101101
*
Ve
1e-07
22.921515 -12.09834 0
0 0

0101101
*
Ve
1e-07
22.921515 -12.59834 0
0 0

0101101
*
Ve
1e-07
22.921515 -13.362581 0
0 0

0101101
*
Ve
1e-07
21.385948 -13.362581 0
0 0

0101101
*
Ve
1e-07
21.385948 -12.59834 0
0 0

0101101
*
Ve
1e-07
21.385948 -7.945417 0
0 0

0101101
*
Ve
1e-07
21.278969 -7.945417 0
0 0

0101101
*
Ve
1e-07
21.278969 -7.652564 0
0 0

0101101
*
Ve
1e-07
20.051992 -7.652564 0
0 0

0101101
*
Ve
1e-07
20.051992 -7.945417 0
0 0

0101101
*
Ve
1e-07
19.945013 -7.945417 0
0 0

0101101
*
Ve
1e-07
19.945013 -12.59834 0
0 0

0101101
*
Ve
1e-07
19.945013 -13.362581 0
0 0

0101101
*
Co

0100000
+2953 0 +2952 0 +2951 0 +2950 0 +2949 0 +2948 0 +2947 0 +2946 0 +2945 0 +2944 0 
+2943 0 +2942 0 +2941 0 +2940 0 +2939 0 +2938 0 +2937 0 +2936 0 +2935 0 +2934 0 
+2933 0 +2932 0 +2931 0 +2930 0 +2929 0 +2928 0 +2927 0 +2926 0 +2925 0 +2924 0 
+2923 0 +2922 0 +2921 0 +2920 0 +2919 0 +2918 0 +2917 0 +2916 0 +2915 0 +2914 0 
+2913 0 +2912 0 +2911 0 +2910 0 +2909 0 +2908 0 +2907 0 +2906 0 +2905 0 +2904 0 
+2903 0 +2902 0 +2901 0 +2900 0 +2899 0 +2898 0 +2897 0 +2896 0 +2895 0 +2894 0 
+2893 0 +2892 0 +2891 0 +2890 0 +2889 0 +2888 0 +2887 0 +2886 0 +2885 0 +2884 0 
+2883 0 +2882 0 +2881 0 +2880 0 +2879 0 +2878 0 +2877 0 +2876 0 +2875 0 +2874 0 
+2873 0 +2872 0 +2871 0 +2870 0 +2869 0 +2868 0 +2867 0 +2866 0 +2865 0 +2864 0 
+2863 0 +2862 0 +2861 0 +2860 0 +2859 0 +2858 0 +2857 0 +2856 0 +2855 0 +2854 0 
+2853 0 +2852 0 +2851 0 +2850 0 +2849 0 +2848 0 +2847 0 +2846 0 +2845 0 +2844 0 
+2843 0 +2842 0 +2841 0 +2840 0 +2839 0 +2838 0 +2837 0 +2836 0 +2835 0 +2834 0 
+2833 0 +2832 0 +2831 0 +2830 0 +2829 0 +2828 0 +2827 0 +2826 0 +2825 0 +2824 0 
+2823 0 +2822 0 +2821 0 +2820 0 +2819 0 +2818 0 +2817 0 +2816 0 +2815 0 +2814 0 
+2813 0 +2812 0 +2811 0 +2810 0 +2809 0 +2808 0 +2807 0 +2806 0 +2805 0 +2804 0 
+2803 0 +2802 0 +2801 0 +2800 0 +2799 0 +2798 0 +2797 0 +2796 0 +2795 0 +2794 0 
+2793 0 +2792 0 +2791 0 +2790 0 +2789 0 +2788 0 +2787 0 +2786 0 +2785 0 +2784 0 
+2783 0 +2782 0 +2781 0 +2780 0 +2779 0 +2778 0 +2777 0 +2776 0 +2775 0 +2774 0 
+2773 0 +2772 0 +2771 0 +2770 0 +2769 0 +2768 0 +2767 0 +2766 0 +2765 0 +2764 0 
+2763 0 +2762 0 +2761 0 +2760 0 +2759 0 +2758 0 +2757 0 +2756 0 +2755 0 +2754 0 
+2753 0 +2752 0 +2751 0 +2750 0 +2749 0 +2748 0 +2747 0 +2746 0 +2745 0 +2744 0 
+2743 0 +2742 0 +2741 0 +2740 0 +2739 0 +2738 0 +2737 0 +2736 0 +2735 0 +2734 0 
+2733 0 +2732 0 +2731 0 +2730 0 +2729 0 +2728 0 +2727 0 +2726 0 +2725 0 +2724 0 
+2723 0 +2722 0 +2721 0 +2720 0 +2719 0 +2718 0 +2717 0 +2716 0 +2715 0 +2714 0 
+2713 0 +2712 0 +2711 0 +2710 0 +2709 0 +2708 0 +2707 0 +2706 0 +2705 0 +2704 0 
+2703 0 +2702 0 +2701 0 +2700 0 +2699 0 +2698 0 +2697 0 +2696 0 +2695 0 +2694 0 
+2693 0 +2692 0 +2691 0 +2690 0 +2689 0 +2688 0 +2687 0 +2686 0 +2685 0 +2684 0 
+2683 0 +2682 0 +2681 0 +2680 0 +2679 0 +2678 0 +2677 0 +2676 0 +2675 0 +2674 0 
+2673 0 +2672 0 +2671 0 +2670 0 +2669 0 +2668 0 +2667 0 +2666 0 +2665 0 +2664 0 
+2663 0 +2662 0 +2661 0 +2660 0 +2659 0 +2658 0 +2657 0 +2656 0 +2655 0 +2654 0 
+2653 0 +2652 0 +2651 0 +2650 0 +2649 0 +2648 0 +2647 0 +2646 0 +2645 0 +2644 0 
+2643 0 +2642 0 +2641 0 +2640 0 +2639 0 +2638 0 +2637 0 +2636 0 *
Ve
1e-07
-0.515486 -21.167225 0
0 0

0101101
*
Ve
1e-07
-0.872838 -21.167225 0
0 0

0101101
*
Ed
 1e-07 1 1 0
1  1 0 0 0.357352
2  1 1 0 0 0.357352
0

0101000
+2634 0 -2633 0 *
Ve
1e-07
-0.872838 -22.846294 0
0 0

0101101
*
Ed
 1e-07 1 1 0
1  2 0 0 1.679069
2  2 1 0 0 1.679069
0

0101000
+2633 0 -2631 0 *
Ed
 1e-07 1 1 0
1  3 0 0 1.71667503001151
2  3 1 0 0 1.71667503001151
0

0101000
+2631 0 -2634 0 *
Wi

0101100
+2632 0 +2630 0 +2629 0 *
Fa
0  1e-07 1 0

0101000
+2628 0 *
Ve
1e-07
-0.515486 -21.167225 0
0 0

0101101
*
Ve
1e-07
2.683796 -21.167225 0
0 0

0101101
*
Ed
 1e-07 1 1 0
1  4 0 0 3.199282
2  4 2 0 0 3.199282
0

0101000
+2626 0 -2625 0 *
Ve
1e-07
2.683796 -20.667225 0
0 0

0101101
*
Ed
 1e-07 1 1 0
1  5 0 0 0.5
2  5 2 0 0 0.5
0

0101000
+2625 0 -2623 0 *
Ve
1e-07
-0.515486 -20.667225 0
0 0

0101101
*
Ed
 1e-07 1 1 0
1  6 0 0 3.199282
2  6 2 0 0 3.199282
0

0101000
+2623 0 -2621 0 *
Ed
 1e-07 1 1 0
1  7 0 0 0.5
2  7 2 0 0 0.5
0

0101000
+2621 0 -2626 0 *
Wi

0101100
+2624 0 +2622 0 +2620 0 +2619 0 *
Fa
0  1e-07 2 0

0101000
+2618 0 *
Ve
1e-07
-0.872838 -22.846294 0
0 0

0101101
*
Ve
1e-07
2.683796 -21.167225 0
0 0

0101101
*
Ed
 1e-07 1 1 0
1  8 0 0 3.93305455298004
2  8 3 0 0 3.93305455298004
0

0101000
+2616 0 -2615 0 *
Ve
1e-07
-0.515486 -21.167225 0
0 0

0101101
*
Ed
 1e-07 1 1 0
1  9 0 0 3.199282
2  9 3 0 0 3.199282
0

0101000
+2615 0 -2613 0 *
Ed
 1e-07 1 1 0
1  10 0 0 1.71667503001151
2  10 3 0 0 1.71667503001151
0

0101000
+2613 0 -2616 0 *
Wi

0101100
+2614 0 +2612 0 +2611 0 *
Fa
0  1e-07 3 0

0101000
+2610 0 *
Ve
1e-07
2.683796 -21.167225 0
0 0

0101101
*
Ve
1e-07
-0.872838 -22.846294 0
0 0

0101101
*
Ed
 1e-07 1 1 0
1  11 0 0 3.93305455298004
2  11 4 0 0 3.93305455298004
0

0101000
+2608 0 -2607 0 *
Ve
1e-07
3.183796 -21.167225 0
0 0

0101101
*
Ed
 1e-07 1 1 0
1  12 0 0 4.39039316197502
2  12 4 0 0 4.39039316197502
0

0101000
+2607 0 -2605 0 *
Ed
 1e-07 1 1 0
1  13 0 0 0.5
2  13 4 0 0 0.5
0

0101000
+2605 0 -2608 0 *
Wi

0101100
+2606 0 +2604 0 +2603 0 *
Fa
0  1e-07 4 0

0101000
+2602 0 *
Ve
1e-07
-0.872838 -20.667225 0
0 0

0101101
*
Ve
1e-07
-0.515486 -20.667225 0
0 0

0101101
*
Ed
 1e-07 1 1 0
1  14 0 0 0.357352
2  14 5 0 0 0.357352
0

0101000
+2600 0 -2599 0 *
Ve
1e-07
-0.515486 -18.494743 0
0 0

0101101
*
Ed
 1e-07 1 1 0
1  15 0 0 2.172482
2  15 5 0 0 2.172482
0

0101000
+2599 0 -2597 0 *
Ve
1e-07
-0.872838 -18.494743 0
0 0

0101101
*
Ed
 1e-07 1 1 0
1  16 0 0 0.357352
2  16 5 0 0 0.357352
0

0101000
+2597 0 -2595 0 *
Ed
 1e-07 1 1 0
1  17 0 0 2.172482
2  17 5 0 0 2.172482
0

0101000
+2595 0 -2600 0 *
Wi

0101100
+2598 0 +2596 0 +2594 0 +2593 0 *
Fa
0  1e-07 5 0

0101000
+2592 0 *
Ve
1e-07
-0.515486 -18.494743 0
0 0

0101101
*
Ve
1e-07
-0.515486 -20.667225 0
0 0

0101101
*
Ed
 1e-07 1 1 0
1  18 0 0 2.172482
2  18 6 0 0 2.172482
0

0101000
+2590 0 -2589 0 *
Ve
1e-07
2.683796 -20.667225 0
0 0

0101101
*
Ed
 1e-07 1 1 0
1  19 0 0 3.199282
2  19 6 0 0 3.199282
0

0101000
+2589 0 -2587 0 *
Ed
 1e-07 1 1 0
1  20 0 0 3.86718028489079
2  20 6 0 0 3.86718028489079
0

0101000
+2587 0 -2590 0 *
Wi

0101100
+2588 0 +2586 0 +2585 0 *
Fa
0  1e-07 6 0

0101000
+2584 0 *
Ve
1e-07
3.183796 -20.667225 0
0 0

0101101
*
Ve
1e-07
-0.515486 -18.494743 0
0 0

0101101
*
Ed
 1e-07 1 1 0
1  21 0 0 4.29003092714353
2  21 7 0 0 4.29003092714353
0

0101000
+2582 0 -2581 0 *
Ve
1e-07
2.683796 -20.667225 0
0 0

0101101
*
Ed
 1e-07 1 1 0
1  22 0 0 3.86718028489079
2  22 7 0 0 3.86718028489079
0

0101000
+2581 0 -2579 0 *
Ed
 1e-07 1 1 0
1  23 0 0 0.5
2  23 7 0 0 0.5
0

0101000
+2579 0 -2582 0 *
Wi

0101100
+2580 0 +2578 0 +2577 0 *
Fa
0  1e-07 7 0

0101000
+2576 0 *
Ve
1e-07
3.183796 -21.167225 0
0 0

0101101
*
Ve
1e-07
6.421478 -21.167225 0
0 0

0101101
*
Ed
 1e-07 1 1 0
1  24 0 0 3.237682
2  24 8 0 0 3.237682
0

0101000
+2574 0 -2573 0 *
Ve
1e-07
6.421478 -20.667225 0
0 0

0101101
*
Ed
 1e-07 1 1 0
1  25 0 0 0.5
2  25 8 0 0 0.5
0

0101000
+2573 0 -2571 0 *
Ve
1e-07
3.183796 -20.667225 0
0 0

0101101
*
Ed
 1e-07 1 1 0
1  26 0 0 3.237682
2  26 8 0 0 3.237682
0

0101000
+2571 0 -2569 0 *
Ed
 1e-07 1 1 0
1  27 0 0 0.5
2  27 8 0 0 0.5
0

0101000
+2569 0 -2574 0 *
Wi

0101100
+2572 0 +2570 0 +2568 0 +2567 0 *
Fa
0  1e-07 8 0

0101000
+2566 0 *
Ve
1e-07
-0.872838 -22.846294 0
0 0

0101101
*
Ve
1e-07
6.421478 -21.167225 0
0 0

0101101
*
Ed
 1e-07 1 1 0
1  28 0 0 7.48507305339213
2  28 9 0 0 7.48507305339213
0

0101000
+2564 0 -2563 0 *
Ve
1e-07
3.183796 -21.167225 0
0 0

0101101
*
Ed
 1e-07 1 1 0
1  29 0 0 3.237682
2  29 9 0 0 3.237682
0

0101000
+2563 0 -2561 0 *
Ed
 1e-07 1 1 0
1  30 0 0 4.39039316197502
2  30 9 0 0 4.39039316197502
0

0101000
+2561 0 -2564 0 *
Wi

0101100
+2562 0 +2560 0 +2559 0 *
Fa
0  1e-07 9 0

0101000
+2558 0 *
Ve
1e-07
10.110528 -21.167225 0
0 0

0101101
*
Ve
1e-07
10.110528 -20.667225 0
0 0

0101101
*
Ed
 1e-07 1 1 0
1  31 0 0 0.5
2  31 10 0 0 0.5
0

0101000
+2556 0 -2555 0 *
Ve
1e-07
6.921478 -20.667225 0
0 0

0101101
*
Ed
 1e-07 1 1 0
1  32 0 0 3.18905
2  32 10 0 0 3.18905
0

0101000
+2555 0 -2553 0 *
Ve
1e-07
6.921478 -21.167225 0
0 0

0101101
*
Ed
 1e-07 1 1 0
1  33 0 0 0.5
2  33 10 0 0 0.5
0

0101000
+2553 0 -2551 0 *
Ed
 1e-07 1 1 0
1  34 0 0 3.18905
2  34 10 0 0 3.18905
0

0101000
+2551 0 -2556 0 *
Wi

0101100
+2554 0 +2552 0 +2550 0 +2549 0 *
Fa
0  1e-07 10 0

0101000
+2548 0 *
Ve
1e-07
6.921478 -21.167225 0
0 0

0101101
*
Ve
1e-07
14.218829 -22.846294 0
0 0

0101101
*
Ed
 1e-07 1 1 0
1  35 0 0 7.48803073738096
2  35 11 0 0 7.48803073738096
0

0101000
+2546 0 -2545 0 *
Ve
1e-07
10.110528 -21.167225 0
0 0

0101101
*
Ed
 1e-07 1 1 0
1  36 0 0 4.43817640629144
2  36 11 0 0 4.43817640629144
0

0101000
+2545 0 -2543 0 *
Ed
 1e-07 1 1 0
1  37 0 0 3.18905
2  37 11 0 0 3.18905
0

0101000
+2543 0 -2546 0 *
Wi

0101100
+2544 0 +2542 0 +2541 0 *
Fa
0  1e-07 11 0

0101000
+2540 0 *
Ve
1e-07
10.110528 -21.167225 0
0 0

0101101
*
Ve
1e-07
14.218829 -22.846294 0
0 0

0101101
*
Ed
 1e-07 1 1 0
1  38 0 0 4.43817640629144
2  38 12 0 0 4.43817640629144
0

0101000
+2538 0 -2537 0 *
Ve
1e-07
10.610528 -21.167225 0
0 0

0101101
*
Ed
 1e-07 1 1 0
1  39 0 0 3.97983778731772
2  39 12 0 0 3.97983778731772
0

0101000
+2537 0 -2535 0 *
Ed
 1e-07 1 1 0
1  40 0 0 0.5
2  40 12 0 0 0.5
0

0101000
+2535 0 -2538 0 *
Wi

0101100
+2536 0 +2534 0 +2533 0 *
Fa
0  1e-07 12 0

0101000
+2532 0 *
Ve
1e-07
6.921478 -21.167225 0
0 0

0101101
*
Ve
1e-07
6.421478 -21.167225 0
0 0

0101101
*
Ed
 1e-07 1 1 0
1  41 0 0 0.5
2  41 13 0 0 0.5
0

0101000
+2530 0 -2529 0 *
Ve
1e-07
-0.872838 -22.846294 0
0 0

0101101
*
Ed
 1e-07 1 1 0
1  42 0 0 7.48507305339213
2  42 13 0 0 7.48507305339213
0

0101000
+2529 0 -2527 0 *
Ed
 1e-07 1 1 0
1  43 0 0 7.97311950334479
2  43 13 0 0 7.97311950334479
0

0101000
+2527 0 -2530 0 *
Wi

0101100
+2528 0 +2526 0 +2525 0 *
Fa
0  1e-07 13 0

0101000
+2524 0 *
Ve
1e-07
-0.515486 -18.494743 0
0 0

0101101
*
Ve
1e-07
3.183796 -20.667225 0
0 0

0101101
*
Ed
 1e-07 1 1 0
1  44 0 0 4.29003092714353
2  44 14 0 0 4.29003092714353
0

0101000
+2522 0 -2521 0 *
Ve
1e-07
6.421478 -20.667225 0
0 0

0101101
*
Ed
 1e-07 1 1 0
1  45 0 0 3.237682
2  45 14 0 0 3.237682
0

0101000
+2521 0 -2519 0 *
Ed
 1e-07 1 1 0
1  46 0 0 7.26919167291797
2  46 14 0 0 7.26919167291797
0

0101000
+2519 0 -2522 0 *
Wi

0101100
+2520 0 +2518 0 +2517 0 *
Fa
0  1e-07 14 0

0101000
+2516 0 *
Ve
1e-07
7.969954 -15.832073 0
0 0

0101101
*
Ve
1e-07
-0.515486 -18.494743 0
0 0

0101101
*
Ed
 1e-07 1 1 0
1  47 0 0 8.893396624603
2  47 15 0 0 8.893396624603
0

0101000
+2514 0 -2513 0 *
Ve
1e-07
6.921478 -20.667225 0
0 0

0101101
*
Ed
 1e-07 1 1 0
1  48 0 0 7.74778107445093
2  48 15 0 0 7.74778107445093
0

0101000
+2513 0 -2511 0 *
Ed
 1e-07 1 1 0
1  49 0 0 4.94752430875079
2  49 15 0 0 4.94752430875079
0

0101000
+2511 0 -2514 0 *
Wi

0101100
+2512 0 +2510 0 +2509 0 *
Fa
0  1e-07 15 0

0101000
+2508 0 *
Ve
1e-07
10.110528 -20.667225 0
0 0

0101101
*
Ve
1e-07
7.969954 -15.832073 0
0 0

0101101
*
Ed
 1e-07 1 1 0
1  50 0 0 5.28779272594719
2  50 16 0 0 5.28779272594719
0

0101000
+2506 0 -2505 0 *
Ve
1e-07
6.921478 -20.667225 0
0 0

0101101
*
Ed
 1e-07 1 1 0
1  51 0 0 4.94752430875079
2  51 16 0 0 4.94752430875079
0

0101000
+2505 0 -2503 0 *
Ed
 1e-07 1 1 0
1  52 0 0 3.18905
2  52 16 0 0 3.18905
0

0101000
+2503 0 -2506 0 *
Wi

0101100
+2504 0 +2502 0 +2501 0 *
Fa
0  1e-07 16 0

0101000
+2500 0 *
Ve
1e-07
-0.515486 -18.494743 0
0 0

0101101
*
Ve
1e-07
6.421478 -20.667225 0
0 0

0101101
*
Ed
 1e-07 1 1 0
1  53 0 0 7.26919167291797
2  53 17 0 0 7.26919167291797
0

0101000
+2498 0 -2497 0 *
Ve
1e-07
6.921478 -20.667225 0
0 0

0101101
*
Ed
 1e-07 1 1 0
1  54 0 0 0.5
2  54 17 0 0 0.5
0

0101000
+2497 0 -2495 0 *
Ed
 1e-07 1 1 0
1  55 0 0 7.74778107445093
2  55 17 0 0 7.74778107445093
0

0101000
+2495 0 -2498 0 *
Wi

0101100
+2496 0 +2494 0 +2493 0 *
Fa
0  1e-07 17 0

0101000
+2492 0 *
Ve
1e-07
12.734459 -15.58762 0
0 0

0101101
*
Ve
1e-07
10.610528 -20.667225 0
0 0

0101101
*
Ed
 1e-07 1 1 0
1  56 0 0 5.50576696281145
2  56 18 0 0 5.50576696281145
0

0101000
+2490 0 -2489 0 *
Ve
1e-07
13.797968 -20.667225 0
0 0

0101101
*
Ed
 1e-07 1 1 0
1  57 0 0 3.18744
2  57 18 0 0 3.18744
0

0101000
+2489 0 -2487 0 *
Ed
 1e-07 1 1 0
1  58 0 0 5.18974357257716
2  58 18 0 0 5.18974357257716
0

0101000
+2487 0 -2490 0 *
Wi

0101100
+2488 0 +2486 0 +2485 0 *
Fa
0  1e-07 18 0

0101000
+2484 0 *
Ve
1e-07
-0.872838 -22.846294 0
0 0

0101101
*
Ve
1e-07
14.218829 -22.846294 0
0 0

0101101
*
Ed
 1e-07 1 1 0
1  59 0 0 15.091667
2  59 19 0 0 15.091667
0

0101000
+2482 0 -2481 0 *
Ve
1e-07
6.921478 -21.167225 0
0 0

0101101
*
Ed
 1e-07 1 1 0
1  60 0 0 7.48803073738096
2  60 19 0 0 7.48803073738096
0

0101000
+2481 0 -2479 0 *
Ed
 1e-07 1 1 0
1  61 0 0 7.97311950334479
2  61 19 0 0 7.97311950334479
0

0101000
+2479 0 -2482 0 *
Wi

0101100
+2480 0 +2478 0 +2477 0 *
Fa
0  1e-07 19 0

0101000
+2476 0 *
Ve
1e-07
10.610528 -20.667225 0
0 0

0101101
*
Ve
1e-07
7.969954 -15.832073 0
0 0

0101101
*
Ed
 1e-07 1 1 0
1  62 0 0 5.50920374578577
2  62 20 0 0 5.50920374578577
0

0101000
+2474 0 -2473 0 *
Ve
1e-07
10.110528 -20.667225 0
0 0

0101101
*
Ed
 1e-07 1 1 0
1  63 0 0 5.28779272594719
2  63 20 0 0 5.28779272594719
0

0101000
+2473 0 -2471 0 *
Ed
 1e-07 1 1 0
1  64 0 0 0.5
2  64 20 0 0 0.5
0

0101000
+2471 0 -2474 0 *
Wi

0101100
+2472 0 +2470 0 +2469 0 *
Fa
0  1e-07 20 0

0101000
+2468 0 *
Ve
1e-07
-0.515486 -17.994743 0
0 0

0101101
*
Ve
1e-07
-0.872838 -15.745499 0
0 0

0101101
*
Ed
 1e-07 1 1 0
1  65 0 0 2.27745450524044
2  65 21 0 0 2.27745450524044
0

0101000
+2466 0 -2465 0 *
Ve
1e-07
-0.872838 -17.994743 0
0 0

0101101
*
Ed
 1e-07 1 1 0
1  66 0 0 2.249244
2  66 21 0 0 2.249244
0

0101000
+2465 0 -2463 0 *
Ed
 1e-07 1 1 0
1  67 0 0 0.357352
2  67 21 0 0 0.357352
0

0101000
+2463 0 -2466 0 *
Wi

0101100
+2464 0 +2462 0 +2461 0 *
Fa
0  1e-07 21 0

0101000
+2460 0 *
Ve
1e-07
3.857949 -15.832073 0
0 0

0101101
*
Ve
1e-07
2.122954 -15.569601 0
0 0

0101101
*
Ed
 1e-07 1 1 0
1  68 0 0 1.75473621972335
2  68 22 0 0 1.75473621972335
0

0101000
+2458 0 -2457 0 *
Ve
1e-07
-0.515486 -15.745499 0
0 0

0101101
*
Ed
 1e-07 1 1 0
1  69 0 0 2.64429683280906
2  69 22 0 0 2.64429683280906
0

0101000
+2457 0 -2455 0 *
Ed
 1e-07 1 1 0
1  70 0 0 4.3742918005891
2  70 22 0 0 4.3742918005891
0

0101000
+2455 0 -2458 0 *
Wi

0101100
+2456 0 +2454 0 +2453 0 *
Fa
0  1e-07 22 0

0101000
+2452 0 *
Ve
1e-07
-0.872838 -15.745499 0
0 0

0101101
*
Ve
1e-07
-0.515486 -17.994743 0
0 0

0101101
*
Ed
 1e-07 1 1 0
1  71 0 0 2.27745450524044
2  71 23 0 0 2.27745450524044
0

0101000
+2450 0 -2449 0 *
Ve
1e-07
-0.515486 -15.745499 0
0 0

0101101
*
Ed
 1e-07 1 1 0
1  72 0 0 2.249244
2  72 23 0 0 2.249244
0

0101000
+2449 0 -2447 0 *
Ed
 1e-07 1 1 0
1  73 0 0 0.357352
2  73 23 0 0 0.357352
0

0101000
+2447 0 -2450 0 *
Wi

0101100
+2448 0 +2446 0 +2445 0 *
Fa
0  1e-07 23 0

0101000
+2444 0 *
Ve
1e-07
3.857949 -15.832073 0
0 0

0101101
*
Ve
1e-07
2.794467 -15.569601 0
0 0

0101101
*
Ed
 1e-07 1 1 0
1  74 0 0 1.09539285879907
2  74 24 0 0 1.09539285879907
0

0101000
+2442 0 -2441 0 *
Ve
1e-07
2.122954 -15.569601 0
0 0

0101101
*
Ed
 1e-07 1 1 0
1  75 0 0 0.671513
2  75 24 0 0 0.671513
0

0101000
+2441 0 -2439 0 *
Ed
 1e-07 1 1 0
1  76 0 0 1.75473621972335
2  76 24 0 0 1.75473621972335
0

0101000
+2439 0 -2442 0 *
Wi

0101100
+2440 0 +2438 0 +2437 0 *
Fa
0  1e-07 24 0

0101000
+2436 0 *
Ve
1e-07
-0.515486 -15.245499 0
0 0

0101101
*
Ve
1e-07
-0.515486 -15.745499 0
0 0

0101101
*
Ed
 1e-07 1 1 0
1  77 0 0 0.5
2  77 25 0 0 0.5
0

0101000
+2434 0 -2433 0 *
Ve
1e-07
2.122954 -15.569601 0
0 0

0101101
*
Ed
 1e-07 1 1 0
1  78 0 0 2.64429683280906
2  78 25 0 0 2.64429683280906
0

0101000
+2433 0 -2431 0 *
Ve
1e-07
2.122954 -15.295718 0
0 0

0101101
*
Ed
 1e-07 1 1 0
1  79 0 0 0.273883
2  79 25 0 0 0.273883
0

0101000
+2431 0 -2429 0 *
Ed
 1e-07 1 1 0
1  80 0 0 2.63891788079148
2  80 25 0 0 2.63891788079148
0

0101000
+2429 0 -2434 0 *
Wi

0101100
+2432 0 +2430 0 +2428 0 +2427 0 *
Fa
0  1e-07 25 0

0101000
+2426 0 *
Ve
1e-07
-0.515486 -15.245499 0
0 0

0101101
*
Ve
1e-07
2.122954 -13.167044 0
0 0

0101101
*
Ed
 1e-07 1 1 0
1  81 0 0 3.35877073058359
2  81 26 0 0 3.35877073058359
0

0101000
+2424 0 -2423 0 *
Ve
1e-07
-0.872838 -15.245499 0
0 0

0101101
*
Ed
 1e-07 1 1 0
1  82 0 0 3.646195948422
2  82 26 0 0 3.646195948422
0

0101000
+2423 0 -2421 0 *
Ed
 1e-07 1 1 0
1  83 0 0 0.357352
2  83 26 0 0 0.357352
0

0101000
+2421 0 -2424 0 *
Wi

0101100
+2422 0 +2420 0 +2419 0 *
Fa
0  1e-07 26 0

0101000
+2418 0 *
Ve
1e-07
3.857949 -15.168612 0
0 0

0101101
*
Ve
1e-07
2.794467 -15.295718 0
0 0

0101101
*
Ed
 1e-07 1 1 0
1  84 0 0 1.07105083892409
2  84 27 0 0 1.07105083892409
0

0101000
+2416 0 -2415 0 *
Ve
1e-07
2.794467 -15.569601 0
0 0

0101101
*
Ed
 1e-07 1 1 0
1  85 0 0 0.273883
2  85 27 0 0 0.273883
0

0101000
+2415 0 -2413 0 *
Ed
 1e-07 1 1 0
1  86 0 0 1.1365677025347
2  86 27 0 0 1.1365677025347
0

0101000
+2413 0 -2416 0 *
Wi

0101100
+2414 0 +2412 0 +2411 0 *
Fa
0  1e-07 27 0

0101000
+2410 0 *
Ve
1e-07
2.122954 -15.295718 0
0 0

0101101
*
Ve
1e-07
2.122954 -13.167044 0
0 0

0101101
*
Ed
 1e-07 1 1 0
1  87 0 0 2.128674
2  87 28 0 0 2.128674
0

0101000
+2408 0 -2407 0 *
Ve
1e-07
-0.515486 -15.245499 0
0 0

0101101
*
Ed
 1e-07 1 1 0
1  88 0 0 3.35877073058359
2  88 28 0 0 3.35877073058359
0

0101000
+2407 0 -2405 0 *
Ed
 1e-07 1 1 0
1  89 0 0 2.63891788079148
2  89 28 0 0 2.63891788079148
0

0101000
+2405 0 -2408 0 *
Wi

0101100
+2406 0 +2404 0 +2403 0 *
Fa
0  1e-07 28 0

0101000
+2402 0 *
Ve
1e-07
2.794467 -15.295718 0
0 0

0101101
*
Ve
1e-07
3.857949 -15.168612 0
0 0

0101101
*
Ed
 1e-07 1 1 0
1  90 0 0 1.07105083892409
2  90 29 0 0 1.07105083892409
0

0101000
+2400 0 -2399 0 *
Ve
1e-07
2.122954 -15.295718 0
0 0

0101101
*
Ed
 1e-07 1 1 0
1  91 0 0 1.73964467212733
2  91 29 0 0 1.73964467212733
0

0101000
+2399 0 -2397 0 *
Ed
 1e-07 1 1 0
1  92 0 0 0.671513
2  92 29 0 0 0.671513
0

0101000
+2397 0 -2400 0 *
Wi

0101100
+2398 0 +2396 0 +2395 0 *
Fa
0  1e-07 29 0

0101000
+2394 0 *
Ve
1e-07
-0.515486 -17.994743 0
0 0

0101101
*
Ve
1e-07
3.857949 -15.832073 0
0 0

0101101
*
Ed
 1e-07 1 1 0
1  93 0 0 4.87894201934446
2  93 30 0 0 4.87894201934446
0

0101000
+2392 0 -2391 0 *
Ve
1e-07
-0.515486 -15.745499 0
0 0

0101101
*
Ed
 1e-07 1 1 0
1  94 0 0 4.3742918005891
2  94 30 0 0 4.3742918005891
0

0101000
+2391 0 -2389 0 *
Ed
 1e-07 1 1 0
1  95 0 0 2.249244
2  95 30 0 0 2.249244
0

0101000
+2389 0 -2392 0 *
Wi

0101100
+2390 0 +2388 0 +2387 0 *
Fa
0  1e-07 30 0

0101000
+2386 0 *
Ve
1e-07
-0.515486 -17.994743 0
0 0

0101101
*
Ve
1e-07
7.969954 -15.832073 0
0 0

0101101
*
Ed
 1e-07 1 1 0
1  96 0 0 8.75670220588208
2  96 31 0 0 8.75670220588208
0

0101000
+2384 0 -2383 0 *
Ve
1e-07
3.857949 -15.832073 0
0 0

0101101
*
Ed
 1e-07 1 1 0
1  97 0 0 4.112005
2  97 31 0 0 4.112005
0

0101000
+2383 0 -2381 0 *
Ed
 1e-07 1 1 0
1  98 0 0 4.87894201934446
2  98 31 0 0 4.87894201934446
0

0101000
+2381 0 -2384 0 *
Wi

0101100
+2382 0 +2380 0 +2379 0 *
Fa
0  1e-07 31 0

0101000
+2378 0 *
Ve
1e-07
10.610528 -20.667225 0
0 0

0101101
*
Ve
1e-07
11.563829 -15.58762 0
0 0

0101101
*
Ed
 1e-07 1 1 0
1  99 0 0 5.16828499142859
2  99 32 0 0 5.16828499142859
0

0101000
+2376 0 -2375 0 *
Ve
1e-07
7.969954 -15.832073 0
0 0

0101101
*
Ed
 1e-07 1 1 0
1  100 0 0 3.60217917167289
2  100 32 0 0 3.60217917167289
0

0101000
+2375 0 -2373 0 *
Ed
 1e-07 1 1 0
1  101 0 0 5.50920374578577
2  101 32 0 0 5.50920374578577
0

0101000
+2373 0 -2376 0 *
Wi

0101100
+2374 0 +2372 0 +2371 0 *
Fa
0  1e-07 32 0

0101000
+2370 0 *
Ve
1e-07
11.563829 -15.254338 0
0 0

0101101
*
Ve
1e-07
14.063998 -13.362581 0
0 0

0101101
*
Ed
 1e-07 1 1 0
1  102 0 0 3.13521762810973
2  102 33 0 0 3.13521762810973
0

0101000
+2368 0 -2367 0 *
Ve
1e-07
7.969954 -13.89238 0
0 0

0101101
*
Ed
 1e-07 1 1 0
1  103 0 0 6.11703026429795
2  103 33 0 0 6.11703026429795
0

0101000
+2367 0 -2365 0 *
Ed
 1e-07 1 1 0
1  104 0 0 3.84328858003
2  104 33 0 0 3.84328858003
0

0101000
+2365 0 -2368 0 *
Wi

0101100
+2366 0 +2364 0 +2363 0 *
Fa
0  1e-07 33 0

0101000
+2362 0 *
Ve
1e-07
7.969954 -15.168612 0
0 0

0101101
*
Ve
1e-07
7.969954 -15.832073 0
0 0

0101101
*
Ed
 1e-07 1 1 0
1  105 0 0 0.663461
2  105 34 0 0 0.663461
0

0101000
+2360 0 -2359 0 *
Ve
1e-07
11.563829 -15.58762 0
0 0

0101101
*
Ed
 1e-07 1 1 0
1  106 0 0 3.60217917167289
2  106 34 0 0 3.60217917167289
0

0101000
+2359 0 -2357 0 *
Ed
 1e-07 1 1 0
1  107 0 0 3.61821851464073
2  107 34 0 0 3.61821851464073
0

0101000
+2357 0 -2360 0 *
Wi

0101100
+2358 0 +2356 0 +2355 0 *
Fa
0  1e-07 34 0

0101000
+2354 0 *
Ve
1e-07
7.969954 -15.832073 0
0 0

0101101
*
Ve
1e-07
-0.515486 -17.994743 0
0 0

0101101
*
Ed
 1e-07 1 1 0
1  108 0 0 8.75670220588208
2  108 35 0 0 8.75670220588208
0

0101000
+2352 0 -2351 0 *
Ve
1e-07
-0.515486 -18.494743 0
0 0

0101101
*
Ed
 1e-07 1 1 0
1  109 0 0 0.5
2  109 35 0 0 0.5
0

0101000
+2351 0 -2349 0 *
Ed
 1e-07 1 1 0
1  110 0 0 8.893396624603
2  110 35 0 0 8.893396624603
0

0101000
+2349 0 -2352 0 *
Wi

0101100
+2350 0 +2348 0 +2347 0 *
Fa
0  1e-07 35 0

0101000
+2346 0 *
Ve
1e-07
11.563829 -15.58762 0
0 0

0101101
*
Ve
1e-07
11.563829 -15.254338 0
0 0

0101101
*
Ed
 1e-07 1 1 0
1  111 0 0 0.333281999999999
2  111 36 0 0 0.333281999999999
0

0101000
+2344 0 -2343 0 *
Ve
1e-07
7.969954 -15.168612 0
0 0

0101101
*
Ed
 1e-07 1 1 0
1  112 0 0 3.59489728124476
2  112 36 0 0 3.59489728124476
0

0101000
+2343 0 -2341 0 *
Ed
 1e-07 1 1 0
1  113 0 0 3.61821851464073
2  113 36 0 0 3.61821851464073
0

0101000
+2341 0 -2344 0 *
Wi

0101100
+2342 0 +2340 0 +2339 0 *
Fa
0  1e-07 36 0

0101000
+2338 0 *
Ve
1e-07
2.122954 -13.167044 0
0 0

0101101
*
Ve
1e-07
2.122954 -15.295718 0
0 0

0101101
*
Ed
 1e-07 1 1 0
1  114 0 0 2.128674
2  114 37 0 0 2.128674
0

0101000
+2336 0 -2335 0 *
Ve
1e-07
3.857949 -15.168612 0
0 0

0101101
*
Ed
 1e-07 1 1 0
1  115 0 0 1.73964467212733
2  115 37 0 0 1.73964467212733
0

0101000
+2335 0 -2333 0 *
Ed
 1e-07 1 1 0
1  116 0 0 2.64886430544281
2  116 37 0 0 2.64886430544281
0

0101000
+2333 0 -2336 0 *
Wi

0101100
+2334 0 +2332 0 +2331 0 *
Fa
0  1e-07 37 0

0101000
+2330 0 *
Ve
1e-07
7.969954 -15.168612 0
0 0

0101101
*
Ve
1e-07
6.103945 -13.89238 0
0 0

0101101
*
Ed
 1e-07 1 1 0
1  117 0 0 2.26069849955827
2  117 38 0 0 2.26069849955827
0

0101000
+2328 0 -2327 0 *
Ve
1e-07
3.857949 -15.168612 0
0 0

0101101
*
Ed
 1e-07 1 1 0
1  118 0 0 2.58326656577288
2  118 38 0 0 2.58326656577288
0

0101000
+2327 0 -2325 0 *
Ed
 1e-07 1 1 0
1  119 0 0 4.112005
2  119 38 0 0 4.112005
0

0101000
+2325 0 -2328 0 *
Wi

0101100
+2326 0 +2324 0 +2323 0 *
Fa
0  1e-07 38 0

0101000
+2322 0 *
Ve
1e-07
7.969954 -15.168612 0
0 0

0101101
*
Ve
1e-07
11.563829 -15.254338 0
0 0

0101101
*
Ed
 1e-07 1 1 0
1  120 0 0 3.59489728124476
2  120 39 0 0 3.59489728124476
0

0101000
+2320 0 -2319 0 *
Ve
1e-07
7.969954 -13.89238 0
0 0

0101101
*
Ed
 1e-07 1 1 0
1  121 0 0 3.84328858003
2  121 39 0 0 3.84328858003
0

0101000
+2319 0 -2317 0 *
Ed
 1e-07 1 1 0
1  122 0 0 1.276232
2  122 39 0 0 1.276232
0

0101000
+2317 0 -2320 0 *
Wi

0101100
+2318 0 +2316 0 +2315 0 *
Fa
0  1e-07 39 0

0101000
+2314 0 *
Ve
1e-07
14.063998 -13.362581 0
0 0

0101101
*
Ve
1e-07
8.866437 -13.362581 0
0 0

0101101
*
Ed
 1e-07 1 1 0
1  123 0 0 5.197561
2  123 40 0 0 5.197561
0

0101000
+2312 0 -2311 0 *
Ve
1e-07
7.969954 -13.89238 0
0 0

0101101
*
Ed
 1e-07 1 1 0
1  124 0 0 1.04133027886929
2  124 40 0 0 1.04133027886929
0

0101000
+2311 0 -2309 0 *
Ed
 1e-07 1 1 0
1  125 0 0 6.11703026429795
2  125 40 0 0 6.11703026429795
0

0101000
+2309 0 -2312 0 *
Wi

0101100
+2310 0 +2308 0 +2307 0 *
Fa
0  1e-07 40 0

0101000
+2306 0 *
Ve
1e-07
7.969954 -13.89238 0
0 0

0101101
*
Ve
1e-07
8.866437 -13.362581 0
0 0

0101101
*
Ed
 1e-07 1 1 0
1  126 0 0 1.04133027886929
2  126 41 0 0 1.04133027886929
0

0101000
+2304 0 -2303 0 *
Ve
1e-07
7.969954 -12.59834 0
0 0

0101101
*
Ed
 1e-07 1 1 0
1  127 0 0 1.17802634748549
2  127 41 0 0 1.17802634748549
0

0101000
+2303 0 -2301 0 *
Ed
 1e-07 1 1 0
1  128 0 0 1.29404
2  128 41 0 0 1.29404
0

0101000
+2301 0 -2304 0 *
Wi

0101100
+2302 0 +2300 0 +2299 0 *
Fa
0  1e-07 41 0

0101000
+2298 0 *
Ve
1e-07
6.103945 -13.89238 0
0 0

0101101
*
Ve
1e-07
7.969954 -15.168612 0
0 0

0101101
*
Ed
 1e-07 1 1 0
1  129 0 0 2.26069849955827
2  129 42 0 0 2.26069849955827
0

0101000
+2296 0 -2295 0 *
Ve
1e-07
7.969954 -13.89238 0
0 0

0101101
*
Ed
 1e-07 1 1 0
1  130 0 0 1.276232
2  130 42 0 0 1.276232
0

0101000
+2295 0 -2293 0 *
Ed
 1e-07 1 1 0
1  131 0 0 1.866009
2  131 42 0 0 1.866009
0

0101000
+2293 0 -2296 0 *
Wi

0101100
+2294 0 +2292 0 +2291 0 *
Fa
0  1e-07 42 0

0101000
+2290 0 *
Ve
1e-07
2.794467 -15.569601 0
0 0

0101101
*
Ve
1e-07
3.857949 -15.832073 0
0 0

0101101
*
Ed
 1e-07 1 1 0
1  132 0 0 1.09539285879907
2  132 43 0 0 1.09539285879907
0

0101000
+2288 0 -2287 0 *
Ve
1e-07
3.857949 -15.168612 0
0 0

0101101
*
Ed
 1e-07 1 1 0
1  133 0 0 0.663461
2  133 43 0 0 0.663461
0

0101000
+2287 0 -2285 0 *
Ed
 1e-07 1 1 0
1  134 0 0 1.1365677025347
2  134 43 0 0 1.1365677025347
0

0101000
+2285 0 -2288 0 *
Wi

0101100
+2286 0 +2284 0 +2283 0 *
Fa
0  1e-07 43 0

0101000
+2282 0 *
Ve
1e-07
10.610528 -20.667225 0
0 0

0101101
*
Ve
1e-07
12.734459 -15.58762 0
0 0

0101101
*
Ed
 1e-07 1 1 0
1  135 0 0 5.50576696281145
2  135 44 0 0 5.50576696281145
0

0101000
+2280 0 -2279 0 *
Ve
1e-07
11.563829 -15.58762 0
0 0

0101101
*
Ed
 1e-07 1 1 0
1  136 0 0 1.17063
2  136 44 0 0 1.17063
0

0101000
+2279 0 -2277 0 *
Ed
 1e-07 1 1 0
1  137 0 0 5.16828499142859
2  137 44 0 0 5.16828499142859
0

0101000
+2277 0 -2280 0 *
Wi

0101100
+2278 0 +2276 0 +2275 0 *
Fa
0  1e-07 44 0

0101000
+2274 0 *
Ve
1e-07
2.76256 -13.167044 0
0 0

0101101
*
Ve
1e-07
3.857949 -15.168612 0
0 0

0101101
*
Ed
 1e-07 1 1 0
1  138 0 0 2.28169926150336
2  138 45 0 0 2.28169926150336
0

0101000
+2272 0 -2271 0 *
Ve
1e-07
6.103945 -13.89238 0
0 0

0101101
*
Ed
 1e-07 1 1 0
1  139 0 0 2.58326656577288
2  139 45 0 0 2.58326656577288
0

0101000
+2271 0 -2269 0 *
Ed
 1e-07 1 1 0
1  140 0 0 3.41920546781281
2  140 45 0 0 3.41920546781281
0

0101000
+2269 0 -2272 0 *
Wi

0101100
+2270 0 +2268 0 +2267 0 *
Fa
0  1e-07 45 0

0101000
+2266 0 *
Ve
1e-07
10.610528 -20.667225 0
0 0

0101101
*
Ve
1e-07
10.610528 -21.167225 0
0 0

0101101
*
Ed
 1e-07 1 1 0
1  141 0 0 0.5
2  141 46 0 0 0.5
0

0101000
+2264 0 -2263 0 *
Ve
1e-07
13.797968 -21.167225 0
0 0

0101101
*
Ed
 1e-07 1 1 0
1  142 0 0 3.18744
2  142 46 0 0 3.18744
0

0101000
+2263 0 -2261 0 *
Ve
1e-07
13.797968 -20.667225 0
0 0

0101101
*
Ed
 1e-07 1 1 0
1  143 0 0 0.5
2  143 46 0 0 0.5
0

0101000
+2261 0 -2259 0 *
Ed
 1e-07 1 1 0
1  144 0 0 3.18744
2  144 46 0 0 3.18744
0

0101000
+2259 0 -2264 0 *
Wi

0101100
+2262 0 +2260 0 +2258 0 +2257 0 *
Fa
0  1e-07 46 0

0101000
+2256 0 *
Ve
1e-07
14.218829 -22.846294 0
0 0

0101101
*
Ve
1e-07
14.218829 -21.167225 0
0 0

0101101
*
Ed
 1e-07 1 1 0
1  145 0 0 1.679069
2  145 47 0 0 1.679069
0

0101000
+2254 0 -2253 0 *
Ve
1e-07
13.797968 -21.167225 0
0 0

0101101
*
Ed
 1e-07 1 1 0
1  146 0 0 0.420861
2  146 47 0 0 0.420861
0

0101000
+2253 0 -2251 0 *
Ed
 1e-07 1 1 0
1  147 0 0 1.73101030848519
2  147 47 0 0 1.73101030848519
0

0101000
+2251 0 -2254 0 *
Wi

0101100
+2252 0 +2250 0 +2249 0 *
Fa
0  1e-07 47 0

0101000
+2248 0 *
Ve
1e-07
10.610528 -21.167225 0
0 0

0101101
*
Ve
1e-07
14.218829 -22.846294 0
0 0

0101101
*
Ed
 1e-07 1 1 0
1  148 0 0 3.97983778731772
2  148 48 0 0 3.97983778731772
0

0101000
+2246 0 -2245 0 *
Ve
1e-07
13.797968 -21.167225 0
0 0

0101101
*
Ed
 1e-07 1 1 0
1  149 0 0 1.73101030848519
2  149 48 0 0 1.73101030848519
0

0101000
+2245 0 -2243 0 *
Ed
 1e-07 1 1 0
1  150 0 0 3.18744
2  150 48 0 0 3.18744
0

0101000
+2243 0 -2246 0 *
Wi

0101100
+2244 0 +2242 0 +2241 0 *
Fa
0  1e-07 48 0

0101000
+2240 0 *
Ve
1e-07
22.198114 -21.167225 0
0 0

0101101
*
Ve
1e-07
22.198114 -20.667225 0
0 0

0101101
*
Ed
 1e-07 1 1 0
1  151 0 0 0.5
2  151 49 0 0 0.5
0

0101000
+2238 0 -2237 0 *
Ve
1e-07
19.883106 -20.667225 0
0 0

0101101
*
Ed
 1e-07 1 1 0
1  152 0 0 2.315008
2  152 49 0 0 2.315008
0

0101000
+2237 0 -2235 0 *
Ve
1e-07
19.883106 -21.167225 0
0 0

0101101
*
Ed
 1e-07 1 1 0
1  153 0 0 0.5
2  153 49 0 0 0.5
0

0101000
+2235 0 -2233 0 *
Ed
 1e-07 1 1 0
1  154 0 0 2.315008
2  154 49 0 0 2.315008
0

0101000
+2233 0 -2238 0 *
Wi

0101100
+2236 0 +2234 0 +2232 0 +2231 0 *
Fa
0  1e-07 49 0

0101000
+2230 0 *
Ve
1e-07
22.198114 -20.667225 0
0 0

0101101
*
Ve
1e-07
25.163504 -19.27198 0
0 0

0101101
*
Ed
 1e-07 1 1 0
1  155 0 0 3.27723152403442
2  155 50 0 0 3.27723152403442
0

0101000
+2228 0 -2227 0 *
Ve
1e-07
19.883106 -20.667225 0
0 0

0101101
*
Ed
 1e-07 1 1 0
1  156 0 0 5.46162170499102
2  156 50 0 0 5.46162170499102
0

0101000
+2227 0 -2225 0 *
Ed
 1e-07 1 1 0
1  157 0 0 2.315008
2  157 50 0 0 2.315008
0

0101000
+2225 0 -2228 0 *
Wi

0101100
+2226 0 +2224 0 +2223 0 *
Fa
0  1e-07 50 0

0101000
+2222 0 *
Ve
1e-07
22.824804 -20.667225 0
0 0

0101101
*
Ve
1e-07
25.163504 -19.27198 0
0 0

0101101
*
Ed
 1e-07 1 1 0
1  158 0 0 2.72327492185879
2  158 51 0 0 2.72327492185879
0

0101000
+2220 0 -2219 0 *
Ve
1e-07
22.198114 -20.667225 0
0 0

0101101
*
Ed
 1e-07 1 1 0
1  159 0 0 3.27723152403442
2  159 51 0 0 3.27723152403442
0

0101000
+2219 0 -2217 0 *
Ed
 1e-07 1 1 0
1  160 0 0 0.62669
2  160 51 0 0 0.62669
0

0101000
+2217 0 -2220 0 *
Wi

0101100
+2218 0 +2216 0 +2215 0 *
Fa
0  1e-07 51 0

0101000
+2214 0 *
Ve
1e-07
19.883106 -20.667225 0
0 0

0101101
*
Ve
1e-07
16.600237 -15.58762 0
0 0

0101101
*
Ed
 1e-07 1 1 0
1  161 0 0 6.04810845034925
2  161 52 0 0 6.04810845034925
0

0101000
+2212 0 -2211 0 *
Ve
1e-07
13.797968 -20.667225 0
0 0

0101101
*
Ed
 1e-07 1 1 0
1  162 0 0 5.80130144919103
2  162 52 0 0 5.80130144919103
0

0101000
+2211 0 -2209 0 *
Ed
 1e-07 1 1 0
1  163 0 0 6.085138
2  163 52 0 0 6.085138
0

0101000
+2209 0 -2212 0 *
Wi

0101100
+2210 0 +2208 0 +2207 0 *
Fa
0  1e-07 52 0

0101000
+2206 0 *
Ve
1e-07
22.824804 -20.667225 0
0 0

0101101
*
Ve
1e-07
22.824804 -21.167225 0
0 0

0101101
*
Ed
 1e-07 1 1 0
1  164 0 0 0.5
2  164 53 0 0 0.5
0

0101000
+2204 0 -2203 0 *
Ve
1e-07
25.163504 -21.167225 0
0 0

0101101
*
Ed
 1e-07 1 1 0
1  165 0 0 2.3387
2  165 53 0 0 2.3387
0

0101000
+2203 0 -2201 0 *
Ed
 1e-07 1 1 0
1  166 0 0 2.39155131452369
2  166 53 0 0 2.39155131452369
0

0101000
+2201 0 -2204 0 *
Wi

0101100
+2202 0 +2200 0 +2199 0 *
Fa
0  1e-07 53 0

0101000
+2198 0 *
Ve
1e-07
13.797968 -20.667225 0
0 0

0101101
*
Ve
1e-07
16.600237 -15.58762 0
0 0

0101101
*
Ed
 1e-07 1 1 0
1  167 0 0 5.80130144919103
2  167 54 0 0 5.80130144919103
0

0101000
+2196 0 -2195 0 *
Ve
1e-07
12.734459 -15.58762 0
0 0

0101101
*
Ed
 1e-07 1 1 0
1  168 0 0 3.865778
2  168 54 0 0 3.865778
0

0101000
+2195 0 -2193 0 *
Ed
 1e-07 1 1 0
1  169 0 0 5.18974357257716
2  169 54 0 0 5.18974357257716
0

0101000
+2193 0 -2196 0 *
Wi

0101100
+2194 0 +2192 0 +2191 0 *
Fa
0  1e-07 54 0

0101000
+2190 0 *
Ve
1e-07
19.883106 -20.667225 0
0 0

0101101
*
Ve
1e-07
25.163504 -19.27198 0
0 0

0101101
*
Ed
 1e-07 1 1 0
1  170 0 0 5.46162170499102
2  170 55 0 0 5.46162170499102
0

0101000
+2188 0 -2187 0 *
Ve
1e-07
25.163504 -17.34659 0
0 0

0101101
*
Ed
 1e-07 1 1 0
1  171 0 0 1.92539
2  171 55 0 0 1.92539
0

0101000
+2187 0 -2185 0 *
Ed
 1e-07 1 1 0
1  172 0 0 6.23772553432972
2  172 55 0 0 6.23772553432972
0

0101000
+2185 0 -2188 0 *
Wi

0101100
+2186 0 +2184 0 +2183 0 *
Fa
0  1e-07 55 0

0101000
+2182 0 *
Ve
1e-07
22.824804 -20.667225 0
0 0

0101101
*
Ve
1e-07
25.163504 -21.167225 0
0 0

0101101
*
Ed
 1e-07 1 1 0
1  173 0 0 2.39155131452369
2  173 56 0 0 2.39155131452369
0

0101000
+2180 0 -2179 0 *
Ve
1e-07
25.163504 -19.27198 0
0 0

0101101
*
Ed
 1e-07 1 1 0
1  174 0 0 1.895245
2  174 56 0 0 1.895245
0

0101000
+2179 0 -2177 0 *
Ed
 1e-07 1 1 0
1  175 0 0 2.72327492185879
2  175 56 0 0 2.72327492185879
0

0101000
+2177 0 -2180 0 *
Wi

0101100
+2178 0 +2176 0 +2175 0 *
Fa
0  1e-07 56 0

0101000
+2174 0 *
Ve
1e-07
25.843504 -20.667225 0
0 0

0101101
*
Ve
1e-07
28.137915 -20.667225 0
0 0

0101101
*
Ed
 1e-07 1 1 0
1  176 0 0 2.294411
2  176 57 0 0 2.294411
0

0101000
+2172 0 -2171 0 *
Ve
1e-07
25.497702 -19.27198 0
0 0

0101101
*
Ed
 1e-07 1 1 0
1  177 0 0 2.98620717556468
2  177 57 0 0 2.98620717556468
0

0101000
+2171 0 -2169 0 *
Ed
 1e-07 1 1 0
1  178 0 0 1.4374587414006
2  178 57 0 0 1.4374587414006
0

0101000
+2169 0 -2172 0 *
Wi

0101100
+2170 0 +2168 0 +2167 0 *
Fa
0  1e-07 57 0

0101000
+2166 0 *
Ve
1e-07
25.843504 -20.667225 0
0 0

0101101
*
Ve
1e-07
25.497702 -19.27198 0
0 0

0101101
*
Ed
 1e-07 1 1 0
1  179 0 0 1.4374587414006
2  179 58 0 0 1.4374587414006
0

0101000
+2164 0 -2163 0 *
Ve
1e-07
25.497702 -20.667225 0
0 0

0101101
*
Ed
 1e-07 1 1 0
1  180 0 0 1.395245
2  180 58 0 0 1.395245
0

0101000
+2163 0 -2161 0 *
Ed
 1e-07 1 1 0
1  181 0 0 0.345801999999999
2  181 58 0 0 0.345801999999999
0

0101000
+2161 0 -2164 0 *
Wi

0101100
+2162 0 +2160 0 +2159 0 *
Fa
0  1e-07 58 0

0101000
+2158 0 *
Ve
1e-07
25.497702 -17.34659 0
0 0

0101101
*
Ve
1e-07
25.163504 -17.34659 0
0 0

0101101
*
Ed
 1e-07 1 1 0
1  182 0 0 0.334198000000001
2  182 59 0 0 0.334198000000001
0

0101000
+2156 0 -2155 0 *
Ve
1e-07
25.163504 -19.27198 0
0 0

0101101
*
Ed
 1e-07 1 1 0
1  183 0 0 1.92539
2  183 59 0 0 1.92539
0

0101000
+2155 0 -2153 0 *
Ve
1e-07
25.497702 -19.27198 0
0 0

0101101
*
Ed
 1e-07 1 1 0
1  184 0 0 0.334198000000001
2  184 59 0 0 0.334198000000001
0

0101000
+2153 0 -2151 0 *
Ed
 1e-07 1 1 0
1  185 0 0 1.92539
2  185 59 0 0 1.92539
0

0101000
+2151 0 -2156 0 *
Wi

0101100
+2154 0 +2152 0 +2150 0 +2149 0 *
Fa
0  1e-07 59 0

0101000
+2148 0 *
Ve
1e-07
25.497702 -17.34659 0
0 0

0101101
*
Ve
1e-07
28.109385 -15.820981 0
0 0

0101101
*
Ed
 1e-07 1 1 0
1  186 0 0 3.02462740075038
2  186 60 0 0 3.02462740075038
0

0101000
+2146 0 -2145 0 *
Ve
1e-07
25.497702 -15.820981 0
0 0

0101101
*
Ed
 1e-07 1 1 0
1  187 0 0 2.611683
2  187 60 0 0 2.611683
0

0101000
+2145 0 -2143 0 *
Ed
 1e-07 1 1 0
1  188 0 0 1.525609
2  188 60 0 0 1.525609
0

0101000
+2143 0 -2146 0 *
Wi

0101100
+2144 0 +2142 0 +2141 0 *
Fa
0  1e-07 60 0

0101000
+2140 0 *
Ve
1e-07
25.497702 -17.34659 0
0 0

0101101
*
Ve
1e-07
25.497702 -19.27198 0
0 0

0101101
*
Ed
 1e-07 1 1 0
1  189 0 0 1.92539
2  189 61 0 0 1.92539
0

0101000
+2138 0 -2137 0 *
Ve
1e-07
32.044357 -20.667225 0
0 0

0101101
*
Ed
 1e-07 1 1 0
1  190 0 0 6.69368361211149
2  190 61 0 0 6.69368361211149
0

0101000
+2137 0 -2135 0 *
Ed
 1e-07 1 1 0
1  191 0 0 7.34066131164284
2  191 61 0 0 7.34066131164284
0

0101000
+2135 0 -2138 0 *
Wi

0101100
+2136 0 +2134 0 +2133 0 *
Fa
0  1e-07 61 0

0101000
+2132 0 *
Ve
1e-07
25.497702 -17.34659 0
0 0

0101101
*
Ve
1e-07
37.382626 -15.680685 0
0 0

0101101
*
Ed
 1e-07 1 1 0
1  192 0 0 12.0011106967147
2  192 62 0 0 12.0011106967147
0

0101000
+2130 0 -2129 0 *
Ve
1e-07
28.109385 -15.820981 0
0 0

0101101
*
Ed
 1e-07 1 1 0
1  193 0 0 9.27430221697013
2  193 62 0 0 9.27430221697013
0

0101000
+2129 0 -2127 0 *
Ed
 1e-07 1 1 0
1  194 0 0 3.02462740075038
2  194 62 0 0 3.02462740075038
0

0101000
+2127 0 -2130 0 *
Wi

0101100
+2128 0 +2126 0 +2125 0 *
Fa
0  1e-07 62 0

0101000
+2124 0 *
Ve
1e-07
25.163504 -17.34659 0
0 0

0101101
*
Ve
1e-07
16.600237 -15.58762 0
0 0

0101101
*
Ed
 1e-07 1 1 0
1  195 0 0 8.74205451677058
2  195 63 0 0 8.74205451677058
0

0101000
+2122 0 -2121 0 *
Ve
1e-07
19.883106 -20.667225 0
0 0

0101101
*
Ed
 1e-07 1 1 0
1  196 0 0 6.04810845034925
2  196 63 0 0 6.04810845034925
0

0101000
+2121 0 -2119 0 *
Ed
 1e-07 1 1 0
1  197 0 0 6.23772553432972
2  197 63 0 0 6.23772553432972
0

0101000
+2119 0 -2122 0 *
Wi

0101100
+2120 0 +2118 0 +2117 0 *
Fa
0  1e-07 63 0

0101000
+2116 0 *
Ve
1e-07
25.843504 -20.667225 0
0 0

0101101
*
Ve
1e-07
25.843504 -21.167225 0
0 0

0101101
*
Ed
 1e-07 1 1 0
1  198 0 0 0.5
2  198 64 0 0 0.5
0

0101000
+2114 0 -2113 0 *
Ve
1e-07
28.137915 -21.167225 0
0 0

0101101
*
Ed
 1e-07 1 1 0
1  199 0 0 2.294411
2  199 64 0 0 2.294411
0

0101000
+2113 0 -2111 0 *
Ve
1e-07
28.137915 -20.667225 0
0 0

0101101
*
Ed
 1e-07 1 1 0
1  200 0 0 0.5
2  200 64 0 0 0.5
0

0101000
+2111 0 -2109 0 *
Ed
 1e-07 1 1 0
1  201 0 0 2.294411
2  201 64 0 0 2.294411
0

0101000
+2109 0 -2114 0 *
Wi

0101100
+2112 0 +2110 0 +2108 0 +2107 0 *
Fa
0  1e-07 64 0

0101000
+2106 0 *
Ve
1e-07
12.734459 -15.58762 0
0 0

0101101
*
Ve
1e-07
16.600237 -15.280799 0
0 0

0101101
*
Ed
 1e-07 1 1 0
1  202 0 0 3.87793484619391
2  202 65 0 0 3.87793484619391
0

0101000
+2104 0 -2103 0 *
Ve
1e-07
12.734459 -15.254338 0
0 0

0101101
*
Ed
 1e-07 1 1 0
1  203 0 0 3.86586856085473
2  203 65 0 0 3.86586856085473
0

0101000
+2103 0 -2101 0 *
Ed
 1e-07 1 1 0
1  204 0 0 0.333281999999999
2  204 65 0 0 0.333281999999999
0

0101000
+2101 0 -2104 0 *
Wi

0101100
+2102 0 +2100 0 +2099 0 *
Fa
0  1e-07 65 0

0101000
+2098 0 *
Ve
1e-07
21.567581 -15.589564 0
0 0

0101101
*
Ve
1e-07
21.567581 -15.280799 0
0 0

0101101
*
Ed
 1e-07 1 1 0
1  205 0 0 0.308764999999999
2  205 66 0 0 0.308764999999999
0

0101000
+2096 0 -2095 0 *
Ve
1e-07
17.728954 -15.58762 0
0 0

0101101
*
Ed
 1e-07 1 1 0
1  206 0 0 3.85086956039412
2  206 66 0 0 3.85086956039412
0

0101000
+2095 0 -2093 0 *
Ed
 1e-07 1 1 0
1  207 0 0 3.83862749225097
2  207 66 0 0 3.83862749225097
0

0101000
+2093 0 -2096 0 *
Wi

0101100
+2094 0 +2092 0 +2091 0 *
Fa
0  1e-07 66 0

0101000
+2090 0 *
Ve
1e-07
25.163504 -17.34659 0
0 0

0101101
*
Ve
1e-07
17.728954 -15.58762 0
0 0

0101101
*
Ed
 1e-07 1 1 0
1  208 0 0 7.6397977174399
2  208 67 0 0 7.6397977174399
0

0101000
+2088 0 -2087 0 *
Ve
1e-07
16.600237 -15.58762 0
0 0

0101101
*
Ed
 1e-07 1 1 0
1  209 0 0 1.128717
2  209 67 0 0 1.128717
0

0101000
+2087 0 -2085 0 *
Ed
 1e-07 1 1 0
1  210 0 0 8.74205451677058
2  210 67 0 0 8.74205451677058
0

0101000
+2085 0 -2088 0 *
Wi

0101100
+2086 0 +2084 0 +2083 0 *
Fa
0  1e-07 67 0

0101000
+2082 0 *
Ve
1e-07
25.163504 -17.34659 0
0 0

0101101
*
Ve
1e-07
22.706026 -15.589564 0
0 0

0101101
*
Ed
 1e-07 1 1 0
1  211 0 0 3.02098303291495
2  211 68 0 0 3.02098303291495
0

0101000
+2080 0 -2079 0 *
Ve
1e-07
21.567581 -15.589564 0
0 0

0101101
*
Ed
 1e-07 1 1 0
1  212 0 0 1.138445
2  212 68 0 0 1.138445
0

0101000
+2079 0 -2077 0 *
Ed
 1e-07 1 1 0
1  213 0 0 4.00222470466177
2  213 68 0 0 4.00222470466177
0

0101000
+2077 0 -2080 0 *
Wi

0101100
+2078 0 +2076 0 +2075 0 *
Fa
0  1e-07 68 0

0101000
+2074 0 *
Ve
1e-07
17.728954 -15.58762 0
0 0

0101101
*
Ve
1e-07
25.163504 -17.34659 0
0 0

0101101
*
Ed
 1e-07 1 1 0
1  214 0 0 7.6397977174399
2  214 69 0 0 7.6397977174399
0

0101000
+2072 0 -2071 0 *
Ve
1e-07
21.567581 -15.589564 0
0 0

0101101
*
Ed
 1e-07 1 1 0
1  215 0 0 4.00222470466177
2  215 69 0 0 4.00222470466177
0

0101000
+2071 0 -2069 0 *
Ed
 1e-07 1 1 0
1  216 0 0 3.83862749225097
2  216 69 0 0 3.83862749225097
0

0101000
+2069 0 -2072 0 *
Wi

0101100
+2070 0 +2068 0 +2067 0 *
Fa
0  1e-07 69 0

0101000
+2066 0 *
Ve
1e-07
11.563829 -15.254338 0
0 0

0101101
*
Ve
1e-07
12.734459 -15.254338 0
0 0

0101101
*
Ed
 1e-07 1 1 0
1  217 0 0 1.17063
2  217 70 0 0 1.17063
0

0101000
+2064 0 -2063 0 *
Ve
1e-07
14.063998 -13.362581 0
0 0

0101101
*
Ed
 1e-07 1 1 0
1  218 0 0 2.31223236279791
2  218 70 0 0 2.31223236279791
0

0101000
+2063 0 -2061 0 *
Ed
 1e-07 1 1 0
1  219 0 0 3.13521762810973
2  219 70 0 0 3.13521762810973
0

0101000
+2061 0 -2064 0 *
Wi

0101100
+2062 0 +2060 0 +2059 0 *
Fa
0  1e-07 70 0

0101000
+2058 0 *
Ve
1e-07
14.063998 -13.362581 0
0 0

0101101
*
Ve
1e-07
12.734459 -15.254338 0
0 0

0101101
*
Ed
 1e-07 1 1 0
1  220 0 0 2.31223236279791
2  220 71 0 0 2.31223236279791
0

0101000
+2056 0 -2055 0 *
Ve
1e-07
16.600237 -15.280799 0
0 0

0101101
*
Ed
 1e-07 1 1 0
1  221 0 0 3.86586856085473
2  221 71 0 0 3.86586856085473
0

0101000
+2055 0 -2053 0 *
Ed
 1e-07 1 1 0
1  222 0 0 3.17994788646685
2  222 71 0 0 3.17994788646685
0

0101000
+2053 0 -2056 0 *
Wi

0101100
+2054 0 +2052 0 +2051 0 *
Fa
0  1e-07 71 0

0101000
+2050 0 *
Ve
1e-07
19.945013 -13.362581 0
0 0

0101101
*
Ve
1e-07
16.395424 -13.362581 0
0 0

0101101
*
Ed
 1e-07 1 1 0
1  223 0 0 3.549589
2  223 72 0 0 3.549589
0

0101000
+2048 0 -2047 0 *
Ve
1e-07
17.728954 -15.280799 0
0 0

0101101
*
Ed
 1e-07 1 1 0
1  224 0 0 2.33620687363598
2  224 72 0 0 2.33620687363598
0

0101000
+2047 0 -2045 0 *
Ve
1e-07
21.567581 -15.280799 0
0 0

0101101
*
Ed
 1e-07 1 1 0
1  225 0 0 3.838627
2  225 72 0 0 3.838627
0

0101000
+2045 0 -2043 0 *
Ed
 1e-07 1 1 0
1  226 0 0 2.51242655816006
2  226 72 0 0 2.51242655816006
0

0101000
+2043 0 -2048 0 *
Wi

0101100
+2046 0 +2044 0 +2042 0 +2041 0 *
Fa
0  1e-07 72 0

0101000
+2040 0 *
Ve
1e-07
16.395424 -13.362581 0
0 0

0101101
*
Ve
1e-07
14.063998 -13.362581 0
0 0

0101101
*
Ed
 1e-07 1 1 0
1  227 0 0 2.331426
2  227 73 0 0 2.331426
0

0101000
+2038 0 -2037 0 *
Ve
1e-07
16.600237 -15.280799 0
0 0

0101101
*
Ed
 1e-07 1 1 0
1  228 0 0 3.17994788646685
2  228 73 0 0 3.17994788646685
0

0101000
+2037 0 -2035 0 *
Ed
 1e-07 1 1 0
1  229 0 0 1.92912121456714
2  229 73 0 0 1.92912121456714
0

0101000
+2035 0 -2038 0 *
Wi

0101100
+2036 0 +2034 0 +2033 0 *
Fa
0  1e-07 73 0

0101000
+2032 0 *
Ve
1e-07
17.728954 -15.58762 0
0 0

0101101
*
Ve
1e-07
21.567581 -15.280799 0
0 0

0101101
*
Ed
 1e-07 1 1 0
1  230 0 0 3.85086956039412
2  230 74 0 0 3.85086956039412
0

0101000
+2030 0 -2029 0 *
Ve
1e-07
17.728954 -15.280799 0
0 0

0101101
*
Ed
 1e-07 1 1 0
1  231 0 0 3.838627
2  231 74 0 0 3.838627
0

0101000
+2029 0 -2027 0 *
Ed
 1e-07 1 1 0
1  232 0 0 0.306820999999999
2  232 74 0 0 0.306820999999999
0

0101000
+2027 0 -2030 0 *
Wi

0101100
+2028 0 +2026 0 +2025 0 *
Fa
0  1e-07 74 0

0101000
+2024 0 *
Ve
1e-07
16.395424 -13.362581 0
0 0

0101101
*
Ve
1e-07
16.600237 -15.280799 0
0 0

0101101
*
Ed
 1e-07 1 1 0
1  233 0 0 1.92912121456714
2  233 75 0 0 1.92912121456714
0

0101000
+2022 0 -2021 0 *
Ve
1e-07
17.728954 -15.280799 0
0 0

0101101
*
Ed
 1e-07 1 1 0
1  234 0 0 1.128717
2  234 75 0 0 1.128717
0

0101000
+2021 0 -2019 0 *
Ed
 1e-07 1 1 0
1  235 0 0 2.33620687363598
2  235 75 0 0 2.33620687363598
0

0101000
+2019 0 -2022 0 *
Wi

0101100
+2020 0 +2018 0 +2017 0 *
Fa
0  1e-07 75 0

0101000
+2016 0 *
Ve
1e-07
16.395424 -12.59834 0
0 0

0101101
*
Ve
1e-07
14.063998 -13.362581 0
0 0

0101101
*
Ed
 1e-07 1 1 0
1  236 0 0 2.45348965751988
2  236 76 0 0 2.45348965751988
0

0101000
+2014 0 -2013 0 *
Ve
1e-07
16.395424 -13.362581 0
0 0

0101101
*
Ed
 1e-07 1 1 0
1  237 0 0 2.331426
2  237 76 0 0 2.331426
0

0101000
+2013 0 -2011 0 *
Ed
 1e-07 1 1 0
1  238 0 0 0.764241
2  238 76 0 0 0.764241
0

0101000
+2011 0 -2014 0 *
Wi

0101100
+2012 0 +2010 0 +2009 0 *
Fa
0  1e-07 76 0

0101000
+2008 0 *
Ve
1e-07
16.600237 -15.280799 0
0 0

0101101
*
Ve
1e-07
12.734459 -15.58762 0
0 0

0101101
*
Ed
 1e-07 1 1 0
1  239 0 0 3.87793484619391
2  239 77 0 0 3.87793484619391
0

0101000
+2006 0 -2005 0 *
Ve
1e-07
16.600237 -15.58762 0
0 0

0101101
*
Ed
 1e-07 1 1 0
1  240 0 0 3.865778
2  240 77 0 0 3.865778
0

0101000
+2005 0 -2003 0 *
Ed
 1e-07 1 1 0
1  241 0 0 0.306820999999999
2  241 77 0 0 0.306820999999999
0

0101000
+2003 0 -2006 0 *
Wi

0101100
+2004 0 +2002 0 +2001 0 *
Fa
0  1e-07 77 0

0101000
+2000 0 *
Ve
1e-07
22.706026 -15.280799 0
0 0

0101101
*
Ve
1e-07
22.706026 -15.589564 0
0 0

0101101
*
Ed
 1e-07 1 1 0
1  242 0 0 0.308764999999999
2  242 78 0 0 0.308764999999999
0

0101000
+1998 0 -1997 0 *
Ve
1e-07
25.163504 -14.99385 0
0 0

0101101
*
Ed
 1e-07 1 1 0
1  243 0 0 2.52865048796388
2  243 78 0 0 2.52865048796388
0

0101000
+1997 0 -1995 0 *
Ed
 1e-07 1 1 0
1  244 0 0 2.47417417517138
2  244 78 0 0 2.47417417517138
0

0101000
+1995 0 -1998 0 *
Wi

0101100
+1996 0 +1994 0 +1993 0 *
Fa
0  1e-07 78 0

0101000
+1992 0 *
Ve
1e-07
22.706026 -15.589564 0
0 0

0101101
*
Ve
1e-07
25.163504 -17.34659 0
0 0

0101101
*
Ed
 1e-07 1 1 0
1  245 0 0 3.02098303291495
2  245 79 0 0 3.02098303291495
0

0101000
+1990 0 -1989 0 *
Ve
1e-07
25.163504 -14.99385 0
0 0

0101101
*
Ed
 1e-07 1 1 0
1  246 0 0 2.35274
2  246 79 0 0 2.35274
0

0101000
+1989 0 -1987 0 *
Ed
 1e-07 1 1 0
1  247 0 0 2.52865048796388
2  247 79 0 0 2.52865048796388
0

0101000
+1987 0 -1990 0 *
Wi

0101100
+1988 0 +1986 0 +1985 0 *
Fa
0  1e-07 79 0

0101000
+1984 0 *
Ve
1e-07
28.109385 -13.931674 0
0 0

0101101
*
Ve
1e-07
27.485334 -13.931674 0
0 0

0101101
*
Ed
 1e-07 1 1 0
1  248 0 0 0.624050999999998
2  248 80 0 0 0.624050999999998
0

0101000
+1982 0 -1981 0 *
Ve
1e-07
27.492464 -15.001662 0
0 0

0101101
*
Ed
 1e-07 1 1 0
1  249 0 0 1.07001175556346
2  249 80 0 0 1.07001175556346
0

0101000
+1981 0 -1979 0 *
Ve
1e-07
28.109385 -15.001662 0
0 0

0101101
*
Ed
 1e-07 1 1 0
1  250 0 0 0.616921000000001
2  250 80 0 0 0.616921000000001
0

0101000
+1979 0 -1977 0 *
Ed
 1e-07 1 1 0
1  251 0 0 1.069988
2  251 80 0 0 1.069988
0

0101000
+1977 0 -1982 0 *
Wi

0101100
+1980 0 +1978 0 +1976 0 +1975 0 *
Fa
0  1e-07 80 0

0101000
+1974 0 *
Ve
1e-07
25.497702 -15.199105 0
0 0

0101101
*
Ve
1e-07
27.492464 -15.199105 0
0 0

0101101
*
Ed
 1e-07 1 1 0
1  252 0 0 1.994762
2  252 81 0 0 1.994762
0

0101000
+1972 0 -1971 0 *
Ve
1e-07
27.492464 -15.001662 0
0 0

0101101
*
Ed
 1e-07 1 1 0
1  253 0 0 0.197443
2  253 81 0 0 0.197443
0

0101000
+1971 0 -1969 0 *
Ed
 1e-07 1 1 0
1  254 0 0 2.00450970935363
2  254 81 0 0 2.00450970935363
0

0101000
+1969 0 -1972 0 *
Wi

0101100
+1970 0 +1968 0 +1967 0 *
Fa
0  1e-07 81 0

0101000
+1966 0 *
Ve
1e-07
27.492464 -15.001662 0
0 0

0101101
*
Ve
1e-07
25.497702 -14.99385 0
0 0

0101101
*
Ed
 1e-07 1 1 0
1  255 0 0 1.99477729683992
2  255 82 0 0 1.99477729683992
0

0101000
+1964 0 -1963 0 *
Ve
1e-07
25.497702 -15.199105 0
0 0

0101101
*
Ed
 1e-07 1 1 0
1  256 0 0 0.205254999999999
2  256 82 0 0 0.205254999999999
0

0101000
+1963 0 -1961 0 *
Ed
 1e-07 1 1 0
1  257 0 0 2.00450970935363
2  257 82 0 0 2.00450970935363
0

0101000
+1961 0 -1964 0 *
Wi

0101100
+1962 0 +1960 0 +1959 0 *
Fa
0  1e-07 82 0

0101000
+1958 0 *
Ve
1e-07
22.706026 -15.280799 0
0 0

0101101
*
Ve
1e-07
25.163504 -14.99385 0
0 0

0101101
*
Ed
 1e-07 1 1 0
1  258 0 0 2.47417417517138
2  258 83 0 0 2.47417417517138
0

0101000
+1956 0 -1955 0 *
Ve
1e-07
25.192783 -13.914638 0
0 0

0101101
*
Ed
 1e-07 1 1 0
1  259 0 0 1.07960909628671
2  259 83 0 0 1.07960909628671
0

0101000
+1955 0 -1953 0 *
Ed
 1e-07 1 1 0
1  260 0 0 2.83731497281673
2  260 83 0 0 2.83731497281673
0

0101000
+1953 0 -1956 0 *
Wi

0101100
+1954 0 +1952 0 +1951 0 *
Fa
0  1e-07 83 0

0101000
+1950 0 *
Ve
1e-07
25.163504 -14.99385 0
0 0

0101101
*
Ve
1e-07
25.497702 -14.99385 0
0 0

0101101
*
Ed
 1e-07 1 1 0
1  261 0 0 0.334198000000001
2  261 84 0 0 0.334198000000001
0

0101000
+1948 0 -1947 0 *
Ve
1e-07
25.497702 -13.914638 0
0 0

0101101
*
Ed
 1e-07 1 1 0
1  262 0 0 1.079212
2  262 84 0 0 1.079212
0

0101000
+1947 0 -1945 0 *
Ve
1e-07
25.192783 -13.914638 0
0 0

0101101
*
Ed
 1e-07 1 1 0
1  263 0 0 0.304919000000002
2  263 84 0 0 0.304919000000002
0

0101000
+1945 0 -1943 0 *
Ed
 1e-07 1 1 0
1  264 0 0 1.07960909628671
2  264 84 0 0 1.07960909628671
0

0101000
+1943 0 -1948 0 *
Wi

0101100
+1946 0 +1944 0 +1942 0 +1941 0 *
Fa
0  1e-07 84 0

0101000
+1940 0 *
Ve
1e-07
25.497702 -13.914638 0
0 0

0101101
*
Ve
1e-07
25.497702 -14.99385 0
0 0

0101101
*
Ed
 1e-07 1 1 0
1  265 0 0 1.079212
2  265 85 0 0 1.079212
0

0101000
+1938 0 -1937 0 *
Ve
1e-07
27.485334 -13.931674 0
0 0

0101101
*
Ed
 1e-07 1 1 0
1  266 0 0 2.25364123639944
2  266 85 0 0 2.25364123639944
0

0101000
+1937 0 -1935 0 *
Ed
 1e-07 1 1 0
1  267 0 0 1.98770500646349
2  267 85 0 0 1.98770500646349
0

0101000
+1935 0 -1938 0 *
Wi

0101100
+1936 0 +1934 0 +1933 0 *
Fa
0  1e-07 85 0

0101000
+1932 0 *
Ve
1e-07
27.492464 -15.001662 0
0 0

0101101
*
Ve
1e-07
27.485334 -13.931674 0
0 0

0101101
*
Ed
 1e-07 1 1 0
1  268 0 0 1.07001175556346
2  268 86 0 0 1.07001175556346
0

0101000
+1930 0 -1929 0 *
Ve
1e-07
25.497702 -14.99385 0
0 0

0101101
*
Ed
 1e-07 1 1 0
1  269 0 0 2.25364123639944
2  269 86 0 0 2.25364123639944
0

0101000
+1929 0 -1927 0 *
Ed
 1e-07 1 1 0
1  270 0 0 1.99477729683992
2  270 86 0 0 1.99477729683992
0

0101000
+1927 0 -1930 0 *
Wi

0101100
+1928 0 +1926 0 +1925 0 *
Fa
0  1e-07 86 0

0101000
+1924 0 *
Ve
1e-07
26.481976 -13.228333 0
0 0

0101101
*
Ve
1e-07
25.497702 -12.59834 0
0 0

0101101
*
Ed
 1e-07 1 1 0
1  271 0 0 1.16862589699399
2  271 87 0 0 1.16862589699399
0

0101000
+1922 0 -1921 0 *
Ve
1e-07
25.497702 -13.914638 0
0 0

0101101
*
Ed
 1e-07 1 1 0
1  272 0 0 1.316298
2  272 87 0 0 1.316298
0

0101000
+1921 0 -1919 0 *
Ed
 1e-07 1 1 0
1  273 0 0 1.19992077242666
2  273 87 0 0 1.19992077242666
0

0101000
+1919 0 -1922 0 *
Wi

0101100
+1920 0 +1918 0 +1917 0 *
Fa
0  1e-07 87 0

0101000
+1916 0 *
Ve
1e-07
22.706026 -15.280799 0
0 0

0101101
*
Ve
1e-07
25.192783 -13.914638 0
0 0

0101101
*
Ed
 1e-07 1 1 0
1  274 0 0 2.83731497281673
2  274 88 0 0 2.83731497281673
0

0101000
+1914 0 -1913 0 *
Ve
1e-07
22.921515 -13.362581 0
0 0

0101101
*
Ed
 1e-07 1 1 0
1  275 0 0 2.33739711197584
2  275 88 0 0 2.33739711197584
0

0101000
+1913 0 -1911 0 *
Ed
 1e-07 1 1 0
1  276 0 0 1.93028386633806
2  276 88 0 0 1.93028386633806
0

0101000
+1911 0 -1914 0 *
Wi

0101100
+1912 0 +1910 0 +1909 0 *
Fa
0  1e-07 88 0

0101000
+1908 0 *
Ve
1e-07
21.567581 -15.280799 0
0 0

0101101
*
Ve
1e-07
22.706026 -15.280799 0
0 0

0101101
*
Ed
 1e-07 1 1 0
1  277 0 0 1.138445
2  277 89 0 0 1.138445
0

0101000
+1906 0 -1905 0 *
Ve
1e-07
22.921515 -13.362581 0
0 0

0101101
*
Ed
 1e-07 1 1 0
1  278 0 0 1.93028386633806
2  278 89 0 0 1.93028386633806
0

0101000
+1905 0 -1903 0 *
Ve
1e-07
21.385948 -13.362581 0
0 0

0101101
*
Ed
 1e-07 1 1 0
1  279 0 0 1.535567
2  279 89 0 0 1.535567
0

0101000
+1903 0 -1901 0 *
Ed
 1e-07 1 1 0
1  280 0 0 1.92679808029098
2  280 89 0 0 1.92679808029098
0

0101000
+1901 0 -1906 0 *
Wi

0101100
+1904 0 +1902 0 +1900 0 +1899 0 *
Fa
0  1e-07 89 0

0101000
+1898 0 *
Ve
1e-07
27.485334 -13.931674 0
0 0

0101101
*
Ve
1e-07
26.481976 -13.228333 0
0 0

0101101
*
Ed
 1e-07 1 1 0
1  281 0 0 1.22532274868502
2  281 90 0 0 1.22532274868502
0

0101000
+1896 0 -1895 0 *
Ve
1e-07
25.497702 -13.914638 0
0 0

0101101
*
Ed
 1e-07 1 1 0
1  282 0 0 1.19992077242666
2  282 90 0 0 1.19992077242666
0

0101000
+1895 0 -1893 0 *
Ed
 1e-07 1 1 0
1  283 0 0 1.98770500646349
2  283 90 0 0 1.98770500646349
0

0101000
+1893 0 -1896 0 *
Wi

0101100
+1894 0 +1892 0 +1891 0 *
Fa
0  1e-07 90 0

0101000
+1890 0 *
Ve
1e-07
28.109385 -15.001662 0
0 0

0101101
*
Ve
1e-07
28.109385 -15.820981 0
0 0

0101101
*
Ed
 1e-07 1 1 0
1  284 0 0 0.819319
2  284 91 0 0 0.819319
0

0101000
+1888 0 -1887 0 *
Ve
1e-07
37.382626 -15.179956 0
0 0

0101101
*
Ed
 1e-07 1 1 0
1  285 0 0 9.2953704441892
2  285 91 0 0 9.2953704441892
0

0101000
+1887 0 -1885 0 *
Ed
 1e-07 1 1 0
1  286 0 0 9.2749548459557
2  286 91 0 0 9.2749548459557
0

0101000
+1885 0 -1888 0 *
Wi

0101100
+1886 0 +1884 0 +1883 0 *
Fa
0  1e-07 91 0

0101000
+1882 0 *
Ve
1e-07
2.76256 -13.167044 0
0 0

0101101
*
Ve
1e-07
2.122954 -13.167044 0
0 0

0101101
*
Ed
 1e-07 1 1 0
1  287 0 0 0.639606
2  287 92 0 0 0.639606
0

0101000
+1880 0 -1879 0 *
Ve
1e-07
3.857949 -15.168612 0
0 0

0101101
*
Ed
 1e-07 1 1 0
1  288 0 0 2.64886430544281
2  288 92 0 0 2.64886430544281
0

0101000
+1879 0 -1877 0 *
Ed
 1e-07 1 1 0
1  289 0 0 2.28169926150336
2  289 92 0 0 2.28169926150336
0

0101000
+1877 0 -1880 0 *
Wi

0101100
+1878 0 +1876 0 +1875 0 *
Fa
0  1e-07 92 0

0101000
+1874 0 *
Ve
1e-07
3.741729 -12.59834 0
0 0

0101101
*
Ve
1e-07
2.76256 -12.59834 0
0 0

0101101
*
Ed
 1e-07 1 1 0
1  290 0 0 0.979169
2  290 93 0 0 0.979169
0

0101000
+1872 0 -1871 0 *
Ve
1e-07
2.76256 -13.167044 0
0 0

0101101
*
Ed
 1e-07 1 1 0
1  291 0 0 0.568704
2  291 93 0 0 0.568704
0

0101000
+1871 0 -1869 0 *
Ve
1e-07
3.889874 -13.167044 0
0 0

0101101
*
Ed
 1e-07 1 1 0
1  292 0 0 1.127314
2  292 93 0 0 1.127314
0

0101000
+1869 0 -1867 0 *
Ed
 1e-07 1 1 0
1  293 0 0 0.587682891227063
2  293 93 0 0 0.587682891227063
0

0101000
+1867 0 -1872 0 *
Wi

0101100
+1870 0 +1868 0 +1866 0 +1865 0 *
Fa
0  1e-07 93 0

0101000
+1864 0 *
Ve
1e-07
3.889874 -13.167044 0
0 0

0101101
*
Ve
1e-07
3.889874 -12.59834 0
0 0

0101101
*
Ed
 1e-07 1 1 0
1  294 0 0 0.568704
2  294 94 0 0 0.568704
0

0101000
+1862 0 -1861 0 *
Ve
1e-07
3.741729 -12.59834 0
0 0

0101101
*
Ed
 1e-07 1 1 0
1  295 0 0 0.148145
2  295 94 0 0 0.148145
0

0101000
+1861 0 -1859 0 *
Ed
 1e-07 1 1 0
1  296 0 0 0.587682891227063
2  296 94 0 0 0.587682891227063
0

0101000
+1859 0 -1862 0 *
Wi

0101100
+1860 0 +1858 0 +1857 0 *
Fa
0  1e-07 94 0

0101000
+1856 0 *
Ve
1e-07
-0.333365 -12.09834 0
0 0

0101101
*
Ve
1e-07
-0.333365 -12.59834 0
0 0

0101101
*
Ed
 1e-07 1 1 0
1  297 0 0 0.5
2  297 95 0 0 0.5
0

0101000
+1854 0 -1853 0 *
Ve
1e-07
2.122954 -12.09834 0
0 0

0101101
*
Ed
 1e-07 1 1 0
1  298 0 0 2.50669165031541
2  298 95 0 0 2.50669165031541
0

0101000
+1853 0 -1851 0 *
Ed
 1e-07 1 1 0
1  299 0 0 2.456319
2  299 95 0 0 2.456319
0

0101000
+1851 0 -1854 0 *
Wi

0101100
+1852 0 +1850 0 +1849 0 *
Fa
0  1e-07 95 0

0101000
+1848 0 *
Ve
1e-07
2.122954 -12.09834 0
0 0

0101101
*
Ve
1e-07
-0.333365 -12.59834 0
0 0

0101101
*
Ed
 1e-07 1 1 0
1  300 0 0 2.50669165031541
2  300 96 0 0 2.50669165031541
0

0101000
+1846 0 -1845 0 *
Ve
1e-07
2.122954 -13.167044 0
0 0

0101101
*
Ed
 1e-07 1 1 0
1  301 0 0 2.52129476051036
2  301 96 0 0 2.52129476051036
0

0101000
+1845 0 -1843 0 *
Ed
 1e-07 1 1 0
1  302 0 0 1.068704
2  302 96 0 0 1.068704
0

0101000
+1843 0 -1846 0 *
Wi

0101100
+1844 0 +1842 0 +1841 0 *
Fa
0  1e-07 96 0

0101000
+1840 0 *
Ve
1e-07
-0.515486 -7.945417 0
0 0

0101101
*
Ve
1e-07
-0.333365 -12.09834 0
0 0

0101101
*
Ed
 1e-07 1 1 0
1  303 0 0 4.156914420886
2  303 97 0 0 4.156914420886
0

0101000
+1838 0 -1837 0 *
Ve
1e-07
2.122954 -12.09834 0
0 0

0101101
*
Ed
 1e-07 1 1 0
1  304 0 0 2.456319
2  304 97 0 0 2.456319
0

0101000
+1837 0 -1835 0 *
Ed
 1e-07 1 1 0
1  305 0 0 4.92017632585754
2  305 97 0 0 4.92017632585754
0

0101000
+1835 0 -1838 0 *
Wi

0101100
+1836 0 +1834 0 +1833 0 *
Fa
0  1e-07 97 0

0101000
+1832 0 *
Ve
1e-07
-0.333365 -12.59834 0
0 0

0101101
*
Ve
1e-07
-0.872838 -12.59834 0
0 0

0101101
*
Ed
 1e-07 1 1 0
1  306 0 0 0.539473
2  306 98 0 0 0.539473
0

0101000
+1830 0 -1829 0 *
Ve
1e-07
2.122954 -13.167044 0
0 0

0101101
*
Ed
 1e-07 1 1 0
1  307 0 0 3.04929400794348
2  307 98 0 0 3.04929400794348
0

0101000
+1829 0 -1827 0 *
Ed
 1e-07 1 1 0
1  308 0 0 2.52129476051036
2  308 98 0 0 2.52129476051036
0

0101000
+1827 0 -1830 0 *
Wi

0101100
+1828 0 +1826 0 +1825 0 *
Fa
0  1e-07 98 0

0101000
+1824 0 *
Ve
1e-07
-0.515486 -7.945417 0
0 0

0101101
*
Ve
1e-07
-0.836694 -12.09834 0
0 0

0101101
*
Ed
 1e-07 1 1 0
1  309 0 0 4.16532640055891
2  309 99 0 0 4.16532640055891
0

0101000
+1822 0 -1821 0 *
Ve
1e-07
-0.333365 -12.09834 0
0 0

0101101
*
Ed
 1e-07 1 1 0
1  310 0 0 0.503329
2  310 99 0 0 0.503329
0

0101000
+1821 0 -1819 0 *
Ed
 1e-07 1 1 0
1  311 0 0 4.156914420886
2  311 99 0 0 4.156914420886
0

0101000
+1819 0 -1822 0 *
Wi

0101100
+1820 0 +1818 0 +1817 0 *
Fa
0  1e-07 99 0

0101000
+1816 0 *
Ve
1e-07
-0.872838 -15.245499 0
0 0

0101101
*
Ve
1e-07
2.122954 -13.167044 0
0 0

0101101
*
Ed
 1e-07 1 1 0
1  312 0 0 3.646195948422
2  312 100 0 0 3.646195948422
0

0101000
+1814 0 -1813 0 *
Ve
1e-07
-0.872838 -12.59834 0
0 0

0101101
*
Ed
 1e-07 1 1 0
1  313 0 0 3.04929400794348
2  313 100 0 0 3.04929400794348
0

0101000
+1813 0 -1811 0 *
Ed
 1e-07 1 1 0
1  314 0 0 2.647159
2  314 100 0 0 2.647159
0

0101000
+1811 0 -1814 0 *
Wi

0101100
+1812 0 +1810 0 +1809 0 *
Fa
0  1e-07 100 0

0101000
+1808 0 *
Ve
1e-07
4.447446 -13.167044 0
0 0

0101101
*
Ve
1e-07
3.889874 -13.167044 0
0 0

0101101
*
Ed
 1e-07 1 1 0
1  315 0 0 0.557572
2  315 101 0 0 0.557572
0

0101000
+1806 0 -1805 0 *
Ve
1e-07
6.103945 -13.89238 0
0 0

0101101
*
Ed
 1e-07 1 1 0
1  316 0 0 2.329854653393
2  316 101 0 0 2.329854653393
0

0101000
+1805 0 -1803 0 *
Ed
 1e-07 1 1 0
1  317 0 0 1.8083421274463
2  317 101 0 0 1.8083421274463
0

0101000
+1803 0 -1806 0 *
Wi

0101100
+1804 0 +1802 0 +1801 0 *
Fa
0  1e-07 101 0

0101000
+1800 0 *
Ve
1e-07
4.447446 -13.167044 0
0 0

0101101
*
Ve
1e-07
6.103945 -12.59834 0
0 0

0101101
*
Ed
 1e-07 1 1 0
1  318 0 0 1.75140320218304
2  318 102 0 0 1.75140320218304
0

0101000
+1798 0 -1797 0 *
Ve
1e-07
4.447446 -12.59834 0
0 0

0101101
*
Ed
 1e-07 1 1 0
1  319 0 0 1.656499
2  319 102 0 0 1.656499
0

0101000
+1797 0 -1795 0 *
Ed
 1e-07 1 1 0
1  320 0 0 0.568704
2  320 102 0 0 0.568704
0

0101000
+1795 0 -1798 0 *
Wi

0101100
+1796 0 +1794 0 +1793 0 *
Fa
0  1e-07 102 0

0101000
+1792 0 *
Ve
1e-07
6.103945 -13.89238 0
0 0

0101101
*
Ve
1e-07
6.103945 -12.59834 0
0 0

0101101
*
Ed
 1e-07 1 1 0
1  321 0 0 1.29404
2  321 103 0 0 1.29404
0

0101000
+1790 0 -1789 0 *
Ve
1e-07
4.447446 -13.167044 0
0 0

0101101
*
Ed
 1e-07 1 1 0
1  322 0 0 1.75140320218304
2  322 103 0 0 1.75140320218304
0

0101000
+1789 0 -1787 0 *
Ed
 1e-07 1 1 0
1  323 0 0 1.8083421274463
2  323 103 0 0 1.8083421274463
0

0101000
+1787 0 -1790 0 *
Wi

0101100
+1788 0 +1786 0 +1785 0 *
Fa
0  1e-07 103 0

0101000
+1784 0 *
Ve
1e-07
16.395424 -12.59834 0
0 0

0101101
*
Ve
1e-07
14.063998 -12.09834 0
0 0

0101101
*
Ed
 1e-07 1 1 0
1  324 0 0 2.38443854889909
2  324 104 0 0 2.38443854889909
0

0101000
+1782 0 -1781 0 *
Ve
1e-07
14.063998 -13.362581 0
0 0

0101101
*
Ed
 1e-07 1 1 0
1  325 0 0 1.264241
2  325 104 0 0 1.264241
0

0101000
+1781 0 -1779 0 *
Ed
 1e-07 1 1 0
1  326 0 0 2.45348965751988
2  326 104 0 0 2.45348965751988
0

0101000
+1779 0 -1782 0 *
Wi

0101100
+1780 0 +1778 0 +1777 0 *
Fa
0  1e-07 104 0

0101000
+1776 0 *
Ve
1e-07
16.395424 -12.09834 0
0 0

0101101
*
Ve
1e-07
14.063998 -12.09834 0
0 0

0101101
*
Ed
 1e-07 1 1 0
1  327 0 0 2.331426
2  327 105 0 0 2.331426
0

0101000
+1774 0 -1773 0 *
Ve
1e-07
16.395424 -12.59834 0
0 0

0101101
*
Ed
 1e-07 1 1 0
1  328 0 0 2.38443854889909
2  328 105 0 0 2.38443854889909
0

0101000
+1773 0 -1771 0 *
Ed
 1e-07 1 1 0
1  329 0 0 0.5
2  329 105 0 0 0.5
0

0101000
+1771 0 -1774 0 *
Wi

0101100
+1772 0 +1770 0 +1769 0 *
Fa
0  1e-07 105 0

0101000
+1768 0 *
Ve
1e-07
13.870456 -7.945417 0
0 0

0101101
*
Ve
1e-07
7.941555 -12.09834 0
0 0

0101101
*
Ed
 1e-07 1 1 0
1  330 0 0 7.23869024836192
2  330 106 0 0 7.23869024836192
0

0101000
+1766 0 -1765 0 *
Ve
1e-07
14.063998 -12.09834 0
0 0

0101101
*
Ed
 1e-07 1 1 0
1  331 0 0 6.122443
2  331 106 0 0 6.122443
0

0101000
+1765 0 -1763 0 *
Ed
 1e-07 1 1 0
1  332 0 0 4.15743045037352
2  332 106 0 0 4.15743045037352
0

0101000
+1763 0 -1766 0 *
Wi

0101100
+1764 0 +1762 0 +1761 0 *
Fa
0  1e-07 106 0

0101000
+1760 0 *
Ve
1e-07
7.969954 -12.59834 0
0 0

0101101
*
Ve
1e-07
8.866437 -13.362581 0
0 0

0101101
*
Ed
 1e-07 1 1 0
1  333 0 0 1.17802634748549
2  333 107 0 0 1.17802634748549
0

0101000
+1758 0 -1757 0 *
Ve
1e-07
8.866437 -12.59834 0
0 0

0101101
*
Ed
 1e-07 1 1 0
1  334 0 0 0.764241
2  334 107 0 0 0.764241
0

0101000
+1757 0 -1755 0 *
Ed
 1e-07 1 1 0
1  335 0 0 0.896482999999999
2  335 107 0 0 0.896482999999999
0

0101000
+1755 0 -1758 0 *
Wi

0101100
+1756 0 +1754 0 +1753 0 *
Fa
0  1e-07 107 0

0101000
+1752 0 *
Ve
1e-07
2.76256 -13.167044 0
0 0

0101101
*
Ve
1e-07
6.103945 -13.89238 0
0 0

0101101
*
Ed
 1e-07 1 1 0
1  336 0 0 3.41920546781281
2  336 108 0 0 3.41920546781281
0

0101000
+1750 0 -1749 0 *
Ve
1e-07
3.889874 -13.167044 0
0 0

0101101
*
Ed
 1e-07 1 1 0
1  337 0 0 2.329854653393
2  337 108 0 0 2.329854653393
0

0101000
+1749 0 -1747 0 *
Ed
 1e-07 1 1 0
1  338 0 0 1.127314
2  338 108 0 0 1.127314
0

0101000
+1747 0 -1750 0 *
Wi

0101100
+1748 0 +1746 0 +1745 0 *
Fa
0  1e-07 108 0

0101000
+1744 0 *
Ve
1e-07
2.122954 -12.09834 0
0 0

0101101
*
Ve
1e-07
7.758647 -12.09834 0
0 0

0101101
*
Ed
 1e-07 1 1 0
1  339 0 0 5.635693
2  339 109 0 0 5.635693
0

0101000
+1742 0 -1741 0 *
Ve
1e-07
7.301282 -7.945417 0
0 0

0101101
*
Ed
 1e-07 1 1 0
1  340 0 0 4.17803209503637
2  340 109 0 0 4.17803209503637
0

0101000
+1741 0 -1739 0 *
Ve
1e-07
-0.515486 -7.945417 0
0 0

0101101
*
Ed
 1e-07 1 1 0
1  341 0 0 7.816768
2  341 109 0 0 7.816768
0

0101000
+1739 0 -1737 0 *
Ed
 1e-07 1 1 0
1  342 0 0 4.92017632585754
2  342 109 0 0 4.92017632585754
0

0101000
+1737 0 -1742 0 *
Wi

0101100
+1740 0 +1738 0 +1736 0 +1735 0 *
Fa
0  1e-07 109 0

0101000
+1734 0 *
Ve
1e-07
7.758647 -7.945417 0
0 0

0101101
*
Ve
1e-07
7.301282 -7.945417 0
0 0

0101101
*
Ed
 1e-07 1 1 0
1  343 0 0 0.457365
2  343 110 0 0 0.457365
0

0101000
+1732 0 -1731 0 *
Ve
1e-07
7.758647 -12.09834 0
0 0

0101101
*
Ed
 1e-07 1 1 0
1  344 0 0 4.17803209503637
2  344 110 0 0 4.17803209503637
0

0101000
+1731 0 -1729 0 *
Ed
 1e-07 1 1 0
1  345 0 0 4.152923
2  345 110 0 0 4.152923
0

0101000
+1729 0 -1732 0 *
Wi

0101100
+1730 0 +1728 0 +1727 0 *
Fa
0  1e-07 110 0

0101000
+1726 0 *
Ve
1e-07
-0.515486 -7.945417 0
0 0

0101101
*
Ve
1e-07
7.301282 -7.945417 0
0 0

0101101
*
Ed
 1e-07 1 1 0
1  346 0 0 7.816768
2  346 111 0 0 7.816768
0

0101000
+1724 0 -1723 0 *
Ve
1e-07
7.301282 -7.445417 0
0 0

0101101
*
Ed
 1e-07 1 1 0
1  347 0 0 0.5
2  347 111 0 0 0.5
0

0101000
+1723 0 -1721 0 *
Ve
1e-07
-0.515486 -7.445417 0
0 0

0101101
*
Ed
 1e-07 1 1 0
1  348 0 0 7.816768
2  348 111 0 0 7.816768
0

0101000
+1721 0 -1719 0 *
Ed
 1e-07 1 1 0
1  349 0 0 0.5
2  349 111 0 0 0.5
0

0101000
+1719 0 -1724 0 *
Wi

0101100
+1722 0 +1720 0 +1718 0 +1717 0 *
Fa
0  1e-07 111 0

0101000
+1716 0 *
Ve
1e-07
-0.836694 -7.945417 0
0 0

0101101
*
Ve
1e-07
-0.836694 -12.09834 0
0 0

0101101
*
Ed
 1e-07 1 1 0
1  350 0 0 4.152923
2  350 112 0 0 4.152923
0

0101000
+1714 0 -1713 0 *
Ve
1e-07
-0.515486 -7.945417 0
0 0

0101101
*
Ed
 1e-07 1 1 0
1  351 0 0 4.16532640055891
2  351 112 0 0 4.16532640055891
0

0101000
+1713 0 -1711 0 *
Ed
 1e-07 1 1 0
1  352 0 0 0.321208
2  352 112 0 0 0.321208
0

0101000
+1711 0 -1714 0 *
Wi

0101100
+1712 0 +1710 0 +1709 0 *
Fa
0  1e-07 112 0

0101000
+1708 0 *
Ve
1e-07
5.119462 -6.094361 0
0 0

0101101
*
Ve
1e-07
-0.836694 -6.094361 0
0 0

0101101
*
Ed
 1e-07 1 1 0
1  353 0 0 5.956156
2  353 113 0 0 5.956156
0

0101000
+1706 0 -1705 0 *
Ve
1e-07
-0.515486 -7.445417 0
0 0

0101101
*
Ed
 1e-07 1 1 0
1  354 0 0 1.38871411543197
2  354 113 0 0 1.38871411543197
0

0101000
+1705 0 -1703 0 *
Ve
1e-07
7.301282 -7.445417 0
0 0

0101101
*
Ed
 1e-07 1 1 0
1  355 0 0 7.816768
2  355 113 0 0 7.816768
0

0101000
+1703 0 -1701 0 *
Ed
 1e-07 1 1 0
1  356 0 0 2.5662600857154
2  356 113 0 0 2.5662600857154
0

0101000
+1701 0 -1706 0 *
Wi

0101100
+1704 0 +1702 0 +1700 0 +1699 0 *
Fa
0  1e-07 113 0

0101000
+1698 0 *
Ve
1e-07
-0.836694 -7.445417 0
0 0

0101101
*
Ve
1e-07
-0.515486 -7.445417 0
0 0

0101101
*
Ed
 1e-07 1 1 0
1  357 0 0 0.321208
2  357 114 0 0 0.321208
0

0101000
+1696 0 -1695 0 *
Ve
1e-07
-0.836694 -6.094361 0
0 0

0101101
*
Ed
 1e-07 1 1 0
1  358 0 0 1.38871411543197
2  358 114 0 0 1.38871411543197
0

0101000
+1695 0 -1693 0 *
Ed
 1e-07 1 1 0
1  359 0 0 1.351056
2  359 114 0 0 1.351056
0

0101000
+1693 0 -1696 0 *
Wi

0101100
+1694 0 +1692 0 +1691 0 *
Fa
0  1e-07 114 0

0101000
+1690 0 *
Ve
1e-07
7.758647 -5.958076 0
0 0

0101101
*
Ve
1e-07
5.119462 -5.958076 0
0 0

0101101
*
Ed
 1e-07 1 1 0
1  360 0 0 2.639185
2  360 115 0 0 2.639185
0

0101000
+1688 0 -1687 0 *
Ve
1e-07
5.119462 -6.094361 0
0 0

0101101
*
Ed
 1e-07 1 1 0
1  361 0 0 0.136285
2  361 115 0 0 0.136285
0

0101000
+1687 0 -1685 0 *
Ed
 1e-07 1 1 0
1  362 0 0 2.64270147111814
2  362 115 0 0 2.64270147111814
0

0101000
+1685 0 -1688 0 *
Wi

0101100
+1686 0 +1684 0 +1683 0 *
Fa
0  1e-07 115 0

0101000
+1682 0 *
Ve
1e-07
7.301282 -7.445417 0
0 0

0101101
*
Ve
1e-07
7.758647 -5.958076 0
0 0

0101101
*
Ed
 1e-07 1 1 0
1  363 0 0 1.55607390361319
2  363 116 0 0 1.55607390361319
0

0101000
+1680 0 -1679 0 *
Ve
1e-07
5.119462 -6.094361 0
0 0

0101101
*
Ed
 1e-07 1 1 0
1  364 0 0 2.64270147111814
2  364 116 0 0 2.64270147111814
0

0101000
+1679 0 -1677 0 *
Ed
 1e-07 1 1 0
1  365 0 0 2.5662600857154
2  365 116 0 0 2.5662600857154
0

0101000
+1677 0 -1680 0 *
Wi

0101100
+1678 0 +1676 0 +1675 0 *
Fa
0  1e-07 116 0

0101000
+1674 0 *
Ve
1e-07
19.683609 -7.945417 0
0 0

0101101
*
Ve
1e-07
14.370456 -7.945417 0
0 0

0101101
*
Ed
 1e-07 1 1 0
1  366 0 0 5.313153
2  366 117 0 0 5.313153
0

0101000
+1672 0 -1671 0 *
Ve
1e-07
16.395424 -12.09834 0
0 0

0101101
*
Ed
 1e-07 1 1 0
1  367 0 0 4.62031003775212
2  367 117 0 0 4.62031003775212
0

0101000
+1671 0 -1669 0 *
Ed
 1e-07 1 1 0
1  368 0 0 5.2970680605552
2  368 117 0 0 5.2970680605552
0

0101000
+1669 0 -1672 0 *
Wi

0101100
+1670 0 +1668 0 +1667 0 *
Fa
0  1e-07 117 0

0101000
+1666 0 *
Ve
1e-07
14.063998 -12.09834 0
0 0

0101101
*
Ve
1e-07
14.370456 -7.945417 0
0 0

0101101
*
Ed
 1e-07 1 1 0
1  369 0 0 4.1642149259726
2  369 118 0 0 4.1642149259726
0

0101000
+1664 0 -1663 0 *
Ve
1e-07
13.870456 -7.945417 0
0 0

0101101
*
Ed
 1e-07 1 1 0
1  370 0 0 0.5
2  370 118 0 0 0.5
0

0101000
+1663 0 -1661 0 *
Ed
 1e-07 1 1 0
1  371 0 0 4.15743045037352
2  371 118 0 0 4.15743045037352
0

0101000
+1661 0 -1664 0 *
Wi

0101100
+1662 0 +1660 0 +1659 0 *
Fa
0  1e-07 118 0

0101000
+1658 0 *
Ve
1e-07
16.395424 -12.09834 0
0 0

0101101
*
Ve
1e-07
19.790588 -12.09834 0
0 0

0101101
*
Ed
 1e-07 1 1 0
1  372 0 0 3.395164
2  372 119 0 0 3.395164
0

0101000
+1656 0 -1655 0 *
Ve
1e-07
19.683609 -7.945417 0
0 0

0101101
*
Ed
 1e-07 1 1 0
1  373 0 0 4.1543006571949
2  373 119 0 0 4.1543006571949
0

0101000
+1655 0 -1653 0 *
Ed
 1e-07 1 1 0
1  374 0 0 5.2970680605552
2  374 119 0 0 5.2970680605552
0

0101000
+1653 0 -1656 0 *
Wi

0101100
+1654 0 +1652 0 +1651 0 *
Fa
0  1e-07 119 0

0101000
+1650 0 *
Ve
1e-07
7.941555 -5.775168 0
0 0

0101101
*
Ve
1e-07
13.870456 -7.945417 0
0 0

0101101
*
Ed
 1e-07 1 1 0
1  375 0 0 6.31362398229432
2  375 120 0 0 6.31362398229432
0

0101000
+1648 0 -1647 0 *
Ve
1e-07
13.870456 -7.445417 0
0 0

0101101
*
Ed
 1e-07 1 1 0
1  376 0 0 0.5
2  376 120 0 0 0.5
0

0101000
+1647 0 -1645 0 *
Ed
 1e-07 1 1 0
1  377 0 0 6.159675217883
2  377 120 0 0 6.159675217883
0

0101000
+1645 0 -1648 0 *
Wi

0101100
+1646 0 +1644 0 +1643 0 *
Fa
0  1e-07 120 0

0101000
+1642 0 *
Ve
1e-07
14.370456 -7.445417 0
0 0

0101101
*
Ve
1e-07
14.370456 -7.945417 0
0 0

0101101
*
Ed
 1e-07 1 1 0
1  378 0 0 0.5
2  378 121 0 0 0.5
0

0101000
+1640 0 -1639 0 *
Ve
1e-07
19.683609 -7.945417 0
0 0

0101101
*
Ed
 1e-07 1 1 0
1  379 0 0 5.313153
2  379 121 0 0 5.313153
0

0101000
+1639 0 -1637 0 *
Ve
1e-07
19.683609 -7.652564 0
0 0

0101101
*
Ed
 1e-07 1 1 0
1  380 0 0 0.292853
2  380 121 0 0 0.292853
0

0101000
+1637 0 -1635 0 *
Ed
 1e-07 1 1 0
1  381 0 0 5.31718954721552
2  381 121 0 0 5.31718954721552
0

0101000
+1635 0 -1640 0 *
Wi

0101100
+1638 0 +1636 0 +1634 0 +1633 0 *
Fa
0  1e-07 121 0

0101000
+1632 0 *
Ve
1e-07
7.301282 -7.445417 0
0 0

0101101
*
Ve
1e-07
7.758647 -7.445417 0
0 0

0101101
*
Ed
 1e-07 1 1 0
1  382 0 0 0.457365
2  382 122 0 0 0.457365
0

0101000
+1630 0 -1629 0 *
Ve
1e-07
7.758647 -5.958076 0
0 0

0101101
*
Ed
 1e-07 1 1 0
1  383 0 0 1.487341
2  383 122 0 0 1.487341
0

0101000
+1629 0 -1627 0 *
Ed
 1e-07 1 1 0
1  384 0 0 1.55607390361319
2  384 122 0 0 1.55607390361319
0

0101000
+1627 0 -1630 0 *
Wi

0101100
+1628 0 +1626 0 +1625 0 *
Fa
0  1e-07 122 0

0101000
+1624 0 *
Ve
1e-07
7.941555 -4.432139 0
0 0

0101101
*
Ve
1e-07
7.941555 -5.775168 0
0 0

0101101
*
Ed
 1e-07 1 1 0
1  385 0 0 1.343029
2  385 123 0 0 1.343029
0

0101000
+1622 0 -1621 0 *
Ve
1e-07
14.370456 -7.445417 0
0 0

0101101
*
Ed
 1e-07 1 1 0
1  386 0 0 6.64232638386597
2  386 123 0 0 6.64232638386597
0

0101000
+1621 0 -1619 0 *
Ed
 1e-07 1 1 0
1  387 0 0 7.10004312473417
2  387 123 0 0 7.10004312473417
0

0101000
+1619 0 -1622 0 *
Wi

0101100
+1620 0 +1618 0 +1617 0 *
Fa
0  1e-07 123 0

0101000
+1616 0 *
Ve
1e-07
14.370456 -7.445417 0
0 0

0101101
*
Ve
1e-07
19.683609 -7.300323 0
0 0

0101101
*
Ed
 1e-07 1 1 0
1  388 0 0 5.31513377726704
2  388 124 0 0 5.31513377726704
0

0101000
+1614 0 -1613 0 *
Ve
1e-07
7.941555 -4.432139 0
0 0

0101101
*
Ed
 1e-07 1 1 0
1  389 0 0 12.0872789161487
2  389 124 0 0 12.0872789161487
0

0101000
+1613 0 -1611 0 *
Ed
 1e-07 1 1 0
1  390 0 0 7.10004312473417
2  390 124 0 0 7.10004312473417
0

0101000
+1611 0 -1614 0 *
Wi

0101100
+1612 0 +1610 0 +1609 0 *
Fa
0  1e-07 124 0

0101000
+1608 0 *
Ve
1e-07
13.870456 -7.445417 0
0 0

0101101
*
Ve
1e-07
14.370456 -7.445417 0
0 0

0101101
*
Ed
 1e-07 1 1 0
1  391 0 0 0.5
2  391 125 0 0 0.5
0

0101000
+1606 0 -1605 0 *
Ve
1e-07
7.941555 -5.775168 0
0 0

0101101
*
Ed
 1e-07 1 1 0
1  392 0 0 6.64232638386597
2  392 125 0 0 6.64232638386597
0

0101000
+1605 0 -1603 0 *
Ed
 1e-07 1 1 0
1  393 0 0 6.159675217883
2  393 125 0 0 6.159675217883
0

0101000
+1603 0 -1606 0 *
Wi

0101100
+1604 0 +1602 0 +1601 0 *
Fa
0  1e-07 125 0

0101000
+1600 0 *
Ve
1e-07
7.941555 -5.775168 0
0 0

0101101
*
Ve
1e-07
7.941555 -12.09834 0
0 0

0101101
*
Ed
 1e-07 1 1 0
1  394 0 0 6.323172
2  394 126 0 0 6.323172
0

0101000
+1598 0 -1597 0 *
Ve
1e-07
13.870456 -7.945417 0
0 0

0101101
*
Ed
 1e-07 1 1 0
1  395 0 0 7.23869024836192
2  395 126 0 0 7.23869024836192
0

0101000
+1597 0 -1595 0 *
Ed
 1e-07 1 1 0
1  396 0 0 6.31362398229432
2  396 126 0 0 6.31362398229432
0

0101000
+1595 0 -1598 0 *
Wi

0101100
+1596 0 +1594 0 +1593 0 *
Fa
0  1e-07 126 0

0101000
+1592 0 *
Ve
1e-07
14.063998 -12.09834 0
0 0

0101101
*
Ve
1e-07
16.395424 -12.09834 0
0 0

0101101
*
Ed
 1e-07 1 1 0
1  397 0 0 2.331426
2  397 127 0 0 2.331426
0

0101000
+1590 0 -1589 0 *
Ve
1e-07
14.370456 -7.945417 0
0 0

0101101
*
Ed
 1e-07 1 1 0
1  398 0 0 4.62031003775212
2  398 127 0 0 4.62031003775212
0

0101000
+1589 0 -1587 0 *
Ed
 1e-07 1 1 0
1  399 0 0 4.1642149259726
2  399 127 0 0 4.1642149259726
0

0101000
+1587 0 -1590 0 *
Wi

0101100
+1588 0 +1586 0 +1585 0 *
Fa
0  1e-07 127 0

0101000
+1584 0 *
Ve
1e-07
19.945013 -12.59834 0
0 0

0101101
*
Ve
1e-07
19.945013 -13.362581 0
0 0

0101101
*
Ed
 1e-07 1 1 0
1  400 0 0 0.764241
2  400 128 0 0 0.764241
0

0101000
+1582 0 -1581 0 *
Ve
1e-07
21.385948 -13.362581 0
0 0

0101101
*
Ed
 1e-07 1 1 0
1  401 0 0 1.440935
2  401 128 0 0 1.440935
0

0101000
+1581 0 -1579 0 *
Ve
1e-07
21.385948 -12.59834 0
0 0

0101101
*
Ed
 1e-07 1 1 0
1  402 0 0 0.764241
2  402 128 0 0 0.764241
0

0101000
+1579 0 -1577 0 *
Ed
 1e-07 1 1 0
1  403 0 0 1.440935
2  403 128 0 0 1.440935
0

0101000
+1577 0 -1582 0 *
Wi

0101100
+1580 0 +1578 0 +1576 0 +1575 0 *
Fa
0  1e-07 128 0

0101000
+1574 0 *
Ve
1e-07
21.385948 -13.362581 0
0 0

0101101
*
Ve
1e-07
19.945013 -13.362581 0
0 0

0101101
*
Ed
 1e-07 1 1 0
1  404 0 0 1.440935
2  404 129 0 0 1.440935
0

0101000
+1572 0 -1571 0 *
Ve
1e-07
21.567581 -15.280799 0
0 0

0101101
*
Ed
 1e-07 1 1 0
1  405 0 0 2.51242655816006
2  405 129 0 0 2.51242655816006
0

0101000
+1571 0 -1569 0 *
Ed
 1e-07 1 1 0
1  406 0 0 1.92679808029098
2  406 129 0 0 1.92679808029098
0

0101000
+1569 0 -1572 0 *
Wi

0101100
+1570 0 +1568 0 +1567 0 *
Fa
0  1e-07 129 0

0101000
+1566 0 *
Ve
1e-07
21.385948 -12.59834 0
0 0

0101101
*
Ve
1e-07
20.051992 -7.945417 0
0 0

0101101
*
Ed
 1e-07 1 1 0
1  407 0 0 4.84036476454668
2  407 130 0 0 4.84036476454668
0

0101000
+1564 0 -1563 0 *
Ve
1e-07
19.945013 -12.59834 0
0 0

0101101
*
Ed
 1e-07 1 1 0
1  408 0 0 4.6541526565391
2  408 130 0 0 4.6541526565391
0

0101000
+1563 0 -1561 0 *
Ed
 1e-07 1 1 0
1  409 0 0 1.440935
2  409 130 0 0 1.440935
0

0101000
+1561 0 -1564 0 *
Wi

0101100
+1562 0 +1560 0 +1559 0 *
Fa
0  1e-07 130 0

0101000
+1558 0 *
Ve
1e-07
21.540373 -7.945417 0
0 0

0101101
*
Ve
1e-07
21.540373 -12.09834 0
0 0

0101101
*
Ed
 1e-07 1 1 0
1  410 0 0 4.152923
2  410 131 0 0 4.152923
0

0101000
+1556 0 -1555 0 *
Ve
1e-07
25.253517 -10.654753 0
0 0

0101101
*
Ed
 1e-07 1 1 0
1  411 0 0 3.98389028354258
2  411 131 0 0 3.98389028354258
0

0101000
+1555 0 -1553 0 *
Ed
 1e-07 1 1 0
1  412 0 0 4.59651388833233
2  412 131 0 0 4.59651388833233
0

0101000
+1553 0 -1556 0 *
Wi

0101100
+1554 0 +1552 0 +1551 0 *
Fa
0  1e-07 131 0

0101000
+1550 0 *
Ve
1e-07
22.921515 -12.09834 0
0 0

0101101
*
Ve
1e-07
22.921515 -12.59834 0
0 0

0101101
*
Ed
 1e-07 1 1 0
1  413 0 0 0.5
2  413 132 0 0 0.5
0

0101000
+1548 0 -1547 0 *
Ve
1e-07
25.192783 -12.09834 0
0 0

0101101
*
Ed
 1e-07 1 1 0
1  414 0 0 2.32565223707759
2  414 132 0 0 2.32565223707759
0

0101000
+1547 0 -1545 0 *
Ed
 1e-07 1 1 0
1  415 0 0 2.271268
2  415 132 0 0 2.271268
0

0101000
+1545 0 -1548 0 *
Wi

0101100
+1546 0 +1544 0 +1543 0 *
Fa
0  1e-07 132 0

0101000
+1542 0 *
Ve
1e-07
25.192783 -12.09834 0
0 0

0101101
*
Ve
1e-07
22.921515 -12.59834 0
0 0

0101101
*
Ed
 1e-07 1 1 0
1  416 0 0 2.32565223707759
2  416 133 0 0 2.32565223707759
0

0101000
+1540 0 -1539 0 *
Ve
1e-07
22.921515 -13.362581 0
0 0

0101101
*
Ed
 1e-07 1 1 0
1  417 0 0 0.764241
2  417 133 0 0 0.764241
0

0101000
+1539 0 -1537 0 *
Ed
 1e-07 1 1 0
1  418 0 0 2.59941601785959
2  418 133 0 0 2.59941601785959
0

0101000
+1537 0 -1540 0 *
Wi

0101100
+1538 0 +1536 0 +1535 0 *
Fa
0  1e-07 133 0

0101000
+1534 0 *
Ve
1e-07
25.253517 -10.654753 0
0 0

0101101
*
Ve
1e-07
22.921515 -12.09834 0
0 0

0101101
*
Ed
 1e-07 1 1 0
1  419 0 0 2.7426587018025
2  419 134 0 0 2.7426587018025
0

0101000
+1532 0 -1531 0 *
Ve
1e-07
25.192783 -12.09834 0
0 0

0101101
*
Ed
 1e-07 1 1 0
1  420 0 0 2.271268
2  420 134 0 0 2.271268
0

0101000
+1531 0 -1529 0 *
Ed
 1e-07 1 1 0
1  421 0 0 1.4448640231264
2  421 134 0 0 1.4448640231264
0

0101000
+1529 0 -1532 0 *
Wi

0101100
+1530 0 +1528 0 +1527 0 *
Fa
0  1e-07 134 0

0101000
+1526 0 *
Ve
1e-07
25.253517 -10.654753 0
0 0

0101101
*
Ve
1e-07
21.540373 -12.09834 0
0 0

0101101
*
Ed
 1e-07 1 1 0
1  422 0 0 3.98389028354258
2  422 135 0 0 3.98389028354258
0

0101000
+1524 0 -1523 0 *
Ve
1e-07
22.921515 -12.09834 0
0 0

0101101
*
Ed
 1e-07 1 1 0
1  423 0 0 1.381142
2  423 135 0 0 1.381142
0

0101000
+1523 0 -1521 0 *
Ed
 1e-07 1 1 0
1  424 0 0 2.7426587018025
2  424 135 0 0 2.7426587018025
0

0101000
+1521 0 -1524 0 *
Wi

0101100
+1522 0 +1520 0 +1519 0 *
Fa
0  1e-07 135 0

0101000
+1518 0 *
Ve
1e-07
22.921515 -13.362581 0
0 0

0101101
*
Ve
1e-07
25.192783 -13.914638 0
0 0

0101101
*
Ed
 1e-07 1 1 0
1  425 0 0 2.33739711197584
2  425 136 0 0 2.33739711197584
0

0101000
+1516 0 -1515 0 *
Ve
1e-07
25.192783 -12.09834 0
0 0

0101101
*
Ed
 1e-07 1 1 0
1  426 0 0 1.816298
2  426 136 0 0 1.816298
0

0101000
+1515 0 -1513 0 *
Ed
 1e-07 1 1 0
1  427 0 0 2.59941601785959
2  427 136 0 0 2.59941601785959
0

0101000
+1513 0 -1516 0 *
Wi

0101100
+1514 0 +1512 0 +1511 0 *
Fa
0  1e-07 136 0

0101000
+1510 0 *
Ve
1e-07
25.253517 -10.654753 0
0 0

0101101
*
Ve
1e-07
25.192783 -12.09834 0
0 0

0101101
*
Ed
 1e-07 1 1 0
1  428 0 0 1.4448640231264
2  428 137 0 0 1.4448640231264
0

0101000
+1508 0 -1507 0 *
Ve
1e-07
28.045052 -10.654753 0
0 0

0101101
*
Ed
 1e-07 1 1 0
1  429 0 0 3.19677679466834
2  429 137 0 0 3.19677679466834
0

0101000
+1507 0 -1505 0 *
Ed
 1e-07 1 1 0
1  430 0 0 2.791535
2  430 137 0 0 2.791535
0

0101000
+1505 0 -1508 0 *
Wi

0101100
+1506 0 +1504 0 +1503 0 *
Fa
0  1e-07 137 0

0101000
+1502 0 *
Ve
1e-07
25.497702 -12.59834 0
0 0

0101101
*
Ve
1e-07
26.481976 -13.228333 0
0 0

0101101
*
Ed
 1e-07 1 1 0
1  431 0 0 1.16862589699399
2  431 138 0 0 1.16862589699399
0

0101000
+1500 0 -1499 0 *
Ve
1e-07
26.481976 -12.59834 0
0 0

0101101
*
Ed
 1e-07 1 1 0
1  432 0 0 0.629992999999999
2  432 138 0 0 0.629992999999999
0

0101000
+1499 0 -1497 0 *
Ed
 1e-07 1 1 0
1  433 0 0 0.984273999999999
2  433 138 0 0 0.984273999999999
0

0101000
+1497 0 -1500 0 *
Wi

0101100
+1498 0 +1496 0 +1495 0 *
Fa
0  1e-07 138 0

0101000
+1494 0 *
Ve
1e-07
19.790588 -7.945417 0
0 0

0101101
*
Ve
1e-07
19.683609 -7.945417 0
0 0

0101101
*
Ed
 1e-07 1 1 0
1  434 0 0 0.106978999999999
2  434 139 0 0 0.106978999999999
0

0101000
+1492 0 -1491 0 *
Ve
1e-07
19.790588 -12.09834 0
0 0

0101101
*
Ed
 1e-07 1 1 0
1  435 0 0 4.1543006571949
2  435 139 0 0 4.1543006571949
0

0101000
+1491 0 -1489 0 *
Ed
 1e-07 1 1 0
1  436 0 0 4.152923
2  436 139 0 0 4.152923
0

0101000
+1489 0 -1492 0 *
Wi

0101100
+1490 0 +1488 0 +1487 0 *
Fa
0  1e-07 139 0

0101000
+1486 0 *
Ve
1e-07
25.847837 -8.078924 0
0 0

0101101
*
Ve
1e-07
25.751213 -8.078924 0
0 0

0101101
*
Ed
 1e-07 1 1 0
1  437 0 0 0.0966239999999985
2  437 140 0 0 0.0966239999999985
0

0101000
+1484 0 -1483 0 *
Ve
1e-07
25.751213 -10.215902 0
0 0

0101101
*
Ed
 1e-07 1 1 0
1  438 0 0 2.136978
2  438 140 0 0 2.136978
0

0101000
+1483 0 -1481 0 *
Ed
 1e-07 1 1 0
1  439 0 0 2.1391613239445
2  439 140 0 0 2.1391613239445
0

0101000
+1481 0 -1484 0 *
Wi

0101100
+1482 0 +1480 0 +1479 0 *
Fa
0  1e-07 140 0

0101000
+1478 0 *
Ve
1e-07
25.751213 -10.215902 0
0 0

0101101
*
Ve
1e-07
27.500479 -10.215902 0
0 0

0101101
*
Ed
 1e-07 1 1 0
1  440 0 0 1.749266
2  440 141 0 0 1.749266
0

0101000
+1476 0 -1475 0 *
Ve
1e-07
27.095913 -8.078924 0
0 0

0101101
*
Ed
 1e-07 1 1 0
1  441 0 0 2.1749364636329
2  441 141 0 0 2.1749364636329
0

0101000
+1475 0 -1473 0 *
Ve
1e-07
25.847837 -8.078924 0
0 0

0101101
*
Ed
 1e-07 1 1 0
1  442 0 0 1.248076
2  442 141 0 0 1.248076
0

0101000
+1473 0 -1471 0 *
Ed
 1e-07 1 1 0
1  443 0 0 2.1391613239445
2  443 141 0 0 2.1391613239445
0

0101000
+1471 0 -1476 0 *
Wi

0101100
+1474 0 +1472 0 +1470 0 +1469 0 *
Fa
0  1e-07 141 0

0101000
+1468 0 *
Ve
1e-07
26.481976 -13.228333 0
0 0

0101101
*
Ve
1e-07
27.485334 -13.931674 0
0 0

0101101
*
Ed
 1e-07 1 1 0
1  444 0 0 1.22532274868502
2  444 142 0 0 1.22532274868502
0

0101000
+1466 0 -1465 0 *
Ve
1e-07
27.485334 -13.228333 0
0 0

0101101
*
Ed
 1e-07 1 1 0
1  445 0 0 0.703341
2  445 142 0 0 0.703341
0

0101000
+1465 0 -1463 0 *
Ed
 1e-07 1 1 0
1  446 0 0 1.003358
2  446 142 0 0 1.003358
0

0101000
+1463 0 -1466 0 *
Wi

0101100
+1464 0 +1462 0 +1461 0 *
Fa
0  1e-07 142 0

0101000
+1460 0 *
Ve
1e-07
21.278969 -7.945417 0
0 0

0101101
*
Ve
1e-07
20.051992 -7.945417 0
0 0

0101101
*
Ed
 1e-07 1 1 0
1  447 0 0 1.226977
2  447 143 0 0 1.226977
0

0101000
+1458 0 -1457 0 *
Ve
1e-07
21.385948 -12.59834 0
0 0

0101101
*
Ed
 1e-07 1 1 0
1  448 0 0 4.84036476454668
2  448 143 0 0 4.84036476454668
0

0101000
+1457 0 -1455 0 *
Ed
 1e-07 1 1 0
1  449 0 0 4.6541526565391
2  449 143 0 0 4.6541526565391
0

0101000
+1455 0 -1458 0 *
Wi

0101100
+1456 0 +1454 0 +1453 0 *
Fa
0  1e-07 143 0

0101000
+1452 0 *
Ve
1e-07
20.051992 -7.945417 0
0 0

0101101
*
Ve
1e-07
21.278969 -7.945417 0
0 0

0101101
*
Ed
 1e-07 1 1 0
1  450 0 0 1.226977
2  450 144 0 0 1.226977
0

0101000
+1450 0 -1449 0 *
Ve
1e-07
21.278969 -7.652564 0
0 0

0101101
*
Ed
 1e-07 1 1 0
1  451 0 0 0.292853
2  451 144 0 0 0.292853
0

0101000
+1449 0 -1447 0 *
Ve
1e-07
20.051992 -7.652564 0
0 0

0101101
*
Ed
 1e-07 1 1 0
1  452 0 0 1.226977
2  452 144 0 0 1.226977
2  453 145 0 0 1.226977
2  454 146 0 0 1.226977
0

0101000
+1447 0 -1445 0 *
Ed
 1e-07 1 1 0
1  453 0 0 0.292853
2  455 144 0 0 0.292853
0

0101000
+1445 0 -1450 0 *
Wi

0101100
+1448 0 +1446 0 +1444 0 +1443 0 *
Fa
0  1e-07 144 0

0101000
+1442 0 *
Ve
1e-07
21.385948 -12.59834 0
0 0

0101101
*
Ve
1e-07
21.385948 -7.945417 0
0 0

0101101
*
Ed
 1e-07 1 1 0
1  454 0 0 4.652923
2  456 147 0 0 4.652923
0

0101000
+1440 0 -1439 0 *
Ve
1e-07
21.278969 -7.945417 0
0 0

0101101
*
Ed
 1e-07 1 1 0
1  455 0 0 0.106978999999999
2  457 147 0 0 0.106978999999999
0

0101000
+1439 0 -1437 0 *
Ed
 1e-07 1 1 0
1  456 0 0 4.6541526565391
2  458 147 0 0 4.6541526565391
0

0101000
+1437 0 -1440 0 *
Wi

0101100
+1438 0 +1436 0 +1435 0 *
Fa
0  1e-07 147 0

0101000
+1434 0 *
Ve
1e-07
14.370456 -7.445417 0
0 0

0101101
*
Ve
1e-07
19.683609 -7.652564 0
0 0

0101101
*
Ed
 1e-07 1 1 0
1  457 0 0 5.31718954721552
2  459 148 0 0 5.31718954721552
0

0101000
+1432 0 -1431 0 *
Ve
1e-07
19.683609 -7.300323 0
0 0

0101101
*
Ed
 1e-07 1 1 0
1  458 0 0 0.352241
2  460 148 0 0 0.352241
0

0101000
+1431 0 -1429 0 *
Ed
 1e-07 1 1 0
1  459 0 0 5.31513377726704
2  461 148 0 0 5.31513377726704
0

0101000
+1429 0 -1432 0 *
Wi

0101100
+1430 0 +1428 0 +1427 0 *
Fa
0  1e-07 148 0

0101000
+1426 0 *
Ve
1e-07
19.945013 -12.59834 0
0 0

0101101
*
Ve
1e-07
20.051992 -7.945417 0
0 0

0101101
*
Ed
 1e-07 1 1 0
1  460 0 0 4.6541526565391
2  462 149 0 0 4.6541526565391
0

0101000
+1424 0 -1423 0 *
Ve
1e-07
19.945013 -7.945417 0
0 0

0101101
*
Ed
 1e-07 1 1 0
1  461 0 0 0.106978999999999
2  463 149 0 0 0.106978999999999
0

0101000
+1423 0 -1421 0 *
Ed
 1e-07 1 1 0
1  462 0 0 4.652923
2  464 149 0 0 4.652923
0

0101000
+1421 0 -1424 0 *
Wi

0101100
+1422 0 +1420 0 +1419 0 *
Fa
0  1e-07 149 0

0101000
+1418 0 *
Ve
1e-07
25.253517 -7.920875 0
0 0

0101101
*
Ve
1e-07
21.647352 -7.652564 0
0 0

0101101
*
Ed
 1e-07 1 1 0
1  463 0 0 3.61613285153435
2  465 150 0 0 3.61613285153435
0

0101000
+1416 0 -1415 0 *
Ve
1e-07
21.647352 -7.945417 0
0 0

0101101
*
Ed
 1e-07 1 1 0
1  464 0 0 0.292853
2  466 150 0 0 0.292853
0

0101000
+1415 0 -1413 0 *
Ed
 1e-07 1 1 0
1  465 0 0 3.60624851015414
2  467 150 0 0 3.60624851015414
0

0101000
+1413 0 -1416 0 *
Wi

0101100
+1414 0 +1412 0 +1411 0 *
Fa
0  1e-07 150 0

0101000
+1410 0 *
Ve
1e-07
25.253517 -7.920875 0
0 0

0101101
*
Ve
1e-07
21.647352 -7.945417 0
0 0

0101101
*
Ed
 1e-07 1 1 0
1  466 0 0 3.60624851015414
2  468 151 0 0 3.60624851015414
0

0101000
+1408 0 -1407 0 *
Ve
1e-07
25.253517 -10.654753 0
0 0

0101101
*
Ed
 1e-07 1 1 0
1  467 0 0 4.51053517535569
2  469 151 0 0 4.51053517535569
0

0101000
+1407 0 -1405 0 *
Ed
 1e-07 1 1 0
1  468 0 0 2.733878
2  470 151 0 0 2.733878
0

0101000
+1405 0 -1408 0 *
Wi

0101100
+1406 0 +1404 0 +1403 0 *
Fa
0  1e-07 151 0

0101000
+1402 0 *
Ve
1e-07
27.500479 -10.215902 0
0 0

0101101
*
Ve
1e-07
27.500479 -8.078924 0
0 0

0101101
*
Ed
 1e-07 1 1 0
1  469 0 0 2.136978
2  471 152 0 0 2.136978
0

0101000
+1400 0 -1399 0 *
Ve
1e-07
27.095913 -8.078924 0
0 0

0101101
*
Ed
 1e-07 1 1 0
1  470 0 0 0.404565999999999
2  472 152 0 0 0.404565999999999
0

0101000
+1399 0 -1397 0 *
Ed
 1e-07 1 1 0
1  471 0 0 2.1749364636329
2  473 152 0 0 2.1749364636329
0

0101000
+1397 0 -1400 0 *
Wi

0101100
+1398 0 +1396 0 +1395 0 *
Fa
0  1e-07 152 0

0101000
+1394 0 *
Ve
1e-07
25.253517 -7.445417 0
0 0

0101101
*
Ve
1e-07
21.647352 -7.652564 0
0 0

0101101
*
Ed
 1e-07 1 1 0
1  472 0 0 3.61210961722287
2  474 153 0 0 3.61210961722287
0

0101000
+1392 0 -1391 0 *
Ve
1e-07
25.253517 -7.920875 0
0 0

0101101
*
Ed
 1e-07 1 1 0
1  473 0 0 3.61613285153435
2  475 153 0 0 3.61613285153435
0

0101000
+1391 0 -1389 0 *
Ed
 1e-07 1 1 0
1  474 0 0 0.475458
2  476 153 0 0 0.475458
0

0101000
+1389 0 -1392 0 *
Wi

0101100
+1390 0 +1388 0 +1387 0 *
Fa
0  1e-07 153 0

0101000
+1386 0 *
Ve
1e-07
21.540373 -7.945417 0
0 0

0101101
*
Ve
1e-07
25.253517 -10.654753 0
0 0

0101101
*
Ed
 1e-07 1 1 0
1  475 0 0 4.59651388833233
2  477 154 0 0 4.59651388833233
0

0101000
+1384 0 -1383 0 *
Ve
1e-07
21.647352 -7.945417 0
0 0

0101101
*
Ed
 1e-07 1 1 0
1  476 0 0 4.51053517535569
2  478 154 0 0 4.51053517535569
0

0101000
+1383 0 -1381 0 *
Ed
 1e-07 1 1 0
1  477 0 0 0.106979000000003
2  479 154 0 0 0.106979000000003
0

0101000
+1381 0 -1384 0 *
Wi

0101100
+1382 0 +1380 0 +1379 0 *
Fa
0  1e-07 154 0

0101000
+1378 0 *
Ve
1e-07
25.847837 -7.445417 0
0 0

0101101
*
Ve
1e-07
21.647352 -7.300323 0
0 0

0101101
*
Ed
 1e-07 1 1 0
1  478 0 0 4.20299018605337
2  480 155 0 0 4.20299018605337
0

0101000
+1376 0 -1375 0 *
Ve
1e-07
25.253517 -7.445417 0
0 0

0101101
*
Ed
 1e-07 1 1 0
1  479 0 0 3.60908274718951
2  481 155 0 0 3.60908274718951
0

0101000
+1375 0 -1373 0 *
Ed
 1e-07 1 1 0
1  480 0 0 0.59432
2  482 155 0 0 0.59432
0

0101000
+1373 0 -1376 0 *
Wi

0101100
+1374 0 +1372 0 +1371 0 *
Fa
0  1e-07 155 0

0101000
+1370 0 *
Ve
1e-07
21.647352 -7.652564 0
0 0

0101101
*
Ve
1e-07
25.253517 -7.445417 0
0 0

0101101
*
Ed
 1e-07 1 1 0
1  481 0 0 3.61210961722287
2  483 156 0 0 3.61210961722287
0

0101000
+1368 0 -1367 0 *
Ve
1e-07
21.647352 -7.300323 0
0 0

0101101
*
Ed
 1e-07 1 1 0
1  482 0 0 3.60908274718951
2  484 156 0 0 3.60908274718951
0

0101000
+1367 0 -1365 0 *
Ed
 1e-07 1 1 0
1  483 0 0 0.352241
2  485 156 0 0 0.352241
0

0101000
+1365 0 -1368 0 *
Wi

0101100
+1366 0 +1364 0 +1363 0 *
Fa
0  1e-07 156 0

0101000
+1362 0 *
Ve
1e-07
25.847837 -7.445417 0
0 0

0101101
*
Ve
1e-07
27.095913 -7.445417 0
0 0

0101101
*
Ed
 1e-07 1 1 0
1  484 0 0 1.248076
2  486 157 0 0 1.248076
0

0101000
+1360 0 -1359 0 *
Ve
1e-07
7.941555 -4.432139 0
0 0

0101101
*
Ed
 1e-07 1 1 0
1  485 0 0 19.3899271452331
2  487 157 0 0 19.3899271452331
0

0101000
+1359 0 -1357 0 *
Ed
 1e-07 1 1 0
1  486 0 0 18.1580499880579
2  488 157 0 0 18.1580499880579
0

0101000
+1357 0 -1360 0 *
Wi

0101100
+1358 0 +1356 0 +1355 0 *
Fa
0  1e-07 157 0

0101000
+1354 0 *
Ve
1e-07
27.095913 -8.078924 0
0 0

0101101
*
Ve
1e-07
27.095913 -7.445417 0
0 0

0101101
*
Ed
 1e-07 1 1 0
1  487 0 0 0.633507000000001
2  489 158 0 0 0.633507000000001
0

0101000
+1352 0 -1351 0 *
Ve
1e-07
25.847837 -7.445417 0
0 0

0101101
*
Ed
 1e-07 1 1 0
1  488 0 0 1.248076
2  490 158 0 0 1.248076
0

0101000
+1351 0 -1349 0 *
Ve
1e-07
25.847837 -8.078924 0
0 0

0101101
*
Ed
 1e-07 1 1 0
1  489 0 0 0.633507000000001
2  491 158 0 0 0.633507000000001
0

0101000
+1349 0 -1347 0 *
Ed
 1e-07 1 1 0
1  490 0 0 1.248076
2  492 158 0 0 1.248076
0

0101000
+1347 0 -1352 0 *
Wi

0101100
+1350 0 +1348 0 +1346 0 +1345 0 *
Fa
0  1e-07 158 0

0101000
+1344 0 *
Ve
1e-07
27.095913 -7.445417 0
0 0

0101101
*
Ve
1e-07
28.045052 -7.445417 0
0 0

0101101
*
Ed
 1e-07 1 1 0
1  491 0 0 0.949138999999999
2  493 159 0 0 0.949138999999999
0

0101000
+1342 0 -1341 0 *
Ve
1e-07
7.941555 -4.432139 0
0 0

0101101
*
Ed
 1e-07 1 1 0
1  492 0 0 20.3280701478102
2  494 159 0 0 20.3280701478102
0

0101000
+1341 0 -1339 0 *
Ed
 1e-07 1 1 0
1  493 0 0 19.3899271452331
2  495 159 0 0 19.3899271452331
0

0101000
+1339 0 -1342 0 *
Wi

0101100
+1340 0 +1338 0 +1337 0 *
Fa
0  1e-07 159 0

0101000
+1336 0 *
Ve
1e-07
25.847837 -7.445417 0
0 0

0101101
*
Ve
1e-07
7.941555 -4.432139 0
0 0

0101101
*
Ed
 1e-07 1 1 0
1  494 0 0 18.1580499880579
2  496 160 0 0 18.1580499880579
0

0101000
+1334 0 -1333 0 *
Ve
1e-07
21.647352 -7.300323 0
0 0

0101101
*
Ed
 1e-07 1 1 0
1  495 0 0 14.0026908436581
2  497 160 0 0 14.0026908436581
0

0101000
+1333 0 -1331 0 *
Ed
 1e-07 1 1 0
1  496 0 0 4.20299018605337
2  498 160 0 0 4.20299018605337
0

0101000
+1331 0 -1334 0 *
Wi

0101100
+1332 0 +1330 0 +1329 0 *
Fa
0  1e-07 160 0

0101000
+1328 0 *
Ve
1e-07
7.941555 -4.432139 0
0 0

0101101
*
Ve
1e-07
19.683609 -7.300323 0
0 0

0101101
*
Ed
 1e-07 1 1 0
1  497 0 0 12.0872789161487
2  499 161 0 0 12.0872789161487
0

0101000
+1326 0 -1325 0 *
Ve
1e-07
21.647352 -7.300323 0
0 0

0101101
*
Ed
 1e-07 1 1 0
1  498 0 0 1.963743
2  500 161 0 0 1.963743
0

0101000
+1325 0 -1323 0 *
Ed
 1e-07 1 1 0
1  499 0 0 14.0026908436581
2  501 161 0 0 14.0026908436581
0

0101000
+1323 0 -1326 0 *
Wi

0101100
+1324 0 +1322 0 +1321 0 *
Fa
0  1e-07 161 0

0101000
+1320 0 *
Ve
1e-07
31.557053 -7.945417 0
0 0

0101101
*
Ve
1e-07
31.057053 -7.945417 0
0 0

0101101
*
Ed
 1e-07 1 1 0
1  500 0 0 0.5
2  502 162 0 0 0.5
0

0101000
+1318 0 -1317 0 *
Ve
1e-07
28.045052 -10.654753 0
0 0

0101101
*
Ed
 1e-07 1 1 0
1  501 0 0 4.05125308823048
2  503 162 0 0 4.05125308823048
0

0101000
+1317 0 -1315 0 *
Ed
 1e-07 1 1 0
1  502 0 0 4.43561186138925
2  504 162 0 0 4.43561186138925
0

0101000
+1315 0 -1318 0 *
Wi

0101100
+1316 0 +1314 0 +1313 0 *
Fa
0  1e-07 162 0

0101000
+1312 0 *
Ve
1e-07
31.057053 -7.445417 0
0 0

0101101
*
Ve
1e-07
7.941555 -4.432139 0
0 0

0101101
*
Ed
 1e-07 1 1 0
1  503 0 0 23.3110723068092
2  505 163 0 0 23.3110723068092
0

0101000
+1310 0 -1309 0 *
Ve
1e-07
28.045052 -7.445417 0
0 0

0101101
*
Ed
 1e-07 1 1 0
1  504 0 0 20.3280701478102
2  506 163 0 0 20.3280701478102
0

0101000
+1309 0 -1307 0 *
Ed
 1e-07 1 1 0
1  505 0 0 3.012001
2  507 163 0 0 3.012001
0

0101000
+1307 0 -1310 0 *
Wi

0101100
+1308 0 +1306 0 +1305 0 *
Fa
0  1e-07 163 0

0101000
+1304 0 *
Ve
1e-07
31.193167 -20.667225 0
0 0

0101101
*
Ve
1e-07
28.972462 -21.167225 0
0 0

0101101
*
Ed
 1e-07 1 1 0
1  506 0 0 2.27629758534006
2  508 164 0 0 2.27629758534006
0

0101000
+1302 0 -1301 0 *
Ve
1e-07
31.193167 -21.167225 0
0 0

0101101
*
Ed
 1e-07 1 1 0
1  507 0 0 2.220705
2  509 164 0 0 2.220705
0

0101000
+1301 0 -1299 0 *
Ed
 1e-07 1 1 0
1  508 0 0 0.5
2  510 164 0 0 0.5
0

0101000
+1299 0 -1302 0 *
Wi

0101100
+1300 0 +1298 0 +1297 0 *
Fa
0  1e-07 164 0

0101000
+1296 0 *
Ve
1e-07
32.044357 -20.667225 0
0 0

0101101
*
Ve
1e-07
34.295971 -20.667225 0
0 0

0101101
*
Ed
 1e-07 1 1 0
1  509 0 0 2.251614
2  511 165 0 0 2.251614
0

0101000
+1294 0 -1293 0 *
Ve
1e-07
25.497702 -17.34659 0
0 0

0101101
*
Ed
 1e-07 1 1 0
1  510 0 0 9.40404988287419
2  512 165 0 0 9.40404988287419
0

0101000
+1293 0 -1291 0 *
Ed
 1e-07 1 1 0
1  511 0 0 7.34066131164284
2  513 165 0 0 7.34066131164284
0

0101000
+1291 0 -1294 0 *
Wi

0101100
+1292 0 +1290 0 +1289 0 *
Fa
0  1e-07 165 0

0101000
+1288 0 *
Ve
1e-07
34.295971 -21.167225 0
0 0

0101101
*
Ve
1e-07
34.295971 -20.667225 0
0 0

0101101
*
Ed
 1e-07 1 1 0
1  512 0 0 0.5
2  514 166 0 0 0.5
0

0101000
+1286 0 -1285 0 *
Ve
1e-07
32.044357 -20.667225 0
0 0

0101101
*
Ed
 1e-07 1 1 0
1  513 0 0 2.251614
2  515 166 0 0 2.251614
0

0101000
+1285 0 -1283 0 *
Ve
1e-07
32.044357 -21.167225 0
0 0

0101101
*
Ed
 1e-07 1 1 0
1  514 0 0 0.5
2  516 166 0 0 0.5
0

0101000
+1283 0 -1281 0 *
Ed
 1e-07 1 1 0
1  515 0 0 2.251614
2  517 166 0 0 2.251614
0

0101000
+1281 0 -1286 0 *
Wi

0101100
+1284 0 +1282 0 +1280 0 +1279 0 *
Fa
0  1e-07 166 0

0101000
+1278 0 *
Ve
1e-07
25.497702 -17.34659 0
0 0

0101101
*
Ve
1e-07
34.295971 -20.667225 0
0 0

0101101
*
Ed
 1e-07 1 1 0
1  516 0 0 9.40404988287419
2  518 167 0 0 9.40404988287419
0

0101000
+1276 0 -1275 0 *
Ve
1e-07
37.382626 -15.680685 0
0 0

0101101
*
Ed
 1e-07 1 1 0
1  517 0 0 5.86455627141773
2  519 167 0 0 5.86455627141773
0

0101000
+1275 0 -1273 0 *
Ed
 1e-07 1 1 0
1  518 0 0 12.0011106967147
2  520 167 0 0 12.0011106967147
0

0101000
+1273 0 -1276 0 *
Wi

0101100
+1274 0 +1272 0 +1271 0 *
Fa
0  1e-07 167 0

0101000
+1270 0 *
Ve
1e-07
31.193167 -20.667225 0
0 0

0101101
*
Ve
1e-07
28.972462 -20.667225 0
0 0

0101101
*
Ed
 1e-07 1 1 0
1  519 0 0 2.220705
2  521 168 0 0 2.220705
0

0101000
+1268 0 -1267 0 *
Ve
1e-07
28.972462 -21.167225 0
0 0

0101101
*
Ed
 1e-07 1 1 0
1  520 0 0 0.5
2  522 168 0 0 0.5
0

0101000
+1267 0 -1265 0 *
Ed
 1e-07 1 1 0
1  521 0 0 2.27629758534006
2  523 168 0 0 2.27629758534006
0

0101000
+1265 0 -1268 0 *
Wi

0101100
+1266 0 +1264 0 +1263 0 *
Fa
0  1e-07 168 0

0101000
+1262 0 *
Ve
1e-07
40.435005 -21.167225 0
0 0

0101101
*
Ve
1e-07
38.185768 -20.667225 0
0 0

0101101
*
Ed
 1e-07 1 1 0
1  522 0 0 2.30414128954128
2  524 169 0 0 2.30414128954128
0

0101000
+1260 0 -1259 0 *
Ve
1e-07
38.185768 -21.167225 0
0 0

0101101
*
Ed
 1e-07 1 1 0
1  523 0 0 0.5
2  525 169 0 0 0.5
0

0101000
+1259 0 -1257 0 *
Ed
 1e-07 1 1 0
1  524 0 0 2.24923699999999
2  526 169 0 0 2.24923699999999
0

0101000
+1257 0 -1260 0 *
Wi

0101100
+1258 0 +1256 0 +1255 0 *
Fa
0  1e-07 169 0

0101000
+1254 0 *
Ve
1e-07
42.198662 -19.734463 0
0 0

0101101
*
Ve
1e-07
35.071075 -20.667225 0
0 0

0101101
*
Ed
 1e-07 1 1 0
1  525 0 0 7.18836152340803
2  527 170 0 0 7.18836152340803
0

0101000
+1252 0 -1251 0 *
Ve
1e-07
37.36311 -20.667225 0
0 0

0101101
*
Ed
 1e-07 1 1 0
1  526 0 0 2.292035
2  528 170 0 0 2.292035
0

0101000
+1251 0 -1249 0 *
Ed
 1e-07 1 1 0
1  527 0 0 4.92469370553621
2  529 170 0 0 4.92469370553621
0

0101000
+1249 0 -1252 0 *
Wi

0101100
+1250 0 +1248 0 +1247 0 *
Fa
0  1e-07 170 0

0101000
+1246 0 *
Ve
1e-07
37.36311 -20.667225 0
0 0

0101101
*
Ve
1e-07
35.071075 -20.667225 0
0 0

0101101
*
Ed
 1e-07 1 1 0
1  528 0 0 2.292035
2  530 171 0 0 2.292035
0

0101000
+1244 0 -1243 0 *
Ve
1e-07
35.071075 -21.167225 0
0 0

0101101
*
Ed
 1e-07 1 1 0
1  529 0 0 0.5
2  531 171 0 0 0.5
0

0101000
+1243 0 -1241 0 *
Ve
1e-07
37.36311 -21.167225 0
0 0

0101101
*
Ed
 1e-07 1 1 0
1  530 0 0 2.292035
2  532 171 0 0 2.292035
0

0101000
+1241 0 -1239 0 *
Ed
 1e-07 1 1 0
1  531 0 0 0.5
2  533 171 0 0 0.5
0

0101000
+1239 0 -1244 0 *
Wi

0101100
+1242 0 +1240 0 +1238 0 +1237 0 *
Fa
0  1e-07 171 0

0101000
+1236 0 *
Ve
1e-07
42.800743 -21.167225 0
0 0

0101101
*
Ve
1e-07
44.017044 -21.167225 0
0 0

0101101
*
Ed
 1e-07 1 1 0
1  532 0 0 1.216301
2  534 172 0 0 1.216301
0

0101000
+1234 0 -1233 0 *
Ve
1e-07
44.017044 -20.667225 0
0 0

0101101
*
Ed
 1e-07 1 1 0
1  533 0 0 0.5
2  535 172 0 0 0.5
0

0101000
+1233 0 -1231 0 *
Ve
1e-07
42.800743 -20.667225 0
0 0

0101101
*
Ed
 1e-07 1 1 0
1  534 0 0 1.216301
2  536 172 0 0 1.216301
0

0101000
+1231 0 -1229 0 *
Ed
 1e-07 1 1 0
1  535 0 0 0.5
2  537 172 0 0 0.5
0

0101000
+1229 0 -1234 0 *
Wi

0101100
+1232 0 +1230 0 +1228 0 +1227 0 *
Fa
0  1e-07 172 0

0101000
+1226 0 *
Ve
1e-07
40.977104 -21.167225 0
0 0

0101101
*
Ve
1e-07
42.198662 -21.167225 0
0 0

0101101
*
Ed
 1e-07 1 1 0
1  536 0 0 1.221558
2  538 173 0 0 1.221558
0

0101000
+1224 0 -1223 0 *
Ve
1e-07
42.198662 -20.667225 0
0 0

0101101
*
Ed
 1e-07 1 1 0
1  537 0 0 0.5
2  539 173 0 0 0.5
0

0101000
+1223 0 -1221 0 *
Ve
1e-07
40.977104 -20.667225 0
0 0

0101101
*
Ed
 1e-07 1 1 0
1  538 0 0 1.221558
2  540 173 0 0 1.221558
0

0101000
+1221 0 -1219 0 *
Ed
 1e-07 1 1 0
1  539 0 0 0.5
2  541 173 0 0 0.5
0

0101000
+1219 0 -1224 0 *
Wi

0101100
+1222 0 +1220 0 +1218 0 +1217 0 *
Fa
0  1e-07 173 0

0101000
+1216 0 *
Ve
1e-07
37.382626 -15.680685 0
0 0

0101101
*
Ve
1e-07
34.295971 -20.667225 0
0 0

0101101
*
Ed
 1e-07 1 1 0
1  540 0 0 5.86455627141773
2  542 174 0 0 5.86455627141773
0

0101000
+1214 0 -1213 0 *
Ve
1e-07
35.071075 -20.667225 0
0 0

0101101
*
Ed
 1e-07 1 1 0
1  541 0 0 0.775103999999999
2  543 174 0 0 0.775103999999999
0

0101000
+1213 0 -1211 0 *
Ed
 1e-07 1 1 0
1  542 0 0 5.49625774479336
2  544 174 0 0 5.49625774479336
0

0101000
+1211 0 -1214 0 *
Wi

0101100
+1212 0 +1210 0 +1209 0 *
Fa
0  1e-07 174 0

0101000
+1208 0 *
Ve
1e-07
28.972462 -20.667225 0
0 0

0101101
*
Ve
1e-07
31.193167 -20.667225 0
0 0

0101101
*
Ed
 1e-07 1 1 0
1  543 0 0 2.220705
2  545 175 0 0 2.220705
0

0101000
+1206 0 -1205 0 *
Ve
1e-07
25.497702 -19.27198 0
0 0

0101101
*
Ed
 1e-07 1 1 0
1  544 0 0 5.86387501369615
2  546 175 0 0 5.86387501369615
0

0101000
+1205 0 -1203 0 *
Ed
 1e-07 1 1 0
1  545 0 0 3.74441793442252
2  547 175 0 0 3.74441793442252
0

0101000
+1203 0 -1206 0 *
Wi

0101100
+1204 0 +1202 0 +1201 0 *
Fa
0  1e-07 175 0

0101000
+1200 0 *
Ve
1e-07
40.435005 -20.667225 0
0 0

0101101
*
Ve
1e-07
42.198662 -19.734463 0
0 0

0101101
*
Ed
 1e-07 1 1 0
1  546 0 0 1.99512680356237
2  548 176 0 0 1.99512680356237
0

0101000
+1198 0 -1197 0 *
Ve
1e-07
38.185768 -20.667225 0
0 0

0101101
*
Ed
 1e-07 1 1 0
1  547 0 0 4.11987417330675
2  549 176 0 0 4.11987417330675
0

0101000
+1197 0 -1195 0 *
Ed
 1e-07 1 1 0
1  548 0 0 2.24923699999999
2  550 176 0 0 2.24923699999999
0

0101000
+1195 0 -1198 0 *
Wi

0101100
+1196 0 +1194 0 +1193 0 *
Fa
0  1e-07 176 0

0101000
+1192 0 *
Ve
1e-07
32.044357 -20.667225 0
0 0

0101101
*
Ve
1e-07
25.497702 -19.27198 0
0 0

0101101
*
Ed
 1e-07 1 1 0
1  549 0 0 6.69368361211149
2  551 177 0 0 6.69368361211149
0

0101000
+1190 0 -1189 0 *
Ve
1e-07
31.193167 -20.667225 0
0 0

0101101
*
Ed
 1e-07 1 1 0
1  550 0 0 5.86387501369615
2  552 177 0 0 5.86387501369615
0

0101000
+1189 0 -1187 0 *
Ed
 1e-07 1 1 0
1  551 0 0 0.851189999999999
2  553 177 0 0 0.851189999999999
0

0101000
+1187 0 -1190 0 *
Wi

0101100
+1188 0 +1186 0 +1185 0 *
Fa
0  1e-07 177 0

0101000
+1184 0 *
Ve
1e-07
38.185768 -20.667225 0
0 0

0101101
*
Ve
1e-07
42.198662 -19.734463 0
0 0

0101101
*
Ed
 1e-07 1 1 0
1  552 0 0 4.11987417330675
2  554 178 0 0 4.11987417330675
0

0101000
+1182 0 -1181 0 *
Ve
1e-07
37.36311 -20.667225 0
0 0

0101101
*
Ed
 1e-07 1 1 0
1  553 0 0 4.92469370553621
2  555 178 0 0 4.92469370553621
0

0101000
+1181 0 -1179 0 *
Ed
 1e-07 1 1 0
1  554 0 0 0.822658000000004
2  556 178 0 0 0.822658000000004
0

0101000
+1179 0 -1182 0 *
Wi

0101100
+1180 0 +1178 0 +1177 0 *
Fa
0  1e-07 178 0

0101000
+1176 0 *
Ve
1e-07
35.071075 -20.667225 0
0 0

0101101
*
Ve
1e-07
42.198662 -19.734463 0
0 0

0101101
*
Ed
 1e-07 1 1 0
1  555 0 0 7.18836152340803
2  557 179 0 0 7.18836152340803
0

0101000
+1174 0 -1173 0 *
Ve
1e-07
37.382626 -15.680685 0
0 0

0101101
*
Ed
 1e-07 1 1 0
1  556 0 0 6.29502333804887
2  558 179 0 0 6.29502333804887
0

0101000
+1173 0 -1171 0 *
Ed
 1e-07 1 1 0
1  557 0 0 5.49625774479336
2  559 179 0 0 5.49625774479336
0

0101000
+1171 0 -1174 0 *
Wi

0101100
+1172 0 +1170 0 +1169 0 *
Fa
0  1e-07 179 0

0101000
+1168 0 *
Ve
1e-07
37.382626 -15.680685 0
0 0

0101101
*
Ve
1e-07
37.382626 -15.179956 0
0 0

0101101
*
Ed
 1e-07 1 1 0
1  558 0 0 0.500729
2  560 180 0 0 0.500729
0

0101000
+1166 0 -1165 0 *
Ve
1e-07
28.109385 -15.820981 0
0 0

0101101
*
Ed
 1e-07 1 1 0
1  559 0 0 9.2953704441892
2  561 180 0 0 9.2953704441892
0

0101000
+1165 0 -1163 0 *
Ed
 1e-07 1 1 0
1  560 0 0 9.27430221697013
2  562 180 0 0 9.27430221697013
0

0101000
+1163 0 -1166 0 *
Wi

0101100
+1164 0 +1162 0 +1161 0 *
Fa
0  1e-07 180 0

0101000
+1160 0 *
Ve
1e-07
42.198662 -15.290259 0
0 0

0101101
*
Ve
1e-07
37.885277 -15.179956 0
0 0

0101101
*
Ed
 1e-07 1 1 0
1  561 0 0 4.31479511796725
2  563 181 0 0 4.31479511796725
0

0101000
+1158 0 -1157 0 *
Ve
1e-07
37.885277 -15.680685 0
0 0

0101101
*
Ed
 1e-07 1 1 0
1  562 0 0 0.500729
2  564 181 0 0 0.500729
0

0101000
+1157 0 -1155 0 *
Ed
 1e-07 1 1 0
1  563 0 0 4.33101865843371
2  565 181 0 0 4.33101865843371
0

0101000
+1155 0 -1158 0 *
Wi

0101100
+1156 0 +1154 0 +1153 0 *
Fa
0  1e-07 181 0

0101000
+1152 0 *
Ve
1e-07
37.382626 -15.680685 0
0 0

0101101
*
Ve
1e-07
42.198662 -19.734463 0
0 0

0101101
*
Ed
 1e-07 1 1 0
1  564 0 0 6.29502333804887
2  566 182 0 0 6.29502333804887
0

0101000
+1150 0 -1149 0 *
Ve
1e-07
37.885277 -15.680685 0
0 0

0101101
*
Ed
 1e-07 1 1 0
1  565 0 0 5.91932481213094
2  567 182 0 0 5.91932481213094
0

0101000
+1149 0 -1147 0 *
Ed
 1e-07 1 1 0
1  566 0 0 0.502651
2  568 182 0 0 0.502651
0

0101000
+1147 0 -1150 0 *
Wi

0101100
+1148 0 +1146 0 +1145 0 *
Fa
0  1e-07 182 0

0101000
+1144 0 *
Ve
1e-07
40.977104 -20.667225 0
0 0

0101101
*
Ve
1e-07
42.198662 -20.667225 0
0 0

0101101
*
Ed
 1e-07 1 1 0
1  567 0 0 1.221558
2  569 183 0 0 1.221558
0

0101000
+1142 0 -1141 0 *
Ve
1e-07
42.198662 -19.734463 0
0 0

0101101
*
Ed
 1e-07 1 1 0
1  568 0 0 0.932761999999997
2  570 183 0 0 0.932761999999997
0

0101000
+1141 0 -1139 0 *
Ed
 1e-07 1 1 0
1  569 0 0 1.53696092858862
2  571 183 0 0 1.53696092858862
0

0101000
+1139 0 -1142 0 *
Wi

0101100
+1140 0 +1138 0 +1137 0 *
Fa
0  1e-07 183 0

0101000
+1136 0 *
Ve
1e-07
40.977104 -20.667225 0
0 0

0101101
*
Ve
1e-07
42.198662 -19.734463 0
0 0

0101101
*
Ed
 1e-07 1 1 0
1  570 0 0 1.53696092858862
2  572 184 0 0 1.53696092858862
0

0101000
+1134 0 -1133 0 *
Ve
1e-07
40.435005 -20.667225 0
0 0

0101101
*
Ed
 1e-07 1 1 0
1  571 0 0 1.99512680356237
2  573 184 0 0 1.99512680356237
0

0101000
+1133 0 -1131 0 *
Ed
 1e-07 1 1 0
1  572 0 0 0.542099
2  574 184 0 0 0.542099
0

0101000
+1131 0 -1134 0 *
Wi

0101100
+1132 0 +1130 0 +1129 0 *
Fa
0  1e-07 184 0

0101000
+1128 0 *
Ve
1e-07
37.885277 -15.179956 0
0 0

0101101
*
Ve
1e-07
39.081974 -13.588746 0
0 0

0101101
*
Ed
 1e-07 1 1 0
1  573 0 0 1.99098793916714
2  575 185 0 0 1.99098793916714
0

0101000
+1126 0 -1125 0 *
Ve
1e-07
37.382626 -15.179956 0
0 0

0101101
*
Ed
 1e-07 1 1 0
1  574 0 0 2.3280319777022
2  576 185 0 0 2.3280319777022
0

0101000
+1125 0 -1123 0 *
Ed
 1e-07 1 1 0
1  575 0 0 0.502651
2  577 185 0 0 0.502651
0

0101000
+1123 0 -1126 0 *
Wi

0101100
+1124 0 +1122 0 +1121 0 *
Fa
0  1e-07 185 0

0101000
+1120 0 *
Ve
1e-07
40.435005 -21.167225 0
0 0

0101101
*
Ve
1e-07
40.435005 -20.667225 0
0 0

0101101
*
Ed
 1e-07 1 1 0
1  576 0 0 0.5
2  578 186 0 0 0.5
0

0101000
+1118 0 -1117 0 *
Ve
1e-07
38.185768 -20.667225 0
0 0

0101101
*
Ed
 1e-07 1 1 0
1  577 0 0 2.24923699999999
2  579 186 0 0 2.24923699999999
0

0101000
+1117 0 -1115 0 *
Ed
 1e-07 1 1 0
1  578 0 0 2.30414128954128
2  580 186 0 0 2.30414128954128
0

0101000
+1115 0 -1118 0 *
Wi

0101100
+1116 0 +1114 0 +1113 0 *
Fa
0  1e-07 186 0

0101000
+1112 0 *
Ve
1e-07
28.109385 -15.001662 0
0 0

0101101
*
Ve
1e-07
37.382626 -15.179956 0
0 0

0101101
*
Ed
 1e-07 1 1 0
1  579 0 0 9.2749548459557
2  581 187 0 0 9.2749548459557
0

0101000
+1110 0 -1109 0 *
Ve
1e-07
34.203793 -13.424925 0
0 0

0101101
*
Ed
 1e-07 1 1 0
1  580 0 0 3.63113109827365
2  582 187 0 0 3.63113109827365
0

0101000
+1109 0 -1107 0 *
Ed
 1e-07 1 1 0
1  581 0 0 6.29507016939708
2  583 187 0 0 6.29507016939708
0

0101000
+1107 0 -1110 0 *
Wi

0101100
+1108 0 +1106 0 +1105 0 *
Fa
0  1e-07 187 0

0101000
+1104 0 *
Ve
1e-07
42.417572 -19.734463 0
0 0

0101101
*
Ve
1e-07
42.198662 -19.734463 0
0 0

0101101
*
Ed
 1e-07 1 1 0
1  582 0 0 0.218910000000001
2  584 188 0 0 0.218910000000001
0

0101000
+1102 0 -1101 0 *
Ve
1e-07
42.198662 -20.667225 0
0 0

0101101
*
Ed
 1e-07 1 1 0
1  583 0 0 0.932761999999997
2  585 188 0 0 0.932761999999997
0

0101000
+1101 0 -1099 0 *
Ed
 1e-07 1 1 0
1  584 0 0 0.958105702281327
2  586 188 0 0 0.958105702281327
0

0101000
+1099 0 -1102 0 *
Wi

0101100
+1100 0 +1098 0 +1097 0 *
Fa
0  1e-07 188 0

0101000
+1096 0 *
Ve
1e-07
42.417572 -19.734463 0
0 0

0101101
*
Ve
1e-07
42.800743 -20.667225 0
0 0

0101101
*
Ed
 1e-07 1 1 0
1  585 0 0 1.00839722524658
2  587 189 0 0 1.00839722524658
0

0101000
+1094 0 -1093 0 *
Ve
1e-07
44.017044 -20.667225 0
0 0

0101101
*
Ed
 1e-07 1 1 0
1  586 0 0 1.216301
2  588 189 0 0 1.216301
0

0101000
+1093 0 -1091 0 *
Ed
 1e-07 1 1 0
1  587 0 0 1.85158192565924
2  589 189 0 0 1.85158192565924
0

0101000
+1091 0 -1094 0 *
Wi

0101100
+1092 0 +1090 0 +1089 0 *
Fa
0  1e-07 189 0

0101000
+1088 0 *
Ve
1e-07
42.417572 -19.734463 0
0 0

0101101
*
Ve
1e-07
44.017044 -20.667225 0
0 0

0101101
*
Ed
 1e-07 1 1 0
1  588 0 0 1.85158192565924
2  590 190 0 0 1.85158192565924
0

0101000
+1086 0 -1085 0 *
Ve
1e-07
45.438313 -20.667225 0
0 0

0101101
*
Ed
 1e-07 1 1 0
1  589 0 0 1.421269
2  591 190 0 0 1.421269
0

0101000
+1085 0 -1083 0 *
Ed
 1e-07 1 1 0
1  590 0 0 3.16147451954385
2  592 190 0 0 3.16147451954385
0

0101000
+1083 0 -1086 0 *
Wi

0101100
+1084 0 +1082 0 +1081 0 *
Fa
0  1e-07 190 0

0101000
+1080 0 *
Ve
1e-07
42.417572 -19.734463 0
0 0

0101101
*
Ve
1e-07
42.198662 -20.667225 0
0 0

0101101
*
Ed
 1e-07 1 1 0
1  591 0 0 0.958105702281327
2  593 191 0 0 0.958105702281327
0

0101000
+1078 0 -1077 0 *
Ve
1e-07
42.800743 -20.667225 0
0 0

0101101
*
Ed
 1e-07 1 1 0
1  592 0 0 0.602080999999998
2  594 191 0 0 0.602080999999998
0

0101000
+1077 0 -1075 0 *
Ed
 1e-07 1 1 0
1  593 0 0 1.00839722524658
2  595 191 0 0 1.00839722524658
0

0101000
+1075 0 -1078 0 *
Wi

0101100
+1076 0 +1074 0 +1073 0 *
Fa
0  1e-07 191 0

0101000
+1072 0 *
Ve
1e-07
42.198662 -15.290259 0
0 0

0101101
*
Ve
1e-07
37.885277 -15.680685 0
0 0

0101101
*
Ed
 1e-07 1 1 0
1  594 0 0 4.33101865843371
2  596 192 0 0 4.33101865843371
0

0101000
+1070 0 -1069 0 *
Ve
1e-07
42.198662 -19.734463 0
0 0

0101101
*
Ed
 1e-07 1 1 0
1  595 0 0 5.91932481213094
2  597 192 0 0 5.91932481213094
0

0101000
+1069 0 -1067 0 *
Ed
 1e-07 1 1 0
1  596 0 0 4.444204
2  598 192 0 0 4.444204
0

0101000
+1067 0 -1070 0 *
Wi

0101100
+1068 0 +1066 0 +1065 0 *
Fa
0  1e-07 192 0

0101000
+1064 0 *
Ve
1e-07
42.417572 -15.553657 0
0 0

0101101
*
Ve
1e-07
42.417572 -19.734463 0
0 0

0101101
*
Ed
 1e-07 1 1 0
1  597 0 0 4.180806
2  599 193 0 0 4.180806
0

0101000
+1062 0 -1061 0 *
Ve
1e-07
45.438313 -20.667225 0
0 0

0101101
*
Ed
 1e-07 1 1 0
1  598 0 0 3.16147451954385
2  600 193 0 0 3.16147451954385
0

0101000
+1061 0 -1059 0 *
Ve
1e-07
45.438313 -15.553657 0
0 0

0101101
*
Ed
 1e-07 1 1 0
1  599 0 0 5.113568
2  601 193 0 0 5.113568
0

0101000
+1059 0 -1057 0 *
Ed
 1e-07 1 1 0
1  600 0 0 3.020741
2  602 193 0 0 3.020741
0

0101000
+1057 0 -1062 0 *
Wi

0101100
+1060 0 +1058 0 +1056 0 +1055 0 *
Fa
0  1e-07 193 0

0101000
+1054 0 *
Ve
1e-07
42.198662 -15.290259 0
0 0

0101101
*
Ve
1e-07
39.230572 -13.588746 0
0 0

0101101
*
Ed
 1e-07 1 1 0
1  601 0 0 3.42121392743409
2  603 194 0 0 3.42121392743409
0

0101000
+1052 0 -1051 0 *
Ve
1e-07
37.885277 -15.179956 0
0 0

0101101
*
Ed
 1e-07 1 1 0
1  602 0 0 2.08369093224619
2  604 194 0 0 2.08369093224619
0

0101000
+1051 0 -1049 0 *
Ed
 1e-07 1 1 0
1  603 0 0 4.31479511796725
2  605 194 0 0 4.31479511796725
0

0101000
+1049 0 -1052 0 *
Wi

0101100
+1050 0 +1048 0 +1047 0 *
Fa
0  1e-07 194 0

0101000
+1046 0 *
Ve
1e-07
47.741405 -20.667225 0
0 0

0101101
*
Ve
1e-07
51.429199 -19.316933 0
0 0

0101101
*
Ed
 1e-07 1 1 0
1  604 0 0 3.9272271479633
2  606 195 0 0 3.9272271479633
0

0101000
+1044 0 -1043 0 *
Ve
1e-07
45.865223 -15.64809 0
0 0

0101101
*
Ed
 1e-07 1 1 0
1  605 0 0 6.6647008850529
2  607 195 0 0 6.6647008850529
0

0101000
+1043 0 -1041 0 *
Ed
 1e-07 1 1 0
1  606 0 0 5.35833696638696
2  608 195 0 0 5.35833696638696
0

0101000
+1041 0 -1044 0 *
Wi

0101100
+1042 0 +1040 0 +1039 0 *
Fa
0  1e-07 195 0

0101000
+1038 0 *
Ve
1e-07
42.198662 -15.290259 0
0 0

0101101
*
Ve
1e-07
47.718864 -15.290259 0
0 0

0101101
*
Ed
 1e-07 1 1 0
1  607 0 0 5.520202
2  609 196 0 0 5.520202
0

0101000
+1036 0 -1035 0 *
Ve
1e-07
46.505215 -13.393448 0
0 0

0101101
*
Ed
 1e-07 1 1 0
1  608 0 0 2.25185165251222
2  610 196 0 0 2.25185165251222
0

0101000
+1035 0 -1033 0 *
Ed
 1e-07 1 1 0
1  609 0 0 4.70577206327825
2  611 196 0 0 4.70577206327825
0

0101000
+1033 0 -1036 0 *
Wi

0101100
+1034 0 +1032 0 +1031 0 *
Fa
0  1e-07 196 0

0101000
+1030 0 *
Ve
1e-07
45.865223 -15.64809 0
0 0

0101101
*
Ve
1e-07
45.865223 -21.167225 0
0 0

0101101
*
Ed
 1e-07 1 1 0
1  610 0 0 5.519135
2  612 197 0 0 5.519135
0

0101000
+1028 0 -1027 0 *
Ve
1e-07
47.741405 -20.667225 0
0 0

0101101
*
Ed
 1e-07 1 1 0
1  611 0 0 1.94166395061658
2  613 197 0 0 1.94166395061658
0

0101000
+1027 0 -1025 0 *
Ed
 1e-07 1 1 0
1  612 0 0 5.35833696638696
2  614 197 0 0 5.35833696638696
0

0101000
+1025 0 -1028 0 *
Wi

0101100
+1026 0 +1024 0 +1023 0 *
Fa
0  1e-07 197 0

0101000
+1022 0 *
Ve
1e-07
28.972462 -20.667225 0
0 0

0101101
*
Ve
1e-07
25.497702 -19.27198 0
0 0

0101101
*
Ed
 1e-07 1 1 0
1  613 0 0 3.74441793442252
2  615 198 0 0 3.74441793442252
0

0101000
+1020 0 -1019 0 *
Ve
1e-07
28.137915 -20.667225 0
0 0

0101101
*
Ed
 1e-07 1 1 0
1  614 0 0 2.98620717556468
2  616 198 0 0 2.98620717556468
0

0101000
+1019 0 -1017 0 *
Ed
 1e-07 1 1 0
1  615 0 0 0.834547000000001
2  617 198 0 0 0.834547000000001
0

0101000
+1017 0 -1020 0 *
Wi

0101100
+1018 0 +1016 0 +1015 0 *
Fa
0  1e-07 198 0

0101000
+1014 0 *
Ve
1e-07
48.241405 -21.167225 0
0 0

0101101
*
Ve
1e-07
51.429199 -21.167225 0
0 0

0101101
*
Ed
 1e-07 1 1 0
1  616 0 0 3.187794
2  618 199 0 0 3.187794
0

0101000
+1012 0 -1011 0 *
Ve
1e-07
51.429199 -20.667225 0
0 0

0101101
*
Ed
 1e-07 1 1 0
1  617 0 0 0.5
2  619 199 0 0 0.5
0

0101000
+1011 0 -1009 0 *
Ve
1e-07
48.241405 -20.667225 0
0 0

0101101
*
Ed
 1e-07 1 1 0
1  618 0 0 3.187794
2  620 199 0 0 3.187794
0

0101000
+1009 0 -1007 0 *
Ed
 1e-07 1 1 0
1  619 0 0 0.5
2  621 199 0 0 0.5
0

0101000
+1007 0 -1012 0 *
Wi

0101100
+1010 0 +1008 0 +1006 0 +1005 0 *
Fa
0  1e-07 199 0

0101000
+1004 0 *
Ve
1e-07
48.241405 -20.667225 0
0 0

0101101
*
Ve
1e-07
51.429199 -19.316933 0
0 0

0101101
*
Ed
 1e-07 1 1 0
1  620 0 0 3.4619819571598
2  622 200 0 0 3.4619819571598
0

0101000
+1002 0 -1001 0 *
Ve
1e-07
47.741405 -20.667225 0
0 0

0101101
*
Ed
 1e-07 1 1 0
1  621 0 0 3.9272271479633
2  623 200 0 0 3.9272271479633
0

0101000
+1001 0 -999 0 *
Ed
 1e-07 1 1 0
1  622 0 0 0.5
2  624 200 0 0 0.5
0

0101000
+999 0 -1002 0 *
Wi

0101100
+1000 0 +998 0 +997 0 *
Fa
0  1e-07 200 0

0101000
+996 0 *
Ve
1e-07
54.49028 -20.667225 0
0 0

0101101
*
Ve
1e-07
51.929199 -20.667225 0
0 0

0101101
*
Ed
 1e-07 1 1 0
1  623 0 0 2.561081
2  625 201 0 0 2.561081
0

0101000
+994 0 -993 0 *
Ve
1e-07
52.853127 -20.991388 0
0 0

0101101
*
Ed
 1e-07 1 1 0
1  624 0 0 0.979144830836076
2  626 201 0 0 0.979144830836076
0

0101000
+993 0 -991 0 *
Ed
 1e-07 1 1 0
1  625 0 0 1.66893726544109
2  627 201 0 0 1.66893726544109
0

0101000
+991 0 -994 0 *
Wi

0101100
+992 0 +990 0 +989 0 *
Fa
0  1e-07 201 0

0101000
+988 0 *
Ve
1e-07
51.429199 -19.316933 0
0 0

0101101
*
Ve
1e-07
48.241405 -20.667225 0
0 0

0101101
*
Ed
 1e-07 1 1 0
1  626 0 0 3.4619819571598
2  628 202 0 0 3.4619819571598
0

0101000
+986 0 -985 0 *
Ve
1e-07
51.429199 -20.667225 0
0 0

0101101
*
Ed
 1e-07 1 1 0
1  627 0 0 3.187794
2  629 202 0 0 3.187794
0

0101000
+985 0 -983 0 *
Ed
 1e-07 1 1 0
1  628 0 0 1.350292
2  630 202 0 0 1.350292
0

0101000
+983 0 -986 0 *
Wi

0101100
+984 0 +982 0 +981 0 *
Fa
0  1e-07 202 0

0101000
+980 0 *
Ve
1e-07
52.853127 -20.991388 0
0 0

0101101
*
Ve
1e-07
51.929199 -20.667225 0
0 0

0101101
*
Ed
 1e-07 1 1 0
1  629 0 0 0.979144830836076
2  631 203 0 0 0.979144830836076
0

0101000
+978 0 -977 0 *
Ve
1e-07
51.929199 -20.991388 0
0 0

0101101
*
Ed
 1e-07 1 1 0
1  630 0 0 0.324163000000002
2  632 203 0 0 0.324163000000002
0

0101000
+977 0 -975 0 *
Ed
 1e-07 1 1 0
1  631 0 0 0.923928000000004
2  633 203 0 0 0.923928000000004
0

0101000
+975 0 -978 0 *
Wi

0101100
+976 0 +974 0 +973 0 *
Fa
0  1e-07 203 0

0101000
+972 0 *
Ve
1e-07
51.429199 -20.667225 0
0 0

0101101
*
Ve
1e-07
51.929199 -20.667225 0
0 0

0101101
*
Ed
 1e-07 1 1 0
1  632 0 0 0.5
2  634 204 0 0 0.5
0

0101000
+970 0 -969 0 *
Ve
1e-07
51.550514 -19.316933 0
0 0

0101101
*
Ed
 1e-07 1 1 0
1  633 0 0 1.40238754076361
2  635 204 0 0 1.40238754076361
0

0101000
+969 0 -967 0 *
Ed
 1e-07 1 1 0
1  634 0 0 1.35573073081973
2  636 204 0 0 1.35573073081973
0

0101000
+967 0 -970 0 *
Wi

0101100
+968 0 +966 0 +965 0 *
Fa
0  1e-07 204 0

0101000
+964 0 *
Ve
1e-07
52.853127 -20.991388 0
0 0

0101101
*
Ve
1e-07
52.853127 -21.167225 0
0 0

0101101
*
Ed
 1e-07 1 1 0
1  635 0 0 0.175836999999998
2  637 205 0 0 0.175836999999998
0

0101000
+962 0 -961 0 *
Ve
1e-07
54.49028 -21.167225 0
0 0

0101101
*
Ed
 1e-07 1 1 0
1  636 0 0 1.637153
2  638 205 0 0 1.637153
0

0101000
+961 0 -959 0 *
Ed
 1e-07 1 1 0
1  637 0 0 1.64656873405819
2  639 205 0 0 1.64656873405819
0

0101000
+959 0 -962 0 *
Wi

0101100
+960 0 +958 0 +957 0 *
Fa
0  1e-07 205 0

0101000
+956 0 *
Ve
1e-07
45.865223 -21.167225 0
0 0

0101101
*
Ve
1e-07
47.741405 -21.167225 0
0 0

0101101
*
Ed
 1e-07 1 1 0
1  638 0 0 1.876182
2  640 206 0 0 1.876182
0

0101000
+954 0 -953 0 *
Ve
1e-07
47.741405 -20.667225 0
0 0

0101101
*
Ed
 1e-07 1 1 0
1  639 0 0 0.5
2  641 206 0 0 0.5
0

0101000
+953 0 -951 0 *
Ed
 1e-07 1 1 0
1  640 0 0 1.94166395061658
2  642 206 0 0 1.94166395061658
0

0101000
+951 0 -954 0 *
Wi

0101100
+952 0 +950 0 +949 0 *
Fa
0  1e-07 206 0

0101000
+948 0 *
Ve
1e-07
59.240917 -21.167225 0
0 0

0101101
*
Ve
1e-07
59.240917 -20.991388 0
0 0

0101101
*
Ed
 1e-07 1 1 0
1  641 0 0 0.175836999999998
2  643 207 0 0 0.175836999999998
0

0101000
+946 0 -945 0 *
Ve
1e-07
57.191452 -21.167225 0
0 0

0101101
*
Ed
 1e-07 1 1 0
1  642 0 0 2.05699427242616
2  644 207 0 0 2.05699427242616
0

0101000
+945 0 -943 0 *
Ed
 1e-07 1 1 0
1  643 0 0 2.049465
2  645 207 0 0 2.049465
0

0101000
+943 0 -946 0 *
Wi

0101100
+944 0 +942 0 +941 0 *
Fa
0  1e-07 207 0

0101000
+940 0 *
Ve
1e-07
55.536922 -20.991388 0
0 0

0101101
*
Ve
1e-07
56.691452 -20.667225 0
0 0

0101101
*
Ed
 1e-07 1 1 0
1  644 0 0 1.19917520465902
2  646 208 0 0 1.19917520465902
0

0101000
+938 0 -937 0 *
Ve
1e-07
59.612598 -15.64809 0
0 0

0101101
*
Ed
 1e-07 1 1 0
1  645 0 0 5.80730661335709
2  647 208 0 0 5.80730661335709
0

0101000
+937 0 -935 0 *
Ed
 1e-07 1 1 0
1  646 0 0 6.72026549875673
2  648 208 0 0 6.72026549875673
0

0101000
+935 0 -938 0 *
Wi

0101100
+936 0 +934 0 +933 0 *
Fa
0  1e-07 208 0

0101000
+932 0 *
Ve
1e-07
54.99028 -20.667225 0
0 0

0101101
*
Ve
1e-07
54.99028 -20.991388 0
0 0

0101101
*
Ed
 1e-07 1 1 0
1  647 0 0 0.324163000000002
2  649 209 0 0 0.324163000000002
0

0101000
+930 0 -929 0 *
Ve
1e-07
55.411205 -20.991388 0
0 0

0101101
*
Ed
 1e-07 1 1 0
1  648 0 0 0.420925000000004
2  650 209 0 0 0.420925000000004
0

0101000
+929 0 -927 0 *
Ed
 1e-07 1 1 0
1  649 0 0 0.531281004924893
2  651 209 0 0 0.531281004924893
0

0101000
+927 0 -930 0 *
Wi

0101100
+928 0 +926 0 +925 0 *
Fa
0  1e-07 209 0

0101000
+924 0 *
Ve
1e-07
56.691452 -20.991388 0
0 0

0101101
*
Ve
1e-07
56.691452 -20.667225 0
0 0

0101101
*
Ed
 1e-07 1 1 0
1  650 0 0 0.324163000000002
2  652 210 0 0 0.324163000000002
0

0101000
+922 0 -921 0 *
Ve
1e-07
55.536922 -20.991388 0
0 0

0101101
*
Ed
 1e-07 1 1 0
1  651 0 0 1.19917520465902
2  653 210 0 0 1.19917520465902
0

0101000
+921 0 -919 0 *
Ed
 1e-07 1 1 0
1  652 0 0 1.15453
2  654 210 0 0 1.15453
0

0101000
+919 0 -922 0 *
Wi

0101100
+920 0 +918 0 +917 0 *
Fa
0  1e-07 210 0

0101000
+916 0 *
Ve
1e-07
57.191452 -21.167225 0
0 0

0101101
*
Ve
1e-07
59.240917 -20.991388 0
0 0

0101101
*
Ed
 1e-07 1 1 0
1  653 0 0 2.05699427242616
2  655 211 0 0 2.05699427242616
0

0101000
+914 0 -913 0 *
Ve
1e-07
57.191452 -20.667225 0
0 0

0101101
*
Ed
 1e-07 1 1 0
1  654 0 0 2.07494299603484
2  656 211 0 0 2.07494299603484
0

0101000
+913 0 -911 0 *
Ed
 1e-07 1 1 0
1  655 0 0 0.5
2  657 211 0 0 0.5
0

0101000
+911 0 -914 0 *
Wi

0101100
+912 0 +910 0 +909 0 *
Fa
0  1e-07 211 0

0101000
+908 0 *
Ve
1e-07
59.879448 -20.991388 0
0 0

0101101
*
Ve
1e-07
59.879448 -20.667225 0
0 0

0101101
*
Ed
 1e-07 1 1 0
1  656 0 0 0.324163000000002
2  658 212 0 0 0.324163000000002
0

0101000
+906 0 -905 0 *
Ve
1e-07
59.240917 -20.991388 0
0 0

0101101
*
Ed
 1e-07 1 1 0
1  657 0 0 0.716102987376811
2  659 212 0 0 0.716102987376811
0

0101000
+905 0 -903 0 *
Ed
 1e-07 1 1 0
1  658 0 0 0.638530999999993
2  660 212 0 0 0.638530999999993
0

0101000
+903 0 -906 0 *
Wi

0101100
+904 0 +902 0 +901 0 *
Fa
0  1e-07 212 0

0101000
+900 0 *
Ve
1e-07
52.853127 -20.991388 0
0 0

0101101
*
Ve
1e-07
54.49028 -21.167225 0
0 0

0101101
*
Ed
 1e-07 1 1 0
1  659 0 0 1.64656873405819
2  661 213 0 0 1.64656873405819
0

0101000
+898 0 -897 0 *
Ve
1e-07
54.49028 -20.667225 0
0 0

0101101
*
Ed
 1e-07 1 1 0
1  660 0 0 0.5
2  662 213 0 0 0.5
0

0101000
+897 0 -895 0 *
Ed
 1e-07 1 1 0
1  661 0 0 1.66893726544109
2  663 213 0 0 1.66893726544109
0

0101000
+895 0 -898 0 *
Wi

0101100
+896 0 +894 0 +893 0 *
Fa
0  1e-07 213 0

0101000
+892 0 *
Ve
1e-07
51.550514 -19.316933 0
0 0

0101101
*
Ve
1e-07
51.929199 -20.667225 0
0 0

0101101
*
Ed
 1e-07 1 1 0
1  662 0 0 1.40238754076361
2  664 214 0 0 1.40238754076361
0

0101000
+890 0 -889 0 *
Ve
1e-07
54.49028 -20.667225 0
0 0

0101101
*
Ed
 1e-07 1 1 0
1  663 0 0 2.561081
2  665 214 0 0 2.561081
0

0101000
+889 0 -887 0 *
Ed
 1e-07 1 1 0
1  664 0 0 3.2350444541026
2  666 214 0 0 3.2350444541026
0

0101000
+887 0 -890 0 *
Wi

0101100
+888 0 +886 0 +885 0 *
Fa
0  1e-07 214 0

0101000
+884 0 *
Ve
1e-07
51.429199 -19.316933 0
0 0

0101101
*
Ve
1e-07
48.234665 -15.64809 0
0 0

0101101
*
Ed
 1e-07 1 1 0
1  665 0 0 4.86471545270687
2  667 215 0 0 4.86471545270687
0

0101000
+882 0 -881 0 *
Ve
1e-07
45.865223 -15.64809 0
0 0

0101101
*
Ed
 1e-07 1 1 0
1  666 0 0 2.369442
2  668 215 0 0 2.369442
0

0101000
+881 0 -879 0 *
Ed
 1e-07 1 1 0
1  667 0 0 6.6647008850529
2  669 215 0 0 6.6647008850529
0

0101000
+879 0 -882 0 *
Wi

0101100
+880 0 +878 0 +877 0 *
Fa
0  1e-07 215 0

0101000
+876 0 *
Ve
1e-07
51.429199 -20.667225 0
0 0

0101101
*
Ve
1e-07
51.550514 -19.316933 0
0 0

0101101
*
Ed
 1e-07 1 1 0
1  668 0 0 1.35573073081973
2  670 216 0 0 1.35573073081973
0

0101000
+874 0 -873 0 *
Ve
1e-07
51.429199 -19.316933 0
0 0

0101101
*
Ed
 1e-07 1 1 0
1  669 0 0 0.121315000000003
2  671 216 0 0 0.121315000000003
0

0101000
+873 0 -871 0 *
Ed
 1e-07 1 1 0
1  670 0 0 1.350292
2  672 216 0 0 1.350292
0

0101000
+871 0 -874 0 *
Wi

0101100
+872 0 +870 0 +869 0 *
Fa
0  1e-07 216 0

0101000
+868 0 *
Ve
1e-07
51.550514 -15.64809 0
0 0

0101101
*
Ve
1e-07
51.550514 -19.316933 0
0 0

0101101
*
Ed
 1e-07 1 1 0
1  671 0 0 3.668843
2  673 217 0 0 3.668843
0

0101000
+866 0 -865 0 *
Ve
1e-07
55.411205 -15.64809 0
0 0

0101101
*
Ed
 1e-07 1 1 0
1  672 0 0 5.32591249985672
2  674 217 0 0 5.32591249985672
0

0101000
+865 0 -863 0 *
Ed
 1e-07 1 1 0
1  673 0 0 3.860691
2  675 217 0 0 3.860691
0

0101000
+863 0 -866 0 *
Wi

0101100
+864 0 +862 0 +861 0 *
Fa
0  1e-07 217 0

0101000
+860 0 *
Ve
1e-07
51.550514 -19.316933 0
0 0

0101101
*
Ve
1e-07
54.49028 -20.667225 0
0 0

0101101
*
Ed
 1e-07 1 1 0
1  674 0 0 3.2350444541026
2  676 218 0 0 3.2350444541026
0

0101000
+858 0 -857 0 *
Ve
1e-07
54.99028 -20.667225 0
0 0

0101101
*
Ed
 1e-07 1 1 0
1  675 0 0 0.5
2  677 218 0 0 0.5
0

0101000
+857 0 -855 0 *
Ed
 1e-07 1 1 0
1  676 0 0 3.69530494276453
2  678 218 0 0 3.69530494276453
0

0101000
+855 0 -858 0 *
Wi

0101100
+856 0 +854 0 +853 0 *
Fa
0  1e-07 218 0

0101000
+852 0 *
Ve
1e-07
51.429199 -14.523755 0
0 0

0101101
*
Ve
1e-07
51.576057 -14.523755 0
0 0

0101101
*
Ed
 1e-07 1 1 0
1  677 0 0 0.146858000000002
2  679 219 0 0 0.146858000000002
0

0101000
+850 0 -849 0 *
Ve
1e-07
51.576057 -13.446691 0
0 0

0101101
*
Ed
 1e-07 1 1 0
1  678 0 0 1.077064
2  680 219 0 0 1.077064
0

0101000
+849 0 -847 0 *
Ve
1e-07
51.429199 -13.446691 0
0 0

0101101
*
Ed
 1e-07 1 1 0
1  679 0 0 0.146858000000002
2  681 219 0 0 0.146858000000002
0

0101000
+847 0 -845 0 *
Ed
 1e-07 1 1 0
1  680 0 0 1.077064
2  682 219 0 0 1.077064
0

0101000
+845 0 -850 0 *
Wi

0101100
+848 0 +846 0 +844 0 +843 0 *
Fa
0  1e-07 219 0

0101000
+842 0 *
Ve
1e-07
51.576057 -14.523755 0
0 0

0101101
*
Ve
1e-07
51.576057 -15.201574 0
0 0

0101101
*
Ed
 1e-07 1 1 0
1  681 0 0 0.677819000000001
2  683 220 0 0 0.677819000000001
0

0101000
+840 0 -839 0 *
Ve
1e-07
53.854355 -15.201574 0
0 0

0101101
*
Ed
 1e-07 1 1 0
1  682 0 0 2.278298
2  684 220 0 0 2.278298
0

0101000
+839 0 -837 0 *
Ed
 1e-07 1 1 0
1  683 0 0 2.37698977144728
2  685 220 0 0 2.37698977144728
0

0101000
+837 0 -840 0 *
Wi

0101100
+838 0 +836 0 +835 0 *
Fa
0  1e-07 220 0

0101000
+834 0 *
Ve
1e-07
53.854355 -14.384821 0
0 0

0101101
*
Ve
1e-07
51.576057 -14.523755 0
0 0

0101101
*
Ed
 1e-07 1 1 0
1  684 0 0 2.28253026993291
2  686 221 0 0 2.28253026993291
0

0101000
+832 0 -831 0 *
Ve
1e-07
53.854355 -15.201574 0
0 0

0101101
*
Ed
 1e-07 1 1 0
1  685 0 0 2.37698977144728
2  687 221 0 0 2.37698977144728
0

0101000
+831 0 -829 0 *
Ed
 1e-07 1 1 0
1  686 0 0 0.816753
2  688 221 0 0 0.816753
0

0101000
+829 0 -832 0 *
Wi

0101100
+830 0 +828 0 +827 0 *
Fa
0  1e-07 221 0

0101000
+826 0 *
Ve
1e-07
51.429199 -14.523755 0
0 0

0101101
*
Ve
1e-07
51.429199 -13.446691 0
0 0

0101101
*
Ed
 1e-07 1 1 0
1  687 0 0 1.077064
2  689 222 0 0 1.077064
0

0101000
+824 0 -823 0 *
Ve
1e-07
48.234665 -15.64809 0
0 0

0101101
*
Ed
 1e-07 1 1 0
1  688 0 0 3.87958825577625
2  690 222 0 0 3.87958825577625
0

0101000
+823 0 -821 0 *
Ed
 1e-07 1 1 0
1  689 0 0 3.38661729006703
2  691 222 0 0 3.38661729006703
0

0101000
+821 0 -824 0 *
Wi

0101100
+822 0 +820 0 +819 0 *
Fa
0  1e-07 222 0

0101000
+818 0 *
Ve
1e-07
54.99028 -20.667225 0
0 0

0101101
*
Ve
1e-07
55.411205 -20.991388 0
0 0

0101101
*
Ed
 1e-07 1 1 0
1  690 0 0 0.531281004924893
2  692 223 0 0 0.531281004924893
0

0101000
+816 0 -815 0 *
Ve
1e-07
55.411205 -15.64809 0
0 0

0101101
*
Ed
 1e-07 1 1 0
1  691 0 0 5.343298
2  693 223 0 0 5.343298
0

0101000
+815 0 -813 0 *
Ed
 1e-07 1 1 0
1  692 0 0 5.03675431243673
2  694 223 0 0 5.03675431243673
0

0101000
+813 0 -816 0 *
Wi

0101100
+814 0 +812 0 +811 0 *
Fa
0  1e-07 223 0

0101000
+810 0 *
Ve
1e-07
48.234665 -15.64809 0
0 0

0101101
*
Ve
1e-07
51.429199 -19.316933 0
0 0

0101101
*
Ed
 1e-07 1 1 0
1  693 0 0 4.86471545270687
2  695 224 0 0 4.86471545270687
0

0101000
+808 0 -807 0 *
Ve
1e-07
51.429199 -14.523755 0
0 0

0101101
*
Ed
 1e-07 1 1 0
1  694 0 0 4.793178
2  696 224 0 0 4.793178
0

0101000
+807 0 -805 0 *
Ed
 1e-07 1 1 0
1  695 0 0 3.38661729006703
2  697 224 0 0 3.38661729006703
0

0101000
+805 0 -808 0 *
Wi

0101100
+806 0 +804 0 +803 0 *
Fa
0  1e-07 224 0

0101000
+802 0 *
Ve
1e-07
59.612598 -15.64809 0
0 0

0101101
*
Ve
1e-07
56.691452 -20.667225 0
0 0

0101101
*
Ed
 1e-07 1 1 0
1  696 0 0 5.80730661335709
2  698 225 0 0 5.80730661335709
0

0101000
+800 0 -799 0 *
Ve
1e-07
57.191452 -20.667225 0
0 0

0101101
*
Ed
 1e-07 1 1 0
1  697 0 0 0.5
2  699 225 0 0 0.5
0

0101000
+799 0 -797 0 *
Ed
 1e-07 1 1 0
1  698 0 0 5.57258145759584
2  700 225 0 0 5.57258145759584
0

0101000
+797 0 -800 0 *
Wi

0101100
+798 0 +796 0 +795 0 *
Fa
0  1e-07 225 0

0101000
+794 0 *
Ve
1e-07
59.612598 -15.64809 0
0 0

0101101
*
Ve
1e-07
57.191452 -20.667225 0
0 0

0101101
*
Ed
 1e-07 1 1 0
1  699 0 0 5.57258145759584
2  701 226 0 0 5.57258145759584
0

0101000
+792 0 -791 0 *
Ve
1e-07
59.879448 -20.667225 0
0 0

0101101
*
Ed
 1e-07 1 1 0
1  700 0 0 2.687996
2  702 226 0 0 2.687996
0

0101000
+791 0 -789 0 *
Ed
 1e-07 1 1 0
1  701 0 0 5.02622373862575
2  703 226 0 0 5.02622373862575
0

0101000
+789 0 -792 0 *
Wi

0101100
+790 0 +788 0 +787 0 *
Fa
0  1e-07 226 0

0101000
+786 0 *
Ve
1e-07
54.99028 -20.667225 0
0 0

0101101
*
Ve
1e-07
55.411205 -15.64809 0
0 0

0101101
*
Ed
 1e-07 1 1 0
1  702 0 0 5.03675431243673
2  704 227 0 0 5.03675431243673
0

0101000
+784 0 -783 0 *
Ve
1e-07
51.550514 -19.316933 0
0 0

0101101
*
Ed
 1e-07 1 1 0
1  703 0 0 5.32591249985672
2  705 227 0 0 5.32591249985672
0

0101000
+783 0 -781 0 *
Ed
 1e-07 1 1 0
1  704 0 0 3.69530494276453
2  706 227 0 0 3.69530494276453
0

0101000
+781 0 -784 0 *
Wi

0101100
+782 0 +780 0 +779 0 *
Fa
0  1e-07 227 0

0101000
+778 0 *
Ve
1e-07
59.240917 -20.991388 0
0 0

0101101
*
Ve
1e-07
59.879448 -20.667225 0
0 0

0101101
*
Ed
 1e-07 1 1 0
1  705 0 0 0.716102987376811
2  707 228 0 0 0.716102987376811
0

0101000
+776 0 -775 0 *
Ve
1e-07
57.191452 -20.667225 0
0 0

0101101
*
Ed
 1e-07 1 1 0
1  706 0 0 2.687996
2  708 228 0 0 2.687996
0

0101000
+775 0 -773 0 *
Ed
 1e-07 1 1 0
1  707 0 0 2.07494299603484
2  709 228 0 0 2.07494299603484
0

0101000
+773 0 -776 0 *
Wi

0101100
+774 0 +772 0 +771 0 *
Fa
0  1e-07 228 0

0101000
+770 0 *
Ve
1e-07
60.035175 -20.667225 0
0 0

0101101
*
Ve
1e-07
60.035175 -15.64809 0
0 0

0101101
*
Ed
 1e-07 1 1 0
1  708 0 0 5.019135
2  710 229 0 0 5.019135
0

0101000
+768 0 -767 0 *
Ve
1e-07
59.879448 -20.667225 0
0 0

0101101
*
Ed
 1e-07 1 1 0
1  709 0 0 5.02155026329061
2  711 229 0 0 5.02155026329061
0

0101000
+767 0 -765 0 *
Ed
 1e-07 1 1 0
1  710 0 0 0.155727000000006
2  712 229 0 0 0.155727000000006
0

0101000
+765 0 -768 0 *
Wi

0101100
+766 0 +764 0 +763 0 *
Fa
0  1e-07 229 0

0101000
+762 0 *
Ve
1e-07
59.612598 -15.64809 0
0 0

0101101
*
Ve
1e-07
59.612598 -15.201574 0
0 0

0101101
*
Ed
 1e-07 1 1 0
1  711 0 0 0.446515999999999
2  713 230 0 0 0.446515999999999
0

0101000
+760 0 -759 0 *
Ve
1e-07
56.577461 -13.290095 0
0 0

0101101
*
Ed
 1e-07 1 1 0
1  712 0 0 3.58689400125094
2  714 230 0 0 3.58689400125094
0

0101000
+759 0 -757 0 *
Ed
 1e-07 1 1 0
1  713 0 0 3.84346159455171
2  715 230 0 0 3.84346159455171
0

0101000
+757 0 -760 0 *
Wi

0101100
+758 0 +756 0 +755 0 *
Fa
0  1e-07 230 0

0101000
+754 0 *
Ve
1e-07
56.577461 -13.290095 0
0 0

0101101
*
Ve
1e-07
59.612598 -15.201574 0
0 0

0101101
*
Ed
 1e-07 1 1 0
1  714 0 0 3.58689400125094
2  716 231 0 0 3.58689400125094
0

0101000
+752 0 -751 0 *
Ve
1e-07
59.653408 -13.750585 0
0 0

0101101
*
Ed
 1e-07 1 1 0
1  715 0 0 1.45156279031291
2  717 231 0 0 1.45156279031291
0

0101000
+751 0 -749 0 *
Ed
 1e-07 1 1 0
1  716 0 0 3.11022523089711
2  718 231 0 0 3.11022523089711
0

0101000
+749 0 -752 0 *
Wi

0101100
+750 0 +748 0 +747 0 *
Fa
0  1e-07 231 0

0101000
+746 0 *
Ve
1e-07
60.035175 -15.64809 0
0 0

0101101
*
Ve
1e-07
59.612598 -15.64809 0
0 0

0101101
*
Ed
 1e-07 1 1 0
1  717 0 0 0.422577000000004
2  719 232 0 0 0.422577000000004
0

0101000
+744 0 -743 0 *
Ve
1e-07
59.879448 -20.667225 0
0 0

0101101
*
Ed
 1e-07 1 1 0
1  718 0 0 5.02622373862575
2  720 232 0 0 5.02622373862575
0

0101000
+743 0 -741 0 *
Ed
 1e-07 1 1 0
1  719 0 0 5.02155026329061
2  721 232 0 0 5.02155026329061
0

0101000
+741 0 -744 0 *
Wi

0101100
+742 0 +740 0 +739 0 *
Fa
0  1e-07 232 0

0101000
+738 0 *
Ve
1e-07
55.411205 -15.201574 0
0 0

0101101
*
Ve
1e-07
54.010944 -14.384821 0
0 0

0101101
*
Ed
 1e-07 1 1 0
1  720 0 0 1.62105408026074
2  722 233 0 0 1.62105408026074
0

0101000
+736 0 -735 0 *
Ve
1e-07
54.010944 -15.201574 0
0 0

0101101
*
Ed
 1e-07 1 1 0
1  721 0 0 0.816753
2  723 233 0 0 0.816753
0

0101000
+735 0 -733 0 *
Ed
 1e-07 1 1 0
1  722 0 0 1.400261
2  724 233 0 0 1.400261
0

0101000
+733 0 -736 0 *
Wi

0101100
+734 0 +732 0 +731 0 *
Fa
0  1e-07 233 0

0101000
+730 0 *
Ve
1e-07
56.577461 -13.290095 0
0 0

0101101
*
Ve
1e-07
55.536922 -20.991388 0
0 0

0101101
*
Ed
 1e-07 1 1 0
1  723 0 0 7.77126986292266
2  725 234 0 0 7.77126986292266
0

0101000
+728 0 -727 0 *
Ve
1e-07
59.612598 -15.64809 0
0 0

0101101
*
Ed
 1e-07 1 1 0
1  724 0 0 6.72026549875673
2  726 234 0 0 6.72026549875673
0

0101000
+727 0 -725 0 *
Ed
 1e-07 1 1 0
1  725 0 0 3.84346159455171
2  727 234 0 0 3.84346159455171
0

0101000
+725 0 -728 0 *
Wi

0101100
+726 0 +724 0 +723 0 *
Fa
0  1e-07 234 0

0101000
+722 0 *
Ve
1e-07
59.612598 -15.201574 0
0 0

0101101
*
Ve
1e-07
60.035175 -15.201574 0
0 0

0101101
*
Ed
 1e-07 1 1 0
1  726 0 0 0.422577000000004
2  728 235 0 0 0.422577000000004
0

0101000
+720 0 -719 0 *
Ve
1e-07
60.035175 -13.750585 0
0 0

0101101
*
Ed
 1e-07 1 1 0
1  727 0 0 1.450989
2  729 235 0 0 1.450989
0

0101000
+719 0 -717 0 *
Ve
1e-07
59.653408 -13.750585 0
0 0

0101101
*
Ed
 1e-07 1 1 0
1  728 0 0 0.381767000000004
2  730 235 0 0 0.381767000000004
0

0101000
+717 0 -715 0 *
Ed
 1e-07 1 1 0
1  729 0 0 1.45156279031291
2  731 235 0 0 1.45156279031291
0

0101000
+715 0 -720 0 *
Wi

0101100
+718 0 +716 0 +714 0 +713 0 *
Fa
0  1e-07 235 0

0101000
+712 0 *
Ve
1e-07
30.169342 -13.424925 0
0 0

0101101
*
Ve
1e-07
28.109385 -13.931674 0
0 0

0101101
*
Ed
 1e-07 1 1 0
1  730 0 0 2.12137158245556
2  732 236 0 0 2.12137158245556
0

0101000
+710 0 -709 0 *
Ve
1e-07
28.109385 -15.001662 0
0 0

0101101
*
Ed
 1e-07 1 1 0
1  731 0 0 1.069988
2  733 236 0 0 1.069988
0

0101000
+709 0 -707 0 *
Ed
 1e-07 1 1 0
1  732 0 0 2.59413230368422
2  734 236 0 0 2.59413230368422
0

0101000
+707 0 -710 0 *
Wi

0101100
+708 0 +706 0 +705 0 *
Fa
0  1e-07 236 0

0101000
+704 0 *
Ve
1e-07
34.203793 -13.424925 0
0 0

0101101
*
Ve
1e-07
37.382626 -15.179956 0
0 0

0101101
*
Ed
 1e-07 1 1 0
1  733 0 0 3.63113109827365
2  735 237 0 0 3.63113109827365
0

0101000
+702 0 -701 0 *
Ve
1e-07
36.436127 -13.424925 0
0 0

0101101
*
Ed
 1e-07 1 1 0
1  734 0 0 1.99398951049448
2  736 237 0 0 1.99398951049448
0

0101000
+701 0 -699 0 *
Ed
 1e-07 1 1 0
1  735 0 0 2.232334
2  737 237 0 0 2.232334
0

0101000
+699 0 -702 0 *
Wi

0101100
+700 0 +698 0 +697 0 *
Fa
0  1e-07 237 0

0101000
+696 0 *
Ve
1e-07
37.959568 -13.424925 0
0 0

0101101
*
Ve
1e-07
36.436127 -13.424925 0
0 0

0101101
*
Ed
 1e-07 1 1 0
1  736 0 0 1.523441
2  738 238 0 0 1.523441
0

0101000
+694 0 -693 0 *
Ve
1e-07
37.382626 -15.179956 0
0 0

0101101
*
Ed
 1e-07 1 1 0
1  737 0 0 1.99398951049448
2  739 238 0 0 1.99398951049448
0

0101000
+693 0 -691 0 *
Ed
 1e-07 1 1 0
1  738 0 0 1.84742953379148
2  740 238 0 0 1.84742953379148
0

0101000
+691 0 -694 0 *
Wi

0101100
+692 0 +690 0 +689 0 *
Fa
0  1e-07 238 0

0101000
+688 0 *
Ve
1e-07
36.436127 -13.424925 0
0 0

0101101
*
Ve
1e-07
36.436127 -12.09834 0
0 0

0101101
*
Ed
 1e-07 1 1 0
1  739 0 0 1.326585
2  741 239 0 0 1.326585
0

0101000
+686 0 -685 0 *
Ve
1e-07
34.203793 -12.09834 0
0 0

0101101
*
Ed
 1e-07 1 1 0
1  740 0 0 2.232334
2  742 239 0 0 2.232334
0

0101000
+685 0 -683 0 *
Ve
1e-07
34.203793 -13.424925 0
0 0

0101101
*
Ed
 1e-07 1 1 0
1  741 0 0 1.326585
2  743 239 0 0 1.326585
0

0101000
+683 0 -681 0 *
Ed
 1e-07 1 1 0
1  742 0 0 2.232334
2  744 239 0 0 2.232334
0

0101000
+681 0 -686 0 *
Wi

0101100
+684 0 +682 0 +680 0 +679 0 *
Fa
0  1e-07 239 0

0101000
+678 0 *
Ve
1e-07
30.169342 -13.424925 0
0 0

0101101
*
Ve
1e-07
28.109385 -15.001662 0
0 0

0101101
*
Ed
 1e-07 1 1 0
1  743 0 0 2.59413230368422
2  745 240 0 0 2.59413230368422
0

0101000
+676 0 -675 0 *
Ve
1e-07
34.203793 -13.424925 0
0 0

0101101
*
Ed
 1e-07 1 1 0
1  744 0 0 6.29507016939708
2  746 240 0 0 6.29507016939708
0

0101000
+675 0 -673 0 *
Ed
 1e-07 1 1 0
1  745 0 0 4.034451
2  747 240 0 0 4.034451
0

0101000
+673 0 -676 0 *
Wi

0101100
+674 0 +672 0 +671 0 *
Fa
0  1e-07 240 0

0101000
+670 0 *
Ve
1e-07
25.192783 -12.09834 0
0 0

0101101
*
Ve
1e-07
34.203793 -12.09834 0
0 0

0101101
*
Ed
 1e-07 1 1 0
1  746 0 0 9.01101
2  748 241 0 0 9.01101
0

0101000
+668 0 -667 0 *
Ve
1e-07
28.045052 -10.654753 0
0 0

0101101
*
Ed
 1e-07 1 1 0
1  747 0 0 6.3256647185612
2  749 241 0 0 6.3256647185612
0

0101000
+667 0 -665 0 *
Ed
 1e-07 1 1 0
1  748 0 0 3.19677679466834
2  750 241 0 0 3.19677679466834
0

0101000
+665 0 -668 0 *
Wi

0101100
+666 0 +664 0 +663 0 *
Fa
0  1e-07 241 0

0101000
+662 0 *
Ve
1e-07
30.169342 -13.424925 0
0 0

0101101
*
Ve
1e-07
30.169342 -12.59834 0
0 0

0101101
*
Ed
 1e-07 1 1 0
1  749 0 0 0.826585
2  751 242 0 0 0.826585
0

0101000
+660 0 -659 0 *
Ve
1e-07
28.109385 -12.59834 0
0 0

0101101
*
Ed
 1e-07 1 1 0
1  750 0 0 2.059957
2  752 242 0 0 2.059957
0

0101000
+659 0 -657 0 *
Ed
 1e-07 1 1 0
1  751 0 0 2.21960933591342
2  753 242 0 0 2.21960933591342
0

0101000
+657 0 -660 0 *
Wi

0101100
+658 0 +656 0 +655 0 *
Fa
0  1e-07 242 0

0101000
+654 0 *
Ve
1e-07
36.318733 -7.945417 0
0 0

0101101
*
Ve
1e-07
34.203793 -12.09834 0
0 0

0101101
*
Ed
 1e-07 1 1 0
1  752 0 0 4.66044425430978
2  754 243 0 0 4.66044425430978
0

0101000
+652 0 -651 0 *
Ve
1e-07
36.436127 -12.09834 0
0 0

0101101
*
Ed
 1e-07 1 1 0
1  753 0 0 2.232334
2  755 243 0 0 2.232334
0

0101000
+651 0 -649 0 *
Ed
 1e-07 1 1 0
1  754 0 0 4.15458190377383
2  756 243 0 0 4.15458190377383
0

0101000
+649 0 -652 0 *
Wi

0101100
+650 0 +648 0 +647 0 *
Fa
0  1e-07 243 0

0101000
+646 0 *
Ve
1e-07
34.203793 -12.09834 0
0 0

0101101
*
Ve
1e-07
36.318733 -7.945417 0
0 0

0101101
*
Ed
 1e-07 1 1 0
1  755 0 0 4.66044425430978
2  757 244 0 0 4.66044425430978
0

0101000
+644 0 -643 0 *
Ve
1e-07
28.045052 -10.654753 0
0 0

0101101
*
Ed
 1e-07 1 1 0
1  756 0 0 8.70599212328251
2  758 244 0 0 8.70599212328251
0

0101000
+643 0 -641 0 *
Ed
 1e-07 1 1 0
1  757 0 0 6.3256647185612
2  759 244 0 0 6.3256647185612
0

0101000
+641 0 -644 0 *
Wi

0101100
+642 0 +640 0 +639 0 *
Fa
0  1e-07 244 0

0101000
+638 0 *
Ve
1e-07
37.959568 -12.59834 0
0 0

0101101
*
Ve
1e-07
37.959568 -13.424925 0
0 0

0101101
*
Ed
 1e-07 1 1 0
1  758 0 0 0.826585
2  760 245 0 0 0.826585
0

0101000
+636 0 -635 0 *
Ve
1e-07
39.081974 -13.588746 0
0 0

0101101
*
Ed
 1e-07 1 1 0
1  759 0 0 1.13429826274971
2  761 245 0 0 1.13429826274971
0

0101000
+635 0 -633 0 *
Ve
1e-07
39.081974 -12.59834 0
0 0

0101101
*
Ed
 1e-07 1 1 0
1  760 0 0 0.990406
2  762 245 0 0 0.990406
0

0101000
+633 0 -631 0 *
Ed
 1e-07 1 1 0
1  761 0 0 1.12240600000001
2  763 245 0 0 1.12240600000001
2  764 246 0 0 1.12240600000001
2  765 247 0 0 1.12240600000001
0

0101000
+631 0 -636 0 *
Wi

0101100
+634 0 +632 0 +630 0 +629 0 *
Fa
0  1e-07 245 0

0101000
+628 0 *
Ve
1e-07
30.169342 -13.424925 0
0 0

0101101
*
Ve
1e-07
28.109385 -12.59834 0
0 0

0101101
*
Ed
 1e-07 1 1 0
1  762 0 0 2.21960933591342
2  766 248 0 0 2.21960933591342
0

0101000
+626 0 -625 0 *
Ve
1e-07
28.109385 -13.931674 0
0 0

0101101
*
Ed
 1e-07 1 1 0
1  763 0 0 1.333334
2  767 248 0 0 1.333334
0

0101000
+625 0 -623 0 *
Ed
 1e-07 1 1 0
1  764 0 0 2.12137158245556
2  768 248 0 0 2.12137158245556
0

0101000
+623 0 -626 0 *
Wi

0101100
+624 0 +622 0 +621 0 *
Fa
0  1e-07 248 0

0101000
+620 0 *
Ve
1e-07
37.885277 -15.179956 0
0 0

0101101
*
Ve
1e-07
39.230572 -13.588746 0
0 0

0101101
*
Ed
 1e-07 1 1 0
1  765 0 0 2.08369093224619
2  769 249 0 0 2.08369093224619
0

0101000
+618 0 -617 0 *
Ve
1e-07
39.081974 -13.588746 0
0 0

0101101
*
Ed
 1e-07 1 1 0
1  766 0 0 0.148598
2  770 249 0 0 0.148598
0

0101000
+617 0 -615 0 *
Ed
 1e-07 1 1 0
1  767 0 0 1.99098793916714
2  771 249 0 0 1.99098793916714
0

0101000
+615 0 -618 0 *
Wi

0101100
+616 0 +614 0 +613 0 *
Fa
0  1e-07 249 0

0101000
+612 0 *
Ve
1e-07
42.198662 -15.290259 0
0 0

0101101
*
Ve
1e-07
41.486641 -13.393448 0
0 0

0101101
*
Ed
 1e-07 1 1 0
1  768 0 0 2.02604685882682
2  772 250 0 0 2.02604685882682
0

0101000
+610 0 -609 0 *
Ve
1e-07
39.230572 -13.588746 0
0 0

0101101
*
Ed
 1e-07 1 1 0
1  769 0 0 2.26450626882881
2  773 250 0 0 2.26450626882881
0

0101000
+609 0 -607 0 *
Ed
 1e-07 1 1 0
1  770 0 0 3.42121392743409
2  774 250 0 0 3.42121392743409
0

0101000
+607 0 -610 0 *
Wi

0101100
+608 0 +606 0 +605 0 *
Fa
0  1e-07 250 0

0101000
+604 0 *
Ve
1e-07
46.505215 -13.393448 0
0 0

0101101
*
Ve
1e-07
42.976456 -13.393448 0
0 0

0101101
*
Ed
 1e-07 1 1 0
1  771 0 0 3.528759
2  775 251 0 0 3.528759
0

0101000
+602 0 -601 0 *
Ve
1e-07
42.198662 -15.290259 0
0 0

0101101
*
Ed
 1e-07 1 1 0
1  772 0 0 2.05008669966833
2  776 251 0 0 2.05008669966833
0

0101000
+601 0 -599 0 *
Ed
 1e-07 1 1 0
1  773 0 0 4.70577206327825
2  777 251 0 0 4.70577206327825
0

0101000
+599 0 -602 0 *
Wi

0101100
+600 0 +598 0 +597 0 *
Fa
0  1e-07 251 0

0101000
+596 0 *
Ve
1e-07
42.976456 -12.593419 0
0 0

0101101
*
Ve
1e-07
42.976456 -13.393448 0
0 0

0101101
*
Ed
 1e-07 1 1 0
1  774 0 0 0.800028999999999
2  778 252 0 0 0.800028999999999
0

0101000
+594 0 -593 0 *
Ve
1e-07
46.505215 -13.393448 0
0 0

0101101
*
Ed
 1e-07 1 1 0
1  775 0 0 3.528759
2  779 252 0 0 3.528759
0

0101000
+593 0 -591 0 *
Ed
 1e-07 1 1 0
1  776 0 0 3.61831265660142
2  780 252 0 0 3.61831265660142
0

0101000
+591 0 -594 0 *
Wi

0101100
+592 0 +590 0 +589 0 *
Fa
0  1e-07 252 0

0101000
+588 0 *
Ve
1e-07
46.505215 -13.393448 0
0 0

0101101
*
Ve
1e-07
47.718864 -15.290259 0
0 0

0101101
*
Ed
 1e-07 1 1 0
1  777 0 0 2.25185165251222
2  781 253 0 0 2.25185165251222
0

0101000
+586 0 -585 0 *
Ve
1e-07
47.718864 -13.393448 0
0 0

0101101
*
Ed
 1e-07 1 1 0
1  778 0 0 1.896811
2  782 253 0 0 1.896811
0

0101000
+585 0 -583 0 *
Ed
 1e-07 1 1 0
1  779 0 0 1.213649
2  783 253 0 0 1.213649
0

0101000
+583 0 -586 0 *
Wi

0101100
+584 0 +582 0 +581 0 *
Fa
0  1e-07 253 0

0101000
+580 0 *
Ve
1e-07
41.486641 -13.393448 0
0 0

0101101
*
Ve
1e-07
39.230572 -12.59834 0
0 0

0101101
*
Ed
 1e-07 1 1 0
1  780 0 0 2.39207944358564
2  784 254 0 0 2.39207944358564
0

0101000
+578 0 -577 0 *
Ve
1e-07
39.230572 -13.588746 0
0 0

0101101
*
Ed
 1e-07 1 1 0
1  781 0 0 0.990406
2  785 254 0 0 0.990406
0

0101000
+577 0 -575 0 *
Ed
 1e-07 1 1 0
1  782 0 0 2.26450626882881
2  786 254 0 0 2.26450626882881
0

0101000
+575 0 -578 0 *
Wi

0101100
+576 0 +574 0 +573 0 *
Fa
0  1e-07 254 0

0101000
+572 0 *
Ve
1e-07
42.976456 -12.593419 0
0 0

0101101
*
Ve
1e-07
46.505215 -13.393448 0
0 0

0101101
*
Ed
 1e-07 1 1 0
1  783 0 0 3.61831265660142
2  787 255 0 0 3.61831265660142
0

0101000
+570 0 -569 0 *
Ve
1e-07
46.505215 -12.593419 0
0 0

0101101
*
Ed
 1e-07 1 1 0
1  784 0 0 0.800028999999999
2  788 255 0 0 0.800028999999999
0

0101000
+569 0 -567 0 *
Ed
 1e-07 1 1 0
1  785 0 0 3.528759
2  789 255 0 0 3.528759
0

0101000
+567 0 -570 0 *
Wi

0101100
+568 0 +566 0 +565 0 *
Fa
0  1e-07 255 0

0101000
+564 0 *
Ve
1e-07
41.486641 -12.09834 0
0 0

0101101
*
Ve
1e-07
39.230572 -12.59834 0
0 0

0101101
*
Ed
 1e-07 1 1 0
1  786 0 0 2.31081096863439
2  790 256 0 0 2.31081096863439
0

0101000
+562 0 -561 0 *
Ve
1e-07
41.486641 -13.393448 0
0 0

0101101
*
Ed
 1e-07 1 1 0
1  787 0 0 2.39207944358564
2  791 256 0 0 2.39207944358564
0

0101000
+561 0 -559 0 *
Ed
 1e-07 1 1 0
1  788 0 0 1.295108
2  792 256 0 0 1.295108
0

0101000
+559 0 -562 0 *
Wi

0101100
+560 0 +558 0 +557 0 *
Fa
0  1e-07 256 0

0101000
+556 0 *
Ve
1e-07
42.198662 -15.290259 0
0 0

0101101
*
Ve
1e-07
42.976456 -13.393448 0
0 0

0101101
*
Ed
 1e-07 1 1 0
1  789 0 0 2.05008669966833
2  793 257 0 0 2.05008669966833
0

0101000
+554 0 -553 0 *
Ve
1e-07
41.486641 -13.393448 0
0 0

0101101
*
Ed
 1e-07 1 1 0
1  790 0 0 1.489815
2  794 257 0 0 1.489815
0

0101000
+553 0 -551 0 *
Ed
 1e-07 1 1 0
1  791 0 0 2.02604685882682
2  795 257 0 0 2.02604685882682
0

0101000
+551 0 -554 0 *
Wi

0101100
+552 0 +550 0 +549 0 *
Fa
0  1e-07 257 0

0101000
+548 0 *
Ve
1e-07
37.382626 -15.179956 0
0 0

0101101
*
Ve
1e-07
39.081974 -13.588746 0
0 0

0101101
*
Ed
 1e-07 1 1 0
1  792 0 0 2.3280319777022
2  796 258 0 0 2.3280319777022
0

0101000
+546 0 -545 0 *
Ve
1e-07
37.959568 -13.424925 0
0 0

0101101
*
Ed
 1e-07 1 1 0
1  793 0 0 1.13429826274971
2  797 258 0 0 1.13429826274971
0

0101000
+545 0 -543 0 *
Ed
 1e-07 1 1 0
1  794 0 0 1.84742953379148
2  798 258 0 0 1.84742953379148
0

0101000
+543 0 -546 0 *
Wi

0101100
+544 0 +542 0 +541 0 *
Fa
0  1e-07 258 0

0101000
+540 0 *
Ve
1e-07
28.045052 -10.654753 0
0 0

0101101
*
Ve
1e-07
31.057053 -7.945417 0
0 0

0101101
*
Ed
 1e-07 1 1 0
1  795 0 0 4.05125308823048
2  799 259 0 0 4.05125308823048
0

0101000
+538 0 -537 0 *
Ve
1e-07
28.045052 -7.445417 0
0 0

0101101
*
Ed
 1e-07 1 1 0
1  796 0 0 3.05321961607759
2  800 259 0 0 3.05321961607759
0

0101000
+537 0 -535 0 *
Ed
 1e-07 1 1 0
1  797 0 0 3.209336
2  801 259 0 0 3.209336
0

0101000
+535 0 -538 0 *
Wi

0101100
+536 0 +534 0 +533 0 *
Fa
0  1e-07 259 0

0101000
+532 0 *
Ve
1e-07
36.318733 -7.945417 0
0 0

0101101
*
Ve
1e-07
36.436127 -12.09834 0
0 0

0101101
*
Ed
 1e-07 1 1 0
1  798 0 0 4.15458190377383
2  802 260 0 0 4.15458190377383
0

0101000
+530 0 -529 0 *
Ve
1e-07
36.818733 -7.945417 0
0 0

0101101
*
Ed
 1e-07 1 1 0
1  799 0 0 4.17051037586109
2  803 260 0 0 4.17051037586109
0

0101000
+529 0 -527 0 *
Ed
 1e-07 1 1 0
1  800 0 0 0.5
2  804 260 0 0 0.5
0

0101000
+527 0 -530 0 *
Wi

0101100
+528 0 +526 0 +525 0 *
Fa
0  1e-07 260 0

0101000
+524 0 *
Ve
1e-07
36.318733 -7.945417 0
0 0

0101101
*
Ve
1e-07
31.557053 -7.945417 0
0 0

0101101
*
Ed
 1e-07 1 1 0
1  801 0 0 4.76168
2  805 261 0 0 4.76168
0

0101000
+522 0 -521 0 *
Ve
1e-07
28.045052 -10.654753 0
0 0

0101101
*
Ed
 1e-07 1 1 0
1  802 0 0 4.43561186138925
2  806 261 0 0 4.43561186138925
0

0101000
+521 0 -519 0 *
Ed
 1e-07 1 1 0
1  803 0 0 8.70599212328251
2  807 261 0 0 8.70599212328251
0

0101000
+519 0 -522 0 *
Wi

0101100
+520 0 +518 0 +517 0 *
Fa
0  1e-07 261 0

0101000
+516 0 *
Ve
1e-07
36.818733 -7.945417 0
0 0

0101101
*
Ve
1e-07
41.350021 -7.945417 0
0 0

0101101
*
Ed
 1e-07 1 1 0
1  804 0 0 4.531288
2  808 262 0 0 4.531288
0

0101000
+514 0 -513 0 *
Ve
1e-07
41.350021 -7.445417 0
0 0

0101101
*
Ed
 1e-07 1 1 0
1  805 0 0 0.5
2  809 262 0 0 0.5
0

0101000
+513 0 -511 0 *
Ve
1e-07
36.818733 -7.445417 0
0 0

0101101
*
Ed
 1e-07 1 1 0
1  806 0 0 4.531288
2  810 262 0 0 4.531288
0

0101000
+511 0 -509 0 *
Ed
 1e-07 1 1 0
1  807 0 0 0.5
2  811 262 0 0 0.5
0

0101000
+509 0 -514 0 *
Wi

0101100
+512 0 +510 0 +508 0 +507 0 *
Fa
0  1e-07 262 0

0101000
+506 0 *
Ve
1e-07
39.230572 -12.09834 0
0 0

0101101
*
Ve
1e-07
36.818733 -7.945417 0
0 0

0101101
*
Ed
 1e-07 1 1 0
1  808 0 0 4.80247194742978
2  812 263 0 0 4.80247194742978
0

0101000
+504 0 -503 0 *
Ve
1e-07
36.436127 -12.09834 0
0 0

0101101
*
Ed
 1e-07 1 1 0
1  809 0 0 4.17051037586109
2  813 263 0 0 4.17051037586109
0

0101000
+503 0 -501 0 *
Ed
 1e-07 1 1 0
1  810 0 0 2.794445
2  814 263 0 0 2.794445
0

0101000
+501 0 -504 0 *
Wi

0101100
+502 0 +500 0 +499 0 *
Fa
0  1e-07 263 0

0101000
+498 0 *
Ve
1e-07
31.557053 -7.445417 0
0 0

0101101
*
Ve
1e-07
31.557053 -7.945417 0
0 0

0101101
*
Ed
 1e-07 1 1 0
1  811 0 0 0.5
2  815 264 0 0 0.5
0

0101000
+496 0 -495 0 *
Ve
1e-07
36.318733 -7.945417 0
0 0

0101101
*
Ed
 1e-07 1 1 0
1  812 0 0 4.76168
2  816 264 0 0 4.76168
0

0101000
+495 0 -493 0 *
Ve
1e-07
36.318733 -7.445417 0
0 0

0101101
*
Ed
 1e-07 1 1 0
1  813 0 0 0.5
2  817 264 0 0 0.5
0

0101000
+493 0 -491 0 *
Ed
 1e-07 1 1 0
1  814 0 0 4.76168
2  818 264 0 0 4.76168
0

0101000
+491 0 -496 0 *
Wi

0101100
+494 0 +492 0 +490 0 +489 0 *
Fa
0  1e-07 264 0

0101000
+488 0 *
Ve
1e-07
31.557053 -7.445417 0
0 0

0101101
*
Ve
1e-07
51.751713 -4.429752 0
0 0

0101101
*
Ed
 1e-07 1 1 0
1  815 0 0 20.4185829064562
2  819 265 0 0 20.4185829064562
0

0101000
+486 0 -485 0 *
Ve
1e-07
31.057053 -7.445417 0
0 0

0101101
*
Ed
 1e-07 1 1 0
1  816 0 0 20.9132299731014
2  820 265 0 0 20.9132299731014
0

0101000
+485 0 -483 0 *
Ed
 1e-07 1 1 0
1  817 0 0 0.5
2  821 265 0 0 0.5
0

0101000
+483 0 -486 0 *
Wi

0101100
+484 0 +482 0 +481 0 *
Fa
0  1e-07 265 0

0101000
+480 0 *
Ve
1e-07
51.751713 -4.429752 0
0 0

0101101
*
Ve
1e-07
36.318733 -7.445417 0
0 0

0101101
*
Ed
 1e-07 1 1 0
1  818 0 0 15.7248563450553
2  822 266 0 0 15.7248563450553
0

0101000
+478 0 -477 0 *
Ve
1e-07
36.818733 -7.445417 0
0 0

0101101
*
Ed
 1e-07 1 1 0
1  819 0 0 0.5
2  823 266 0 0 0.5
0

0101000
+477 0 -475 0 *
Ed
 1e-07 1 1 0
1  820 0 0 15.2344388499421
2  824 266 0 0 15.2344388499421
0

0101000
+475 0 -478 0 *
Wi

0101100
+476 0 +474 0 +473 0 *
Fa
0  1e-07 266 0

0101000
+472 0 *
Ve
1e-07
51.751713 -4.429752 0
0 0

0101101
*
Ve
1e-07
36.818733 -7.445417 0
0 0

0101101
*
Ed
 1e-07 1 1 0
1  821 0 0 15.2344388499421
2  825 267 0 0 15.2344388499421
0

0101000
+470 0 -469 0 *
Ve
1e-07
41.350021 -7.445417 0
0 0

0101101
*
Ed
 1e-07 1 1 0
1  822 0 0 4.531288
2  826 267 0 0 4.531288
0

0101000
+469 0 -467 0 *
Ed
 1e-07 1 1 0
1  823 0 0 10.8300245546854
2  827 267 0 0 10.8300245546854
0

0101000
+467 0 -470 0 *
Wi

0101100
+468 0 +466 0 +465 0 *
Fa
0  1e-07 267 0

0101000
+464 0 *
Ve
1e-07
36.318733 -7.445417 0
0 0

0101101
*
Ve
1e-07
51.751713 -4.429752 0
0 0

0101101
*
Ed
 1e-07 1 1 0
1  824 0 0 15.7248563450553
2  828 268 0 0 15.7248563450553
0

0101000
+462 0 -461 0 *
Ve
1e-07
31.557053 -7.445417 0
0 0

0101101
*
Ed
 1e-07 1 1 0
1  825 0 0 20.4185829064562
2  829 268 0 0 20.4185829064562
0

0101000
+461 0 -459 0 *
Ed
 1e-07 1 1 0
1  826 0 0 4.76168
2  830 268 0 0 4.76168
0

0101000
+459 0 -462 0 *
Wi

0101100
+460 0 +458 0 +457 0 *
Fa
0  1e-07 268 0

0101000
+456 0 *
Ve
1e-07
41.350021 -7.945417 0
0 0

0101101
*
Ve
1e-07
36.818733 -7.945417 0
0 0

0101101
*
Ed
 1e-07 1 1 0
1  827 0 0 4.531288
2  831 269 0 0 4.531288
0

0101000
+454 0 -453 0 *
Ve
1e-07
39.230572 -12.09834 0
0 0

0101101
*
Ed
 1e-07 1 1 0
1  828 0 0 4.80247194742978
2  832 269 0 0 4.80247194742978
0

0101000
+453 0 -451 0 *
Ed
 1e-07 1 1 0
1  829 0 0 4.6624921991924
2  833 269 0 0 4.6624921991924
0

0101000
+451 0 -454 0 *
Wi

0101100
+452 0 +450 0 +449 0 *
Fa
0  1e-07 269 0

0101000
+448 0 *
Ve
1e-07
31.057053 -7.945417 0
0 0

0101101
*
Ve
1e-07
31.057053 -7.445417 0
0 0

0101101
*
Ed
 1e-07 1 1 0
1  830 0 0 0.5
2  834 270 0 0 0.5
0

0101000
+446 0 -445 0 *
Ve
1e-07
28.045052 -7.445417 0
0 0

0101101
*
Ed
 1e-07 1 1 0
1  831 0 0 3.012001
2  835 270 0 0 3.012001
0

0101000
+445 0 -443 0 *
Ed
 1e-07 1 1 0
1  832 0 0 3.05321961607759
2  836 270 0 0 3.05321961607759
0

0101000
+443 0 -446 0 *
Wi

0101100
+444 0 +442 0 +441 0 *
Fa
0  1e-07 270 0

0101000
+440 0 *
Ve
1e-07
41.850021 -7.945417 0
0 0

0101101
*
Ve
1e-07
41.350021 -7.945417 0
0 0

0101101
*
Ed
 1e-07 1 1 0
1  833 0 0 0.5
2  837 271 0 0 0.5
0

0101000
+438 0 -437 0 *
Ve
1e-07
41.486641 -12.09834 0
0 0

0101101
*
Ed
 1e-07 1 1 0
1  834 0 0 4.15516960764889
2  838 271 0 0 4.15516960764889
0

0101000
+437 0 -435 0 *
Ed
 1e-07 1 1 0
1  835 0 0 4.16879052823826
2  839 271 0 0 4.16879052823826
0

0101000
+435 0 -438 0 *
Wi

0101100
+436 0 +434 0 +433 0 *
Fa
0  1e-07 271 0

0101000
+432 0 *
Ve
1e-07
39.230572 -12.09834 0
0 0

0101101
*
Ve
1e-07
41.486641 -12.09834 0
0 0

0101101
*
Ed
 1e-07 1 1 0
1  836 0 0 2.256069
2  840 272 0 0 2.256069
0

0101000
+430 0 -429 0 *
Ve
1e-07
41.350021 -7.945417 0
0 0

0101101
*
Ed
 1e-07 1 1 0
1  837 0 0 4.15516960764889
2  841 272 0 0 4.15516960764889
0

0101000
+429 0 -427 0 *
Ed
 1e-07 1 1 0
1  838 0 0 4.6624921991924
2  842 272 0 0 4.6624921991924
0

0101000
+427 0 -430 0 *
Wi

0101100
+428 0 +426 0 +425 0 *
Fa
0  1e-07 272 0

0101000
+424 0 *
Ve
1e-07
41.486641 -12.09834 0
0 0

0101101
*
Ve
1e-07
48.234665 -12.09834 0
0 0

0101101
*
Ed
 1e-07 1 1 0
1  839 0 0 6.748024
2  843 273 0 0 6.748024
0

0101000
+422 0 -421 0 *
Ve
1e-07
46.850647 -7.945417 0
0 0

0101101
*
Ed
 1e-07 1 1 0
1  840 0 0 4.37747361708246
2  844 273 0 0 4.37747361708246
0

0101000
+421 0 -419 0 *
Ve
1e-07
41.850021 -7.945417 0
0 0

0101101
*
Ed
 1e-07 1 1 0
1  841 0 0 5.000626
2  845 273 0 0 5.000626
0

0101000
+419 0 -417 0 *
Ed
 1e-07 1 1 0
1  842 0 0 4.16879052823826
2  846 273 0 0 4.16879052823826
0

0101000
+417 0 -422 0 *
Wi

0101100
+420 0 +418 0 +416 0 +415 0 *
Fa
0  1e-07 273 0

0101000
+414 0 *
Ve
1e-07
51.429199 -13.446691 0
0 0

0101101
*
Ve
1e-07
51.429199 -12.09834 0
0 0

0101101
*
Ed
 1e-07 1 1 0
1  843 0 0 1.348351
2  847 274 0 0 1.348351
0

0101000
+412 0 -411 0 *
Ve
1e-07
48.234665 -12.09834 0
0 0

0101101
*
Ed
 1e-07 1 1 0
1  844 0 0 3.194534
2  848 274 0 0 3.194534
0

0101000
+411 0 -409 0 *
Ed
 1e-07 1 1 0
1  845 0 0 3.46743390655928
2  849 274 0 0 3.46743390655928
0

0101000
+409 0 -412 0 *
Wi

0101100
+410 0 +408 0 +407 0 *
Fa
0  1e-07 274 0

0101000
+406 0 *
Ve
1e-07
47.350647 -7.945417 0
0 0

0101101
*
Ve
1e-07
48.234665 -12.09834 0
0 0

0101101
*
Ed
 1e-07 1 1 0
1  846 0 0 4.24596953218614
2  850 275 0 0 4.24596953218614
0

0101000
+404 0 -403 0 *
Ve
1e-07
51.429199 -12.09834 0
0 0

0101101
*
Ed
 1e-07 1 1 0
1  847 0 0 3.194534
2  851 275 0 0 3.194534
0

0101000
+403 0 -401 0 *
Ed
 1e-07 1 1 0
1  848 0 0 5.82076935298359
2  852 275 0 0 5.82076935298359
0

0101000
+401 0 -404 0 *
Wi

0101100
+402 0 +400 0 +399 0 *
Fa
0  1e-07 275 0

0101000
+398 0 *
Ve
1e-07
46.850647 -7.445417 0
0 0

0101101
*
Ve
1e-07
41.850021 -7.445417 0
0 0

0101101
*
Ed
 1e-07 1 1 0
1  849 0 0 5.000626
2  853 276 0 0 5.000626
0

0101000
+396 0 -395 0 *
Ve
1e-07
41.850021 -7.945417 0
0 0

0101101
*
Ed
 1e-07 1 1 0
1  850 0 0 0.5
2  854 276 0 0 0.5
0

0101000
+395 0 -393 0 *
Ve
1e-07
46.850647 -7.945417 0
0 0

0101101
*
Ed
 1e-07 1 1 0
1  851 0 0 5.000626
2  855 276 0 0 5.000626
0

0101000
+393 0 -391 0 *
Ed
 1e-07 1 1 0
1  852 0 0 0.5
2  856 276 0 0 0.5
0

0101000
+391 0 -396 0 *
Wi

0101100
+394 0 +392 0 +390 0 +389 0 *
Fa
0  1e-07 276 0

0101000
+388 0 *
Ve
1e-07
51.494934 -5.950483 0
0 0

0101101
*
Ve
1e-07
47.350647 -7.945417 0
0 0

0101101
*
Ed
 1e-07 1 1 0
1  853 0 0 4.59944305353648
2  857 277 0 0 4.59944305353648
0

0101000
+386 0 -385 0 *
Ve
1e-07
51.494934 -12.09834 0
0 0

0101101
*
Ed
 1e-07 1 1 0
1  854 0 0 5.86701663388625
2  858 277 0 0 5.86701663388625
0

0101000
+385 0 -383 0 *
Ed
 1e-07 1 1 0
1  855 0 0 6.147857
2  859 277 0 0 6.147857
0

0101000
+383 0 -386 0 *
Wi

0101100
+384 0 +382 0 +381 0 *
Fa
0  1e-07 277 0

0101000
+380 0 *
Ve
1e-07
51.494934 -5.950483 0
0 0

0101101
*
Ve
1e-07
46.850647 -7.445417 0
0 0

0101101
*
Ed
 1e-07 1 1 0
1  856 0 0 4.87895781932217
2  860 278 0 0 4.87895781932217
0

0101000
+378 0 -377 0 *
Ve
1e-07
47.350647 -7.445417 0
0 0

0101101
*
Ed
 1e-07 1 1 0
1  857 0 0 0.5
2  861 278 0 0 0.5
0

0101000
+377 0 -375 0 *
Ed
 1e-07 1 1 0
1  858 0 0 4.40567161766796
2  862 278 0 0 4.40567161766796
0

0101000
+375 0 -378 0 *
Wi

0101100
+376 0 +374 0 +373 0 *
Fa
0  1e-07 278 0

0101000
+372 0 *
Ve
1e-07
47.350647 -7.945417 0
0 0

0101101
*
Ve
1e-07
46.850647 -7.945417 0
0 0

0101101
*
Ed
 1e-07 1 1 0
1  859 0 0 0.5
2  863 279 0 0 0.5
0

0101000
+370 0 -369 0 *
Ve
1e-07
48.234665 -12.09834 0
0 0

0101101
*
Ed
 1e-07 1 1 0
1  860 0 0 4.37747361708246
2  864 279 0 0 4.37747361708246
0

0101000
+369 0 -367 0 *
Ed
 1e-07 1 1 0
1  861 0 0 4.24596953218614
2  865 279 0 0 4.24596953218614
0

0101000
+367 0 -370 0 *
Wi

0101100
+368 0 +366 0 +365 0 *
Fa
0  1e-07 279 0

0101000
+364 0 *
Ve
1e-07
51.494934 -5.950483 0
0 0

0101101
*
Ve
1e-07
41.850021 -7.445417 0
0 0

0101101
*
Ed
 1e-07 1 1 0
1  862 0 0 9.76008065755222
2  866 280 0 0 9.76008065755222
0

0101000
+362 0 -361 0 *
Ve
1e-07
46.850647 -7.445417 0
0 0

0101101
*
Ed
 1e-07 1 1 0
1  863 0 0 5.000626
2  867 280 0 0 5.000626
0

0101000
+361 0 -359 0 *
Ed
 1e-07 1 1 0
1  864 0 0 4.87895781932217
2  868 280 0 0 4.87895781932217
0

0101000
+359 0 -362 0 *
Wi

0101100
+360 0 +358 0 +357 0 *
Fa
0  1e-07 280 0

0101000
+356 0 *
Ve
1e-07
47.350647 -7.945417 0
0 0

0101101
*
Ve
1e-07
51.429199 -12.09834 0
0 0

0101101
*
Ed
 1e-07 1 1 0
1  865 0 0 5.82076935298359
2  869 281 0 0 5.82076935298359
0

0101000
+354 0 -353 0 *
Ve
1e-07
51.494934 -12.09834 0
0 0

0101101
*
Ed
 1e-07 1 1 0
1  866 0 0 0.0657350000000037
2  870 281 0 0 0.0657350000000037
0

0101000
+353 0 -351 0 *
Ed
 1e-07 1 1 0
1  867 0 0 5.86701663388625
2  871 281 0 0 5.86701663388625
0

0101000
+351 0 -354 0 *
Wi

0101100
+352 0 +350 0 +349 0 *
Fa
0  1e-07 281 0

0101000
+348 0 *
Ve
1e-07
41.486641 -12.09834 0
0 0

0101101
*
Ve
1e-07
39.230572 -12.09834 0
0 0

0101101
*
Ed
 1e-07 1 1 0
1  868 0 0 2.256069
2  872 282 0 0 2.256069
0

0101000
+346 0 -345 0 *
Ve
1e-07
39.230572 -12.59834 0
0 0

0101101
*
Ed
 1e-07 1 1 0
1  869 0 0 0.5
2  873 282 0 0 0.5
0

0101000
+345 0 -343 0 *
Ed
 1e-07 1 1 0
1  870 0 0 2.31081096863439
2  874 282 0 0 2.31081096863439
0

0101000
+343 0 -346 0 *
Wi

0101100
+344 0 +342 0 +341 0 *
Fa
0  1e-07 282 0

0101000
+340 0 *
Ve
1e-07
51.751713 -4.429752 0
0 0

0101101
*
Ve
1e-07
41.350021 -7.445417 0
0 0

0101101
*
Ed
 1e-07 1 1 0
1  871 0 0 10.8300245546854
2  875 283 0 0 10.8300245546854
0

0101000
+338 0 -337 0 *
Ve
1e-07
41.850021 -7.445417 0
0 0

0101101
*
Ed
 1e-07 1 1 0
1  872 0 0 0.5
2  876 283 0 0 0.5
0

0101000
+337 0 -335 0 *
Ed
 1e-07 1 1 0
1  873 0 0 10.3507361987005
2  877 283 0 0 10.3507361987005
0

0101000
+335 0 -338 0 *
Wi

0101100
+336 0 +334 0 +333 0 *
Fa
0  1e-07 283 0

0101000
+332 0 *
Ve
1e-07
48.234665 -12.09834 0
0 0

0101101
*
Ve
1e-07
48.234665 -15.64809 0
0 0

0101101
*
Ed
 1e-07 1 1 0
1  874 0 0 3.54975
2  878 284 0 0 3.54975
0

0101000
+330 0 -329 0 *
Ve
1e-07
51.429199 -13.446691 0
0 0

0101101
*
Ed
 1e-07 1 1 0
1  875 0 0 3.87958825577625
2  879 284 0 0 3.87958825577625
0

0101000
+329 0 -327 0 *
Ed
 1e-07 1 1 0
1  876 0 0 3.46743390655928
2  880 284 0 0 3.46743390655928
0

0101000
+327 0 -330 0 *
Wi

0101100
+328 0 +326 0 +325 0 *
Fa
0  1e-07 284 0

0101000
+324 0 *
Ve
1e-07
54.010944 -13.463192 0
0 0

0101101
*
Ve
1e-07
53.858829 -13.463192 0
0 0

0101101
*
Ed
 1e-07 1 1 0
1  877 0 0 0.152115000000002
2  881 285 0 0 0.152115000000002
0

0101000
+322 0 -321 0 *
Ve
1e-07
54.010944 -14.384821 0
0 0

0101101
*
Ed
 1e-07 1 1 0
1  878 0 0 0.934097953571253
2  882 285 0 0 0.934097953571253
0

0101000
+321 0 -319 0 *
Ed
 1e-07 1 1 0
1  879 0 0 0.921629000000001
2  883 285 0 0 0.921629000000001
0

0101000
+319 0 -322 0 *
Wi

0101100
+320 0 +318 0 +317 0 *
Fa
0  1e-07 285 0

0101000
+316 0 *
Ve
1e-07
53.854355 -14.384821 0
0 0

0101101
*
Ve
1e-07
54.010944 -14.384821 0
0 0

0101101
*
Ed
 1e-07 1 1 0
1  880 0 0 0.156589000000004
2  884 286 0 0 0.156589000000004
0

0101000
+314 0 -313 0 *
Ve
1e-07
53.858829 -13.463192 0
0 0

0101101
*
Ed
 1e-07 1 1 0
1  881 0 0 0.934097953571253
2  885 286 0 0 0.934097953571253
0

0101000
+313 0 -311 0 *
Ed
 1e-07 1 1 0
1  882 0 0 0.921639859336065
2  886 286 0 0 0.921639859336065
0

0101000
+311 0 -314 0 *
Wi

0101100
+312 0 +310 0 +309 0 *
Fa
0  1e-07 286 0

0101000
+308 0 *
Ve
1e-07
55.411205 -13.335421 0
0 0

0101101
*
Ve
1e-07
54.010944 -13.463192 0
0 0

0101101
*
Ed
 1e-07 1 1 0
1  883 0 0 1.40607833941143
2  887 287 0 0 1.40607833941143
0

0101000
+306 0 -305 0 *
Ve
1e-07
54.010944 -14.384821 0
0 0

0101101
*
Ed
 1e-07 1 1 0
1  884 0 0 0.921629000000001
2  888 287 0 0 0.921629000000001
0

0101000
+305 0 -303 0 *
Ed
 1e-07 1 1 0
1  885 0 0 1.74984891579845
2  889 287 0 0 1.74984891579845
0

0101000
+303 0 -306 0 *
Wi

0101100
+304 0 +302 0 +301 0 *
Fa
0  1e-07 287 0

0101000
+300 0 *
Ve
1e-07
53.858829 -13.463192 0
0 0

0101101
*
Ve
1e-07
51.576057 -13.446691 0
0 0

0101101
*
Ed
 1e-07 1 1 0
1  886 0 0 2.28283163789733
2  890 288 0 0 2.28283163789733
0

0101000
+298 0 -297 0 *
Ve
1e-07
53.854355 -14.384821 0
0 0

0101101
*
Ed
 1e-07 1 1 0
1  887 0 0 2.46388507721119
2  891 288 0 0 2.46388507721119
0

0101000
+297 0 -295 0 *
Ed
 1e-07 1 1 0
1  888 0 0 0.921639859336065
2  892 288 0 0 0.921639859336065
0

0101000
+295 0 -298 0 *
Wi

0101100
+296 0 +294 0 +293 0 *
Fa
0  1e-07 288 0

0101000
+292 0 *
Ve
1e-07
53.858829 -13.463192 0
0 0

0101101
*
Ve
1e-07
53.858829 -12.09834 0
0 0

0101101
*
Ed
 1e-07 1 1 0
1  889 0 0 1.364852
2  893 289 0 0 1.364852
0

0101000
+290 0 -289 0 *
Ve
1e-07
53.165169 -13.344227 0
0 0

0101101
*
Ed
 1e-07 1 1 0
1  890 0 0 1.42597286522886
2  894 289 0 0 1.42597286522886
0

0101000
+289 0 -287 0 *
Ed
 1e-07 1 1 0
1  891 0 0 0.703787515394385
2  895 289 0 0 0.703787515394385
0

0101000
+287 0 -290 0 *
Wi

0101100
+288 0 +286 0 +285 0 *
Fa
0  1e-07 289 0

0101000
+284 0 *
Ve
1e-07
53.858829 -13.463192 0
0 0

0101101
*
Ve
1e-07
53.165169 -13.344227 0
0 0

0101101
*
Ed
 1e-07 1 1 0
1  892 0 0 0.703787515394385
2  896 290 0 0 0.703787515394385
0

0101000
+282 0 -281 0 *
Ve
1e-07
51.576057 -13.446691 0
0 0

0101101
*
Ed
 1e-07 1 1 0
1  893 0 0 1.59241195041987
2  897 290 0 0 1.59241195041987
0

0101000
+281 0 -279 0 *
Ed
 1e-07 1 1 0
1  894 0 0 2.28283163789733
2  898 290 0 0 2.28283163789733
0

0101000
+279 0 -282 0 *
Wi

0101100
+280 0 +278 0 +277 0 *
Fa
0  1e-07 290 0

0101000
+276 0 *
Ve
1e-07
51.576057 -13.446691 0
0 0

0101101
*
Ve
1e-07
53.165169 -13.344227 0
0 0

0101101
*
Ed
 1e-07 1 1 0
1  895 0 0 1.59241195041987
2  899 291 0 0 1.59241195041987
0

0101000
+274 0 -273 0 *
Ve
1e-07
51.576057 -13.344227 0
0 0

0101101
*
Ed
 1e-07 1 1 0
1  896 0 0 1.589112
2  900 291 0 0 1.589112
0

0101000
+273 0 -271 0 *
Ed
 1e-07 1 1 0
1  897 0 0 0.102463999999999
2  901 291 0 0 0.102463999999999
0

0101000
+271 0 -274 0 *
Wi

0101100
+272 0 +270 0 +269 0 *
Fa
0  1e-07 291 0

0101000
+268 0 *
Ve
1e-07
54.010944 -13.463192 0
0 0

0101101
*
Ve
1e-07
54.988014 -13.335421 0
0 0

0101101
*
Ed
 1e-07 1 1 0
1  898 0 0 0.985388864023232
2  902 292 0 0 0.985388864023232
0

0101000
+266 0 -265 0 *
Ve
1e-07
54.233387 -12.716881 0
0 0

0101101
*
Ed
 1e-07 1 1 0
1  899 0 0 0.975732361218484
2  903 292 0 0 0.975732361218484
0

0101000
+265 0 -263 0 *
Ed
 1e-07 1 1 0
1  900 0 0 0.778756057421062
2  904 292 0 0 0.778756057421062
0

0101000
+263 0 -266 0 *
Wi

0101100
+264 0 +262 0 +261 0 *
Fa
0  1e-07 292 0

0101000
+260 0 *
Ve
1e-07
55.411205 -13.335421 0
0 0

0101101
*
Ve
1e-07
54.988014 -13.335421 0
0 0

0101101
*
Ed
 1e-07 1 1 0
1  901 0 0 0.423191000000003
2  905 293 0 0 0.423191000000003
0

0101000
+258 0 -257 0 *
Ve
1e-07
54.010944 -13.463192 0
0 0

0101101
*
Ed
 1e-07 1 1 0
1  902 0 0 0.985388864023232
2  906 293 0 0 0.985388864023232
0

0101000
+257 0 -255 0 *
Ed
 1e-07 1 1 0
1  903 0 0 1.40607833941143
2  907 293 0 0 1.40607833941143
0

0101000
+255 0 -258 0 *
Wi

0101100
+256 0 +254 0 +253 0 *
Fa
0  1e-07 293 0

0101000
+252 0 *
Ve
1e-07
55.411205 -15.201574 0
0 0

0101101
*
Ve
1e-07
55.411205 -13.335421 0
0 0

0101101
*
Ed
 1e-07 1 1 0
1  904 0 0 1.866153
2  908 294 0 0 1.866153
0

0101000
+250 0 -249 0 *
Ve
1e-07
54.010944 -14.384821 0
0 0

0101101
*
Ed
 1e-07 1 1 0
1  905 0 0 1.74984891579845
2  909 294 0 0 1.74984891579845
0

0101000
+249 0 -247 0 *
Ed
 1e-07 1 1 0
1  906 0 0 1.62105408026074
2  910 294 0 0 1.62105408026074
0

0101000
+247 0 -250 0 *
Wi

0101100
+248 0 +246 0 +245 0 *
Fa
0  1e-07 294 0

0101000
+244 0 *
Ve
1e-07
57.363842 -13.290095 0
0 0

0101101
*
Ve
1e-07
56.577461 -13.290095 0
0 0

0101101
*
Ed
 1e-07 1 1 0
1  907 0 0 0.786380999999999
2  911 295 0 0 0.786380999999999
0

0101000
+242 0 -241 0 *
Ve
1e-07
59.653408 -13.750585 0
0 0

0101101
*
Ed
 1e-07 1 1 0
1  908 0 0 3.11022523089711
2  912 295 0 0 3.11022523089711
0

0101000
+241 0 -239 0 *
Ed
 1e-07 1 1 0
1  909 0 0 2.33541506128054
2  913 295 0 0 2.33541506128054
0

0101000
+239 0 -242 0 *
Wi

0101100
+240 0 +238 0 +237 0 *
Fa
0  1e-07 295 0

0101000
+236 0 *
Ve
1e-07
59.653408 -13.750585 0
0 0

0101101
*
Ve
1e-07
59.653408 -12.09834 0
0 0

0101101
*
Ed
 1e-07 1 1 0
1  910 0 0 1.652245
2  914 296 0 0 1.652245
0

0101000
+234 0 -233 0 *
Ve
1e-07
57.363842 -13.290095 0
0 0

0101101
*
Ed
 1e-07 1 1 0
1  911 0 0 2.58116106595094
2  915 296 0 0 2.58116106595094
0

0101000
+233 0 -231 0 *
Ed
 1e-07 1 1 0
1  912 0 0 2.33541506128054
2  916 296 0 0 2.33541506128054
0

0101000
+231 0 -234 0 *
Wi

0101100
+232 0 +230 0 +229 0 *
Fa
0  1e-07 296 0

0101000
+228 0 *
Ve
1e-07
55.536922 -12.09834 0
0 0

0101101
*
Ve
1e-07
55.536922 -20.991388 0
0 0

0101101
*
Ed
 1e-07 1 1 0
1  913 0 0 8.893048
2  917 297 0 0 8.893048
0

0101000
+226 0 -225 0 *
Ve
1e-07
56.577461 -13.290095 0
0 0

0101101
*
Ed
 1e-07 1 1 0
1  914 0 0 7.77126986292266
2  918 297 0 0 7.77126986292266
0

0101000
+225 0 -223 0 *
Ed
 1e-07 1 1 0
1  915 0 0 1.58208766841348
2  919 297 0 0 1.58208766841348
0

0101000
+223 0 -226 0 *
Wi

0101100
+224 0 +222 0 +221 0 *
Fa
0  1e-07 297 0

0101000
+220 0 *
Ve
1e-07
54.233387 -12.358088 0
0 0

0101101
*
Ve
1e-07
54.010944 -12.358088 0
0 0

0101101
*
Ed
 1e-07 1 1 0
1  916 0 0 0.222442999999998
2  920 298 0 0 0.222442999999998
0

0101000
+218 0 -217 0 *
Ve
1e-07
54.233387 -12.716881 0
0 0

0101101
*
Ed
 1e-07 1 1 0
1  917 0 0 0.422153177292318
2  921 298 0 0 0.422153177292318
0

0101000
+217 0 -215 0 *
Ed
 1e-07 1 1 0
1  918 0 0 0.358793
2  922 298 0 0 0.358793
0

0101000
+215 0 -218 0 *
Wi

0101100
+216 0 +214 0 +213 0 *
Fa
0  1e-07 298 0

0101000
+212 0 *
Ve
1e-07
54.988014 -13.335421 0
0 0

0101101
*
Ve
1e-07
54.988014 -12.716881 0
0 0

0101101
*
Ed
 1e-07 1 1 0
1  919 0 0 0.618539999999999
2  923 299 0 0 0.618539999999999
0

0101000
+210 0 -209 0 *
Ve
1e-07
54.233387 -12.716881 0
0 0

0101101
*
Ed
 1e-07 1 1 0
1  920 0 0 0.754626999999999
2  924 299 0 0 0.754626999999999
0

0101000
+209 0 -207 0 *
Ed
 1e-07 1 1 0
1  921 0 0 0.975732361218484
2  925 299 0 0 0.975732361218484
0

0101000
+207 0 -210 0 *
Wi

0101100
+208 0 +206 0 +205 0 *
Fa
0  1e-07 299 0

0101000
+204 0 *
Ve
1e-07
54.233387 -12.716881 0
0 0

0101101
*
Ve
1e-07
54.010944 -12.358088 0
0 0

0101101
*
Ed
 1e-07 1 1 0
1  922 0 0 0.422153177292318
2  926 300 0 0 0.422153177292318
0

0101000
+202 0 -201 0 *
Ve
1e-07
54.010944 -13.463192 0
0 0

0101101
*
Ed
 1e-07 1 1 0
1  923 0 0 1.105104
2  927 300 0 0 1.105104
0

0101000
+201 0 -199 0 *
Ed
 1e-07 1 1 0
1  924 0 0 0.778756057421062
2  928 300 0 0 0.778756057421062
0

0101000
+199 0 -202 0 *
Wi

0101100
+200 0 +198 0 +197 0 *
Fa
0  1e-07 300 0

0101000
+196 0 *
Ve
1e-07
53.858829 -12.09834 0
0 0

0101101
*
Ve
1e-07
52.138256 -7.945417 0
0 0

0101101
*
Ed
 1e-07 1 1 0
1  925 0 0 4.49523535449013
2  929 301 0 0 4.49523535449013
0

0101000
+194 0 -193 0 *
Ve
1e-07
53.165169 -12.09834 0
0 0

0101101
*
Ed
 1e-07 1 1 0
1  926 0 0 4.27800417876117
2  930 301 0 0 4.27800417876117
0

0101000
+193 0 -191 0 *
Ed
 1e-07 1 1 0
1  927 0 0 0.693660000000001
2  931 301 0 0 0.693660000000001
0

0101000
+191 0 -194 0 *
Wi

0101100
+192 0 +190 0 +189 0 *
Fa
0  1e-07 301 0

0101000
+188 0 *
Ve
1e-07
51.722725 -12.09834 0
0 0

0101101
*
Ve
1e-07
52.138256 -7.945417 0
0 0

0101101
*
Ed
 1e-07 1 1 0
1  928 0 0 4.17365971970524
2  932 302 0 0 4.17365971970524
0

0101000
+186 0 -185 0 *
Ve
1e-07
51.722725 -7.945417 0
0 0

0101101
*
Ed
 1e-07 1 1 0
1  929 0 0 0.415531000000001
2  933 302 0 0 0.415531000000001
0

0101000
+185 0 -183 0 *
Ed
 1e-07 1 1 0
1  930 0 0 4.152923
2  934 302 0 0 4.152923
0

0101000
+183 0 -186 0 *
Wi

0101100
+184 0 +182 0 +181 0 *
Fa
0  1e-07 302 0

0101000
+180 0 *
Ve
1e-07
53.165169 -12.09834 0
0 0

0101101
*
Ve
1e-07
53.165169 -13.344227 0
0 0

0101101
*
Ed
 1e-07 1 1 0
1  931 0 0 1.245887
2  935 303 0 0 1.245887
0

0101000
+178 0 -177 0 *
Ve
1e-07
53.858829 -12.09834 0
0 0

0101101
*
Ed
 1e-07 1 1 0
1  932 0 0 1.42597286522886
2  936 303 0 0 1.42597286522886
0

0101000
+177 0 -175 0 *
Ed
 1e-07 1 1 0
1  933 0 0 0.693660000000001
2  937 303 0 0 0.693660000000001
0

0101000
+175 0 -178 0 *
Wi

0101100
+176 0 +174 0 +173 0 *
Fa
0  1e-07 303 0

0101000
+172 0 *
Ve
1e-07
59.879448 -7.445417 0
0 0

0101101
*
Ve
1e-07
52.138256 -7.302092 0
0 0

0101101
*
Ed
 1e-07 1 1 0
1  934 0 0 7.74251868815885
2  938 304 0 0 7.74251868815885
0

0101000
+170 0 -169 0 *
Ve
1e-07
52.138256 -7.945417 0
0 0

0101101
*
Ed
 1e-07 1 1 0
1  935 0 0 0.643325
2  939 304 0 0 0.643325
0

0101000
+169 0 -167 0 *
Ed
 1e-07 1 1 0
1  936 0 0 7.75732257811057
2  940 304 0 0 7.75732257811057
0

0101000
+167 0 -170 0 *
Wi

0101100
+168 0 +166 0 +165 0 *
Fa
0  1e-07 304 0

0101000
+164 0 *
Ve
1e-07
52.138256 -7.945417 0
0 0

0101101
*
Ve
1e-07
51.722725 -12.09834 0
0 0

0101101
*
Ed
 1e-07 1 1 0
1  937 0 0 4.17365971970524
2  941 305 0 0 4.17365971970524
0

0101000
+162 0 -161 0 *
Ve
1e-07
53.165169 -12.09834 0
0 0

0101101
*
Ed
 1e-07 1 1 0
1  938 0 0 1.442444
2  942 305 0 0 1.442444
0

0101000
+161 0 -159 0 *
Ed
 1e-07 1 1 0
1  939 0 0 4.27800417876117
2  943 305 0 0 4.27800417876117
0

0101000
+159 0 -162 0 *
Wi

0101100
+160 0 +158 0 +157 0 *
Fa
0  1e-07 305 0

0101000
+156 0 *
Ve
1e-07
47.350647 -7.945417 0
0 0

0101101
*
Ve
1e-07
51.494934 -5.950483 0
0 0

0101101
*
Ed
 1e-07 1 1 0
1  940 0 0 4.59944305353648
2  944 306 0 0 4.59944305353648
0

0101000
+154 0 -153 0 *
Ve
1e-07
47.350647 -7.445417 0
0 0

0101101
*
Ed
 1e-07 1 1 0
1  941 0 0 4.40567161766796
2  945 306 0 0 4.40567161766796
0

0101000
+153 0 -151 0 *
Ed
 1e-07 1 1 0
1  942 0 0 0.5
2  946 306 0 0 0.5
0

0101000
+151 0 -154 0 *
Wi

0101100
+152 0 +150 0 +149 0 *
Fa
0  1e-07 306 0

0101000
+148 0 *
Ve
1e-07
60.243515 -6.099044 0
0 0

0101101
*
Ve
1e-07
51.722725 -6.094463 0
0 0

0101101
*
Ed
 1e-07 1 1 0
1  943 0 0 8.52079123143274
2  947 307 0 0 8.52079123143274
0

0101000
+146 0 -145 0 *
Ve
1e-07
52.138256 -7.302092 0
0 0

0101101
*
Ed
 1e-07 1 1 0
1  944 0 0 1.27711934195752
2  948 307 0 0 1.27711934195752
0

0101000
+145 0 -143 0 *
Ed
 1e-07 1 1 0
1  945 0 0 8.19405564707642
2  949 307 0 0 8.19405564707642
0

0101000
+143 0 -146 0 *
Wi

0101100
+144 0 +142 0 +141 0 *
Fa
0  1e-07 307 0

0101000
+140 0 *
Ve
1e-07
51.494934 -5.950483 0
0 0

0101101
*
Ve
1e-07
51.751713 -5.950697 0
0 0

0101101
*
Ed
 1e-07 1 1 0
1  946 0 0 0.256779089173945
2  950 308 0 0 0.256779089173945
0

0101000
+138 0 -137 0 *
Ve
1e-07
51.751713 -4.429752 0
0 0

0101101
*
Ed
 1e-07 1 1 0
1  947 0 0 1.520945
2  951 308 0 0 1.520945
0

0101000
+137 0 -135 0 *
Ed
 1e-07 1 1 0
1  948 0 0 1.54225751066481
2  952 308 0 0 1.54225751066481
0

0101000
+135 0 -138 0 *
Wi

0101100
+136 0 +134 0 +133 0 *
Fa
0  1e-07 308 0

0101000
+132 0 *
Ve
1e-07
51.722725 -6.094463 0
0 0

0101101
*
Ve
1e-07
51.722725 -7.302092 0
0 0

0101101
*
Ed
 1e-07 1 1 0
1  949 0 0 1.207629
2  953 309 0 0 1.207629
0

0101000
+130 0 -129 0 *
Ve
1e-07
52.138256 -7.302092 0
0 0

0101101
*
Ed
 1e-07 1 1 0
1  950 0 0 0.415531000000001
2  954 309 0 0 0.415531000000001
0

0101000
+129 0 -127 0 *
Ed
 1e-07 1 1 0
1  951 0 0 1.27711934195752
2  955 309 0 0 1.27711934195752
0

0101000
+127 0 -130 0 *
Wi

0101100
+128 0 +126 0 +125 0 *
Fa
0  1e-07 309 0

0101000
+124 0 *
Ve
1e-07
41.850021 -7.445417 0
0 0

0101101
*
Ve
1e-07
51.494934 -5.950483 0
0 0

0101101
*
Ed
 1e-07 1 1 0
1  952 0 0 9.76008065755222
2  956 310 0 0 9.76008065755222
0

0101000
+122 0 -121 0 *
Ve
1e-07
51.751713 -4.429752 0
0 0

0101101
*
Ed
 1e-07 1 1 0
1  953 0 0 1.54225751066481
2  957 310 0 0 1.54225751066481
0

0101000
+121 0 -119 0 *
Ed
 1e-07 1 1 0
1  954 0 0 10.3507361987005
2  958 310 0 0 10.3507361987005
0

0101000
+119 0 -122 0 *
Wi

0101100
+120 0 +118 0 +117 0 *
Fa
0  1e-07 310 0

0101000
+116 0 *
Ve
1e-07
53.858829 -12.09834 0
0 0

0101101
*
Ve
1e-07
55.536922 -12.09834 0
0 0

0101101
*
Ed
 1e-07 1 1 0
1  955 0 0 1.678093
2  959 311 0 0 1.678093
0

0101000
+114 0 -113 0 *
Ve
1e-07
52.138256 -7.945417 0
0 0

0101101
*
Ed
 1e-07 1 1 0
1  956 0 0 5.3663488540613
2  960 311 0 0 5.3663488540613
0

0101000
+113 0 -111 0 *
Ed
 1e-07 1 1 0
1  957 0 0 4.49523535449013
2  961 311 0 0 4.49523535449013
0

0101000
+111 0 -114 0 *
Wi

0101100
+112 0 +110 0 +109 0 *
Fa
0  1e-07 311 0

0101000
+108 0 *
Ve
1e-07
59.879448 -7.945417 0
0 0

0101101
*
Ve
1e-07
55.536922 -12.09834 0
0 0

0101101
*
Ed
 1e-07 1 1 0
1  958 0 0 6.00868550554986
2  962 312 0 0 6.00868550554986
0

0101000
+106 0 -105 0 *
Ve
1e-07
56.577461 -12.09834 0
0 0

0101101
*
Ed
 1e-07 1 1 0
1  959 0 0 1.040539
2  963 312 0 0 1.040539
0

0101000
+105 0 -103 0 *
Ed
 1e-07 1 1 0
1  960 0 0 5.30564676473076
2  964 312 0 0 5.30564676473076
0

0101000
+103 0 -106 0 *
Wi

0101100
+104 0 +102 0 +101 0 *
Fa
0  1e-07 312 0

0101000
+100 0 *
Ve
1e-07
59.879448 -7.945417 0
0 0

0101101
*
Ve
1e-07
57.363842 -12.09834 0
0 0

0101101
*
Ed
 1e-07 1 1 0
1  961 0 0 4.85541378166321
2  965 313 0 0 4.85541378166321
0

0101000
+98 0 -97 0 *
Ve
1e-07
59.653408 -12.09834 0
0 0

0101101
*
Ed
 1e-07 1 1 0
1  962 0 0 2.289566
2  966 313 0 0 2.289566
0

0101000
+97 0 -95 0 *
Ed
 1e-07 1 1 0
1  963 0 0 4.15907003133261
2  967 313 0 0 4.15907003133261
0

0101000
+95 0 -98 0 *
Wi

0101100
+96 0 +94 0 +93 0 *
Fa
0  1e-07 313 0

0101000
+92 0 *
Ve
1e-07
57.363842 -13.290095 0
0 0

0101101
*
Ve
1e-07
59.653408 -12.09834 0
0 0

0101101
*
Ed
 1e-07 1 1 0
1  964 0 0 2.58116106595094
2  968 314 0 0 2.58116106595094
0

0101000
+90 0 -89 0 *
Ve
1e-07
57.363842 -12.09834 0
0 0

0101101
*
Ed
 1e-07 1 1 0
1  965 0 0 2.289566
2  969 314 0 0 2.289566
0

0101000
+89 0 -87 0 *
Ed
 1e-07 1 1 0
1  966 0 0 1.191755
2  970 314 0 0 1.191755
0

0101000
+87 0 -90 0 *
Wi

0101100
+88 0 +86 0 +85 0 *
Fa
0  1e-07 314 0

0101000
+84 0 *
Ve
1e-07
59.879448 -7.945417 0
0 0

0101101
*
Ve
1e-07
59.653408 -12.09834 0
0 0

0101101
*
Ed
 1e-07 1 1 0
1  967 0 0 4.15907003133261
2  971 315 0 0 4.15907003133261
0

0101000
+82 0 -81 0 *
Ve
1e-07
60.243515 -12.09834 0
0 0

0101101
*
Ed
 1e-07 1 1 0
1  968 0 0 0.590107000000003
2  972 315 0 0 0.590107000000003
0

0101000
+81 0 -79 0 *
Ed
 1e-07 1 1 0
1  969 0 0 4.16885046798491
2  973 315 0 0 4.16885046798491
0

0101000
+79 0 -82 0 *
Wi

0101100
+80 0 +78 0 +77 0 *
Fa
0  1e-07 315 0

0101000
+76 0 *
Ve
1e-07
56.577461 -13.290095 0
0 0

0101101
*
Ve
1e-07
56.577461 -12.09834 0
0 0

0101101
*
Ed
 1e-07 1 1 0
1  970 0 0 1.191755
2  974 316 0 0 1.191755
0

0101000
+74 0 -73 0 *
Ve
1e-07
55.536922 -12.09834 0
0 0

0101101
*
Ed
 1e-07 1 1 0
1  971 0 0 1.040539
2  975 316 0 0 1.040539
0

0101000
+73 0 -71 0 *
Ed
 1e-07 1 1 0
1  972 0 0 1.58208766841348
2  976 316 0 0 1.58208766841348
0

0101000
+71 0 -74 0 *
Wi

0101100
+72 0 +70 0 +69 0 *
Fa
0  1e-07 316 0

0101000
+68 0 *
Ve
1e-07
59.879448 -7.945417 0
0 0

0101101
*
Ve
1e-07
56.577461 -12.09834 0
0 0

0101101
*
Ed
 1e-07 1 1 0
1  973 0 0 5.30564676473076
2  977 317 0 0 5.30564676473076
0

0101000
+66 0 -65 0 *
Ve
1e-07
57.363842 -12.09834 0
0 0

0101101
*
Ed
 1e-07 1 1 0
1  974 0 0 0.786380999999999
2  978 317 0 0 0.786380999999999
0

0101000
+65 0 -63 0 *
Ed
 1e-07 1 1 0
1  975 0 0 4.85541378166321
2  979 317 0 0 4.85541378166321
0

0101000
+63 0 -66 0 *
Wi

0101100
+64 0 +62 0 +61 0 *
Fa
0  1e-07 317 0

0101000
+60 0 *
Ve
1e-07
59.879448 -7.945417 0
0 0

0101101
*
Ve
1e-07
59.879448 -7.445417 0
0 0

0101101
*
Ed
 1e-07 1 1 0
1  976 0 0 0.5
2  980 318 0 0 0.5
0

0101000
+58 0 -57 0 *
Ve
1e-07
52.138256 -7.945417 0
0 0

0101101
*
Ed
 1e-07 1 1 0
1  977 0 0 7.75732257811057
2  981 318 0 0 7.75732257811057
0

0101000
+57 0 -55 0 *
Ed
 1e-07 1 1 0
1  978 0 0 7.741192
2  982 318 0 0 7.741192
0

0101000
+55 0 -58 0 *
Wi

0101100
+56 0 +54 0 +53 0 *
Fa
0  1e-07 318 0

0101000
+52 0 *
Ve
1e-07
59.879448 -7.445417 0
0 0

0101101
*
Ve
1e-07
60.243515 -7.445417 0
0 0

0101101
*
Ed
 1e-07 1 1 0
1  979 0 0 0.364067000000006
2  983 319 0 0 0.364067000000006
0

0101000
+50 0 -49 0 *
Ve
1e-07
60.243515 -6.099044 0
0 0

0101101
*
Ed
 1e-07 1 1 0
1  980 0 0 1.346373
2  984 319 0 0 1.346373
0

0101000
+49 0 -47 0 *
Ed
 1e-07 1 1 0
1  981 0 0 1.39472758473402
2  985 319 0 0 1.39472758473402
0

0101000
+47 0 -50 0 *
Wi

0101100
+48 0 +46 0 +45 0 *
Fa
0  1e-07 319 0

0101000
+44 0 *
Ve
1e-07
60.243515 -7.945417 0
0 0

0101101
*
Ve
1e-07
59.879448 -7.945417 0
0 0

0101101
*
Ed
 1e-07 1 1 0
1  982 0 0 0.364067000000006
2  986 320 0 0 0.364067000000006
0

0101000
+42 0 -41 0 *
Ve
1e-07
60.243515 -12.09834 0
0 0

0101101
*
Ed
 1e-07 1 1 0
1  983 0 0 4.16885046798491
2  987 320 0 0 4.16885046798491
0

0101000
+41 0 -39 0 *
Ed
 1e-07 1 1 0
1  984 0 0 4.152923
2  988 320 0 0 4.152923
0

0101000
+39 0 -42 0 *
Wi

0101100
+40 0 +38 0 +37 0 *
Fa
0  1e-07 320 0

0101000
+36 0 *
Ve
1e-07
59.879448 -7.445417 0
0 0

0101101
*
Ve
1e-07
60.243515 -6.099044 0
0 0

0101101
*
Ed
 1e-07 1 1 0
1  985 0 0 1.39472758473402
2  989 321 0 0 1.39472758473402
0

0101000
+34 0 -33 0 *
Ve
1e-07
52.138256 -7.302092 0
0 0

0101101
*
Ed
 1e-07 1 1 0
1  986 0 0 8.19405564707642
2  990 321 0 0 8.19405564707642
0

0101000
+33 0 -31 0 *
Ed
 1e-07 1 1 0
1  987 0 0 7.74251868815885
2  991 321 0 0 7.74251868815885
0

0101000
+31 0 -34 0 *
Wi

0101100
+32 0 +30 0 +29 0 *
Fa
0  1e-07 321 0

0101000
+28 0 *
Ve
1e-07
59.879448 -7.945417 0
0 0

0101101
*
Ve
1e-07
52.138256 -7.945417 0
0 0

0101101
*
Ed
 1e-07 1 1 0
1  988 0 0 7.741192
2  992 322 0 0 7.741192
0

0101000
+26 0 -25 0 *
Ve
1e-07
55.536922 -12.09834 0
0 0

0101101
*
Ed
 1e-07 1 1 0
1  989 0 0 5.3663488540613
2  993 322 0 0 5.3663488540613
0

0101000
+25 0 -23 0 *
Ed
 1e-07 1 1 0
1  990 0 0 6.00868550554986
2  994 322 0 0 6.00868550554986
0

0101000
+23 0 -26 0 *
Wi

0101100
+24 0 +22 0 +21 0 *
Fa
0  1e-07 322 0

0101000
+20 0 *
Ve
1e-07
51.576057 -13.446691 0
0 0

0101101
*
Ve
1e-07
51.576057 -14.523755 0
0 0

0101101
*
Ed
 1e-07 1 1 0
1  991 0 0 1.077064
2  995 323 0 0 1.077064
0

0101000
+18 0 -17 0 *
Ve
1e-07
53.854355 -14.384821 0
0 0

0101101
*
Ed
 1e-07 1 1 0
1  992 0 0 2.28253026993291
2  996 323 0 0 2.28253026993291
0

0101000
+17 0 -15 0 *
Ed
 1e-07 1 1 0
1  993 0 0 2.46388507721119
2  997 323 0 0 2.46388507721119
0

0101000
+15 0 -18 0 *
Wi

0101100
+16 0 +14 0 +13 0 *
Fa
0  1e-07 323 0

0101000
+12 0 *
Ve
1e-07
7.941555 -4.432139 0
0 0

0101101
*
Ve
1e-07
31.057053 -7.445417 0
0 0

0101101
*
Ed
 1e-07 1 1 0
1  994 0 0 23.3110723068092
2  998 324 0 0 23.3110723068092
0

0101000
+10 0 -9 0 *
Ve
1e-07
51.751713 -4.429752 0
0 0

0101101
*
Ed
 1e-07 1 1 0
1  995 0 0 20.9132299731014
2  999 324 0 0 20.9132299731014
0

0101000
+9 0 -7 0 *
Ed
 1e-07 1 1 0
1  996 0 0 43.8101580650279
2  1000 324 0 0 43.8101580650279
0

0101000
+7 0 -10 0 *
Wi

0101100
+8 0 +6 0 +5 0 *
Fa
0  1e-07 324 0

0101000
+4 0 *
Co

0100000
+2627 0 +2617 0 +2609 0 +2601 0 +2591 0 +2583 0 +2575 0 +2565 0 +2557 0 +2547 0 
+2539 0 +2531 0 +2523 0 +2515 0 +2507 0 +2499 0 +2491 0 +2483 0 +2475 0 +2467 0 
+2459 0 +2451 0 +2443 0 +2435 0 +2425 0 +2417 0 +2409 0 +2401 0 +2393 0 +2385 0 
+2377 0 +2369 0 +2361 0 +2353 0 +2345 0 +2337 0 +2329 0 +2321 0 +2313 0 +2305 0 
+2297 0 +2289 0 +2281 0 +2273 0 +2265 0 +2255 0 +2247 0 +2239 0 +2229 0 +2221 0 
+2213 0 +2205 0 +2197 0 +2189 0 +2181 0 +2173 0 +2165 0 +2157 0 +2147 0 +2139 0 
+2131 0 +2123 0 +2115 0 +2105 0 +2097 0 +2089 0 +2081 0 +2073 0 +2065 0 +2057 0 
+2049 0 +2039 0 +2031 0 +2023 0 +2015 0 +2007 0 +1999 0 +1991 0 +1983 0 +1973 0 
+1965 0 +1957 0 +1949 0 +1939 0 +1931 0 +1923 0 +1915 0 +1907 0 +1897 0 +1889 0 
+1881 0 +1873 0 +1863 0 +1855 0 +1847 0 +1839 0 +1831 0 +1823 0 +1815 0 +1807 0 
+1799 0 +1791 0 +1783 0 +1775 0 +1767 0 +1759 0 +1751 0 +1743 0 +1733 0 +1725 0 
+1715 0 +1707 0 +1697 0 +1689 0 +1681 0 +1673 0 +1665 0 +1657 0 +1649 0 +1641 0 
+1631 0 +1623 0 +1615 0 +1607 0 +1599 0 +1591 0 +1583 0 +1573 0 +1565 0 +1557 0 
+1549 0 +1541 0 +1533 0 +1525 0 +1517 0 +1509 0 +1501 0 +1493 0 +1485 0 +1477 0 
+1467 0 +1459 0 +1451 0 +1441 0 +1433 0 +1425 0 +1417 0 +1409 0 +1401 0 +1393 0 
+1385 0 +1377 0 +1369 0 +1361 0 +1353 0 +1343 0 +1335 0 +1327 0 +1319 0 +1311 0 
+1303 0 +1295 0 +1287 0 +1277 0 +1269 0 +1261 0 +1253 0 +1245 0 +1235 0 +1225 0 
+1215 0 +1207 0 +1199 0 +1191 0 +1183 0 +1175 0 +1167 0 +1159 0 +1151 0 +1143 0 
+1135 0 +1127 0 +1119 0 +1111 0 +1103 0 +1095 0 +1087 0 +1079 0 +1071 0 +1063 0 
+1053 0 +1045 0 +1037 0 +1029 0 +1021 0 +1013 0 +1003 0 +995 0 +987 0 +979 0 
+971 0 +963 0 +955 0 +947 0 +939 0 +931 0 +923 0 +915 0 +907 0 +899 0 
+891 0 +883 0 +875 0 +867 0 +859 0 +851 0 +841 0 +833 0 +825 0 +817 0 
+809 0 +801 0 +793 0 +785 0 +777 0 +769 0 +761 0 +753 0 +745 0 +737 0 
+729 0 +721 0 +711 0 +703 0 +695 0 +687 0 +677 0 +669 0 +661 0 +653 0 
+645 0 +637 0 +627 0 +619 0 +611 0 +603 0 +595 0 +587 0 +579 0 +571 0 
+563 0 +555 0 +547 0 +539 0 +531 0 +523 0 +515 0 +505 0 +497 0 +487 0 
+479 0 +471 0 +463 0 +455 0 +447 0 +439 0 +431 0 +423 0 +413 0 +405 0 
+397 0 +387 0 +379 0 +371 0 +363 0 +355 0 +347 0 +339 0 +331 0 +323 0 
+315 0 +307 0 +299 0 +291 0 +283 0 +275 0 +267 0 +259 0 +251 0 +243 0 
+235 0 +227 0 +219 0 +211 0 +203 0 +195 0 +187 0 +179 0 +171 0 +163 0 
+155 0 +147 0 +139 0 +131 0 +123 0 +115 0 +107 0 +99 0 +91 0 +83 0 
+75 0 +67 0 +59 0 +51 0 +43 0 +35 0 +27 0 +19 0 +11 0 +3 0 
*
Co

1100000
+2635 0 +2 0 *

+1 0 