
CASCADE Topology V3, (c) Open Cascade
Locations 0
Curve2ds 338
1 -19.003287690459025 7.7647330386438966 -1 0 
1 -19.003287690459025 7.7647330386438966 -1 0 
1 -19.303286690459032 7.7647330386438966 0 1 
1 -19.303286690459032 7.7647330386438966 0 1 
1 -19.303286690459032 8.0647280386439064 1 0 
1 -19.303286690459032 8.0647280386439064 1 0 
1 -19.003287690459025 8.0647280386439064 0 -1 
1 -19.003287690459025 8.0647280386439064 0 -1 
1 5.3179783095409725 8.0647280386439064 0 -1 
1 5.3179783095409725 8.0647280386439064 0 -1 
1 5.3179783095409725 7.7647330386438966 -1 0 
1 5.3179783095409725 7.7647330386438966 -1 0 
1 5.0179793095409728 7.7647330386438966 0 1 
1 5.0179793095409728 7.7647330386438966 0 1 
1 5.0179793095409728 8.0647280386439064 1 0 
1 5.0179793095409728 8.0647280386439064 1 0 
1 20.368724309540973 7.7647330386438966 0 1 
1 20.368724309540973 7.7647330386438966 0 1 
1 20.368724309540973 8.0647280386439064 1 0 
1 20.368724309540973 8.0647280386439064 1 0 
1 20.66872430954097 8.0647280386439064 0 -1 
1 20.66872430954097 8.0647280386439064 0 -1 
1 20.66872430954097 7.7647330386438966 -1 0 
1 20.66872430954097 7.7647330386438966 -1 0 
1 31.18414230954097 8.0647280386439064 1 0 
1 31.18414230954097 8.0647280386439064 1 0 
1 31.484142309540971 8.0647280386439064 0 -1 
1 31.484142309540971 8.0647280386439064 0 -1 
1 31.484142309540971 7.7647330386438966 -1 0 
1 31.484142309540971 7.7647330386438966 -1 0 
1 31.18414230954097 7.7647330386438966 0 1 
1 31.18414230954097 7.7647330386438966 0 1 
1 -29.394328690459027 7.7647330386438966 -1 0 
1 -29.394328690459027 7.7647330386438966 -1 0 
1 -29.69433169045903 7.7647330386438966 0 1 
1 -29.69433169045903 7.7647330386438966 0 1 
1 -29.69433169045903 8.0647280386439064 1 0 
1 -29.69433169045903 8.0647280386439064 1 0 
1 -29.394328690459027 8.0647280386439064 0 -1 
1 -29.394328690459027 8.0647280386439064 0 -1 
1 -26.391531690459026 0.14110603864389759 0 1 
1 -26.391531690459026 0.14110603864389759 0 1 
1 -26.391531690459026 0.6691670386439057 0.99999999673305617 8.0832466314668331e-05 
1 -26.391531690459026 0.6691670386439057 0.99999999673305617 8.0832466314668331e-05 
1 -26.205962690459032 0.66918203864389625 0 -1 
1 -26.205962690459032 0.66918203864389625 0 -1 
1 -26.205962690459032 0.14112903864389637 -0.99999999231905223 -0.00012394311454021393 
1 -26.205962690459032 0.14112903864389637 -0.99999999231905223 -0.00012394311454021393 
1 28.474531309540971 -1.8368679613561056 -1 0 
1 28.474531309540971 -1.8368679613561056 -1 0 
1 28.046222309540973 -1.8368679613561056 0 1 
1 28.046222309540973 -1.8368679613561056 0 1 
1 28.046222309540973 -1.4558249613561003 1 0 
1 28.046222309540973 -1.4558249613561003 1 0 
1 28.474531309540971 -1.4558249613561003 0 -1 
1 28.474531309540971 -1.4558249613561003 0 -1 
1 -29.41815869045903 -4.0061409613560954 0 -1 
1 -29.41815869045903 -4.0061409613560954 0 -1 
1 -29.41815869045903 -4.5934519613560951 -1 0 
1 -29.41815869045903 -4.5934519613560951 -1 0 
1 -29.781191690459032 -4.5934519613560951 0 1 
1 -29.781191690459032 -4.5934519613560951 0 1 
1 -29.781191690459032 -4.0061409613560954 1 0 
1 -29.781191690459032 -4.0061409613560954 1 0 
1 -0.42796269045902946 5.9190220386439023 -1 0 
1 -0.42796269045902946 5.9190220386439023 -1 0 
1 -0.95956769045902846 5.9190220386439023 0 1 
1 -0.95956769045902846 5.9190220386439023 0 1 
1 -0.95956769045902846 6.3944780386438964 1 0 
1 -0.95956769045902846 6.3944780386438964 1 0 
1 -0.42796269045902946 6.3944780386438964 0 -1 
1 -0.42796269045902946 6.3944780386438964 0 -1 
1 -14.335082690459032 -6.8588859613560942 0 -1 
1 -14.335082690459032 -6.8588859613560942 0 -1 
1 -14.335082690459032 -7.3273309613560969 -1 0 
1 -14.335082690459032 -7.3273309613560969 -1 0 
1 -14.922389690459028 -7.3273309613560969 0 1 
1 -14.922389690459028 -7.3273309613560969 0 1 
1 -14.922389690459028 -6.8588859613560942 1 0 
1 -14.922389690459028 -6.8588859613560942 1 0 
1 6.23545130954097 -6.8588859613560942 0 -1 
1 6.23545130954097 -6.8588859613560942 0 -1 
1 6.23545130954097 -7.3273309613560969 -1 0 
1 6.23545130954097 -7.3273309613560969 -1 0 
1 5.4952513095409721 -7.3273309613560969 0 1 
1 5.4952513095409721 -7.3273309613560969 0 1 
1 5.4952513095409721 -6.8588859613560942 1 0 
1 5.4952513095409721 -6.8588859613560942 1 0 
1 28.474531309540971 1.5485770386438986 0 -1 
1 28.474531309540971 1.5485770386438986 0 -1 
1 28.474531309540971 0.67285203864389587 -1 0 
1 28.474531309540971 0.67285203864389587 -1 0 
1 28.04307830954097 0.67285203864389587 0 1 
1 28.04307830954097 0.67285203864389587 0 1 
1 28.04307830954097 1.5485770386438986 1 0 
1 28.04307830954097 1.5485770386438986 1 0 
1 -18.87734569045903 5.9190220386439023 -1 0 
1 -18.87734569045903 5.9190220386439023 -1 0 
1 -19.61752669045903 5.9190220386439023 0 1 
1 -19.61752669045903 5.9190220386439023 0 1 
1 -19.61752669045903 6.3944780386438964 1 0 
1 -19.61752669045903 6.3944780386438964 1 0 
1 -19.303286690459032 6.3944780386438964 0 1 
1 -19.303286690459032 6.3944780386438964 0 1 
1 -19.303286690459032 6.6944810386439002 1 0 
1 -19.303286690459032 6.6944810386439002 1 0 
1 -19.003287690459025 6.6944810386439002 0 -1 
1 -19.003287690459025 6.6944810386439002 0 -1 
1 -19.003287690459025 6.3944780386438964 1 0 
1 -19.003287690459025 6.3944780386438964 1 0 
1 -18.87734569045903 6.3944780386438964 0 -1 
1 -18.87734569045903 6.3944780386438964 0 -1 
1 15.03137630954097 6.6944810386439002 1 0 
1 15.03137630954097 6.6944810386439002 1 0 
1 15.331376309540971 6.6944810386439002 0 -1 
1 15.331376309540971 6.6944810386439002 0 -1 
1 15.331376309540971 6.3944780386438964 1 0 
1 15.331376309540971 6.3944780386438964 1 0 
1 15.922888309540971 6.3944780386438964 0 -1 
1 15.922888309540971 6.3944780386438964 0 -1 
1 15.922888309540971 5.9157570386439033 -0.99999329378272139 0.003662292940756318 
1 15.922888309540971 5.9157570386439033 -0.99999329378272139 0.003662292940756318 
1 15.03137630954097 5.9190220386439023 0 1 
1 15.03137630954097 5.9190220386439023 0 1 
1 31.137514309540972 -0.46993196135609594 1 0 
1 31.137514309540972 -0.46993196135609594 1 0 
1 31.612971309540971 -0.46993196135609594 0 -1 
1 31.612971309540971 -0.46993196135609594 0 -1 
1 31.612971309540971 -1.9056009613561002 -1 0 
1 31.612971309540971 -1.9056009613561002 -1 0 
1 31.137514309540972 -1.9056009613561002 0 1 
1 31.137514309540972 -1.9056009613561002 0 1 
1 19.238370309540972 6.3944780386438964 0 -1 
1 19.238370309540972 6.3944780386438964 0 -1 
1 19.238370309540972 5.9190220386439023 -0.99999954444954375 -0.00095451595327389381 
1 19.238370309540972 5.9190220386439023 -0.99999954444954375 -0.00095451595327389381 
1 17.527556309540969 5.9173890386439041 0 1 
1 17.527556309540969 5.9173890386439041 0 1 
1 17.527556309540969 6.3944780386438964 1 0 
1 17.527556309540969 6.3944780386438964 1 0 
1 7.8304623095409731 1.5210420386438983 1 0 
1 7.8304623095409731 1.5210420386438983 1 0 
1 9.0845783095409729 1.5210420386438983 0 -1 
1 9.0845783095409729 1.5210420386438983 0 -1 
1 9.0845783095409729 0.53664403864389953 -1 0 
1 9.0845783095409729 0.53664403864389953 -1 0 
1 7.8399073095409726 0.53664403864389953 -0.007023133886216457 0.99997533749108847 
1 7.8399073095409726 0.53664403864389953 -0.007023133886216457 0.99997533749108847 
1 7.8352893095409719 1.1941690386439063 -0.014765593283690958 0.9998909826851029 
1 7.8352893095409719 1.1941690386439063 -0.014765593283690958 0.9998909826851029 
1 7.1863643095409699 4.0667190386438961 0 1 
1 7.1863643095409699 4.0667190386438961 0 1 
1 7.1863643095409699 5.9190220386439023 -1 0 
1 7.1863643095409699 5.9190220386439023 -1 0 
1 6.6850423095409717 5.9190220386439023 0 1 
1 6.6850423095409717 5.9190220386439023 0 1 
1 6.6850423095409717 6.3944780386438964 1 0 
1 6.6850423095409717 6.3944780386438964 1 0 
1 7.3646613095409705 6.3944780386438964 -0.015864876138638479 -0.99987414493280391 
1 7.3646613095409705 6.3944780386438964 -0.015864876138638479 -0.99987414493280391 
1 7.3571173095409712 5.9190220386439023 -0.0040721941592923921 -0.9999917085829908 
1 7.3571173095409712 5.9190220386439023 -0.0040721941592923921 -0.9999917085829908 
1 7.3495743095409729 4.0667190386438961 -1 0 
1 7.3495743095409729 4.0667190386438961 -1 0 
1 -12.12907669045903 4.8492440386439029 -1 0 
1 -12.12907669045903 4.8492440386439029 -1 0 
1 -12.247942690459027 4.8492440386439029 0 1 
1 -12.247942690459027 4.8492440386439029 0 1 
1 -12.247942690459027 5.9190220386439023 -1 0 
1 -12.247942690459027 5.9190220386439023 -1 0 
1 -12.420073690459027 5.9190220386439023 0 1 
1 -12.420073690459027 5.9190220386439023 0 1 
1 -12.420073690459027 6.3944780386438964 1 0 
1 -12.420073690459027 6.3944780386438964 1 0 
1 -10.513281690459031 6.3944780386438964 0 -1 
1 -10.513281690459031 6.3944780386438964 0 -1 
1 -10.513281690459031 5.9190220386439023 -1 0 
1 -10.513281690459031 5.9190220386439023 -1 0 
1 -12.12907669045903 5.9190220386439023 0 -1 
1 -12.12907669045903 5.9190220386439023 0 -1 
1 -13.971472690459031 3.6072620386438956 -1 0 
1 -13.971472690459031 3.6072620386438956 -1 0 
1 -14.116889690459026 3.6072620386438956 0 1 
1 -14.116889690459026 3.6072620386438956 0 1 
1 -14.116889690459026 5.9190220386439023 -1 0 
1 -14.116889690459026 5.9190220386439023 -1 0 
1 -14.565794690459029 5.9190220386439023 0 1 
1 -14.565794690459029 5.9190220386439023 0 1 
1 -14.565794690459029 6.3944780386438964 1 0 
1 -14.565794690459029 6.3944780386438964 1 0 
1 -14.103793690459028 6.3944780386438964 0 1 
1 -14.103793690459028 6.3944780386438964 0 1 
1 -14.103793690459028 6.6944810386439002 1 0 
1 -14.103793690459028 6.6944810386439002 1 0 
1 -13.803793690459031 6.6944810386439002 0 -1 
1 -13.803793690459031 6.6944810386439002 0 -1 
1 -13.803793690459031 6.3944780386438964 1 0 
1 -13.803793690459031 6.3944780386438964 1 0 
1 -13.436583690459031 6.3944780386438964 0 -1 
1 -13.436583690459031 6.3944780386438964 0 -1 
1 -13.436583690459031 5.9190220386439023 -1 0 
1 -13.436583690459031 5.9190220386439023 -1 0 
1 -13.971472690459031 5.9190220386439023 0 -1 
1 -13.971472690459031 5.9190220386439023 0 -1 
1 -25.016295690459032 6.3944780386438964 1 0 
1 -25.016295690459032 6.3944780386438964 1 0 
1 -24.506369690459032 6.3944780386438964 0 1 
1 -24.506369690459032 6.3944780386438964 0 1 
1 -24.506369690459032 6.6944810386439002 1 0 
1 -24.506369690459032 6.6944810386439002 1 0 
1 -24.206370690459032 6.6944810386439002 0 -1 
1 -24.206370690459032 6.6944810386439002 0 -1 
1 -24.206370690459032 6.3944780386438964 1 0 
1 -24.206370690459032 6.3944780386438964 1 0 
1 -23.251593690459032 6.3944780386438964 0 -1 
1 -23.251593690459032 6.3944780386438964 0 -1 
1 -23.251593690459032 5.9190220386439023 -1 0 
1 -23.251593690459032 5.9190220386439023 -1 0 
1 -24.09958569045903 5.9190220386439023 0 -1 
1 -24.09958569045903 5.9190220386439023 0 -1 
1 -24.09958569045903 3.9577640386439015 -1 0 
1 -24.09958569045903 3.9577640386439015 -1 0 
1 -24.26466669045903 3.9577640386439015 0 1 
1 -24.26466669045903 3.9577640386439015 0 1 
1 -24.26466669045903 5.9190220386439023 -1 0 
1 -24.26466669045903 5.9190220386439023 -1 0 
1 -25.016295690459032 5.9190220386439023 0 1 
1 -25.016295690459032 5.9190220386439023 0 1 
1 17.527556309540969 -7.3273309613560969 0 1 
1 17.527556309540969 -7.3273309613560969 0 1 
1 17.527556309540969 -6.8588859613560942 1 0 
1 17.527556309540969 -6.8588859613560942 1 0 
1 17.86302630954097 -6.8588859613560942 0 1 
1 17.86302630954097 -6.8588859613560942 0 1 
1 17.86302630954097 -3.2929609613561013 1 0 
1 17.86302630954097 -3.2929609613561013 1 0 
1 18.002344309540973 -3.2929609613561013 0 -1 
1 18.002344309540973 -3.2929609613561013 0 -1 
1 18.002344309540973 -6.8588859613560942 1 0 
1 18.002344309540973 -6.8588859613560942 1 0 
1 18.244571309540973 -6.8588859613560942 0 -1 
1 18.244571309540973 -6.8588859613560942 0 -1 
1 18.244571309540973 -7.3273309613560969 -1 0 
1 18.244571309540973 -7.3273309613560969 -1 0 
1 25.095649309540971 3.8257760386438946 0 1 
1 25.095649309540971 3.8257760386438946 0 1 
1 25.095649309540971 5.9190220386439023 -1 0 
1 25.095649309540971 5.9190220386439023 -1 0 
1 24.430389309540971 5.9190220386439023 0 1 
1 24.430389309540971 5.9190220386439023 0 1 
1 24.430389309540971 6.3944780386438964 1 0 
1 24.430389309540971 6.3944780386438964 1 0 
1 25.826644309540971 6.3944780386438964 0 1 
1 25.826644309540971 6.3944780386438964 0 1 
1 25.826644309540971 6.6944810386439002 1 0 
1 25.826644309540971 6.6944810386439002 1 0 
1 26.126645309540972 6.6944810386439002 0 -1 
1 26.126645309540972 6.6944810386439002 0 -1 
1 26.126645309540972 6.3944780386438964 1 0 
1 26.126645309540972 6.3944780386438964 1 0 
1 26.38294330954097 6.3944780386438964 0 -1 
1 26.38294330954097 6.3944780386438964 0 -1 
1 26.38294330954097 5.9190220386439023 -1 0 
1 26.38294330954097 5.9190220386439023 -1 0 
1 25.253733309540969 5.9190220386439023 0 -1 
1 25.253733309540969 5.9190220386439023 0 -1 
1 25.253733309540969 3.8257760386438946 -1 0 
1 25.253733309540969 3.8257760386438946 -1 0 
1 10.068823309540971 3.4723970386439049 -1 0 
1 10.068823309540971 3.4723970386439049 -1 0 
1 9.9202433095409717 3.4723970386439049 0 1 
1 9.9202433095409717 3.4723970386439049 0 1 
1 9.9202433095409717 5.9189990386439035 -0.99999999560667463 9.373713619894836e-05 
1 9.9202433095409717 5.9189990386439035 -0.99999999560667463 9.373713619894836e-05 
1 9.67487630954097 5.9190220386439023 0 1 
1 9.67487630954097 5.9190220386439023 0 1 
1 9.67487630954097 6.3944780386438964 1 0 
1 9.67487630954097 6.3944780386438964 1 0 
1 10.009587309540972 6.3944780386438964 0 1 
1 10.009587309540972 6.3944780386438964 0 1 
1 10.009587309540972 6.6944810386439002 1 0 
1 10.009587309540972 6.6944810386439002 1 0 
1 10.309586309540972 6.6944810386439002 0 -1 
1 10.309586309540972 6.6944810386439002 0 -1 
1 10.309586309540972 6.3944780386438964 1 0 
1 10.309586309540972 6.3944780386438964 1 0 
1 11.39498430954097 6.3944780386438964 0 -1 
1 11.39498430954097 6.3944780386438964 0 -1 
1 11.39498430954097 5.9190220386439023 -0.99999999984960519 -1.734329391025293e-05 
1 11.39498430954097 5.9190220386439023 -0.99999999984960519 -1.734329391025293e-05 
1 10.068823309540971 5.9189990386439035 0 -1 
1 10.068823309540971 5.9189990386439035 0 -1 
1 -5.6509776904590296 6.3944780386438964 0 -1 
1 -5.6509776904590296 6.3944780386438964 0 -1 
1 -5.6509776904590296 5.9190220386439023 -1 0 
1 -5.6509776904590296 5.9190220386439023 -1 0 
1 -6.1858666904590294 5.9190220386439023 0 -1 
1 -6.1858666904590294 5.9190220386439023 0 -1 
1 -6.1858666904590294 2.5313880386438967 -1 0 
1 -6.1858666904590294 2.5313880386438967 -1 0 
1 -6.3641616904590279 2.5313880386438967 0 1 
1 -6.3641616904590279 2.5313880386438967 0 1 
1 -6.3641616904590279 5.9190220386439023 -1 0 
1 -6.3641616904590279 5.9190220386439023 -1 0 
1 -7.1405096904590266 5.9190220386439023 0 1 
1 -7.1405096904590266 5.9190220386439023 0 1 
1 -7.1405096904590266 6.3944780386438964 1 0 
1 -7.1405096904590266 6.3944780386438964 1 0 
1 9.9202433095409717 -5.1353529613561051 0 1 
1 9.9202433095409717 -5.1353529613561051 0 1 
1 9.9202433095409717 -1.7565229613560973 -1 0 
1 9.9202433095409717 -1.7565229613560973 -1 0 
1 7.5624623095409724 -1.7565229613560973 0 1 
1 7.5624623095409724 -1.7565229613560973 0 1 
1 7.5624623095409724 -1.5694269613561005 1 0 
1 7.5624623095409724 -1.5694269613561005 1 0 
1 10.63660730954097 -1.5694269613561005 0 1 
1 10.63660730954097 -1.5694269613561005 0 1 
1 10.63660730954097 2.2293930386439058 -1 0 
1 10.63660730954097 2.2293930386439058 -1 0 
1 9.8999903095409714 2.2293930386439058 0 1 
1 9.8999903095409714 2.2293930386439058 0 1 
1 9.8999903095409714 2.5908360386439 1 0 
1 9.8999903095409714 2.5908360386439 1 0 
1 10.128956309540971 2.5908360386439 0 -1 
1 10.128956309540971 2.5908360386439 0 -1 
1 10.128956309540971 2.4125290386438962 1 0 
1 10.128956309540971 2.4125290386438962 1 0 
1 10.811724309540971 2.4125290386438962 0.00075164043865182204 -0.99999971751828565 
1 10.811724309540971 2.4125290386438962 0.00075164043865182204 -0.99999971751828565 
1 10.814717309540971 -1.5694269613561005 0 -1 
1 10.814717309540971 -1.5694269613561005 0 -1 
1 10.814717309540971 -1.7565229613560973 -1 0 
1 10.814717309540971 -1.7565229613560973 -1 0 
1 10.098540309540972 -1.7565229613560973 0 -1 
1 10.098540309540972 -1.7565229613560973 0 -1 
1 10.098540309540972 -5.1353529613561051 -1 0 
1 10.098540309540972 -5.1353529613561051 -1 0 
Curves 758
1 62.408566 -85.443343999999996 0 -1 0 0 
1 60.379447999999996 -85.443343999999996 0 0 1 0 
1 60.379447999999996 -84.974898999999994 0 -0.0020660836093218818 0.9999978656469819 0 
1 60.378677000000003 -84.601730000000003 0 -1 0 0 
1 60.015644000000002 -84.601730000000003 0 0 -1 0 
1 60.015644000000002 -84.974898999999994 0 -1 0 0 
1 59.245559999999998 -84.974898999999994 0 0 -1 0 
1 59.245559999999998 -85.443343999999996 0 -1 0 0 
1 58.119487999999997 -85.443343999999996 0 0 1 0 
1 58.119487999999997 -84.974898999999994 0 -1 0 0 
1 56.581263999999997 -84.974898999999994 0 0 -1 0 
1 56.581263999999997 -85.443343999999996 0 1 0 0 
1 57.306556999999998 -85.443343999999996 0 0 -1 0 
1 57.306556999999998 -87.544144000000003 0 -1 0 0 
1 54.711917999999997 -87.544144000000003 0 0 1 0 
1 54.711917999999997 -85.443343999999996 0 1 0 0 
1 55.504471000000002 -85.443343999999996 0 0 1 0 
1 55.504471000000002 -84.974898999999994 0 -1 0 0 
1 53.919364999999999 -84.974898999999994 0 0 -1 0 
1 53.919364999999999 -85.443343999999996 0 -1 0 0 
1 52.414000999999999 -85.443343999999996 0 0 1 0 
1 52.414000999999999 -84.974898999999994 0 -1 0 0 
1 51.818458999999997 -84.974898999999994 0 0 1 0 
1 51.818458999999997 -79.982596999999998 0 1 0 0 
1 55.504471000000002 -79.982596999999998 0 0 1 0 
1 55.504471000000002 -79.143021000000005 0 -1 0 0 
1 55.216769999999997 -79.143021000000005 0 0 -1 0 
1 55.216769999999997 -79.525406000000004 0 -1 0 0 
1 52.026046999999998 -79.525406000000004 0 0 1 0 
1 52.026046999999998 -77.635033000000007 0 1 0 0 
1 52.948891000000003 -77.635033000000007 0 0 -1 0 
1 52.948891000000003 -78.080771999999996 0 1 0 0 
1 55.228335999999999 -78.080771999999996 0 0 -1 0 
1 55.228335999999999 -78.16713 0 1 0 0 
1 55.504471000000002 -78.16713 0 0 1 0 
1 55.504471000000002 -77.932190000000006 0 -1 0 0 
1 53.186619 -77.932190000000006 0 0 1 0 
1 53.186619 -76.951560999999998 0 1 0 0 
1 55.504471000000002 -76.951560999999998 0 0 1 0 
1 55.504471000000002 -76.464057999999994 0 -1 0 0 
1 54.258094999999997 -76.464057999999994 0 0 1 0 
1 54.258094999999997 -75.285683000000006 0 1 0 0 
1 55.326175999999997 -75.285683000000006 0 0 -1 0 
1 55.326175999999997 -75.465759000000006 0 1 0 0 
1 55.504471000000002 -75.465759000000006 0 0 1 0 
1 55.504471000000002 -75.198311000000004 0 -1 0 0 
1 54.862620999999997 -75.198311000000004 0 0 1 0 
1 54.862620999999997 -75.081108 0 -1 0 0 
1 54.697071000000001 -75.081108 0 0 -1 0 
1 54.697071000000001 -75.198311000000004 0 -1 0 0 
1 54.05706 -75.198311000000004 0 0 -1 0 
1 54.05706 -76.464057999999994 0 -1 0 0 
1 51.818458999999997 -76.464057999999994 0 0 1 0 
1 51.818458999999997 -72.196990999999997 0 1 0 0 
1 52.757877000000001 -72.196990999999997 0 0 1 0 
1 52.757877000000001 -71.721535000000003 0 -1 0 0 
1 51.225357000000002 -71.721535000000003 0 0 -1 0 
1 51.225357000000002 -72.196990999999997 0 1 0 0 
1 51.521884999999997 -72.196990999999997 0 0 -1 0 
1 51.521884999999997 -79.566376000000005 0 -1 0 0 
1 50.386547 -79.566376000000005 0 0 1 0 
1 50.386547 -78.741401999999994 0 -1 0 0 
1 50.241306000000002 -78.741401999999994 0 0 -1 0 
1 50.241306000000002 -79.566376000000005 0 -1 0 0 
1 48.038302999999999 -79.566376000000005 0 0 1 0 
1 48.038302999999999 -76.738472000000002 0 1 0 0 
1 50.241306000000002 -76.738472000000002 0 0 -1 0 
1 50.241306000000002 -77.921211 0 1 0 0 
1 50.386547 -77.921211 0 0 1 0 
1 50.386547 -76.599097999999998 0 -1 0 0 
1 48.038302999999999 -76.599097999999998 0 0 1 0 
1 48.038302999999999 -72.196990999999997 0 1 0 0 
1 48.134887999999997 -72.196990999999997 0 0 1 0 
1 48.134887999999997 -71.721535000000003 0 -1 0 0 
1 46.538485999999999 -71.721535000000003 0 0 -1 0 
1 46.538485999999999 -72.196990999999997 0 1 0 0 
1 47.718864000000004 -72.196990999999997 0 0 -1 0 
1 47.718864000000004 -76.599097999999998 0 -1 0 0 
1 44.752887999999999 -76.599097999999998 0 0 1 0 
1 44.752887999999999 -75.346892999999994 0 -1 0 0 
1 44.568958000000002 -75.346892999999994 0 0 -1 0 
1 44.568958000000002 -76.738472000000002 0 1 0 0 
1 46.505215 -76.738472000000002 0 0 -1 0 
1 46.505215 -77.783607000000003 0 1 0 0 
1 47.718864000000004 -77.783607000000003 0 0 -1 0 
1 47.718864000000004 -79.566376000000005 0 -1 0 0 
1 46.792656000000001 -79.566376000000005 0 0 -1 0 
1 46.792656000000001 -79.924210000000002 0 1 0 0 
1 47.718864000000004 -79.924210000000002 0 0 -1 0 
1 47.718864000000004 -80.615654000000006 0 1 0 0 
1 48.038302999999999 -80.615654000000006 0 0 1 0 
1 48.038302999999999 -79.924210000000002 0 1 0 0 
1 51.521884999999997 -79.924210000000002 0 0 -1 0 
1 51.521884999999997 -84.974898999999994 0 -1 0 0 
1 50.718165999999997 -84.974898999999994 0 0 -1 0 
1 50.718165999999997 -85.443343999999996 0 1 0 0 
1 51.082821000000003 -85.443343999999996 0 0 -1 0 
1 51.082821000000003 -87.544144000000003 0 -1 0 0 
1 48.436508000000003 -87.544144000000003 0 0 1 0 
1 48.436508000000003 -85.443343999999996 0 1 0 0 
1 48.729210000000002 -85.443343999999996 0 0 1 0 
1 48.729210000000002 -84.974898999999994 0 -1 0 0 
1 48.017817999999998 -84.974898999999994 0 0 1 0 
1 48.017817999999998 -81.498115999999996 0 -1 0 0 
1 47.748581000000001 -81.498115999999996 0 0 -1 0 
1 47.748581000000001 -84.974898999999994 0 -1 0 0 
1 47.141700999999998 -84.974898999999994 0 0 -1 0 
1 47.141700999999998 -85.443343999999996 0 1 0 0 
1 47.401142 -85.443343999999996 0 0 -1 0 
1 47.401142 -87.555321000000006 0 -1 0 0 
1 43.229331999999999 -87.555321000000006 0 0 1 0 
1 43.229331999999999 -85.443343999999996 0 1 0 0 
1 43.320884999999997 -85.443343999999996 0 0 1 0 
1 43.320884999999997 -84.974898999999994 0 -1 0 0 
1 41.412224000000002 -84.974898999999994 0 0 -1 0 
1 41.412224000000002 -85.444068999999999 0 -0.99999991814410705 -0.00040461312275324725 0 
1 39.998528 -85.444641000000004 0 0 1 0 
1 39.998528 -84.974898999999994 0 -1 0 0 
1 39.338932 -84.974898999999994 0 0 1 0 
1 39.338932 -79.677895000000007 0 1 0 0 
1 41.759754000000001 -79.677895000000007 0 0 -1 0 
1 41.759754000000001 -79.834023000000002 0 1 0 0 
1 42.869427000000002 -79.834023000000002 0 0 1 0 
1 42.869427000000002 -78.556229000000002 0 -1 0 0 
1 42.726562000000001 -78.556229000000002 0 0 -1 0 
1 42.726562000000001 -79.516166999999996 0 -1 0 0 
1 39.456127000000002 -79.516166999999996 0 0 1 0 
1 39.456127000000002 -76.783812999999995 0 1 0 0 
1 40.603164999999997 -76.783812999999995 0 0 -1 0 
1 40.603164999999997 -77.217667000000006 0 1 0 0 
1 41.639355000000002 -77.217667000000006 0 0 -1 0 
1 41.639355000000002 -77.545883000000003 0 1 0 0 
1 42.845427999999998 -77.545883000000003 0 0 1 0 
1 42.845427999999998 -76.553436000000005 0 -1 0 0 
1 41.641925999999998 -76.553436000000005 0 -0.0055820674993608101 -0.99998442013985023 0 
1 41.640639999999998 -76.783812999999995 0 -1 0 0 
1 40.869633 -76.783812999999995 0 0 1 0 
1 40.869633 -75.554908999999995 0 1 0 0 
1 42.845585 -75.554908999999995 0 0 1 0 
1 42.845585 -74.158248999999998 0 -1 0 0 
1 42.726562000000001 -74.158248999999998 0 0 -1 0 
1 42.726562000000001 -75.346892999999994 0 -1 0 0 
1 40.527576000000003 -75.346892999999994 0 0 -1 0 
1 40.527576000000003 -76.594971000000001 0 -1 0 0 
1 39.338932 -76.594971000000001 0 0 1 0 
1 39.338932 -72.196990999999997 0 1 0 0 
1 39.514572000000001 -72.196990999999997 0 0 1 0 
1 39.514572000000001 -71.721535000000003 0 -1 0 0 
1 39.408653000000001 -71.721535000000003 0 0 1 0 
1 39.408653000000001 -71.421531999999999 0 -1 0 0 
1 39.108654000000001 -71.421531999999999 0 0 -1 0 
1 39.108654000000001 -71.721535000000003 0 -1 0 0 
1 38.791893000000002 -71.721535000000003 0 0 -1 0 
1 38.791893000000002 -72.196990999999997 0 1 0 0 
1 39.044238999999997 -72.196990999999997 0 0 -1 0 
1 39.044238999999997 -79.683448999999996 0 -1 0 0 
1 38.919224 -79.683448999999996 0 0 -1 0 
1 38.919224 -79.863738999999995 0 1 0 0 
1 39.044238999999997 -79.863738999999995 0 0 -1 0 
1 39.044238999999997 -84.974898999999994 0 -1 0 0 
1 38.506881999999997 -84.974898999999994 0 0 -1 0 
1 38.506881999999997 -85.445244000000002 0 -0.99999991846396685 -0.00040382181682619545 0 
1 36.902214000000001 -85.445892000000001 0 0 1 0 
1 36.902214000000001 -84.974898999999994 0 -1 0 0 
1 36.129596999999997 -84.974898999999994 0 0 -1 0 
1 36.129596999999997 -85.443343999999996 0 0.9999808308691559 -0.0061917601885554873 0 
1 36.562099000000003 -85.446021999999999 0 0 -1 0 
1 36.562099000000003 -87.544144000000003 0 -1 0 0 
1 32.929993000000003 -87.544144000000003 0 -0.0016838908615597458 0.99999858225477822 0 
1 32.926459999999999 -85.446029999999993 0 0.99999858820166632 0.0016803555201300448 0 
1 34.524929 -85.443343999999996 0 0 1 0 
1 34.524929 -84.974898999999994 0 -1 0 0 
1 33.276854999999998 -84.974898999999994 0 0 1 0 
1 33.276854999999998 -79.863738999999995 0 1 0 0 
1 38.031424999999999 -79.863738999999995 0 0 1 0 
1 38.031424999999999 -79.683448999999996 0 -1 0 0 
1 37.85313 -79.683448999999996 0 0 1 0 
1 37.85313 -79.091117999999994 0 -1 0 0 
1 37.674830999999998 -79.091117999999994 0 0 -1 0 
1 37.674830999999998 -79.536857999999995 0 -1 0 0 
1 36.682929999999999 -79.536857999999995 0 0 -1 0 
1 36.682929999999999 -79.739661999999996 0 -1 0 0 
1 34.732940999999997 -79.739661999999996 0 0 1 0 
1 34.732940999999997 -76.868149000000003 0 1 0 0 
1 36.551608999999999 -76.868149000000003 0 0 -1 0 
1 36.551608999999999 -78.229354999999998 0 1 0 0 
1 36.694201999999997 -78.229354999999998 0 0 1 0 
1 36.694201999999997 -77.601173000000003 0 1 0 0 
1 37.763328999999999 -77.601173000000003 0 0 -1 0 
1 37.763328999999999 -78.202895999999996 0 1 0 0 
1 37.882846999999998 -78.202895999999996 0 0 1 0 
1 37.882846999999998 -76.592049000000003 0 -1 0 0 
1 37.001488000000002 -76.592049000000003 0 0 1 0 
1 37.001488000000002 -76.494240000000005 0 -1 0 0 
1 36.864455999999997 -76.494240000000005 0 0 -1 0 
1 36.864455999999997 -76.592049000000003 0 -1 0 0 
1 34.554645999999998 -76.592049000000003 0 0 -1 0 
1 34.554645999999998 -79.739661999999996 0 -1 0 0 
1 33.284359000000002 -79.739661999999996 0 0 1 0 
1 33.284359000000002 -79.536857999999995 0 -1 0 0 
1 32.938136999999998 -79.536857999999995 0 0 1 0 
1 32.938136999999998 -76.892128 0 1 0 0 
1 33.276854999999998 -76.892128 0 0 1 0 
1 33.276854999999998 -72.196990999999997 0 1 0 0 
1 34.679180000000002 -72.196990999999997 0 0 1 0 
1 34.679180000000002 -71.721535000000003 0 -1 0 0 
1 34.351542999999999 -71.721535000000003 0 0 1 0 
1 34.351542999999999 -71.421531999999999 0 -1 0 0 
1 34.051540000000003 -71.421531999999999 0 0 -1 0 
1 34.051540000000003 -71.721535000000003 0 -1 0 0 
1 32.653717 -71.721535000000003 0 0 -1 0 
1 32.653717 -72.196990999999997 0 1 0 0 
1 33.005671999999997 -72.196990999999997 0 0 -1 0 
1 33.005671999999997 -76.592049000000003 0 -1 0 0 
1 31.522161000000001 -76.592049000000003 0 0 -1 0 
1 31.522161000000001 -78.196014000000005 0 1 0 0 
1 31.699804 -78.196014000000005 0 0 1 0 
1 31.699804 -77.611816000000005 0 1 0 0 
1 32.689709000000001 -77.611816000000005 0 0 -1 0 
1 32.689709000000001 -79.536857999999995 0 -1 0 0 
1 31.665012000000001 -79.536857999999995 0 0 1 0 
1 31.665012000000001 -79.091117999999994 0 -1 0 0 
1 31.553324 -79.091117999999994 0 0 -1 0 
1 31.553324 -79.863738999999995 0 1 0 0 
1 33.016621000000001 -79.863738999999995 0 0 -1 0 
1 33.016621000000001 -84.974898999999994 0 -1 0 0 
1 32.441074 -84.974898999999994 0 0 -1 0 
1 32.441074 -85.446845999999994 0 -0.99999857503629996 -0.0016881721978746784 0 
1 31.315598000000001 -85.448746 0 -8.4415433682529149e-06 0.99999999996437017 0 
1 31.315594000000001 -84.974898999999994 0 -1 0 0 
1 30.186384 -84.974898999999994 0 0 -1 0 
1 30.186384 -85.443343999999996 0 0.99996870508810365 -0.0079113111695399072 0 
1 30.947296000000001 -85.449364000000003 0 0 -1 0 
1 30.947296000000001 -87.544144000000003 0 -1 0 0 
1 27.926931 -87.544144000000003 0 0 1 0 
1 27.926931 -85.443343999999996 0 1 0 0 
1 28.582155 -85.443343999999996 0 0 1 0 
1 28.582155 -84.974898999999994 0 -1 0 0 
1 28.045051999999998 -84.974898999999994 0 0 1 0 
1 28.045051999999998 -79.393096999999997 0 1 0 0 
1 30.342763999999999 -79.393096999999997 0 0 1 0 
1 30.342763999999999 -78.790024000000003 0 -1 0 0 
1 30.156668 -78.790024000000003 0 0 -1 0 
1 30.156668 -79.263244999999998 0 -1 0 0 
1 28.045051999999998 -79.263244999999998 0 0 1 0 
1 28.045051999999998 -76.739243000000002 0 1 0 0 
1 30.169342 -76.739243000000002 0 0 -1 0 
1 30.169342 -77.843040000000002 0 1 0 0 
1 30.347359000000001 -77.843040000000002 0 0 1 0 
1 30.347359000000001 -76.592049000000003 0 -1 0 0 
1 28.045051999999998 -76.592049000000003 0 0 1 0 
1 28.045051999999998 -72.196990999999997 0 1 0 0 
1 28.644877999999999 -72.196990999999997 0 0 1 0 
1 28.644877999999999 -71.721535000000003 0 -1 0 0 
1 28.017544000000001 -71.721535000000003 0 0 1 0 
1 28.017544000000001 -71.421531999999999 0 -1 0 0 
1 27.717545000000001 -71.421531999999999 0 0 -1 0 
1 27.717545000000001 -71.721535000000003 0 -1 0 0 
1 27.095912999999999 -71.721535000000003 0 0 -1 0 
1 27.095912999999999 -72.355041999999997 0 1 0 0 
1 27.500478999999999 -72.355041999999997 0 0 -1 0 
1 27.500478999999999 -74.492019999999997 0 -1 0 0 
1 25.751213 -74.492019999999997 0 0 1 0 
1 25.751213 -72.355041999999997 0 1 0 0 
1 25.847836999999998 -72.355041999999997 0 0 1 0 
1 25.847836999999998 -71.721535000000003 0 -1 0 0 
1 25.579505999999999 -71.721535000000003 0 0 1 0 
1 25.579505999999999 -71.421531999999999 0 -1 0 0 
1 25.279506999999999 -71.421531999999999 0 0 -1 0 
1 25.279506999999999 -71.721535000000003 0 -1 0 0 
1 24.923221999999999 -71.721535000000003 0 0 -1 0 
1 24.923221999999999 -72.196990999999997 0 1 0 0 
1 25.253516999999999 -72.196990999999997 0 0 -1 0 
1 25.253516999999999 -74.930869999999999 0 1 0 0 
1 27.749666000000001 -74.930869999999999 0 0 -1 0 
1 27.749666000000001 -76.463584999999995 0 -1 0 0 
1 24.275606 -76.463584999999995 0 0 -1 0 
1 24.275606 -76.691733999999997 0 1 0 0 
1 24.454916000000001 -76.691733999999997 0 0 1 0 
1 24.454916000000001 -76.632355000000004 0 1 0 0 
1 26.374596 -76.632355000000004 0 0 -1 0 
1 26.374596 -77.629104999999996 0 -1 0 0 
1 24.454916000000001 -77.629104999999996 0 0 1 0 
1 24.454916000000001 -77.549369999999996 0 -1 0 0 
1 24.275606 -77.549369999999996 0 0 -1 0 
1 24.275606 -78.582138 0 1 0 0 
1 24.454916000000001 -78.582138 0 0 1 0 
1 24.454916000000001 -77.760955999999993 0 1 0 0 
1 27.749666000000001 -77.760955999999993 0 0 -1 0 
1 27.749666000000001 -79.494979999999998 0 -1 0 0 
1 24.454916000000001 -79.494979999999998 0 0 1 0 
1 24.454916000000001 -79.397735999999995 0 -1 0 0 
1 24.275606 -79.397735999999995 0 0 -1 0 
1 24.275606 -79.863738999999995 0 1 0 0 
1 24.776291000000001 -79.863738999999995 0 0 -1 0 
1 24.776291000000001 -83.439567999999994 0 1 0 0 
1 24.956356 -83.439567999999994 0 0 1 0 
1 24.956356 -79.982596999999998 0 1 0 0 
1 27.749666000000001 -79.982596999999998 0 0 -1 0 
1 27.749666000000001 -84.974898999999994 0 -1 0 0 
1 26.204432000000001 -84.974898999999994 0 0 -1 0 
1 26.204432000000001 -85.443343999999996 0 0.99998898183643181 -0.0046942737176691651 0 
1 26.774908 -85.446021999999999 0 0 -1 0 
1 26.774908 -87.544144000000003 0 -1 0 0 
1 21.618207999999999 -87.544144000000003 0 0 1 0 
1 21.618207999999999 -85.443343999999996 0 1 0 0 
1 21.988479999999999 -85.443343999999996 0 0 1 0 
1 21.988479999999999 -84.974898999999994 0 -1 0 0 
1 20.677242 -84.974898999999994 0 0 1 0 
1 20.677242 -84.083420000000004 0 -1 0 0 
1 20.491585000000001 -84.083420000000004 0 0 -1 0 
1 20.491585000000001 -85.443343999999996 0 -1 0 0 
1 19.405396 -85.443343999999996 0 0 1 0 
1 19.405396 -84.974898999999994 0 -1 0 0 
1 17.883932000000001 -84.974898999999994 0 0 1 0 
1 17.883932000000001 -72.201126000000002 0 0.99988049826455483 0.015459275216695254 0 
1 18.151377 -72.196990999999997 0 0 1 0 
1 18.151377 -71.721535000000003 0 -1 0 0 
1 17.227221 -71.721535000000003 0 0 -1 0 
1 17.227221 -72.196990999999997 0 0.99977839029746818 -0.021051610252028796 0 
1 17.619978 -72.205260999999993 0 -0.00039713124708435472 -0.99999992114338321 0 
1 17.618233 -76.599273999999994 0 -1 0 0 
1 16.457560999999998 -76.599273999999994 0 0 -1 0 
1 16.457560999999998 -77.613403000000005 0 1 0 0 
1 17.619978 -77.613403000000005 0 0 -1 0 
1 17.619978 -79.556915000000004 0 -1 0 0 
1 16.600237 -79.556915000000004 0 0 -1 0 
1 16.600237 -79.865677000000005 0 1 0 0 
1 17.619978 -79.865677000000005 0 0 -1 0 
1 17.619978 -84.974898999999994 0 -0.99996278161643837 -0.0086275942136258173 0 
1 17.319326 -84.977492999999996 0 0 -1 0 
1 17.319326 -85.443343999999996 0 -1 0 0 
1 16.219833000000001 -85.443343999999996 0 0 1 0 
1 16.219833000000001 -84.974898999999994 0 -1 0 0 
1 14.971757999999999 -84.974898999999994 0 0 -1 0 
1 14.971757999999999 -85.443343999999996 0 1 0 0 
1 15.307067999999999 -85.443343999999996 0 0 -1 0 
1 15.307067999999999 -87.544144000000003 0 -1 0 0 
1 10.614776000000001 -87.544144000000003 0 0 1 0 
1 10.614776000000001 -85.443343999999996 0 1 0 0 
1 10.930372999999999 -85.443343999999996 0 0 1 0 
1 10.930372999999999 -84.974898999999994 0 -1 0 0 
1 9.5321540000000002 -84.974898999999994 0 0 1 0 
1 9.5321540000000002 -79.863738999999995 0 1 0 0 
1 12.595141 -79.863738999999995 0 0 -1 0 
1 12.595141 -80.517487000000003 0 1 0 0 
1 12.734458999999999 -80.517487000000003 0 0 1 0 
1 12.734458999999999 -79.091117999999994 0 -1 0 0 
1 12.595141 -79.091117999999994 0 0 -1 0 
1 12.595141 -79.530456999999998 0 -1 0 0 
1 9.5321540000000002 -79.530456999999998 0 0.0002009162265983923 0.99999997981633471 0 
1 9.5326120000000003 -77.250900000000001 0 1 0 0 
1 11.405829000000001 -77.250900000000001 0 0 -1 0 
1 11.405829000000001 -77.605316000000002 0 1 0 0 
1 12.595141 -77.605316000000002 0 0 -1 0 
1 12.595141 -78.206649999999996 0 1 0 0 
1 12.734458999999999 -78.206649999999996 0 0 1 0 
1 12.734458999999999 -76.060080999999997 0 -1 0 0 
1 12.595141 -76.060080999999997 0 0 -1 0 
1 12.595141 -76.594971000000001 0 -1 0 0 
1 11.405829000000001 -76.594971000000001 0 0 -1 0 
1 11.405829000000001 -76.981277000000006 0 -1 0 0 
1 9.5326660000000007 -76.981277000000006 0 0.00020122163485314419 0.9999999797549266 0 
1 9.5329359999999994 -75.639472999999995 0 1 0 0 
1 10.695080000000001 -75.639472999999995 0 0 1 0 
1 10.695080000000001 -74.494774000000007 0 1 0 0 
1 12.595141 -74.494774000000007 0 0 -1 0 
1 12.595141 -75.175208999999995 0 1 0 0 
1 12.734458999999999 -75.175208999999995 0 0 1 0 
1 12.734458999999999 -74.306831000000003 0 -1 0 0 
1 10.388301 -74.306831000000003 0 0 -1 0 
1 10.388301 -74.480850000000004 0 1 0 0 
1 10.490281 -74.480850000000004 0 0 -1 0 
1 10.490281 -75.436042999999998 0 -1 0 0 
1 9.5329359999999994 -75.436042999999998 0 -0.00026387792841799871 0.99999996518421885 0 
1 9.5326839999999997 -74.481055999999995 0 1 0 0 
1 9.6346439999999998 -74.481055999999995 0 0 1 0 
1 9.6346439999999998 -74.307036999999994 0 -1 0 0 
1 9.5326629999999994 -74.307036999999994 0 -0.00024122696149265767 0.99999997090477621 0 
1 9.5321540000000002 -72.196990999999997 0 1 0 0 
1 10.344535 -72.196990999999997 0 0 1 0 
1 10.344535 -71.721535000000003 0 -1 0 0 
1 10.228761 -71.721535000000003 0 0 1 0 
1 10.228761 -71.421531999999999 0 -1 0 0 
1 9.9287609999999997 -71.421531999999999 0 0 -1 0 
1 9.9287609999999997 -71.721535000000003 0 -1 0 0 
1 7.3012819999999996 -71.721535000000003 0 0 -1 0 
1 7.3012819999999996 -72.196990999999997 0 1 0 0 
1 9.2684180000000005 -72.196990999999997 0 0 -1 0 
1 9.2684180000000005 -77.866707000000005 0 -1 0 0 
1 7.9699540000000004 -77.866707000000005 0 0 1 0 
1 7.9699540000000004 -75.436042999999998 0 1 0 0 
1 8.2856430000000003 -75.436042999999998 0 0 1 0 
1 8.2856430000000003 -75.257744000000002 0 -1 0 0 
1 5.5018359999999999 -75.257744000000002 0 0 1 0 
1 5.5018359999999999 -75.221626000000001 0 -1 0 0 
1 5.3437520000000003 -75.221626000000001 0 0 -1 0 
1 5.3437520000000003 -75.436042999999998 0 1 0 0 
1 5.9028970000000003 -75.436042999999998 0 0 -1 0 
1 5.9028970000000003 -75.531531999999999 0 1 0 0 
1 6.0959789999999998 -75.531531999999999 0 0 1 0 
1 6.0959789999999998 -75.436042999999998 0 1 0 0 
1 7.6783460000000003 -75.436042999999998 0 0 -1 0 
1 7.6783460000000003 -76.541565000000006 0 -1 0 0 
1 6.0959789999999998 -76.541565000000006 0 0 1 0 
1 6.0959789999999998 -76.448104999999998 0 -1 0 0 
1 5.9028970000000003 -76.448104999999998 0 0 -1 0 
1 5.9028970000000003 -76.541565000000006 0 -1 0 0 
1 3.8898739999999998 -76.541565000000006 0 0 -1 0 
1 3.8898739999999998 -79.588218999999995 0 -1 0 0 
1 3.8579490000000001 -79.588218999999995 0 0 -1 0 
1 3.8579490000000001 -79.952881000000005 0 1 0 0 
1 4.8926980000000002 -79.952881000000005 0 0 1 0 
1 4.8926980000000002 -79.588218999999995 0 -1 0 0 
1 4.2411190000000003 -79.588218999999995 0 0 1 0 
1 4.2411190000000003 -76.860625999999996 0 1 0 0 
1 6.1039450000000004 -76.860625999999996 0 0 -1 0 
1 6.1039450000000004 -77.902473000000001 0 -1 0 0 
1 5.5220479999999998 -77.902473000000001 0 0 -1 0 
1 5.5220479999999998 -78.080771999999996 0 1 0 0 
1 6.1039450000000004 -78.080771999999996 0 0.9998633273489651 0.016532592738471581 0 
1 6.3535389999999996 -78.076644999999999 0 0.99999164498293291 0.0040877823239335509 0 
1 7.3594549999999996 -78.072533000000007 0 0 -1 0 
1 7.3594549999999996 -79.588218999999995 0 -1 0 0 
1 5.7917050000000003 -79.588218999999995 0 0 -1 0 
1 5.7917050000000003 -79.952881000000005 0 1 0 0 
1 5.9421879999999998 -79.952881000000005 0 0 -1 0 
1 5.9421879999999998 -80.53698 0 1 0 0 
1 6.1179860000000001 -80.53698 0 0 1 0 
1 6.1179860000000001 -79.952881000000005 0 1 0 0 
1 7.8101859999999999 -79.952881000000005 0 0 1 0 
1 7.8101859999999999 -78.080771999999996 0 1 0 0 
1 9.2684180000000005 -78.080771999999996 0 0 -1 0 
1 9.2684180000000005 -81.465607000000006 0 -1 0 0 
1 7.6393930000000001 -81.465607000000006 0 0 -1 0 
1 7.6393930000000001 -81.683768999999998 0 1 0 0 
1 9.2684180000000005 -81.683768999999998 0 0 -1 0 
1 9.2684180000000005 -84.974898999999994 0 -1 0 0 
1 7.3644449999999999 -84.974898999999994 0 0 -1 0 
1 7.3644449999999999 -85.443343999999996 0 -1 0 0 
1 6.211462 -85.443343999999996 0 0 1 0 
1 6.211462 -84.974898999999994 0 -1 0 0 
1 6.1179860000000001 -84.974898999999994 0 0 1 0 
1 6.1179860000000001 -81.408974000000001 0 -1 0 0 
1 5.9421879999999998 -81.408974000000001 0 0 -1 0 
1 5.9421879999999998 -84.974898999999994 0 -1 0 0 
1 4.1264269999999996 -84.974898999999994 0 0 -1 0 
1 4.1264269999999996 -85.443343999999996 0 -1 0 0 
1 3.0258989999999999 -85.443343999999996 0 0 1 0 
1 3.0258989999999999 -84.974898999999994 0 -1 0 0 
1 1.5940380000000001 -84.974898999999994 0 0 -1 0 
1 1.5940380000000001 -85.443343999999996 0 1 0 0 
1 2.6871649999999998 -85.443343999999996 0 0 -1 0 
1 2.6871649999999998 -87.544144000000003 0 -1 0 0 
1 -1.0154860000000001 -87.544144000000003 0 0 1 0 
1 -1.0154860000000001 -85.443343999999996 0 1 0 0 
1 -0.36173300000000003 -85.443343999999996 0 0 1 0 
1 -0.36173300000000003 -84.974898999999994 0 -1 0 0 
1 -0.54002899999999998 -84.974898999999994 0 0 1 0 
1 -0.54002899999999998 -84.388039000000006 0 -1 0 0 
1 -1.0154860000000001 -84.388039000000006 0 0 1 0 
1 -1.0154860000000001 -83.301544000000007 0 1 0 0 
1 -0.54002899999999998 -83.301544000000007 0 0 1 0 
1 -0.54002899999999998 -81.977928000000006 0 -1 0 0 
1 -1.0154860000000001 -81.977928000000006 0 0 -1 0 
1 -1.0154860000000001 -82.587715000000003 0 -1 0 0 
1 -3.0371320000000002 -82.587715000000003 0 -0.0051679020210324885 0.99998664630518996 0 
1 -3.0673439999999998 -76.741707000000005 0 1 0 0 
1 -1.0154860000000001 -76.741707000000005 0 0 -1 0 
1 -1.0154860000000001 -77.541106999999997 0 1 0 0 
1 -0.54002899999999998 -77.541106999999997 0 0 1 0 
1 -0.54002899999999998 -76.067077999999995 0 -1 0 0 
1 -1.0154860000000001 -76.067077999999995 0 0 1 0 
1 -1.0154860000000001 -74.693389999999994 0 1 0 0 
1 -0.54002899999999998 -74.693389999999994 0 0 1 0 
1 -0.54002899999999998 -73.953629000000006 0 -1 0 0 
1 -1.0154860000000001 -73.953629000000006 0 0 1 0 
1 -1.0154860000000001 -72.853294000000005 0 1 0 0 
1 -0.54002899999999998 -72.853294000000005 0 0 1 0 
1 -0.54002899999999998 -72.196990999999997 0 1 0 0 
1 2.488267 -72.196990999999997 0 0 -1 0 
1 2.488267 -74.306831000000003 0 1 0 0 
1 2.6395900000000001 -74.306831000000003 0 0 1 0 
1 2.6395900000000001 -72.196990999999997 0 1 0 0 
1 3.2041949999999999 -72.196990999999997 0 0 1 0 
1 3.2041949999999999 -71.721535000000003 0 -1 0 0 
1 -0.58665699999999998 -71.721535000000003 0 0 1 0 
1 -0.58665699999999998 -71.421531999999999 0 -1 0 0 
1 -0.88665700000000003 -71.421531999999999 0 0 -1 0 
1 -0.88665700000000003 -71.721535000000003 0 -1 0 0 
1 -1.0154860000000001 -71.721535000000003 0 0 1 0 
1 -1.0154860000000001 -68.708252000000002 0 1 0 0 
1 0.16778299999999999 -68.708252000000002 0 0 -1 0 
1 0.16778299999999999 -70.051284999999993 0 1 0 0 
1 4.4708399999999999 -70.051284999999993 0 0 -1 0 
1 4.4708399999999999 -70.351280000000003 0 1 0 0 
1 4.7708409999999999 -70.351280000000003 0 0 1 0 
1 4.7708409999999999 -70.051284999999993 0 1 0 0 
1 5.8827429999999996 -70.051284999999993 0 0 1 0 
1 5.8827429999999996 -68.708252000000002 0 1 0 0 
1 10.228761 -68.708252000000002 0 0 -1 0 
1 10.228761 -69.016655 0 1 0 0 
1 15.566109000000001 -69.016655 0 0 -1 0 
1 15.566109000000001 -70.034537999999998 0 -1 0 0 
1 15.266109 -70.034537999999998 0 0 -1 0 
1 15.266109 -70.351280000000003 0 1 0 0 
1 15.582855 -70.351280000000003 0 0 1 0 
1 15.582855 -70.051284999999993 0 1 0 0 
1 20.271152000000001 -70.051284999999993 0 0 -1 0 
1 20.271152000000001 -70.351280000000003 0 1 0 0 
1 20.587897999999999 -70.351280000000003 0 0 1 0 
1 20.587897999999999 -70.034537999999998 0 -1 0 0 
1 20.287898999999999 -70.034537999999998 0 0 1 0 
1 20.287898999999999 -69.016655 0 1 0 0 
1 28.017544000000001 -69.016655 0 0 -1 0 
1 28.017544000000001 -70.034537999999998 0 -1 0 0 
1 27.717545000000001 -70.034537999999998 0 0 -1 0 
1 27.717545000000001 -70.351280000000003 0 1 0 0 
1 28.034289999999999 -70.351280000000003 0 0 1 0 
1 28.034289999999999 -70.051284999999993 0 1 0 0 
1 34.034793999999998 -70.051284999999993 0 0 -1 0 
1 34.034793999999998 -70.351280000000003 0 1 0 0 
1 34.351542999999999 -70.351280000000003 0 0 1 0 
1 34.351542999999999 -70.034537999999998 0 -1 0 0 
1 34.051540000000003 -70.034537999999998 0 0 1 0 
1 34.051540000000003 -69.016655 0 1 0 0 
1 39.408653000000001 -69.016655 0 0 -1 0 
1 39.408653000000001 -70.034537999999998 0 -1 0 0 
1 39.108654000000001 -70.034537999999998 0 0 -1 0 
1 39.108654000000001 -70.351280000000003 0 1 0 0 
1 39.425400000000003 -70.351280000000003 0 0 1 0 
1 39.425400000000003 -70.051284999999993 0 1 0 0 
1 44.384532999999998 -70.051284999999993 0 0 -1 0 
1 44.384532999999998 -70.351280000000003 0 1 0 0 
1 44.701279 -70.351280000000003 0 0 1 0 
1 44.701279 -70.034537999999998 0 -1 0 0 
1 44.401279000000002 -70.034537999999998 0 0 1 0 
1 44.401279000000002 -69.016655 0 1 0 0 
1 49.600772999999997 -69.016655 0 0 1 0 
1 49.600772999999997 -68.693199000000007 0 1 0 0 
1 53.469470999999999 -68.693199000000007 0 0 -1 0 
1 53.469470999999999 -70.051284999999993 0 1 0 0 
1 54.803856000000003 -70.051284999999993 0 0 -1 0 
1 54.803856000000003 -70.351280000000003 0 1 0 0 
1 55.103855000000003 -70.351280000000003 0 0 1 0 
1 55.103855000000003 -70.051284999999993 0 1 0 0 
1 59.240692000000003 -70.051284999999993 0 0 1 0 
1 59.240692000000003 -68.693199000000007 0 1 0 0 
1 60.379447999999996 -68.693199000000007 0 0 -1 0 
1 60.379447999999996 -71.721535000000003 0 -1 0 0 
1 60.291817000000002 -71.721535000000003 0 0 1 0 
1 60.291817000000002 -71.421531999999999 0 -1 0 0 
1 59.991813999999998 -71.421531999999999 0 0 -1 0 
1 59.991813999999998 -71.721535000000003 0 -1 0 0 
1 56.619835000000002 -71.721535000000003 0 0 -1 0 
1 56.619835000000002 -72.196990999999997 0 1 0 0 
1 56.803448000000003 -72.196990999999997 0 0 -1 0 
1 56.803448000000003 -74.158248999999998 0 1 0 0 
1 56.981743000000002 -74.158248999999998 0 0 1 0 
1 56.981743000000002 -72.200996000000004 0 0.99999912869206864 0.0013200814760989928 0 
1 60.015644000000002 -72.196990999999997 0 0 -1 0 
1 60.015644000000002 -72.613014000000007 0 1 0 0 
1 60.379395000000002 -72.613014000000007 0 -5.86024159940263e-05 -0.99999999828287844 0 
1 60.379311000000001 -74.046402 0 -1 0 0 
1 60.015644000000002 -74.046402 0 0 -1 0 
1 60.015644000000002 -75.762917000000002 0 -0.99999999988473243 1.5183377236039691e-05 0 
1 56.986015000000002 -75.762871000000004 0 0 1 0 
1 56.986015000000002 -75.109122999999997 0 -0.99999996909700228 -0.00024860811397517813 0 
1 56.833163999999996 -75.109161 0 0 -1 0 
1 56.833163999999996 -76.565253999999996 0 0.99999995533542052 0.00029887983693490245 0 
1 56.987071999999998 -76.565207999999998 0 0 1 0 
1 56.987071999999998 -75.911452999999995 0 0.99999999988465205 -1.518867638162566e-05 0 
1 60.015644000000002 -75.911499000000006 0 0 -1 0 
1 60.015644000000002 -77.427017000000006 0 1 0 0 
1 60.379111999999999 -77.427017000000006 0 -5.8226069894109097e-05 -0.99999999830486241 0 
1 60.379032000000002 -78.800972000000002 0 -1 0 0 
1 60.015644000000002 -78.800972000000002 0 0 -1 0 
1 60.015644000000002 -79.589072999999999 0 -0.99999999968431552 -2.5127056941573772e-05 0 
1 56.991016000000002 -79.589149000000006 0 0 1 0 
1 56.991016000000002 -78.911818999999994 0 -0.9999998840963974 0.00048146359364584001 0 
1 56.833163999999996 -78.911743000000001 0 0 -1 0 
1 56.833163999999996 -79.901672000000005 0 1 0 0 
1 57.206206999999999 -79.901672000000005 0 0 1 0 
1 57.206206999999999 -79.737656000000001 0 1 0 0 
1 60.015644000000002 -79.737656000000001 0 0 -1 0 
1 60.015644000000002 -80.220329000000007 0 1 0 0 
1 60.378677000000003 -80.220329000000007 0 0.00054275636798086001 0.99999985270775171 0 
1 60.378979000000001 -79.663910000000001 0 1 0 0 
1 62.408566 -79.663910000000001 0 0 -1 0 
1 49.600772999999997 -70.351280000000003 0 1 0 0 
1 49.900772000000003 -70.351280000000003 0 0 1 0 
1 49.900772000000003 -70.051284999999993 0 -1 0 0 
1 49.600772999999997 -70.051284999999993 0 0 -1 0 
1 25.279506999999999 -70.051284999999993 0 0 -1 0 
1 25.279506999999999 -70.351280000000003 0 1 0 0 
1 25.579505999999999 -70.351280000000003 0 0 1 0 
1 25.579505999999999 -70.051284999999993 0 -1 0 0 
1 10.228761 -70.351280000000003 0 0 1 0 
1 10.228761 -70.051284999999993 0 -1 0 0 
1 9.9287609999999997 -70.051284999999993 0 0 -1 0 
1 9.9287609999999997 -70.351280000000003 0 1 0 0 
1 -0.58665699999999998 -70.051284999999993 0 -1 0 0 
1 -0.88665700000000003 -70.051284999999993 0 0 -1 0 
1 -0.88665700000000003 -70.351280000000003 0 1 0 0 
1 -0.58665699999999998 -70.351280000000003 0 0 1 0 
1 59.991813999999998 -70.351280000000003 0 1 0 0 
1 60.291817000000002 -70.351280000000003 0 0 1 0 
1 60.291817000000002 -70.051284999999993 0 -1 0 0 
1 59.991813999999998 -70.051284999999993 0 0 -1 0 
1 56.989016999999997 -77.974907000000002 0 0 1 0 
1 56.989016999999997 -77.446845999999994 0 -0.99999999673305617 8.0832466314668331e-05 0 
1 56.803448000000003 -77.446831000000003 0 0 -1 0 
1 56.803448000000003 -77.974884000000003 0 0.99999999231905223 -0.00012394311454021393 0 
1 2.122954 -79.952881000000005 0 1 0 0 
1 2.5512630000000001 -79.952881000000005 0 0 1 0 
1 2.5512630000000001 -79.571838 0 -1 0 0 
1 2.122954 -79.571838 0 0 -1 0 
1 60.015644000000002 -82.122153999999995 0 0 -1 0 
1 60.015644000000002 -82.709464999999994 0 1 0 0 
1 60.378677000000003 -82.709464999999994 0 0 1 0 
1 60.378677000000003 -82.122153999999995 0 -1 0 0 
1 31.025448000000001 -72.196990999999997 0 1 0 0 
1 31.557053 -72.196990999999997 0 0 1 0 
1 31.557053 -71.721535000000003 0 -1 0 0 
1 31.025448000000001 -71.721535000000003 0 0 -1 0 
1 44.932568000000003 -84.974898999999994 0 0 -1 0 
1 44.932568000000003 -85.443343999999996 0 1 0 0 
1 45.519874999999999 -85.443343999999996 0 0 1 0 
1 45.519874999999999 -84.974898999999994 0 -1 0 0 
1 24.362034000000001 -84.974898999999994 0 0 -1 0 
1 24.362034000000001 -85.443343999999996 0 1 0 0 
1 25.102233999999999 -85.443343999999996 0 0 1 0 
1 25.102233999999999 -84.974898999999994 0 -1 0 0 
1 2.122954 -76.567436000000001 0 0 -1 0 
1 2.122954 -77.443161000000003 0 1 0 0 
1 2.5544069999999999 -77.443161000000003 0 0 1 0 
1 2.5544069999999999 -76.567436000000001 0 -1 0 0 
1 49.474831000000002 -72.196990999999997 0 1 0 0 
1 50.215012000000002 -72.196990999999997 0 0 1 0 
1 50.215012000000002 -71.721535000000003 0 -1 0 0 
1 49.900772000000003 -71.721535000000003 0 0 1 0 
1 49.900772000000003 -71.421531999999999 0 -1 0 0 
1 49.600772999999997 -71.421531999999999 0 0 -1 0 
1 49.600772999999997 -71.721535000000003 0 -1 0 0 
1 49.474831000000002 -71.721535000000003 0 0 -1 0 
1 15.566109000000001 -71.421531999999999 0 -1 0 0 
1 15.266109 -71.421531999999999 0 0 -1 0 
1 15.266109 -71.721535000000003 0 -1 0 0 
1 14.674597 -71.721535000000003 0 0 -1 0 
1 14.674597 -72.200255999999996 0 0.99999329378272139 0.003662292940756318 0 
1 15.566109000000001 -72.196990999999997 0 0 1 0 
1 -0.54002899999999998 -78.585944999999995 0 -1 0 0 
1 -1.0154860000000001 -78.585944999999995 0 0 -1 0 
1 -1.0154860000000001 -80.021614 0 1 0 0 
1 -0.54002899999999998 -80.021614 0 0 1 0 
1 11.359114999999999 -71.721535000000003 0 0 -1 0 
1 11.359114999999999 -72.196990999999997 0 0.99999954444954375 -0.00095451595327389381 0 
1 13.069929 -72.198623999999995 0 0 1 0 
1 13.069929 -71.721535000000003 0 -1 0 0 
1 22.767022999999998 -76.594971000000001 0 -1 0 0 
1 21.512906999999998 -76.594971000000001 0 0 -1 0 
1 21.512906999999998 -77.579369 0 1 0 0 
1 22.757577999999999 -77.579369 0 0.007023133886216457 0.99997533749108847 0 
1 22.762195999999999 -76.921843999999993 0 0.014765593283690958 0.9998909826851029 0 
1 23.411121000000001 -74.049294000000003 0 0 1 0 
1 23.411121000000001 -72.196990999999997 0 1 0 0 
1 23.912443 -72.196990999999997 0 0 1 0 
1 23.912443 -71.721535000000003 0 -1 0 0 
1 23.232824000000001 -71.721535000000003 0 0.015864876138638476 -0.9998741449328038 0 
1 23.240368 -72.196990999999997 0 0.0040721941592923912 -0.99999170858299069 0 
1 23.247910999999998 -74.049294000000003 0 1 0 0 
1 42.726562000000001 -73.266768999999996 0 1 0 0 
1 42.845427999999998 -73.266768999999996 0 0 1 0 
1 42.845427999999998 -72.196990999999997 0 1 0 0 
1 43.017558999999999 -72.196990999999997 0 0 1 0 
1 43.017558999999999 -71.721535000000003 0 -1 0 0 
1 41.110767000000003 -71.721535000000003 0 0 -1 0 
1 41.110767000000003 -72.196990999999997 0 1 0 0 
1 42.726562000000001 -72.196990999999997 0 0 -1 0 
1 44.568958000000002 -74.508751000000004 0 1 0 0 
1 44.714374999999997 -74.508751000000004 0 0 1 0 
1 44.714374999999997 -72.196990999999997 0 1 0 0 
1 45.16328 -72.196990999999997 0 0 1 0 
1 45.16328 -71.721535000000003 0 -1 0 0 
1 44.701279 -71.721535000000003 0 0 1 0 
1 44.701279 -71.421531999999999 0 -1 0 0 
1 44.401279000000002 -71.421531999999999 0 0 -1 0 
1 44.401279000000002 -71.721535000000003 0 -1 0 0 
1 44.034069000000002 -71.721535000000003 0 0 -1 0 
1 44.034069000000002 -72.196990999999997 0 1 0 0 
1 44.568958000000002 -72.196990999999997 0 0 -1 0 
1 55.613781000000003 -71.721535000000003 0 -1 0 0 
1 55.103855000000003 -71.721535000000003 0 0 1 0 
1 55.103855000000003 -71.421531999999999 0 -1 0 0 
1 54.803856000000003 -71.421531999999999 0 0 -1 0 
1 54.803856000000003 -71.721535000000003 0 -1 0 0 
1 53.849079000000003 -71.721535000000003 0 0 -1 0 
1 53.849079000000003 -72.196990999999997 0 1 0 0 
1 54.697071000000001 -72.196990999999997 0 0 -1 0 
1 54.697071000000001 -74.158248999999998 0 1 0 0 
1 54.862152000000002 -74.158248999999998 0 0 1 0 
1 54.862152000000002 -72.196990999999997 0 1 0 0 
1 55.613781000000003 -72.196990999999997 0 0 1 0 
1 13.069929 -85.443343999999996 0 0 1 0 
1 13.069929 -84.974898999999994 0 -1 0 0 
1 12.734458999999999 -84.974898999999994 0 0 1 0 
1 12.734458999999999 -81.408974000000001 0 -1 0 0 
1 12.595141 -81.408974000000001 0 0 -1 0 
1 12.595141 -84.974898999999994 0 -1 0 0 
1 12.352914 -84.974898999999994 0 0 -1 0 
1 12.352914 -85.443343999999996 0 1 0 0 
1 5.5018359999999999 -74.290237000000005 0 0 1 0 
1 5.5018359999999999 -72.196990999999997 0 1 0 0 
1 6.1670959999999999 -72.196990999999997 0 0 1 0 
1 6.1670959999999999 -71.721535000000003 0 -1 0 0 
1 4.7708409999999999 -71.721535000000003 0 0 1 0 
1 4.7708409999999999 -71.421531999999999 0 -1 0 0 
1 4.4708399999999999 -71.421531999999999 0 0 -1 0 
1 4.4708399999999999 -71.721535000000003 0 -1 0 0 
1 4.2145419999999998 -71.721535000000003 0 0 -1 0 
1 4.2145419999999998 -72.196990999999997 0 1 0 0 
1 5.3437520000000003 -72.196990999999997 0 0 -1 0 
1 5.3437520000000003 -74.290237000000005 0 1 0 0 
1 20.528662000000001 -74.643615999999994 0 1 0 0 
1 20.677242 -74.643615999999994 0 0 1 0 
1 20.677242 -72.197013999999996 0 0.99999999560667463 9.373713619894836e-05 0 
1 20.922609000000001 -72.196990999999997 0 0 1 0 
1 20.922609000000001 -71.721535000000003 0 -1 0 0 
1 20.587897999999999 -71.721535000000003 0 0 1 0 
1 20.587897999999999 -71.421531999999999 0 -1 0 0 
1 20.287898999999999 -71.421531999999999 0 0 -1 0 
1 20.287898999999999 -71.721535000000003 0 -1 0 0 
1 19.202501000000002 -71.721535000000003 0 0 -1 0 
1 19.202501000000002 -72.196990999999997 0 0.99999999984960519 -1.734329391025293e-05 0 
1 20.528662000000001 -72.197013999999996 0 0 -1 0 
1 36.248463000000001 -71.721535000000003 0 0 -1 0 
1 36.248463000000001 -72.196990999999997 0 1 0 0 
1 36.783352000000001 -72.196990999999997 0 0 -1 0 
1 36.783352000000001 -75.584625000000003 0 1 0 0 
1 36.961646999999999 -75.584625000000003 0 0 1 0 
1 36.961646999999999 -72.196990999999997 0 1 0 0 
1 37.737994999999998 -72.196990999999997 0 0 1 0 
1 37.737994999999998 -71.721535000000003 0 -1 0 0 
1 20.677242 -83.251366000000004 0 0 1 0 
1 20.677242 -79.872535999999997 0 1 0 0 
1 23.035022999999999 -79.872535999999997 0 0 1 0 
1 23.035022999999999 -79.68544 0 -1 0 0 
1 19.960878000000001 -79.68544 0 0 1 0 
1 19.960878000000001 -75.886619999999994 0 1 0 0 
1 20.697495 -75.886619999999994 0 0 1 0 
1 20.697495 -75.525176999999999 0 -1 0 0 
1 20.468529 -75.525176999999999 0 0 -1 0 
1 20.468529 -75.703484000000003 0 -1 0 0 
1 19.785761000000001 -75.703484000000003 0 -0.00075164043865182204 -0.99999971751828565 0 
1 19.782768000000001 -79.68544 0 0 -1 0 
1 19.782768000000001 -79.872535999999997 0 1 0 0 
1 20.498944999999999 -79.872535999999997 0 0 -1 0 
1 20.498944999999999 -83.251366000000004 0 1 0 0 
Polygon3D 0
PolygonOnTriangulations 0
Surfaces 53
1 30.597485309540971 -78.116013038643899 0 -0 -0 -1 -1 0 0 0 1 -0 
1 30.597485309540971 -78.116013038643899 0 -0 -0 -1 -1 0 0 0 1 -0 
1 30.597485309540971 -78.116013038643899 0 -0 -0 -1 -1 0 0 0 1 -0 
1 30.597485309540971 -78.116013038643899 0 -0 -0 -1 -1 0 0 0 1 -0 
1 30.597485309540971 -78.116013038643899 0 -0 -0 -1 -1 0 0 0 1 -0 
1 30.597485309540971 -78.116013038643899 0 -0 -0 -1 -1 0 0 0 1 -0 
1 30.597485309540971 -78.116013038643899 0 -0 -0 -1 -1 0 0 0 1 -0 
1 30.597485309540971 -78.116013038643899 0 -0 -0 -1 -1 0 0 0 1 -0 
1 30.597485309540971 -78.116013038643899 0 -0 -0 -1 -1 0 0 0 1 -0 
1 30.597485309540971 -78.116013038643899 0 -0 -0 -1 -1 0 0 0 1 -0 
1 30.597485309540971 -78.116013038643899 0 -0 -0 -1 -1 0 0 0 1 -0 
1 30.597485309540971 -78.116013038643899 0 -0 -0 -1 -1 0 0 0 1 -0 
1 30.597485309540971 -78.116013038643899 0 -0 -0 -1 -1 0 0 0 1 -0 
1 30.597485309540971 -78.116013038643899 0 -0 -0 -1 -1 0 0 0 1 -0 
1 30.597485309540971 -78.116013038643899 0 -0 -0 -1 -1 0 0 0 1 -0 
1 30.597485309540971 -78.116013038643899 0 -0 -0 -1 -1 0 0 0 1 -0 
1 30.597485309540971 -78.116013038643899 0 -0 -0 -1 -1 0 0 0 1 -0 
1 30.597485309540971 -78.116013038643899 0 -0 -0 -1 -1 0 0 0 1 -0 
1 30.597485309540971 -78.116013038643899 0 -0 -0 -1 -1 0 0 0 1 -0 
1 30.597485309540971 -78.116013038643899 0 -0 -0 -1 -1 0 0 0 1 -0 
1 30.597485309540971 -78.116013038643899 0 -0 -0 -1 -1 0 0 0 1 -0 
1 30.597485309540971 -78.116013038643899 0 -0 -0 -1 -1 0 0 0 1 -0 
1 30.597485309540971 -78.116013038643899 0 -0 -0 -1 -1 0 0 0 1 -0 
1 30.597485309540971 -78.116013038643899 0 -0 -0 -1 -1 0 0 0 1 -0 
1 30.597485309540971 -78.116013038643899 0 -0 -0 -1 -1 0 0 0 1 -0 
1 30.597485309540971 -78.116013038643899 0 -0 -0 -1 -1 0 0 0 1 -0 
1 30.597485309540971 -78.116013038643899 0 -0 -0 -1 -1 0 0 0 1 -0 
1 30.597485309540971 -78.116013038643899 0 -0 -0 -1 -1 0 0 0 1 -0 
1 30.597485309540971 -78.116013038643899 0 -0 -0 -1 -1 0 0 0 1 -0 
1 30.597485309540971 -78.116013038643899 0 -0 -0 -1 -1 0 0 0 1 -0 
1 30.597485309540971 -78.116013038643899 0 -0 -0 -1 -1 0 0 0 1 -0 
1 30.597485309540971 -78.116013038643899 0 -0 -0 -1 -1 0 0 0 1 -0 
1 30.597485309540971 -78.116013038643899 0 -0 -0 -1 -1 0 0 0 1 -0 
1 30.597485309540971 -78.116013038643899 0 -0 -0 -1 -1 0 0 0 1 -0 
1 30.597485309540971 -78.116013038643899 0 -0 -0 -1 -1 0 0 0 1 -0 
1 30.597485309540971 -78.116013038643899 0 -0 -0 -1 -1 0 0 0 1 -0 
1 30.597485309540971 -78.116013038643899 0 -0 -0 -1 -1 0 0 0 1 -0 
1 30.597485309540971 -78.116013038643899 0 -0 -0 -1 -1 0 0 0 1 -0 
1 30.597485309540971 -78.116013038643899 0 -0 -0 -1 -1 0 0 0 1 -0 
1 30.597485309540971 -78.116013038643899 0 -0 -0 -1 -1 0 0 0 1 -0 
1 30.597485309540971 -78.116013038643899 0 -0 -0 -1 -1 0 0 0 1 -0 
1 30.597485309540971 -78.116013038643899 0 -0 -0 -1 -1 0 0 0 1 -0 
1 30.597485309540971 -78.116013038643899 0 -0 -0 -1 -1 0 0 0 1 -0 
1 30.597485309540971 -78.116013038643899 0 -0 -0 -1 -1 0 0 0 1 -0 
1 30.597485309540971 -78.116013038643899 0 -0 -0 -1 -1 0 0 0 1 -0 
1 30.597485309540971 -78.116013038643899 0 -0 -0 -1 -1 0 0 0 1 -0 
1 30.597485309540971 -78.116013038643899 0 -0 -0 -1 -1 0 0 0 1 -0 
1 30.597485309540971 -78.116013038643899 0 -0 -0 -1 -1 0 0 0 1 -0 
1 30.597485309540971 -78.116013038643899 0 -0 -0 -1 -1 0 0 0 1 -0 
1 30.597485309540971 -78.116013038643899 0 -0 -0 -1 -1 0 0 0 1 -0 
1 30.597485309540971 -78.116013038643899 0 -0 -0 -1 -1 0 0 0 1 -0 
1 30.597485309540971 -78.116013038643899 0 -0 -0 -1 -1 0 0 0 1 -0 
1 30.597485309540971 -78.116013038643899 0 -0 -0 -1 -1 0 0 0 1 -0 
Triangulations 0

TShapes 1544
Ve
1e-07
62.408566 -85.443344 0
0 0

0101101
*
Ve
1e-07
60.379448 -85.443344 0
0 0

0101101
*
Ed
 1e-07 1 1 0
1  1 0 0 2.029118
0

0101000
+1544 0 -1543 0 *
Ve
1e-07
60.379448 -84.974899 0
0 0

0101101
*
Ed
 1e-07 1 1 0
1  2 0 0 0.468445000000003
0

0101000
+1543 0 -1541 0 *
Ve
1e-07
60.378677 -84.60173 0
0 0

0101101
*
Ed
 1e-07 1 1 0
1  3 0 0 0.373169796476071
0

0101000
+1541 0 -1539 0 *
Ve
1e-07
60.015644 -84.60173 0
0 0

0101101
*
Ed
 1e-07 1 1 0
1  4 0 0 0.363033000000001
0

0101000
+1539 0 -1537 0 *
Ve
1e-07
60.015644 -84.974899 0
0 0

0101101
*
Ed
 1e-07 1 1 0
1  5 0 0 0.37316899999999
0

0101000
+1537 0 -1535 0 *
Ve
1e-07
59.24556 -84.974899 0
0 0

0101101
*
Ed
 1e-07 1 1 0
1  6 0 0 0.770084000000004
0

0101000
+1535 0 -1533 0 *
Ve
1e-07
59.24556 -85.443344 0
0 0

0101101
*
Ed
 1e-07 1 1 0
1  7 0 0 0.468445000000003
0

0101000
+1533 0 -1531 0 *
Ve
1e-07
58.119488 -85.443344 0
0 0

0101101
*
Ed
 1e-07 1 1 0
1  8 0 0 1.126072
0

0101000
+1531 0 -1529 0 *
Ve
1e-07
58.119488 -84.974899 0
0 0

0101101
*
Ed
 1e-07 1 1 0
1  9 0 0 0.468445000000003
0

0101000
+1529 0 -1527 0 *
Ve
1e-07
56.581264 -84.974899 0
0 0

0101101
*
Ed
 1e-07 1 1 0
1  10 0 0 1.538224
0

0101000
+1527 0 -1525 0 *
Ve
1e-07
56.581264 -85.443344 0
0 0

0101101
*
Ed
 1e-07 1 1 0
1  11 0 0 0.468445000000003
0

0101000
+1525 0 -1523 0 *
Ve
1e-07
57.306557 -85.443344 0
0 0

0101101
*
Ed
 1e-07 1 1 0
1  12 0 0 0.725293000000001
0

0101000
+1523 0 -1521 0 *
Ve
1e-07
57.306557 -87.544144 0
0 0

0101101
*
Ed
 1e-07 1 1 0
1  13 0 0 2.10080000000001
0

0101000
+1521 0 -1519 0 *
Ve
1e-07
54.711918 -87.544144 0
0 0

0101101
*
Ed
 1e-07 1 1 0
1  14 0 0 2.594639
0

0101000
+1519 0 -1517 0 *
Ve
1e-07
54.711918 -85.443344 0
0 0

0101101
*
Ed
 1e-07 1 1 0
1  15 0 0 2.10080000000001
0

0101000
+1517 0 -1515 0 *
Ve
1e-07
55.504471 -85.443344 0
0 0

0101101
*
Ed
 1e-07 1 1 0
1  16 0 0 0.792553000000005
0

0101000
+1515 0 -1513 0 *
Ve
1e-07
55.504471 -84.974899 0
0 0

0101101
*
Ed
 1e-07 1 1 0
1  17 0 0 0.468445000000003
0

0101000
+1513 0 -1511 0 *
Ve
1e-07
53.919365 -84.974899 0
0 0

0101101
*
Ed
 1e-07 1 1 0
1  18 0 0 1.585106
0

0101000
+1511 0 -1509 0 *
Ve
1e-07
53.919365 -85.443344 0
0 0

0101101
*
Ed
 1e-07 1 1 0
1  19 0 0 0.468445000000003
0

0101000
+1509 0 -1507 0 *
Ve
1e-07
52.414001 -85.443344 0
0 0

0101101
*
Ed
 1e-07 1 1 0
1  20 0 0 1.505364
0

0101000
+1507 0 -1505 0 *
Ve
1e-07
52.414001 -84.974899 0
0 0

0101101
*
Ed
 1e-07 1 1 0
1  21 0 0 0.468445000000003
0

0101000
+1505 0 -1503 0 *
Ve
1e-07
51.818459 -84.974899 0
0 0

0101101
*
Ed
 1e-07 1 1 0
1  22 0 0 0.595542000000002
0

0101000
+1503 0 -1501 0 *
Ve
1e-07
51.818459 -79.982597 0
0 0

0101101
*
Ed
 1e-07 1 1 0
1  23 0 0 4.992302
0

0101000
+1501 0 -1499 0 *
Ve
1e-07
55.504471 -79.982597 0
0 0

0101101
*
Ed
 1e-07 1 1 0
1  24 0 0 3.68601200000001
0

0101000
+1499 0 -1497 0 *
Ve
1e-07
55.504471 -79.143021 0
0 0

0101101
*
Ed
 1e-07 1 1 0
1  25 0 0 0.839575999999994
0

0101000
+1497 0 -1495 0 *
Ve
1e-07
55.21677 -79.143021 0
0 0

0101101
*
Ed
 1e-07 1 1 0
1  26 0 0 0.287701000000006
0

0101000
+1495 0 -1493 0 *
Ve
1e-07
55.21677 -79.525406 0
0 0

0101101
*
Ed
 1e-07 1 1 0
1  27 0 0 0.382384999999999
0

0101000
+1493 0 -1491 0 *
Ve
1e-07
52.026047 -79.525406 0
0 0

0101101
*
Ed
 1e-07 1 1 0
1  28 0 0 3.190723
0

0101000
+1491 0 -1489 0 *
Ve
1e-07
52.026047 -77.635033 0
0 0

0101101
*
Ed
 1e-07 1 1 0
1  29 0 0 1.890373
0

0101000
+1489 0 -1487 0 *
Ve
1e-07
52.948891 -77.635033 0
0 0

0101101
*
Ed
 1e-07 1 1 0
1  30 0 0 0.922844000000005
0

0101000
+1487 0 -1485 0 *
Ve
1e-07
52.948891 -78.080772 0
0 0

0101101
*
Ed
 1e-07 1 1 0
1  31 0 0 0.445738999999989
0

0101000
+1485 0 -1483 0 *
Ve
1e-07
55.228336 -78.080772 0
0 0

0101101
*
Ed
 1e-07 1 1 0
1  32 0 0 2.279445
0

0101000
+1483 0 -1481 0 *
Ve
1e-07
55.228336 -78.16713 0
0 0

0101101
*
Ed
 1e-07 1 1 0
1  33 0 0 0.0863580000000042
0

0101000
+1481 0 -1479 0 *
Ve
1e-07
55.504471 -78.16713 0
0 0

0101101
*
Ed
 1e-07 1 1 0
1  34 0 0 0.276135000000004
0

0101000
+1479 0 -1477 0 *
Ve
1e-07
55.504471 -77.93219 0
0 0

0101101
*
Ed
 1e-07 1 1 0
1  35 0 0 0.234939999999995
0

0101000
+1477 0 -1475 0 *
Ve
1e-07
53.186619 -77.93219 0
0 0

0101101
*
Ed
 1e-07 1 1 0
1  36 0 0 2.317852
0

0101000
+1475 0 -1473 0 *
Ve
1e-07
53.186619 -76.951561 0
0 0

0101101
*
Ed
 1e-07 1 1 0
1  37 0 0 0.980629000000008
0

0101000
+1473 0 -1471 0 *
Ve
1e-07
55.504471 -76.951561 0
0 0

0101101
*
Ed
 1e-07 1 1 0
1  38 0 0 2.317852
0

0101000
+1471 0 -1469 0 *
Ve
1e-07
55.504471 -76.464058 0
0 0

0101101
*
Ed
 1e-07 1 1 0
1  39 0 0 0.487503000000004
0

0101000
+1469 0 -1467 0 *
Ve
1e-07
54.258095 -76.464058 0
0 0

0101101
*
Ed
 1e-07 1 1 0
1  40 0 0 1.24637600000001
0

0101000
+1467 0 -1465 0 *
Ve
1e-07
54.258095 -75.285683 0
0 0

0101101
*
Ed
 1e-07 1 1 0
1  41 0 0 1.17837499999999
0

0101000
+1465 0 -1463 0 *
Ve
1e-07
55.326176 -75.285683 0
0 0

0101101
*
Ed
 1e-07 1 1 0
1  42 0 0 1.068081
0

0101000
+1463 0 -1461 0 *
Ve
1e-07
55.326176 -75.465759 0
0 0

0101101
*
Ed
 1e-07 1 1 0
1  43 0 0 0.180076
0

0101000
+1461 0 -1459 0 *
Ve
1e-07
55.504471 -75.465759 0
0 0

0101101
*
Ed
 1e-07 1 1 0
1  44 0 0 0.178295000000006
0

0101000
+1459 0 -1457 0 *
Ve
1e-07
55.504471 -75.198311 0
0 0

0101101
*
Ed
 1e-07 1 1 0
1  45 0 0 0.267448000000002
0

0101000
+1457 0 -1455 0 *
Ve
1e-07
54.862621 -75.198311 0
0 0

0101101
*
Ed
 1e-07 1 1 0
1  46 0 0 0.641850000000005
0

0101000
+1455 0 -1453 0 *
Ve
1e-07
54.862621 -75.081108 0
0 0

0101101
*
Ed
 1e-07 1 1 0
1  47 0 0 0.117203000000003
0

0101000
+1453 0 -1451 0 *
Ve
1e-07
54.697071 -75.081108 0
0 0

0101101
*
Ed
 1e-07 1 1 0
1  48 0 0 0.165549999999996
0

0101000
+1451 0 -1449 0 *
Ve
1e-07
54.697071 -75.198311 0
0 0

0101101
*
Ed
 1e-07 1 1 0
1  49 0 0 0.117203000000003
0

0101000
+1449 0 -1447 0 *
Ve
1e-07
54.05706 -75.198311 0
0 0

0101101
*
Ed
 1e-07 1 1 0
1  50 0 0 0.640011000000001
0

0101000
+1447 0 -1445 0 *
Ve
1e-07
54.05706 -76.464058 0
0 0

0101101
*
Ed
 1e-07 1 1 0
1  51 0 0 1.26574699999999
0

0101000
+1445 0 -1443 0 *
Ve
1e-07
51.818459 -76.464058 0
0 0

0101101
*
Ed
 1e-07 1 1 0
1  52 0 0 2.238601
0

0101000
+1443 0 -1441 0 *
Ve
1e-07
51.818459 -72.196991 0
0 0

0101101
*
Ed
 1e-07 1 1 0
1  53 0 0 4.267067
0

0101000
+1441 0 -1439 0 *
Ve
1e-07
52.757877 -72.196991 0
0 0

0101101
*
Ed
 1e-07 1 1 0
1  54 0 0 0.939418000000003
0

0101000
+1439 0 -1437 0 *
Ve
1e-07
52.757877 -71.721535 0
0 0

0101101
*
Ed
 1e-07 1 1 0
1  55 0 0 0.475455999999994
0

0101000
+1437 0 -1435 0 *
Ve
1e-07
51.225357 -71.721535 0
0 0

0101101
*
Ed
 1e-07 1 1 0
1  56 0 0 1.53252
0

0101000
+1435 0 -1433 0 *
Ve
1e-07
51.225357 -72.196991 0
0 0

0101101
*
Ed
 1e-07 1 1 0
1  57 0 0 0.475455999999994
0

0101000
+1433 0 -1431 0 *
Ve
1e-07
51.521885 -72.196991 0
0 0

0101101
*
Ed
 1e-07 1 1 0
1  58 0 0 0.296527999999995
0

0101000
+1431 0 -1429 0 *
Ve
1e-07
51.521885 -79.566376 0
0 0

0101101
*
Ed
 1e-07 1 1 0
1  59 0 0 7.36938500000001
0

0101000
+1429 0 -1427 0 *
Ve
1e-07
50.386547 -79.566376 0
0 0

0101101
*
Ed
 1e-07 1 1 0
1  60 0 0 1.135338
0

0101000
+1427 0 -1425 0 *
Ve
1e-07
50.386547 -78.741402 0
0 0

0101101
*
Ed
 1e-07 1 1 0
1  61 0 0 0.824974000000012
0

0101000
+1425 0 -1423 0 *
Ve
1e-07
50.241306 -78.741402 0
0 0

0101101
*
Ed
 1e-07 1 1 0
1  62 0 0 0.145240999999999
0

0101000
+1423 0 -1421 0 *
Ve
1e-07
50.241306 -79.566376 0
0 0

0101101
*
Ed
 1e-07 1 1 0
1  63 0 0 0.824974000000012
0

0101000
+1421 0 -1419 0 *
Ve
1e-07
48.038303 -79.566376 0
0 0

0101101
*
Ed
 1e-07 1 1 0
1  64 0 0 2.203003
0

0101000
+1419 0 -1417 0 *
Ve
1e-07
48.038303 -76.738472 0
0 0

0101101
*
Ed
 1e-07 1 1 0
1  65 0 0 2.827904
0

0101000
+1417 0 -1415 0 *
Ve
1e-07
50.241306 -76.738472 0
0 0

0101101
*
Ed
 1e-07 1 1 0
1  66 0 0 2.203003
0

0101000
+1415 0 -1413 0 *
Ve
1e-07
50.241306 -77.921211 0
0 0

0101101
*
Ed
 1e-07 1 1 0
1  67 0 0 1.182739
0

0101000
+1413 0 -1411 0 *
Ve
1e-07
50.386547 -77.921211 0
0 0

0101101
*
Ed
 1e-07 1 1 0
1  68 0 0 0.145240999999999
0

0101000
+1411 0 -1409 0 *
Ve
1e-07
50.386547 -76.599098 0
0 0

0101101
*
Ed
 1e-07 1 1 0
1  69 0 0 1.322113
0

0101000
+1409 0 -1407 0 *
Ve
1e-07
48.038303 -76.599098 0
0 0

0101101
*
Ed
 1e-07 1 1 0
1  70 0 0 2.348244
0

0101000
+1407 0 -1405 0 *
Ve
1e-07
48.038303 -72.196991 0
0 0

0101101
*
Ed
 1e-07 1 1 0
1  71 0 0 4.402107
0

0101000
+1405 0 -1403 0 *
Ve
1e-07
48.134888 -72.196991 0
0 0

0101101
*
Ed
 1e-07 1 1 0
1  72 0 0 0.0965849999999975
0

0101000
+1403 0 -1401 0 *
Ve
1e-07
48.134888 -71.721535 0
0 0

0101101
*
Ed
 1e-07 1 1 0
1  73 0 0 0.475455999999994
0

0101000
+1401 0 -1399 0 *
Ve
1e-07
46.538486 -71.721535 0
0 0

0101101
*
Ed
 1e-07 1 1 0
1  74 0 0 1.596402
0

0101000
+1399 0 -1397 0 *
Ve
1e-07
46.538486 -72.196991 0
0 0

0101101
*
Ed
 1e-07 1 1 0
1  75 0 0 0.475455999999994
0

0101000
+1397 0 -1395 0 *
Ve
1e-07
47.718864 -72.196991 0
0 0

0101101
*
Ed
 1e-07 1 1 0
1  76 0 0 1.180378
0

0101000
+1395 0 -1393 0 *
Ve
1e-07
47.718864 -76.599098 0
0 0

0101101
*
Ed
 1e-07 1 1 0
1  77 0 0 4.402107
0

0101000
+1393 0 -1391 0 *
Ve
1e-07
44.752888 -76.599098 0
0 0

0101101
*
Ed
 1e-07 1 1 0
1  78 0 0 2.965976
0

0101000
+1391 0 -1389 0 *
Ve
1e-07
44.752888 -75.346893 0
0 0

0101101
*
Ed
 1e-07 1 1 0
1  79 0 0 1.252205
0

0101000
+1389 0 -1387 0 *
Ve
1e-07
44.568958 -75.346893 0
0 0

0101101
*
Ed
 1e-07 1 1 0
1  80 0 0 0.183929999999997
0

0101000
+1387 0 -1385 0 *
Ve
1e-07
44.568958 -76.738472 0
0 0

0101101
*
Ed
 1e-07 1 1 0
1  81 0 0 1.39157900000001
0

0101000
+1385 0 -1383 0 *
Ve
1e-07
46.505215 -76.738472 0
0 0

0101101
*
Ed
 1e-07 1 1 0
1  82 0 0 1.936257
0

0101000
+1383 0 -1381 0 *
Ve
1e-07
46.505215 -77.783607 0
0 0

0101101
*
Ed
 1e-07 1 1 0
1  83 0 0 1.045135
0

0101000
+1381 0 -1379 0 *
Ve
1e-07
47.718864 -77.783607 0
0 0

0101101
*
Ed
 1e-07 1 1 0
1  84 0 0 1.213649
0

0101000
+1379 0 -1377 0 *
Ve
1e-07
47.718864 -79.566376 0
0 0

0101101
*
Ed
 1e-07 1 1 0
1  85 0 0 1.782769
0

0101000
+1377 0 -1375 0 *
Ve
1e-07
46.792656 -79.566376 0
0 0

0101101
*
Ed
 1e-07 1 1 0
1  86 0 0 0.926208000000003
0

0101000
+1375 0 -1373 0 *
Ve
1e-07
46.792656 -79.92421 0
0 0

0101101
*
Ed
 1e-07 1 1 0
1  87 0 0 0.357833999999997
0

0101000
+1373 0 -1371 0 *
Ve
1e-07
47.718864 -79.92421 0
0 0

0101101
*
Ed
 1e-07 1 1 0
1  88 0 0 0.926208000000003
0

0101000
+1371 0 -1369 0 *
Ve
1e-07
47.718864 -80.615654 0
0 0

0101101
*
Ed
 1e-07 1 1 0
1  89 0 0 0.691444000000004
0

0101000
+1369 0 -1367 0 *
Ve
1e-07
48.038303 -80.615654 0
0 0

0101101
*
Ed
 1e-07 1 1 0
1  90 0 0 0.319438999999996
0

0101000
+1367 0 -1365 0 *
Ve
1e-07
48.038303 -79.92421 0
0 0

0101101
*
Ed
 1e-07 1 1 0
1  91 0 0 0.691444000000004
0

0101000
+1365 0 -1363 0 *
Ve
1e-07
51.521885 -79.92421 0
0 0

0101101
*
Ed
 1e-07 1 1 0
1  92 0 0 3.483582
0

0101000
+1363 0 -1361 0 *
Ve
1e-07
51.521885 -84.974899 0
0 0

0101101
*
Ed
 1e-07 1 1 0
1  93 0 0 5.05068899999999
0

0101000
+1361 0 -1359 0 *
Ve
1e-07
50.718166 -84.974899 0
0 0

0101101
*
Ed
 1e-07 1 1 0
1  94 0 0 0.803719000000001
0

0101000
+1359 0 -1357 0 *
Ve
1e-07
50.718166 -85.443344 0
0 0

0101101
*
Ed
 1e-07 1 1 0
1  95 0 0 0.468445000000003
0

0101000
+1357 0 -1355 0 *
Ve
1e-07
51.082821 -85.443344 0
0 0

0101101
*
Ed
 1e-07 1 1 0
1  96 0 0 0.364655000000006
0

0101000
+1355 0 -1353 0 *
Ve
1e-07
51.082821 -87.544144 0
0 0

0101101
*
Ed
 1e-07 1 1 0
1  97 0 0 2.10080000000001
0

0101000
+1353 0 -1351 0 *
Ve
1e-07
48.436508 -87.544144 0
0 0

0101101
*
Ed
 1e-07 1 1 0
1  98 0 0 2.646313
0

0101000
+1351 0 -1349 0 *
Ve
1e-07
48.436508 -85.443344 0
0 0

0101101
*
Ed
 1e-07 1 1 0
1  99 0 0 2.10080000000001
0

0101000
+1349 0 -1347 0 *
Ve
1e-07
48.72921 -85.443344 0
0 0

0101101
*
Ed
 1e-07 1 1 0
1  100 0 0 0.292701999999998
0

0101000
+1347 0 -1345 0 *
Ve
1e-07
48.72921 -84.974899 0
0 0

0101101
*
Ed
 1e-07 1 1 0
1  101 0 0 0.468445000000003
0

0101000
+1345 0 -1343 0 *
Ve
1e-07
48.017818 -84.974899 0
0 0

0101101
*
Ed
 1e-07 1 1 0
1  102 0 0 0.711392000000004
0

0101000
+1343 0 -1341 0 *
Ve
1e-07
48.017818 -81.498116 0
0 0

0101101
*
Ed
 1e-07 1 1 0
1  103 0 0 3.476783
0

0101000
+1341 0 -1339 0 *
Ve
1e-07
47.748581 -81.498116 0
0 0

0101101
*
Ed
 1e-07 1 1 0
1  104 0 0 0.269236999999997
0

0101000
+1339 0 -1337 0 *
Ve
1e-07
47.748581 -84.974899 0
0 0

0101101
*
Ed
 1e-07 1 1 0
1  105 0 0 3.476783
0

0101000
+1337 0 -1335 0 *
Ve
1e-07
47.141701 -84.974899 0
0 0

0101101
*
Ed
 1e-07 1 1 0
1  106 0 0 0.606880000000004
0

0101000
+1335 0 -1333 0 *
Ve
1e-07
47.141701 -85.443344 0
0 0

0101101
*
Ed
 1e-07 1 1 0
1  107 0 0 0.468445000000003
0

0101000
+1333 0 -1331 0 *
Ve
1e-07
47.401142 -85.443344 0
0 0

0101101
*
Ed
 1e-07 1 1 0
1  108 0 0 0.259441000000002
0

0101000
+1331 0 -1329 0 *
Ve
1e-07
47.401142 -87.555321 0
0 0

0101101
*
Ed
 1e-07 1 1 0
1  109 0 0 2.11197700000001
0

0101000
+1329 0 -1327 0 *
Ve
1e-07
43.229332 -87.555321 0
0 0

0101101
*
Ed
 1e-07 1 1 0
1  110 0 0 4.17181
0

0101000
+1327 0 -1325 0 *
Ve
1e-07
43.229332 -85.443344 0
0 0

0101101
*
Ed
 1e-07 1 1 0
1  111 0 0 2.11197700000001
0

0101000
+1325 0 -1323 0 *
Ve
1e-07
43.320885 -85.443344 0
0 0

0101101
*
Ed
 1e-07 1 1 0
1  112 0 0 0.0915529999999976
0

0101000
+1323 0 -1321 0 *
Ve
1e-07
43.320885 -84.974899 0
0 0

0101101
*
Ed
 1e-07 1 1 0
1  113 0 0 0.468445000000003
0

0101000
+1321 0 -1319 0 *
Ve
1e-07
41.412224 -84.974899 0
0 0

0101101
*
Ed
 1e-07 1 1 0
1  114 0 0 1.908661
0

0101000
+1319 0 -1317 0 *
Ve
1e-07
41.412224 -85.444069 0
0 0

0101101
*
Ed
 1e-07 1 1 0
1  115 0 0 0.469170000000005
0

0101000
+1317 0 -1315 0 *
Ve
1e-07
39.998528 -85.444641 0
0 0

0101101
*
Ed
 1e-07 1 1 0
1  116 0 0 1.41369611571936
0

0101000
+1315 0 -1313 0 *
Ve
1e-07
39.998528 -84.974899 0
0 0

0101101
*
Ed
 1e-07 1 1 0
1  117 0 0 0.469742000000011
0

0101000
+1313 0 -1311 0 *
Ve
1e-07
39.338932 -84.974899 0
0 0

0101101
*
Ed
 1e-07 1 1 0
1  118 0 0 0.659596000000001
0

0101000
+1311 0 -1309 0 *
Ve
1e-07
39.338932 -79.677895 0
0 0

0101101
*
Ed
 1e-07 1 1 0
1  119 0 0 5.29700399999999
0

0101000
+1309 0 -1307 0 *
Ve
1e-07
41.759754 -79.677895 0
0 0

0101101
*
Ed
 1e-07 1 1 0
1  120 0 0 2.420822
0

0101000
+1307 0 -1305 0 *
Ve
1e-07
41.759754 -79.834023 0
0 0

0101101
*
Ed
 1e-07 1 1 0
1  121 0 0 0.156127999999995
0

0101000
+1305 0 -1303 0 *
Ve
1e-07
42.869427 -79.834023 0
0 0

0101101
*
Ed
 1e-07 1 1 0
1  122 0 0 1.109673
0

0101000
+1303 0 -1301 0 *
Ve
1e-07
42.869427 -78.556229 0
0 0

0101101
*
Ed
 1e-07 1 1 0
1  123 0 0 1.277794
0

0101000
+1301 0 -1299 0 *
Ve
1e-07
42.726562 -78.556229 0
0 0

0101101
*
Ed
 1e-07 1 1 0
1  124 0 0 0.142865
0

0101000
+1299 0 -1297 0 *
Ve
1e-07
42.726562 -79.516167 0
0 0

0101101
*
Ed
 1e-07 1 1 0
1  125 0 0 0.959937999999994
0

0101000
+1297 0 -1295 0 *
Ve
1e-07
39.456127 -79.516167 0
0 0

0101101
*
Ed
 1e-07 1 1 0
1  126 0 0 3.270435
0

0101000
+1295 0 -1293 0 *
Ve
1e-07
39.456127 -76.783813 0
0 0

0101101
*
Ed
 1e-07 1 1 0
1  127 0 0 2.732354
0

0101000
+1293 0 -1291 0 *
Ve
1e-07
40.603165 -76.783813 0
0 0

0101101
*
Ed
 1e-07 1 1 0
1  128 0 0 1.14703799999999
0

0101000
+1291 0 -1289 0 *
Ve
1e-07
40.603165 -77.217667 0
0 0

0101101
*
Ed
 1e-07 1 1 0
1  129 0 0 0.433854000000011
0

0101000
+1289 0 -1287 0 *
Ve
1e-07
41.639355 -77.217667 0
0 0

0101101
*
Ed
 1e-07 1 1 0
1  130 0 0 1.03619
0

0101000
+1287 0 -1285 0 *
Ve
1e-07
41.639355 -77.545883 0
0 0

0101101
*
Ed
 1e-07 1 1 0
1  131 0 0 0.328215999999998
0

0101000
+1285 0 -1283 0 *
Ve
1e-07
42.845428 -77.545883 0
0 0

0101101
*
Ed
 1e-07 1 1 0
1  132 0 0 1.206073
0

0101000
+1283 0 -1281 0 *
Ve
1e-07
42.845428 -76.553436 0
0 0

0101101
*
Ed
 1e-07 1 1 0
1  133 0 0 0.992446999999999
0

0101000
+1281 0 -1279 0 *
Ve
1e-07
41.641926 -76.553436 0
0 0

0101101
*
Ed
 1e-07 1 1 0
1  134 0 0 1.203502
0

0101000
+1279 0 -1277 0 *
Ve
1e-07
41.64064 -76.783813 0
0 0

0101101
*
Ed
 1e-07 1 1 0
1  135 0 0 0.230380589297353
0

0101000
+1277 0 -1275 0 *
Ve
1e-07
40.869633 -76.783813 0
0 0

0101101
*
Ed
 1e-07 1 1 0
1  136 0 0 0.771006999999997
0

0101000
+1275 0 -1273 0 *
Ve
1e-07
40.869633 -75.554909 0
0 0

0101101
*
Ed
 1e-07 1 1 0
1  137 0 0 1.228904
0

0101000
+1273 0 -1271 0 *
Ve
1e-07
42.845585 -75.554909 0
0 0

0101101
*
Ed
 1e-07 1 1 0
1  138 0 0 1.975952
0

0101000
+1271 0 -1269 0 *
Ve
1e-07
42.845585 -74.158249 0
0 0

0101101
*
Ed
 1e-07 1 1 0
1  139 0 0 1.39666
0

0101000
+1269 0 -1267 0 *
Ve
1e-07
42.726562 -74.158249 0
0 0

0101101
*
Ed
 1e-07 1 1 0
1  140 0 0 0.119022999999999
0

0101000
+1267 0 -1265 0 *
Ve
1e-07
42.726562 -75.346893 0
0 0

0101101
*
Ed
 1e-07 1 1 0
1  141 0 0 1.188644
0

0101000
+1265 0 -1263 0 *
Ve
1e-07
40.527576 -75.346893 0
0 0

0101101
*
Ed
 1e-07 1 1 0
1  142 0 0 2.198986
0

0101000
+1263 0 -1261 0 *
Ve
1e-07
40.527576 -76.594971 0
0 0

0101101
*
Ed
 1e-07 1 1 0
1  143 0 0 1.24807800000001
0

0101000
+1261 0 -1259 0 *
Ve
1e-07
39.338932 -76.594971 0
0 0

0101101
*
Ed
 1e-07 1 1 0
1  144 0 0 1.188644
0

0101000
+1259 0 -1257 0 *
Ve
1e-07
39.338932 -72.196991 0
0 0

0101101
*
Ed
 1e-07 1 1 0
1  145 0 0 4.39798
0

0101000
+1257 0 -1255 0 *
Ve
1e-07
39.514572 -72.196991 0
0 0

0101101
*
Ed
 1e-07 1 1 0
1  146 0 0 0.175640000000001
0

0101000
+1255 0 -1253 0 *
Ve
1e-07
39.514572 -71.721535 0
0 0

0101101
*
Ed
 1e-07 1 1 0
1  147 0 0 0.475455999999994
0

0101000
+1253 0 -1251 0 *
Ve
1e-07
39.408653 -71.721535 0
0 0

0101101
*
Ed
 1e-07 1 1 0
1  148 0 0 0.105919
0

0101000
+1251 0 -1249 0 *
Ve
1e-07
39.408653 -71.421532 0
0 0

0101101
*
Ed
 1e-07 1 1 0
1  149 0 0 0.300003000000004
0

0101000
+1249 0 -1247 0 *
Ve
1e-07
39.108654 -71.421532 0
0 0

0101101
*
Ed
 1e-07 1 1 0
1  150 0 0 0.299999
0

0101000
+1247 0 -1245 0 *
Ve
1e-07
39.108654 -71.721535 0
0 0

0101101
*
Ed
 1e-07 1 1 0
1  151 0 0 0.300003000000004
0

0101000
+1245 0 -1243 0 *
Ve
1e-07
38.791893 -71.721535 0
0 0

0101101
*
Ed
 1e-07 1 1 0
1  152 0 0 0.316761
0

0101000
+1243 0 -1241 0 *
Ve
1e-07
38.791893 -72.196991 0
0 0

0101101
*
Ed
 1e-07 1 1 0
1  153 0 0 0.475455999999994
0

0101000
+1241 0 -1239 0 *
Ve
1e-07
39.044239 -72.196991 0
0 0

0101101
*
Ed
 1e-07 1 1 0
1  154 0 0 0.252345999999996
0

0101000
+1239 0 -1237 0 *
Ve
1e-07
39.044239 -79.683449 0
0 0

0101101
*
Ed
 1e-07 1 1 0
1  155 0 0 7.486458
0

0101000
+1237 0 -1235 0 *
Ve
1e-07
38.919224 -79.683449 0
0 0

0101101
*
Ed
 1e-07 1 1 0
1  156 0 0 0.125014999999998
0

0101000
+1235 0 -1233 0 *
Ve
1e-07
38.919224 -79.863739 0
0 0

0101101
*
Ed
 1e-07 1 1 0
1  157 0 0 0.180289999999999
0

0101000
+1233 0 -1231 0 *
Ve
1e-07
39.044239 -79.863739 0
0 0

0101101
*
Ed
 1e-07 1 1 0
1  158 0 0 0.125014999999998
0

0101000
+1231 0 -1229 0 *
Ve
1e-07
39.044239 -84.974899 0
0 0

0101101
*
Ed
 1e-07 1 1 0
1  159 0 0 5.11116
0

0101000
+1229 0 -1227 0 *
Ve
1e-07
38.506882 -84.974899 0
0 0

0101101
*
Ed
 1e-07 1 1 0
1  160 0 0 0.537357
0

0101000
+1227 0 -1225 0 *
Ve
1e-07
38.506882 -85.445244 0
0 0

0101101
*
Ed
 1e-07 1 1 0
1  161 0 0 0.470345000000009
0

0101000
+1225 0 -1223 0 *
Ve
1e-07
36.902214 -85.445892 0
0 0

0101101
*
Ed
 1e-07 1 1 0
1  162 0 0 1.60466813083827
0

0101000
+1223 0 -1221 0 *
Ve
1e-07
36.902214 -84.974899 0
0 0

0101101
*
Ed
 1e-07 1 1 0
1  163 0 0 0.470993000000007
0

0101000
+1221 0 -1219 0 *
Ve
1e-07
36.129597 -84.974899 0
0 0

0101101
*
Ed
 1e-07 1 1 0
1  164 0 0 0.772617000000004
0

0101000
+1219 0 -1217 0 *
Ve
1e-07
36.129597 -85.443344 0
0 0

0101101
*
Ed
 1e-07 1 1 0
1  165 0 0 0.468445000000003
0

0101000
+1217 0 -1215 0 *
Ve
1e-07
36.562099 -85.446022 0
0 0

0101101
*
Ed
 1e-07 1 1 0
1  166 0 0 0.432510290846363
0

0101000
+1215 0 -1213 0 *
Ve
1e-07
36.562099 -87.544144 0
0 0

0101101
*
Ed
 1e-07 1 1 0
1  167 0 0 2.098122
0

0101000
+1213 0 -1211 0 *
Ve
1e-07
32.929993 -87.544144 0
0 0

0101101
*
Ed
 1e-07 1 1 0
1  168 0 0 3.632106
0

0101000
+1211 0 -1209 0 *
Ve
1e-07
32.92646 -85.44603 0
0 0

0101101
*
Ed
 1e-07 1 1 0
1  169 0 0 2.09811697459532
0

0101000
+1209 0 -1207 0 *
Ve
1e-07
34.524929 -85.443344 0
0 0

0101101
*
Ed
 1e-07 1 1 0
1  170 0 0 1.59847125671906
0

0101000
+1207 0 -1205 0 *
Ve
1e-07
34.524929 -84.974899 0
0 0

0101101
*
Ed
 1e-07 1 1 0
1  171 0 0 0.468445000000003
0

0101000
+1205 0 -1203 0 *
Ve
1e-07
33.276855 -84.974899 0
0 0

0101101
*
Ed
 1e-07 1 1 0
1  172 0 0 1.248074
0

0101000
+1203 0 -1201 0 *
Ve
1e-07
33.276855 -79.863739 0
0 0

0101101
*
Ed
 1e-07 1 1 0
1  173 0 0 5.11116
0

0101000
+1201 0 -1199 0 *
Ve
1e-07
38.031425 -79.863739 0
0 0

0101101
*
Ed
 1e-07 1 1 0
1  174 0 0 4.75457
0

0101000
+1199 0 -1197 0 *
Ve
1e-07
38.031425 -79.683449 0
0 0

0101101
*
Ed
 1e-07 1 1 0
1  175 0 0 0.180289999999999
0

0101000
+1197 0 -1195 0 *
Ve
1e-07
37.85313 -79.683449 0
0 0

0101101
*
Ed
 1e-07 1 1 0
1  176 0 0 0.178294999999999
0

0101000
+1195 0 -1193 0 *
Ve
1e-07
37.85313 -79.091118 0
0 0

0101101
*
Ed
 1e-07 1 1 0
1  177 0 0 0.592331000000001
0

0101000
+1193 0 -1191 0 *
Ve
1e-07
37.674831 -79.091118 0
0 0

0101101
*
Ed
 1e-07 1 1 0
1  178 0 0 0.178299000000003
0

0101000
+1191 0 -1189 0 *
Ve
1e-07
37.674831 -79.536858 0
0 0

0101101
*
Ed
 1e-07 1 1 0
1  179 0 0 0.445740000000001
0

0101000
+1189 0 -1187 0 *
Ve
1e-07
36.68293 -79.536858 0
0 0

0101101
*
Ed
 1e-07 1 1 0
1  180 0 0 0.991900999999999
0

0101000
+1187 0 -1185 0 *
Ve
1e-07
36.68293 -79.739662 0
0 0

0101101
*
Ed
 1e-07 1 1 0
1  181 0 0 0.202804
0

0101000
+1185 0 -1183 0 *
Ve
1e-07
34.732941 -79.739662 0
0 0

0101101
*
Ed
 1e-07 1 1 0
1  182 0 0 1.949989
0

0101000
+1183 0 -1181 0 *
Ve
1e-07
34.732941 -76.868149 0
0 0

0101101
*
Ed
 1e-07 1 1 0
1  183 0 0 2.87151299999999
0

0101000
+1181 0 -1179 0 *
Ve
1e-07
36.551609 -76.868149 0
0 0

0101101
*
Ed
 1e-07 1 1 0
1  184 0 0 1.818668
0

0101000
+1179 0 -1177 0 *
Ve
1e-07
36.551609 -78.229355 0
0 0

0101101
*
Ed
 1e-07 1 1 0
1  185 0 0 1.361206
0

0101000
+1177 0 -1175 0 *
Ve
1e-07
36.694202 -78.229355 0
0 0

0101101
*
Ed
 1e-07 1 1 0
1  186 0 0 0.142592999999998
0

0101000
+1175 0 -1173 0 *
Ve
1e-07
36.694202 -77.601173 0
0 0

0101101
*
Ed
 1e-07 1 1 0
1  187 0 0 0.628181999999995
0

0101000
+1173 0 -1171 0 *
Ve
1e-07
37.763329 -77.601173 0
0 0

0101101
*
Ed
 1e-07 1 1 0
1  188 0 0 1.069127
0

0101000
+1171 0 -1169 0 *
Ve
1e-07
37.763329 -78.202896 0
0 0

0101101
*
Ed
 1e-07 1 1 0
1  189 0 0 0.601722999999993
0

0101000
+1169 0 -1167 0 *
Ve
1e-07
37.882847 -78.202896 0
0 0

0101101
*
Ed
 1e-07 1 1 0
1  190 0 0 0.119517999999999
0

0101000
+1167 0 -1165 0 *
Ve
1e-07
37.882847 -76.592049 0
0 0

0101101
*
Ed
 1e-07 1 1 0
1  191 0 0 1.61084699999999
0

0101000
+1165 0 -1163 0 *
Ve
1e-07
37.001488 -76.592049 0
0 0

0101101
*
Ed
 1e-07 1 1 0
1  192 0 0 0.881358999999996
0

0101000
+1163 0 -1161 0 *
Ve
1e-07
37.001488 -76.49424 0
0 0

0101101
*
Ed
 1e-07 1 1 0
1  193 0 0 0.097808999999998
0

0101000
+1161 0 -1159 0 *
Ve
1e-07
36.864456 -76.49424 0
0 0

0101101
*
Ed
 1e-07 1 1 0
1  194 0 0 0.137032000000005
0

0101000
+1159 0 -1157 0 *
Ve
1e-07
36.864456 -76.592049 0
0 0

0101101
*
Ed
 1e-07 1 1 0
1  195 0 0 0.097808999999998
0

0101000
+1157 0 -1155 0 *
Ve
1e-07
34.554646 -76.592049 0
0 0

0101101
*
Ed
 1e-07 1 1 0
1  196 0 0 2.30981
0

0101000
+1155 0 -1153 0 *
Ve
1e-07
34.554646 -79.739662 0
0 0

0101101
*
Ed
 1e-07 1 1 0
1  197 0 0 3.14761299999999
0

0101000
+1153 0 -1151 0 *
Ve
1e-07
33.284359 -79.739662 0
0 0

0101101
*
Ed
 1e-07 1 1 0
1  198 0 0 1.270287
0

0101000
+1151 0 -1149 0 *
Ve
1e-07
33.284359 -79.536858 0
0 0

0101101
*
Ed
 1e-07 1 1 0
1  199 0 0 0.202804
0

0101000
+1149 0 -1147 0 *
Ve
1e-07
32.938137 -79.536858 0
0 0

0101101
*
Ed
 1e-07 1 1 0
1  200 0 0 0.346222000000004
0

0101000
+1147 0 -1145 0 *
Ve
1e-07
32.938137 -76.892128 0
0 0

0101101
*
Ed
 1e-07 1 1 0
1  201 0 0 2.64473
0

0101000
+1145 0 -1143 0 *
Ve
1e-07
33.276855 -76.892128 0
0 0

0101101
*
Ed
 1e-07 1 1 0
1  202 0 0 0.338718
0

0101000
+1143 0 -1141 0 *
Ve
1e-07
33.276855 -72.196991 0
0 0

0101101
*
Ed
 1e-07 1 1 0
1  203 0 0 4.695137
0

0101000
+1141 0 -1139 0 *
Ve
1e-07
34.67918 -72.196991 0
0 0

0101101
*
Ed
 1e-07 1 1 0
1  204 0 0 1.402325
0

0101000
+1139 0 -1137 0 *
Ve
1e-07
34.67918 -71.721535 0
0 0

0101101
*
Ed
 1e-07 1 1 0
1  205 0 0 0.475455999999994
0

0101000
+1137 0 -1135 0 *
Ve
1e-07
34.351543 -71.721535 0
0 0

0101101
*
Ed
 1e-07 1 1 0
1  206 0 0 0.327637000000003
0

0101000
+1135 0 -1133 0 *
Ve
1e-07
34.351543 -71.421532 0
0 0

0101101
*
Ed
 1e-07 1 1 0
1  207 0 0 0.300003000000004
0

0101000
+1133 0 -1131 0 *
Ve
1e-07
34.05154 -71.421532 0
0 0

0101101
*
Ed
 1e-07 1 1 0
1  208 0 0 0.300002999999997
0

0101000
+1131 0 -1129 0 *
Ve
1e-07
34.05154 -71.721535 0
0 0

0101101
*
Ed
 1e-07 1 1 0
1  209 0 0 0.300003000000004
0

0101000
+1129 0 -1127 0 *
Ve
1e-07
32.653717 -71.721535 0
0 0

0101101
*
Ed
 1e-07 1 1 0
1  210 0 0 1.397823
0

0101000
+1127 0 -1125 0 *
Ve
1e-07
32.653717 -72.196991 0
0 0

0101101
*
Ed
 1e-07 1 1 0
1  211 0 0 0.475455999999994
0

0101000
+1125 0 -1123 0 *
Ve
1e-07
33.005672 -72.196991 0
0 0

0101101
*
Ed
 1e-07 1 1 0
1  212 0 0 0.351954999999997
0

0101000
+1123 0 -1121 0 *
Ve
1e-07
33.005672 -76.592049 0
0 0

0101101
*
Ed
 1e-07 1 1 0
1  213 0 0 4.39505800000001
0

0101000
+1121 0 -1119 0 *
Ve
1e-07
31.522161 -76.592049 0
0 0

0101101
*
Ed
 1e-07 1 1 0
1  214 0 0 1.483511
0

0101000
+1119 0 -1117 0 *
Ve
1e-07
31.522161 -78.196014 0
0 0

0101101
*
Ed
 1e-07 1 1 0
1  215 0 0 1.603965
0

0101000
+1117 0 -1115 0 *
Ve
1e-07
31.699804 -78.196014 0
0 0

0101101
*
Ed
 1e-07 1 1 0
1  216 0 0 0.177643
0

0101000
+1115 0 -1113 0 *
Ve
1e-07
31.699804 -77.611816 0
0 0

0101101
*
Ed
 1e-07 1 1 0
1  217 0 0 0.584198000000001
0

0101000
+1113 0 -1111 0 *
Ve
1e-07
32.689709 -77.611816 0
0 0

0101101
*
Ed
 1e-07 1 1 0
1  218 0 0 0.989905
0

0101000
+1111 0 -1109 0 *
Ve
1e-07
32.689709 -79.536858 0
0 0

0101101
*
Ed
 1e-07 1 1 0
1  219 0 0 1.92504199999999
0

0101000
+1109 0 -1107 0 *
Ve
1e-07
31.665012 -79.536858 0
0 0

0101101
*
Ed
 1e-07 1 1 0
1  220 0 0 1.024697
0

0101000
+1107 0 -1105 0 *
Ve
1e-07
31.665012 -79.091118 0
0 0

0101101
*
Ed
 1e-07 1 1 0
1  221 0 0 0.445740000000001
0

0101000
+1105 0 -1103 0 *
Ve
1e-07
31.553324 -79.091118 0
0 0

0101101
*
Ed
 1e-07 1 1 0
1  222 0 0 0.111688000000001
0

0101000
+1103 0 -1101 0 *
Ve
1e-07
31.553324 -79.863739 0
0 0

0101101
*
Ed
 1e-07 1 1 0
1  223 0 0 0.772621000000001
0

0101000
+1101 0 -1099 0 *
Ve
1e-07
33.016621 -79.863739 0
0 0

0101101
*
Ed
 1e-07 1 1 0
1  224 0 0 1.463297
0

0101000
+1099 0 -1097 0 *
Ve
1e-07
33.016621 -84.974899 0
0 0

0101101
*
Ed
 1e-07 1 1 0
1  225 0 0 5.11116
0

0101000
+1097 0 -1095 0 *
Ve
1e-07
32.441074 -84.974899 0
0 0

0101101
*
Ed
 1e-07 1 1 0
1  226 0 0 0.575547
0

0101000
+1095 0 -1093 0 *
Ve
1e-07
32.441074 -85.446846 0
0 0

0101101
*
Ed
 1e-07 1 1 0
1  227 0 0 0.471947
0

0101000
+1093 0 -1091 0 *
Ve
1e-07
31.315598 -85.448746 0
0 0

0101101
*
Ed
 1e-07 1 1 0
1  228 0 0 1.12547760376473
0

0101000
+1091 0 -1089 0 *
Ve
1e-07
31.315594 -84.974899 0
0 0

0101101
*
Ed
 1e-07 1 1 0
1  229 0 0 0.473847000016889
0

0101000
+1089 0 -1087 0 *
Ve
1e-07
30.186384 -84.974899 0
0 0

0101101
*
Ed
 1e-07 1 1 0
1  230 0 0 1.12921
0

0101000
+1087 0 -1085 0 *
Ve
1e-07
30.186384 -85.443344 0
0 0

0101101
*
Ed
 1e-07 1 1 0
1  231 0 0 0.468445000000003
0

0101000
+1085 0 -1083 0 *
Ve
1e-07
30.947296 -85.449364 0
0 0

0101101
*
Ed
 1e-07 1 1 0
1  232 0 0 0.760935813419241
0

0101000
+1083 0 -1081 0 *
Ve
1e-07
30.947296 -87.544144 0
0 0

0101101
*
Ed
 1e-07 1 1 0
1  233 0 0 2.09478
0

0101000
+1081 0 -1079 0 *
Ve
1e-07
27.926931 -87.544144 0
0 0

0101101
*
Ed
 1e-07 1 1 0
1  234 0 0 3.020365
0

0101000
+1079 0 -1077 0 *
Ve
1e-07
27.926931 -85.443344 0
0 0

0101101
*
Ed
 1e-07 1 1 0
1  235 0 0 2.10080000000001
0

0101000
+1077 0 -1075 0 *
Ve
1e-07
28.582155 -85.443344 0
0 0

0101101
*
Ed
 1e-07 1 1 0
1  236 0 0 0.655224
0

0101000
+1075 0 -1073 0 *
Ve
1e-07
28.582155 -84.974899 0
0 0

0101101
*
Ed
 1e-07 1 1 0
1  237 0 0 0.468445000000003
0

0101000
+1073 0 -1071 0 *
Ve
1e-07
28.045052 -84.974899 0
0 0

0101101
*
Ed
 1e-07 1 1 0
1  238 0 0 0.537103000000002
0

0101000
+1071 0 -1069 0 *
Ve
1e-07
28.045052 -79.393097 0
0 0

0101101
*
Ed
 1e-07 1 1 0
1  239 0 0 5.581802
0

0101000
+1069 0 -1067 0 *
Ve
1e-07
30.342764 -79.393097 0
0 0

0101101
*
Ed
 1e-07 1 1 0
1  240 0 0 2.297712
0

0101000
+1067 0 -1065 0 *
Ve
1e-07
30.342764 -78.790024 0
0 0

0101101
*
Ed
 1e-07 1 1 0
1  241 0 0 0.603072999999995
0

0101000
+1065 0 -1063 0 *
Ve
1e-07
30.156668 -78.790024 0
0 0

0101101
*
Ed
 1e-07 1 1 0
1  242 0 0 0.186095999999999
0

0101000
+1063 0 -1061 0 *
Ve
1e-07
30.156668 -79.263245 0
0 0

0101101
*
Ed
 1e-07 1 1 0
1  243 0 0 0.473220999999995
0

0101000
+1061 0 -1059 0 *
Ve
1e-07
28.045052 -79.263245 0
0 0

0101101
*
Ed
 1e-07 1 1 0
1  244 0 0 2.111616
0

0101000
+1059 0 -1057 0 *
Ve
1e-07
28.045052 -76.739243 0
0 0

0101101
*
Ed
 1e-07 1 1 0
1  245 0 0 2.524002
0

0101000
+1057 0 -1055 0 *
Ve
1e-07
30.169342 -76.739243 0
0 0

0101101
*
Ed
 1e-07 1 1 0
1  246 0 0 2.12429
0

0101000
+1055 0 -1053 0 *
Ve
1e-07
30.169342 -77.84304 0
0 0

0101101
*
Ed
 1e-07 1 1 0
1  247 0 0 1.103797
0

0101000
+1053 0 -1051 0 *
Ve
1e-07
30.347359 -77.84304 0
0 0

0101101
*
Ed
 1e-07 1 1 0
1  248 0 0 0.178017000000001
0

0101000
+1051 0 -1049 0 *
Ve
1e-07
30.347359 -76.592049 0
0 0

0101101
*
Ed
 1e-07 1 1 0
1  249 0 0 1.250991
0

0101000
+1049 0 -1047 0 *
Ve
1e-07
28.045052 -76.592049 0
0 0

0101101
*
Ed
 1e-07 1 1 0
1  250 0 0 2.302307
0

0101000
+1047 0 -1045 0 *
Ve
1e-07
28.045052 -72.196991 0
0 0

0101101
*
Ed
 1e-07 1 1 0
1  251 0 0 4.39505800000001
0

0101000
+1045 0 -1043 0 *
Ve
1e-07
28.644878 -72.196991 0
0 0

0101101
*
Ed
 1e-07 1 1 0
1  252 0 0 0.599826
0

0101000
+1043 0 -1041 0 *
Ve
1e-07
28.644878 -71.721535 0
0 0

0101101
*
Ed
 1e-07 1 1 0
1  253 0 0 0.475455999999994
0

0101000
+1041 0 -1039 0 *
Ve
1e-07
28.017544 -71.721535 0
0 0

0101101
*
Ed
 1e-07 1 1 0
1  254 0 0 0.627333999999998
0

0101000
+1039 0 -1037 0 *
Ve
1e-07
28.017544 -71.421532 0
0 0

0101101
*
Ed
 1e-07 1 1 0
1  255 0 0 0.300003000000004
0

0101000
+1037 0 -1035 0 *
Ve
1e-07
27.717545 -71.421532 0
0 0

0101101
*
Ed
 1e-07 1 1 0
1  256 0 0 0.299999
0

0101000
+1035 0 -1033 0 *
Ve
1e-07
27.717545 -71.721535 0
0 0

0101101
*
Ed
 1e-07 1 1 0
1  257 0 0 0.300003000000004
0

0101000
+1033 0 -1031 0 *
Ve
1e-07
27.095913 -71.721535 0
0 0

0101101
*
Ed
 1e-07 1 1 0
1  258 0 0 0.621632000000002
0

0101000
+1031 0 -1029 0 *
Ve
1e-07
27.095913 -72.355042 0
0 0

0101101
*
Ed
 1e-07 1 1 0
1  259 0 0 0.633506999999994
0

0101000
+1029 0 -1027 0 *
Ve
1e-07
27.500479 -72.355042 0
0 0

0101101
*
Ed
 1e-07 1 1 0
1  260 0 0 0.404565999999999
0

0101000
+1027 0 -1025 0 *
Ve
1e-07
27.500479 -74.49202 0
0 0

0101101
*
Ed
 1e-07 1 1 0
1  261 0 0 2.136978
0

0101000
+1025 0 -1023 0 *
Ve
1e-07
25.751213 -74.49202 0
0 0

0101101
*
Ed
 1e-07 1 1 0
1  262 0 0 1.749266
0

0101000
+1023 0 -1021 0 *
Ve
1e-07
25.751213 -72.355042 0
0 0

0101101
*
Ed
 1e-07 1 1 0
1  263 0 0 2.136978
0

0101000
+1021 0 -1019 0 *
Ve
1e-07
25.847837 -72.355042 0
0 0

0101101
*
Ed
 1e-07 1 1 0
1  264 0 0 0.0966239999999985
0

0101000
+1019 0 -1017 0 *
Ve
1e-07
25.847837 -71.721535 0
0 0

0101101
*
Ed
 1e-07 1 1 0
1  265 0 0 0.633506999999994
0

0101000
+1017 0 -1015 0 *
Ve
1e-07
25.579506 -71.721535 0
0 0

0101101
*
Ed
 1e-07 1 1 0
1  266 0 0 0.268331
0

0101000
+1015 0 -1013 0 *
Ve
1e-07
25.579506 -71.421532 0
0 0

0101101
*
Ed
 1e-07 1 1 0
1  267 0 0 0.300003000000004
0

0101000
+1013 0 -1011 0 *
Ve
1e-07
25.279507 -71.421532 0
0 0

0101101
*
Ed
 1e-07 1 1 0
1  268 0 0 0.299999
0

0101000
+1011 0 -1009 0 *
Ve
1e-07
25.279507 -71.721535 0
0 0

0101101
*
Ed
 1e-07 1 1 0
1  269 0 0 0.300003000000004
0

0101000
+1009 0 -1007 0 *
Ve
1e-07
24.923222 -71.721535 0
0 0

0101101
*
Ed
 1e-07 1 1 0
1  270 0 0 0.356285
0

0101000
+1007 0 -1005 0 *
Ve
1e-07
24.923222 -72.196991 0
0 0

0101101
*
Ed
 1e-07 1 1 0
1  271 0 0 0.475455999999994
0

0101000
+1005 0 -1003 0 *
Ve
1e-07
25.253517 -72.196991 0
0 0

0101101
*
Ed
 1e-07 1 1 0
1  272 0 0 0.330295
0

0101000
+1003 0 -1001 0 *
Ve
1e-07
25.253517 -74.93087 0
0 0

0101101
*
Ed
 1e-07 1 1 0
1  273 0 0 2.733879
0

0101000
+1001 0 -999 0 *
Ve
1e-07
27.749666 -74.93087 0
0 0

0101101
*
Ed
 1e-07 1 1 0
1  274 0 0 2.496149
0

0101000
+999 0 -997 0 *
Ve
1e-07
27.749666 -76.463585 0
0 0

0101101
*
Ed
 1e-07 1 1 0
1  275 0 0 1.532715
0

0101000
+997 0 -995 0 *
Ve
1e-07
24.275606 -76.463585 0
0 0

0101101
*
Ed
 1e-07 1 1 0
1  276 0 0 3.47406
0

0101000
+995 0 -993 0 *
Ve
1e-07
24.275606 -76.691734 0
0 0

0101101
*
Ed
 1e-07 1 1 0
1  277 0 0 0.228149000000002
0

0101000
+993 0 -991 0 *
Ve
1e-07
24.454916 -76.691734 0
0 0

0101101
*
Ed
 1e-07 1 1 0
1  278 0 0 0.179310000000001
0

0101000
+991 0 -989 0 *
Ve
1e-07
24.454916 -76.632355 0
0 0

0101101
*
Ed
 1e-07 1 1 0
1  279 0 0 0.0593789999999927
0

0101000
+989 0 -987 0 *
Ve
1e-07
26.374596 -76.632355 0
0 0

0101101
*
Ed
 1e-07 1 1 0
1  280 0 0 1.91968
0

0101000
+987 0 -985 0 *
Ve
1e-07
26.374596 -77.629105 0
0 0

0101101
*
Ed
 1e-07 1 1 0
1  281 0 0 0.996749999999992
0

0101000
+985 0 -983 0 *
Ve
1e-07
24.454916 -77.629105 0
0 0

0101101
*
Ed
 1e-07 1 1 0
1  282 0 0 1.91968
0

0101000
+983 0 -981 0 *
Ve
1e-07
24.454916 -77.54937 0
0 0

0101101
*
Ed
 1e-07 1 1 0
1  283 0 0 0.0797349999999994
0

0101000
+981 0 -979 0 *
Ve
1e-07
24.275606 -77.54937 0
0 0

0101101
*
Ed
 1e-07 1 1 0
1  284 0 0 0.179310000000001
0

0101000
+979 0 -977 0 *
Ve
1e-07
24.275606 -78.582138 0
0 0

0101101
*
Ed
 1e-07 1 1 0
1  285 0 0 1.032768
0

0101000
+977 0 -975 0 *
Ve
1e-07
24.454916 -78.582138 0
0 0

0101101
*
Ed
 1e-07 1 1 0
1  286 0 0 0.179310000000001
0

0101000
+975 0 -973 0 *
Ve
1e-07
24.454916 -77.760956 0
0 0

0101101
*
Ed
 1e-07 1 1 0
1  287 0 0 0.821182000000007
0

0101000
+973 0 -971 0 *
Ve
1e-07
27.749666 -77.760956 0
0 0

0101101
*
Ed
 1e-07 1 1 0
1  288 0 0 3.29475
0

0101000
+971 0 -969 0 *
Ve
1e-07
27.749666 -79.49498 0
0 0

0101101
*
Ed
 1e-07 1 1 0
1  289 0 0 1.73402400000001
0

0101000
+969 0 -967 0 *
Ve
1e-07
24.454916 -79.49498 0
0 0

0101101
*
Ed
 1e-07 1 1 0
1  290 0 0 3.29475
0

0101000
+967 0 -965 0 *
Ve
1e-07
24.454916 -79.397736 0
0 0

0101101
*
Ed
 1e-07 1 1 0
1  291 0 0 0.0972440000000034
0

0101000
+965 0 -963 0 *
Ve
1e-07
24.275606 -79.397736 0
0 0

0101101
*
Ed
 1e-07 1 1 0
1  292 0 0 0.179310000000001
0

0101000
+963 0 -961 0 *
Ve
1e-07
24.275606 -79.863739 0
0 0

0101101
*
Ed
 1e-07 1 1 0
1  293 0 0 0.466003000000001
0

0101000
+961 0 -959 0 *
Ve
1e-07
24.776291 -79.863739 0
0 0

0101101
*
Ed
 1e-07 1 1 0
1  294 0 0 0.500685000000001
0

0101000
+959 0 -957 0 *
Ve
1e-07
24.776291 -83.439568 0
0 0

0101101
*
Ed
 1e-07 1 1 0
1  295 0 0 3.575829
0

0101000
+957 0 -955 0 *
Ve
1e-07
24.956356 -83.439568 0
0 0

0101101
*
Ed
 1e-07 1 1 0
1  296 0 0 0.180064999999999
0

0101000
+955 0 -953 0 *
Ve
1e-07
24.956356 -79.982597 0
0 0

0101101
*
Ed
 1e-07 1 1 0
1  297 0 0 3.456971
0

0101000
+953 0 -951 0 *
Ve
1e-07
27.749666 -79.982597 0
0 0

0101101
*
Ed
 1e-07 1 1 0
1  298 0 0 2.79331
0

0101000
+951 0 -949 0 *
Ve
1e-07
27.749666 -84.974899 0
0 0

0101101
*
Ed
 1e-07 1 1 0
1  299 0 0 4.992302
0

0101000
+949 0 -947 0 *
Ve
1e-07
26.204432 -84.974899 0
0 0

0101101
*
Ed
 1e-07 1 1 0
1  300 0 0 1.545234
0

0101000
+947 0 -945 0 *
Ve
1e-07
26.204432 -85.443344 0
0 0

0101101
*
Ed
 1e-07 1 1 0
1  301 0 0 0.468445000000003
0

0101000
+945 0 -943 0 *
Ve
1e-07
26.774908 -85.446022 0
0 0

0101101
*
Ed
 1e-07 1 1 0
1  302 0 0 0.570482285667136
0

0101000
+943 0 -941 0 *
Ve
1e-07
26.774908 -87.544144 0
0 0

0101101
*
Ed
 1e-07 1 1 0
1  303 0 0 2.098122
0

0101000
+941 0 -939 0 *
Ve
1e-07
21.618208 -87.544144 0
0 0

0101101
*
Ed
 1e-07 1 1 0
1  304 0 0 5.1567
0

0101000
+939 0 -937 0 *
Ve
1e-07
21.618208 -85.443344 0
0 0

0101101
*
Ed
 1e-07 1 1 0
1  305 0 0 2.10080000000001
0

0101000
+937 0 -935 0 *
Ve
1e-07
21.98848 -85.443344 0
0 0

0101101
*
Ed
 1e-07 1 1 0
1  306 0 0 0.370272
0

0101000
+935 0 -933 0 *
Ve
1e-07
21.98848 -84.974899 0
0 0

0101101
*
Ed
 1e-07 1 1 0
1  307 0 0 0.468445000000003
0

0101000
+933 0 -931 0 *
Ve
1e-07
20.677242 -84.974899 0
0 0

0101101
*
Ed
 1e-07 1 1 0
1  308 0 0 1.311238
0

0101000
+931 0 -929 0 *
Ve
1e-07
20.677242 -84.08342 0
0 0

0101101
*
Ed
 1e-07 1 1 0
1  309 0 0 0.89147899999999
0

0101000
+929 0 -927 0 *
Ve
1e-07
20.491585 -84.08342 0
0 0

0101101
*
Ed
 1e-07 1 1 0
1  310 0 0 0.185656999999999
0

0101000
+927 0 -925 0 *
Ve
1e-07
20.491585 -85.443344 0
0 0

0101101
*
Ed
 1e-07 1 1 0
1  311 0 0 1.35992399999999
0

0101000
+925 0 -923 0 *
Ve
1e-07
19.405396 -85.443344 0
0 0

0101101
*
Ed
 1e-07 1 1 0
1  312 0 0 1.086189
0

0101000
+923 0 -921 0 *
Ve
1e-07
19.405396 -84.974899 0
0 0

0101101
*
Ed
 1e-07 1 1 0
1  313 0 0 0.468445000000003
0

0101000
+921 0 -919 0 *
Ve
1e-07
17.883932 -84.974899 0
0 0

0101101
*
Ed
 1e-07 1 1 0
1  314 0 0 1.521464
0

0101000
+919 0 -917 0 *
Ve
1e-07
17.883932 -72.201126 0
0 0

0101101
*
Ed
 1e-07 1 1 0
1  315 0 0 12.773773
0

0101000
+917 0 -915 0 *
Ve
1e-07
18.151377 -72.196991 0
0 0

0101101
*
Ed
 1e-07 1 1 0
1  316 0 0 0.267476963961384
0

0101000
+915 0 -913 0 *
Ve
1e-07
18.151377 -71.721535 0
0 0

0101101
*
Ed
 1e-07 1 1 0
1  317 0 0 0.475455999999994
0

0101000
+913 0 -911 0 *
Ve
1e-07
17.227221 -71.721535 0
0 0

0101101
*
Ed
 1e-07 1 1 0
1  318 0 0 0.924156
0

0101000
+911 0 -909 0 *
Ve
1e-07
17.227221 -72.196991 0
0 0

0101101
*
Ed
 1e-07 1 1 0
1  319 0 0 0.475455999999994
0

0101000
+909 0 -907 0 *
Ve
1e-07
17.619978 -72.205261 0
0 0

0101101
*
Ed
 1e-07 1 1 0
1  320 0 0 0.392844058054847
0

0101000
+907 0 -905 0 *
Ve
1e-07
17.618233 -76.599274 0
0 0

0101101
*
Ed
 1e-07 1 1 0
1  321 0 0 4.39401334649703
0

0101000
+905 0 -903 0 *
Ve
1e-07
16.457561 -76.599274 0
0 0

0101101
*
Ed
 1e-07 1 1 0
1  322 0 0 1.160672
0

0101000
+903 0 -901 0 *
Ve
1e-07
16.457561 -77.613403 0
0 0

0101101
*
Ed
 1e-07 1 1 0
1  323 0 0 1.01412900000001
0

0101000
+901 0 -899 0 *
Ve
1e-07
17.619978 -77.613403 0
0 0

0101101
*
Ed
 1e-07 1 1 0
1  324 0 0 1.162417
0

0101000
+899 0 -897 0 *
Ve
1e-07
17.619978 -79.556915 0
0 0

0101101
*
Ed
 1e-07 1 1 0
1  325 0 0 1.943512
0

0101000
+897 0 -895 0 *
Ve
1e-07
16.600237 -79.556915 0
0 0

0101101
*
Ed
 1e-07 1 1 0
1  326 0 0 1.019741
0

0101000
+895 0 -893 0 *
Ve
1e-07
16.600237 -79.865677 0
0 0

0101101
*
Ed
 1e-07 1 1 0
1  327 0 0 0.308762000000002
0

0101000
+893 0 -891 0 *
Ve
1e-07
17.619978 -79.865677 0
0 0

0101101
*
Ed
 1e-07 1 1 0
1  328 0 0 1.019741
0

0101000
+891 0 -889 0 *
Ve
1e-07
17.619978 -84.974899 0
0 0

0101101
*
Ed
 1e-07 1 1 0
1  329 0 0 5.10922199999999
0

0101000
+889 0 -887 0 *
Ve
1e-07
17.319326 -84.977493 0
0 0

0101101
*
Ed
 1e-07 1 1 0
1  330 0 0 0.300663190197935
0

0101000
+887 0 -885 0 *
Ve
1e-07
17.319326 -85.443344 0
0 0

0101101
*
Ed
 1e-07 1 1 0
1  331 0 0 0.465851000000001
0

0101000
+885 0 -883 0 *
Ve
1e-07
16.219833 -85.443344 0
0 0

0101101
*
Ed
 1e-07 1 1 0
1  332 0 0 1.099493
0

0101000
+883 0 -881 0 *
Ve
1e-07
16.219833 -84.974899 0
0 0

0101101
*
Ed
 1e-07 1 1 0
1  333 0 0 0.468445000000003
0

0101000
+881 0 -879 0 *
Ve
1e-07
14.971758 -84.974899 0
0 0

0101101
*
Ed
 1e-07 1 1 0
1  334 0 0 1.248075
0

0101000
+879 0 -877 0 *
Ve
1e-07
14.971758 -85.443344 0
0 0

0101101
*
Ed
 1e-07 1 1 0
1  335 0 0 0.468445000000003
0

0101000
+877 0 -875 0 *
Ve
1e-07
15.307068 -85.443344 0
0 0

0101101
*
Ed
 1e-07 1 1 0
1  336 0 0 0.33531
0

0101000
+875 0 -873 0 *
Ve
1e-07
15.307068 -87.544144 0
0 0

0101101
*
Ed
 1e-07 1 1 0
1  337 0 0 2.10080000000001
0

0101000
+873 0 -871 0 *
Ve
1e-07
10.614776 -87.544144 0
0 0

0101101
*
Ed
 1e-07 1 1 0
1  338 0 0 4.692292
0

0101000
+871 0 -869 0 *
Ve
1e-07
10.614776 -85.443344 0
0 0

0101101
*
Ed
 1e-07 1 1 0
1  339 0 0 2.10080000000001
0

0101000
+869 0 -867 0 *
Ve
1e-07
10.930373 -85.443344 0
0 0

0101101
*
Ed
 1e-07 1 1 0
1  340 0 0 0.315596999999999
0

0101000
+867 0 -865 0 *
Ve
1e-07
10.930373 -84.974899 0
0 0

0101101
*
Ed
 1e-07 1 1 0
1  341 0 0 0.468445000000003
0

0101000
+865 0 -863 0 *
Ve
1e-07
9.532154 -84.974899 0
0 0

0101101
*
Ed
 1e-07 1 1 0
1  342 0 0 1.398219
0

0101000
+863 0 -861 0 *
Ve
1e-07
9.532154 -79.863739 0
0 0

0101101
*
Ed
 1e-07 1 1 0
1  343 0 0 5.11116
0

0101000
+861 0 -859 0 *
Ve
1e-07
12.595141 -79.863739 0
0 0

0101101
*
Ed
 1e-07 1 1 0
1  344 0 0 3.062987
0

0101000
+859 0 -857 0 *
Ve
1e-07
12.595141 -80.517487 0
0 0

0101101
*
Ed
 1e-07 1 1 0
1  345 0 0 0.653748000000007
0

0101000
+857 0 -855 0 *
Ve
1e-07
12.734459 -80.517487 0
0 0

0101101
*
Ed
 1e-07 1 1 0
1  346 0 0 0.139317999999999
0

0101000
+855 0 -853 0 *
Ve
1e-07
12.734459 -79.091118 0
0 0

0101101
*
Ed
 1e-07 1 1 0
1  347 0 0 1.42636900000001
0

0101000
+853 0 -851 0 *
Ve
1e-07
12.595141 -79.091118 0
0 0

0101101
*
Ed
 1e-07 1 1 0
1  348 0 0 0.139317999999999
0

0101000
+851 0 -849 0 *
Ve
1e-07
12.595141 -79.530457 0
0 0

0101101
*
Ed
 1e-07 1 1 0
1  349 0 0 0.439339000000004
0

0101000
+849 0 -847 0 *
Ve
1e-07
9.532154 -79.530457 0
0 0

0101101
*
Ed
 1e-07 1 1 0
1  350 0 0 3.062987
0

0101000
+847 0 -845 0 *
Ve
1e-07
9.532612 -77.2509 0
0 0

0101101
*
Ed
 1e-07 1 1 0
1  351 0 0 2.27955704600981
0

0101000
+845 0 -843 0 *
Ve
1e-07
11.405829 -77.2509 0
0 0

0101101
*
Ed
 1e-07 1 1 0
1  352 0 0 1.873217
0

0101000
+843 0 -841 0 *
Ve
1e-07
11.405829 -77.605316 0
0 0

0101101
*
Ed
 1e-07 1 1 0
1  353 0 0 0.354416000000001
0

0101000
+841 0 -839 0 *
Ve
1e-07
12.595141 -77.605316 0
0 0

0101101
*
Ed
 1e-07 1 1 0
1  354 0 0 1.189312
0

0101000
+839 0 -837 0 *
Ve
1e-07
12.595141 -78.20665 0
0 0

0101101
*
Ed
 1e-07 1 1 0
1  355 0 0 0.601333999999994
0

0101000
+837 0 -835 0 *
Ve
1e-07
12.734459 -78.20665 0
0 0

0101101
*
Ed
 1e-07 1 1 0
1  356 0 0 0.139317999999999
0

0101000
+835 0 -833 0 *
Ve
1e-07
12.734459 -76.060081 0
0 0

0101101
*
Ed
 1e-07 1 1 0
1  357 0 0 2.146569
0

0101000
+833 0 -831 0 *
Ve
1e-07
12.595141 -76.060081 0
0 0

0101101
*
Ed
 1e-07 1 1 0
1  358 0 0 0.139317999999999
0

0101000
+831 0 -829 0 *
Ve
1e-07
12.595141 -76.594971 0
0 0

0101101
*
Ed
 1e-07 1 1 0
1  359 0 0 0.534890000000004
0

0101000
+829 0 -827 0 *
Ve
1e-07
11.405829 -76.594971 0
0 0

0101101
*
Ed
 1e-07 1 1 0
1  360 0 0 1.189312
0

0101000
+827 0 -825 0 *
Ve
1e-07
11.405829 -76.981277 0
0 0

0101101
*
Ed
 1e-07 1 1 0
1  361 0 0 0.386306000000005
0

0101000
+825 0 -823 0 *
Ve
1e-07
9.532666 -76.981277 0
0 0

0101101
*
Ed
 1e-07 1 1 0
1  362 0 0 1.873163
0

0101000
+823 0 -821 0 *
Ve
1e-07
9.532936 -75.639473 0
0 0

0101101
*
Ed
 1e-07 1 1 0
1  363 0 0 1.34180402716493
0

0101000
+821 0 -819 0 *
Ve
1e-07
10.69508 -75.639473 0
0 0

0101101
*
Ed
 1e-07 1 1 0
1  364 0 0 1.162144
0

0101000
+819 0 -817 0 *
Ve
1e-07
10.69508 -74.494774 0
0 0

0101101
*
Ed
 1e-07 1 1 0
1  365 0 0 1.14469899999999
0

0101000
+817 0 -815 0 *
Ve
1e-07
12.595141 -74.494774 0
0 0

0101101
*
Ed
 1e-07 1 1 0
1  366 0 0 1.900061
0

0101000
+815 0 -813 0 *
Ve
1e-07
12.595141 -75.175209 0
0 0

0101101
*
Ed
 1e-07 1 1 0
1  367 0 0 0.680434999999989
0

0101000
+813 0 -811 0 *
Ve
1e-07
12.734459 -75.175209 0
0 0

0101101
*
Ed
 1e-07 1 1 0
1  368 0 0 0.139317999999999
0

0101000
+811 0 -809 0 *
Ve
1e-07
12.734459 -74.306831 0
0 0

0101101
*
Ed
 1e-07 1 1 0
1  369 0 0 0.868377999999993
0

0101000
+809 0 -807 0 *
Ve
1e-07
10.388301 -74.306831 0
0 0

0101101
*
Ed
 1e-07 1 1 0
1  370 0 0 2.346158
0

0101000
+807 0 -805 0 *
Ve
1e-07
10.388301 -74.48085 0
0 0

0101101
*
Ed
 1e-07 1 1 0
1  371 0 0 0.174019000000001
0

0101000
+805 0 -803 0 *
Ve
1e-07
10.490281 -74.48085 0
0 0

0101101
*
Ed
 1e-07 1 1 0
1  372 0 0 0.101979999999999
0

0101000
+803 0 -801 0 *
Ve
1e-07
10.490281 -75.436043 0
0 0

0101101
*
Ed
 1e-07 1 1 0
1  373 0 0 0.955192999999994
0

0101000
+801 0 -799 0 *
Ve
1e-07
9.532936 -75.436043 0
0 0

0101101
*
Ed
 1e-07 1 1 0
1  374 0 0 0.957345
0

0101000
+799 0 -797 0 *
Ve
1e-07
9.532684 -74.481056 0
0 0

0101101
*
Ed
 1e-07 1 1 0
1  375 0 0 0.954987033248622
0

0101000
+797 0 -795 0 *
Ve
1e-07
9.634644 -74.481056 0
0 0

0101101
*
Ed
 1e-07 1 1 0
1  376 0 0 0.10196
0

0101000
+795 0 -793 0 *
Ve
1e-07
9.634644 -74.307037 0
0 0

0101101
*
Ed
 1e-07 1 1 0
1  377 0 0 0.174019000000001
0

0101000
+793 0 -791 0 *
Ve
1e-07
9.532663 -74.307037 0
0 0

0101101
*
Ed
 1e-07 1 1 0
1  378 0 0 0.101981
0

0101000
+791 0 -789 0 *
Ve
1e-07
9.532154 -72.196991 0
0 0

0101101
*
Ed
 1e-07 1 1 0
1  379 0 0 2.11004606139226
0

0101000
+789 0 -787 0 *
Ve
1e-07
10.344535 -72.196991 0
0 0

0101101
*
Ed
 1e-07 1 1 0
1  380 0 0 0.812381
0

0101000
+787 0 -785 0 *
Ve
1e-07
10.344535 -71.721535 0
0 0

0101101
*
Ed
 1e-07 1 1 0
1  381 0 0 0.475455999999994
0

0101000
+785 0 -783 0 *
Ve
1e-07
10.228761 -71.721535 0
0 0

0101101
*
Ed
 1e-07 1 1 0
1  382 0 0 0.115774
0

0101000
+783 0 -781 0 *
Ve
1e-07
10.228761 -71.421532 0
0 0

0101101
*
Ed
 1e-07 1 1 0
1  383 0 0 0.300003000000004
0

0101000
+781 0 -779 0 *
Ve
1e-07
9.928761 -71.421532 0
0 0

0101101
*
Ed
 1e-07 1 1 0
1  384 0 0 0.300000000000001
0

0101000
+779 0 -777 0 *
Ve
1e-07
9.928761 -71.721535 0
0 0

0101101
*
Ed
 1e-07 1 1 0
1  385 0 0 0.300003000000004
0

0101000
+777 0 -775 0 *
Ve
1e-07
7.301282 -71.721535 0
0 0

0101101
*
Ed
 1e-07 1 1 0
1  386 0 0 2.627479
0

0101000
+775 0 -773 0 *
Ve
1e-07
7.301282 -72.196991 0
0 0

0101101
*
Ed
 1e-07 1 1 0
1  387 0 0 0.475455999999994
0

0101000
+773 0 -771 0 *
Ve
1e-07
9.268418 -72.196991 0
0 0

0101101
*
Ed
 1e-07 1 1 0
1  388 0 0 1.967136
0

0101000
+771 0 -769 0 *
Ve
1e-07
9.268418 -77.866707 0
0 0

0101101
*
Ed
 1e-07 1 1 0
1  389 0 0 5.66971600000001
0

0101000
+769 0 -767 0 *
Ve
1e-07
7.969954 -77.866707 0
0 0

0101101
*
Ed
 1e-07 1 1 0
1  390 0 0 1.298464
0

0101000
+767 0 -765 0 *
Ve
1e-07
7.969954 -75.436043 0
0 0

0101101
*
Ed
 1e-07 1 1 0
1  391 0 0 2.43066400000001
0

0101000
+765 0 -763 0 *
Ve
1e-07
8.285643 -75.436043 0
0 0

0101101
*
Ed
 1e-07 1 1 0
1  392 0 0 0.315689
0

0101000
+763 0 -761 0 *
Ve
1e-07
8.285643 -75.257744 0
0 0

0101101
*
Ed
 1e-07 1 1 0
1  393 0 0 0.178298999999996
0

0101000
+761 0 -759 0 *
Ve
1e-07
5.501836 -75.257744 0
0 0

0101101
*
Ed
 1e-07 1 1 0
1  394 0 0 2.783807
0

0101000
+759 0 -757 0 *
Ve
1e-07
5.501836 -75.221626 0
0 0

0101101
*
Ed
 1e-07 1 1 0
1  395 0 0 0.0361180000000019
0

0101000
+757 0 -755 0 *
Ve
1e-07
5.343752 -75.221626 0
0 0

0101101
*
Ed
 1e-07 1 1 0
1  396 0 0 0.158084
0

0101000
+755 0 -753 0 *
Ve
1e-07
5.343752 -75.436043 0
0 0

0101101
*
Ed
 1e-07 1 1 0
1  397 0 0 0.214416999999997
0

0101000
+753 0 -751 0 *
Ve
1e-07
5.902897 -75.436043 0
0 0

0101101
*
Ed
 1e-07 1 1 0
1  398 0 0 0.559145
0

0101000
+751 0 -749 0 *
Ve
1e-07
5.902897 -75.531532 0
0 0

0101101
*
Ed
 1e-07 1 1 0
1  399 0 0 0.0954890000000006
0

0101000
+749 0 -747 0 *
Ve
1e-07
6.095979 -75.531532 0
0 0

0101101
*
Ed
 1e-07 1 1 0
1  400 0 0 0.193082
0

0101000
+747 0 -745 0 *
Ve
1e-07
6.095979 -75.436043 0
0 0

0101101
*
Ed
 1e-07 1 1 0
1  401 0 0 0.0954890000000006
0

0101000
+745 0 -743 0 *
Ve
1e-07
7.678346 -75.436043 0
0 0

0101101
*
Ed
 1e-07 1 1 0
1  402 0 0 1.582367
0

0101000
+743 0 -741 0 *
Ve
1e-07
7.678346 -76.541565 0
0 0

0101101
*
Ed
 1e-07 1 1 0
1  403 0 0 1.10552200000001
0

0101000
+741 0 -739 0 *
Ve
1e-07
6.095979 -76.541565 0
0 0

0101101
*
Ed
 1e-07 1 1 0
1  404 0 0 1.582367
0

0101000
+739 0 -737 0 *
Ve
1e-07
6.095979 -76.448105 0
0 0

0101101
*
Ed
 1e-07 1 1 0
1  405 0 0 0.0934600000000074
0

0101000
+737 0 -735 0 *
Ve
1e-07
5.902897 -76.448105 0
0 0

0101101
*
Ed
 1e-07 1 1 0
1  406 0 0 0.193082
0

0101000
+735 0 -733 0 *
Ve
1e-07
5.902897 -76.541565 0
0 0

0101101
*
Ed
 1e-07 1 1 0
1  407 0 0 0.0934600000000074
0

0101000
+733 0 -731 0 *
Ve
1e-07
3.889874 -76.541565 0
0 0

0101101
*
Ed
 1e-07 1 1 0
1  408 0 0 2.013023
0

0101000
+731 0 -729 0 *
Ve
1e-07
3.889874 -79.588219 0
0 0

0101101
*
Ed
 1e-07 1 1 0
1  409 0 0 3.04665399999999
0

0101000
+729 0 -727 0 *
Ve
1e-07
3.857949 -79.588219 0
0 0

0101101
*
Ed
 1e-07 1 1 0
1  410 0 0 0.0319249999999998
0

0101000
+727 0 -725 0 *
Ve
1e-07
3.857949 -79.952881 0
0 0

0101101
*
Ed
 1e-07 1 1 0
1  411 0 0 0.36466200000001
0

0101000
+725 0 -723 0 *
Ve
1e-07
4.892698 -79.952881 0
0 0

0101101
*
Ed
 1e-07 1 1 0
1  412 0 0 1.034749
0

0101000
+723 0 -721 0 *
Ve
1e-07
4.892698 -79.588219 0
0 0

0101101
*
Ed
 1e-07 1 1 0
1  413 0 0 0.36466200000001
0

0101000
+721 0 -719 0 *
Ve
1e-07
4.241119 -79.588219 0
0 0

0101101
*
Ed
 1e-07 1 1 0
1  414 0 0 0.651579
0

0101000
+719 0 -717 0 *
Ve
1e-07
4.241119 -76.860626 0
0 0

0101101
*
Ed
 1e-07 1 1 0
1  415 0 0 2.727593
0

0101000
+717 0 -715 0 *
Ve
1e-07
6.103945 -76.860626 0
0 0

0101101
*
Ed
 1e-07 1 1 0
1  416 0 0 1.862826
0

0101000
+715 0 -713 0 *
Ve
1e-07
6.103945 -77.902473 0
0 0

0101101
*
Ed
 1e-07 1 1 0
1  417 0 0 1.041847
0

0101000
+713 0 -711 0 *
Ve
1e-07
5.522048 -77.902473 0
0 0

0101101
*
Ed
 1e-07 1 1 0
1  418 0 0 0.581897000000001
0

0101000
+711 0 -709 0 *
Ve
1e-07
5.522048 -78.080772 0
0 0

0101101
*
Ed
 1e-07 1 1 0
1  419 0 0 0.178298999999996
0

0101000
+709 0 -707 0 *
Ve
1e-07
6.103945 -78.080772 0
0 0

0101101
*
Ed
 1e-07 1 1 0
1  420 0 0 0.581897000000001
0

0101000
+707 0 -705 0 *
Ve
1e-07
6.353539 -78.076645 0
0 0

0101101
*
Ed
 1e-07 1 1 0
1  421 0 0 0.249628117336568
0

0101000
+705 0 -703 0 *
Ve
1e-07
7.359455 -78.072533 0
0 0

0101101
*
Ed
 1e-07 1 1 0
1  422 0 0 1.00592440451557
0

0101000
+703 0 -701 0 *
Ve
1e-07
7.359455 -79.588219 0
0 0

0101101
*
Ed
 1e-07 1 1 0
1  423 0 0 1.51568599999999
0

0101000
+701 0 -699 0 *
Ve
1e-07
5.791705 -79.588219 0
0 0

0101101
*
Ed
 1e-07 1 1 0
1  424 0 0 1.56775
0

0101000
+699 0 -697 0 *
Ve
1e-07
5.791705 -79.952881 0
0 0

0101101
*
Ed
 1e-07 1 1 0
1  425 0 0 0.36466200000001
0

0101000
+697 0 -695 0 *
Ve
1e-07
5.942188 -79.952881 0
0 0

0101101
*
Ed
 1e-07 1 1 0
1  426 0 0 0.150482999999999
0

0101000
+695 0 -693 0 *
Ve
1e-07
5.942188 -80.53698 0
0 0

0101101
*
Ed
 1e-07 1 1 0
1  427 0 0 0.584098999999995
0

0101000
+693 0 -691 0 *
Ve
1e-07
6.117986 -80.53698 0
0 0

0101101
*
Ed
 1e-07 1 1 0
1  428 0 0 0.175798
0

0101000
+691 0 -689 0 *
Ve
1e-07
6.117986 -79.952881 0
0 0

0101101
*
Ed
 1e-07 1 1 0
1  429 0 0 0.584098999999995
0

0101000
+689 0 -687 0 *
Ve
1e-07
7.810186 -79.952881 0
0 0

0101101
*
Ed
 1e-07 1 1 0
1  430 0 0 1.6922
0

0101000
+687 0 -685 0 *
Ve
1e-07
7.810186 -78.080772 0
0 0

0101101
*
Ed
 1e-07 1 1 0
1  431 0 0 1.87210900000001
0

0101000
+685 0 -683 0 *
Ve
1e-07
9.268418 -78.080772 0
0 0

0101101
*
Ed
 1e-07 1 1 0
1  432 0 0 1.458232
0

0101000
+683 0 -681 0 *
Ve
1e-07
9.268418 -81.465607 0
0 0

0101101
*
Ed
 1e-07 1 1 0
1  433 0 0 3.38483500000001
0

0101000
+681 0 -679 0 *
Ve
1e-07
7.639393 -81.465607 0
0 0

0101101
*
Ed
 1e-07 1 1 0
1  434 0 0 1.629025
0

0101000
+679 0 -677 0 *
Ve
1e-07
7.639393 -81.683769 0
0 0

0101101
*
Ed
 1e-07 1 1 0
1  435 0 0 0.218161999999992
0

0101000
+677 0 -675 0 *
Ve
1e-07
9.268418 -81.683769 0
0 0

0101101
*
Ed
 1e-07 1 1 0
1  436 0 0 1.629025
0

0101000
+675 0 -673 0 *
Ve
1e-07
9.268418 -84.974899 0
0 0

0101101
*
Ed
 1e-07 1 1 0
1  437 0 0 3.29113
0

0101000
+673 0 -671 0 *
Ve
1e-07
7.364445 -84.974899 0
0 0

0101101
*
Ed
 1e-07 1 1 0
1  438 0 0 1.903973
0

0101000
+671 0 -669 0 *
Ve
1e-07
7.364445 -85.443344 0
0 0

0101101
*
Ed
 1e-07 1 1 0
1  439 0 0 0.468445000000003
0

0101000
+669 0 -667 0 *
Ve
1e-07
6.211462 -85.443344 0
0 0

0101101
*
Ed
 1e-07 1 1 0
1  440 0 0 1.152983
0

0101000
+667 0 -665 0 *
Ve
1e-07
6.211462 -84.974899 0
0 0

0101101
*
Ed
 1e-07 1 1 0
1  441 0 0 0.468445000000003
0

0101000
+665 0 -663 0 *
Ve
1e-07
6.117986 -84.974899 0
0 0

0101101
*
Ed
 1e-07 1 1 0
1  442 0 0 0.0934759999999999
0

0101000
+663 0 -661 0 *
Ve
1e-07
6.117986 -81.408974 0
0 0

0101101
*
Ed
 1e-07 1 1 0
1  443 0 0 3.56592499999999
0

0101000
+661 0 -659 0 *
Ve
1e-07
5.942188 -81.408974 0
0 0

0101101
*
Ed
 1e-07 1 1 0
1  444 0 0 0.175798
0

0101000
+659 0 -657 0 *
Ve
1e-07
5.942188 -84.974899 0
0 0

0101101
*
Ed
 1e-07 1 1 0
1  445 0 0 3.56592499999999
0

0101000
+657 0 -655 0 *
Ve
1e-07
4.126427 -84.974899 0
0 0

0101101
*
Ed
 1e-07 1 1 0
1  446 0 0 1.815761
0

0101000
+655 0 -653 0 *
Ve
1e-07
4.126427 -85.443344 0
0 0

0101101
*
Ed
 1e-07 1 1 0
1  447 0 0 0.468445000000003
0

0101000
+653 0 -651 0 *
Ve
1e-07
3.025899 -85.443344 0
0 0

0101101
*
Ed
 1e-07 1 1 0
1  448 0 0 1.100528
0

0101000
+651 0 -649 0 *
Ve
1e-07
3.025899 -84.974899 0
0 0

0101101
*
Ed
 1e-07 1 1 0
1  449 0 0 0.468445000000003
0

0101000
+649 0 -647 0 *
Ve
1e-07
1.594038 -84.974899 0
0 0

0101101
*
Ed
 1e-07 1 1 0
1  450 0 0 1.431861
0

0101000
+647 0 -645 0 *
Ve
1e-07
1.594038 -85.443344 0
0 0

0101101
*
Ed
 1e-07 1 1 0
1  451 0 0 0.468445000000003
0

0101000
+645 0 -643 0 *
Ve
1e-07
2.687165 -85.443344 0
0 0

0101101
*
Ed
 1e-07 1 1 0
1  452 0 0 1.093127
0

0101000
+643 0 -641 0 *
Ve
1e-07
2.687165 -87.544144 0
0 0

0101101
*
Ed
 1e-07 1 1 0
1  453 0 0 2.10080000000001
0

0101000
+641 0 -639 0 *
Ve
1e-07
-1.015486 -87.544144 0
0 0

0101101
*
Ed
 1e-07 1 1 0
1  454 0 0 3.702651
0

0101000
+639 0 -637 0 *
Ve
1e-07
-1.015486 -85.443344 0
0 0

0101101
*
Ed
 1e-07 1 1 0
1  455 0 0 2.10080000000001
0

0101000
+637 0 -635 0 *
Ve
1e-07
-0.361733 -85.443344 0
0 0

0101101
*
Ed
 1e-07 1 1 0
1  456 0 0 0.653753
0

0101000
+635 0 -633 0 *
Ve
1e-07
-0.361733 -84.974899 0
0 0

0101101
*
Ed
 1e-07 1 1 0
1  457 0 0 0.468445000000003
0

0101000
+633 0 -631 0 *
Ve
1e-07
-0.540029 -84.974899 0
0 0

0101101
*
Ed
 1e-07 1 1 0
1  458 0 0 0.178296
0

0101000
+631 0 -629 0 *
Ve
1e-07
-0.540029 -84.388039 0
0 0

0101101
*
Ed
 1e-07 1 1 0
1  459 0 0 0.586859999999987
0

0101000
+629 0 -627 0 *
Ve
1e-07
-1.015486 -84.388039 0
0 0

0101101
*
Ed
 1e-07 1 1 0
1  460 0 0 0.475457
0

0101000
+627 0 -625 0 *
Ve
1e-07
-1.015486 -83.301544 0
0 0

0101101
*
Ed
 1e-07 1 1 0
1  461 0 0 1.086495
0

0101000
+625 0 -623 0 *
Ve
1e-07
-0.540029 -83.301544 0
0 0

0101101
*
Ed
 1e-07 1 1 0
1  462 0 0 0.475457
0

0101000
+623 0 -621 0 *
Ve
1e-07
-0.540029 -81.977928 0
0 0

0101101
*
Ed
 1e-07 1 1 0
1  463 0 0 1.323616
0

0101000
+621 0 -619 0 *
Ve
1e-07
-1.015486 -81.977928 0
0 0

0101101
*
Ed
 1e-07 1 1 0
1  464 0 0 0.475457
0

0101000
+619 0 -617 0 *
Ve
1e-07
-1.015486 -82.587715 0
0 0

0101101
*
Ed
 1e-07 1 1 0
1  465 0 0 0.609786999999997
0

0101000
+617 0 -615 0 *
Ve
1e-07
-3.037132 -82.587715 0
0 0

0101101
*
Ed
 1e-07 1 1 0
1  466 0 0 2.021646
0

0101000
+615 0 -613 0 *
Ve
1e-07
-3.067344 -76.741707 0
0 0

0101101
*
Ed
 1e-07 1 1 0
1  467 0 0 5.84608606684917
0

0101000
+613 0 -611 0 *
Ve
1e-07
-1.015486 -76.741707 0
0 0

0101101
*
Ed
 1e-07 1 1 0
1  468 0 0 2.051858
0

0101000
+611 0 -609 0 *
Ve
1e-07
-1.015486 -77.541107 0
0 0

0101101
*
Ed
 1e-07 1 1 0
1  469 0 0 0.799399999999991
0

0101000
+609 0 -607 0 *
Ve
1e-07
-0.540029 -77.541107 0
0 0

0101101
*
Ed
 1e-07 1 1 0
1  470 0 0 0.475457
0

0101000
+607 0 -605 0 *
Ve
1e-07
-0.540029 -76.067078 0
0 0

0101101
*
Ed
 1e-07 1 1 0
1  471 0 0 1.474029
0

0101000
+605 0 -603 0 *
Ve
1e-07
-1.015486 -76.067078 0
0 0

0101101
*
Ed
 1e-07 1 1 0
1  472 0 0 0.475457
0

0101000
+603 0 -601 0 *
Ve
1e-07
-1.015486 -74.69339 0
0 0

0101101
*
Ed
 1e-07 1 1 0
1  473 0 0 1.373688
0

0101000
+601 0 -599 0 *
Ve
1e-07
-0.540029 -74.69339 0
0 0

0101101
*
Ed
 1e-07 1 1 0
1  474 0 0 0.475457
0

0101000
+599 0 -597 0 *
Ve
1e-07
-0.540029 -73.953629 0
0 0

0101101
*
Ed
 1e-07 1 1 0
1  475 0 0 0.739760999999987
0

0101000
+597 0 -595 0 *
Ve
1e-07
-1.015486 -73.953629 0
0 0

0101101
*
Ed
 1e-07 1 1 0
1  476 0 0 0.475457
0

0101000
+595 0 -593 0 *
Ve
1e-07
-1.015486 -72.853294 0
0 0

0101101
*
Ed
 1e-07 1 1 0
1  477 0 0 1.100335
0

0101000
+593 0 -591 0 *
Ve
1e-07
-0.540029 -72.853294 0
0 0

0101101
*
Ed
 1e-07 1 1 0
1  478 0 0 0.475457
0

0101000
+591 0 -589 0 *
Ve
1e-07
-0.540029 -72.196991 0
0 0

0101101
*
Ed
 1e-07 1 1 0
1  479 0 0 0.656303000000008
0

0101000
+589 0 -587 0 *
Ve
1e-07
2.488267 -72.196991 0
0 0

0101101
*
Ed
 1e-07 1 1 0
1  480 0 0 3.028296
0

0101000
+587 0 -585 0 *
Ve
1e-07
2.488267 -74.306831 0
0 0

0101101
*
Ed
 1e-07 1 1 0
1  481 0 0 2.10984000000001
0

0101000
+585 0 -583 0 *
Ve
1e-07
2.63959 -74.306831 0
0 0

0101101
*
Ed
 1e-07 1 1 0
1  482 0 0 0.151323
0

0101000
+583 0 -581 0 *
Ve
1e-07
2.63959 -72.196991 0
0 0

0101101
*
Ed
 1e-07 1 1 0
1  483 0 0 2.10984000000001
0

0101000
+581 0 -579 0 *
Ve
1e-07
3.204195 -72.196991 0
0 0

0101101
*
Ed
 1e-07 1 1 0
1  484 0 0 0.564605
0

0101000
+579 0 -577 0 *
Ve
1e-07
3.204195 -71.721535 0
0 0

0101101
*
Ed
 1e-07 1 1 0
1  485 0 0 0.475455999999994
0

0101000
+577 0 -575 0 *
Ve
1e-07
-0.586657 -71.721535 0
0 0

0101101
*
Ed
 1e-07 1 1 0
1  486 0 0 3.790852
0

0101000
+575 0 -573 0 *
Ve
1e-07
-0.586657 -71.421532 0
0 0

0101101
*
Ed
 1e-07 1 1 0
1  487 0 0 0.300003000000004
0

0101000
+573 0 -571 0 *
Ve
1e-07
-0.886657 -71.421532 0
0 0

0101101
*
Ed
 1e-07 1 1 0
1  488 0 0 0.3
0

0101000
+571 0 -569 0 *
Ve
1e-07
-0.886657 -71.721535 0
0 0

0101101
*
Ed
 1e-07 1 1 0
1  489 0 0 0.300003000000004
0

0101000
+569 0 -567 0 *
Ve
1e-07
-1.015486 -71.721535 0
0 0

0101101
*
Ed
 1e-07 1 1 0
1  490 0 0 0.128829
0

0101000
+567 0 -565 0 *
Ve
1e-07
-1.015486 -68.708252 0
0 0

0101101
*
Ed
 1e-07 1 1 0
1  491 0 0 3.013283
0

0101000
+565 0 -563 0 *
Ve
1e-07
0.167783 -68.708252 0
0 0

0101101
*
Ed
 1e-07 1 1 0
1  492 0 0 1.183269
0

0101000
+563 0 -561 0 *
Ve
1e-07
0.167783 -70.051285 0
0 0

0101101
*
Ed
 1e-07 1 1 0
1  493 0 0 1.34303299999999
0

0101000
+561 0 -559 0 *
Ve
1e-07
4.47084 -70.051285 0
0 0

0101101
*
Ed
 1e-07 1 1 0
1  494 0 0 4.303057
0

0101000
+559 0 -557 0 *
Ve
1e-07
4.47084 -70.35128 0
0 0

0101101
*
Ed
 1e-07 1 1 0
1  495 0 0 0.29999500000001
0

0101000
+557 0 -555 0 *
Ve
1e-07
4.770841 -70.35128 0
0 0

0101101
*
Ed
 1e-07 1 1 0
1  496 0 0 0.300001
0

0101000
+555 0 -553 0 *
Ve
1e-07
4.770841 -70.051285 0
0 0

0101101
*
Ed
 1e-07 1 1 0
1  497 0 0 0.29999500000001
0

0101000
+553 0 -551 0 *
Ve
1e-07
5.882743 -70.051285 0
0 0

0101101
*
Ed
 1e-07 1 1 0
1  498 0 0 1.111902
0

0101000
+551 0 -549 0 *
Ve
1e-07
5.882743 -68.708252 0
0 0

0101101
*
Ed
 1e-07 1 1 0
1  499 0 0 1.34303299999999
0

0101000
+549 0 -547 0 *
Ve
1e-07
10.228761 -68.708252 0
0 0

0101101
*
Ed
 1e-07 1 1 0
1  500 0 0 4.346018
0

0101000
+547 0 -545 0 *
Ve
1e-07
10.228761 -69.016655 0
0 0

0101101
*
Ed
 1e-07 1 1 0
1  501 0 0 0.308402999999998
0

0101000
+545 0 -543 0 *
Ve
1e-07
15.566109 -69.016655 0
0 0

0101101
*
Ed
 1e-07 1 1 0
1  502 0 0 5.337348
0

0101000
+543 0 -541 0 *
Ve
1e-07
15.566109 -70.034538 0
0 0

0101101
*
Ed
 1e-07 1 1 0
1  503 0 0 1.017883
0

0101000
+541 0 -539 0 *
Ve
1e-07
15.266109 -70.034538 0
0 0

0101101
*
Ed
 1e-07 1 1 0
1  504 0 0 0.300000000000001
0

0101000
+539 0 -537 0 *
Ve
1e-07
15.266109 -70.35128 0
0 0

0101101
*
Ed
 1e-07 1 1 0
1  505 0 0 0.316742000000005
0

0101000
+537 0 -535 0 *
Ve
1e-07
15.582855 -70.35128 0
0 0

0101101
*
Ed
 1e-07 1 1 0
1  506 0 0 0.316746
0

0101000
+535 0 -533 0 *
Ve
1e-07
15.582855 -70.051285 0
0 0

0101101
*
Ed
 1e-07 1 1 0
1  507 0 0 0.29999500000001
0

0101000
+533 0 -531 0 *
Ve
1e-07
20.271152 -70.051285 0
0 0

0101101
*
Ed
 1e-07 1 1 0
1  508 0 0 4.688297
0

0101000
+531 0 -529 0 *
Ve
1e-07
20.271152 -70.35128 0
0 0

0101101
*
Ed
 1e-07 1 1 0
1  509 0 0 0.29999500000001
0

0101000
+529 0 -527 0 *
Ve
1e-07
20.587898 -70.35128 0
0 0

0101101
*
Ed
 1e-07 1 1 0
1  510 0 0 0.316745999999998
0

0101000
+527 0 -525 0 *
Ve
1e-07
20.587898 -70.034538 0
0 0

0101101
*
Ed
 1e-07 1 1 0
1  511 0 0 0.316742000000005
0

0101000
+525 0 -523 0 *
Ve
1e-07
20.287899 -70.034538 0
0 0

0101101
*
Ed
 1e-07 1 1 0
1  512 0 0 0.299999
0

0101000
+523 0 -521 0 *
Ve
1e-07
20.287899 -69.016655 0
0 0

0101101
*
Ed
 1e-07 1 1 0
1  513 0 0 1.017883
0

0101000
+521 0 -519 0 *
Ve
1e-07
28.017544 -69.016655 0
0 0

0101101
*
Ed
 1e-07 1 1 0
1  514 0 0 7.729645
0

0101000
+519 0 -517 0 *
Ve
1e-07
28.017544 -70.034538 0
0 0

0101101
*
Ed
 1e-07 1 1 0
1  515 0 0 1.017883
0

0101000
+517 0 -515 0 *
Ve
1e-07
27.717545 -70.034538 0
0 0

0101101
*
Ed
 1e-07 1 1 0
1  516 0 0 0.299999
0

0101000
+515 0 -513 0 *
Ve
1e-07
27.717545 -70.35128 0
0 0

0101101
*
Ed
 1e-07 1 1 0
1  517 0 0 0.316742000000005
0

0101000
+513 0 -511 0 *
Ve
1e-07
28.03429 -70.35128 0
0 0

0101101
*
Ed
 1e-07 1 1 0
1  518 0 0 0.316744999999997
0

0101000
+511 0 -509 0 *
Ve
1e-07
28.03429 -70.051285 0
0 0

0101101
*
Ed
 1e-07 1 1 0
1  519 0 0 0.29999500000001
0

0101000
+509 0 -507 0 *
Ve
1e-07
34.034794 -70.051285 0
0 0

0101101
*
Ed
 1e-07 1 1 0
1  520 0 0 6.000504
0

0101000
+507 0 -505 0 *
Ve
1e-07
34.034794 -70.35128 0
0 0

0101101
*
Ed
 1e-07 1 1 0
1  521 0 0 0.29999500000001
0

0101000
+505 0 -503 0 *
Ve
1e-07
34.351543 -70.35128 0
0 0

0101101
*
Ed
 1e-07 1 1 0
1  522 0 0 0.316749000000002
0

0101000
+503 0 -501 0 *
Ve
1e-07
34.351543 -70.034538 0
0 0

0101101
*
Ed
 1e-07 1 1 0
1  523 0 0 0.316742000000005
0

0101000
+501 0 -499 0 *
Ve
1e-07
34.05154 -70.034538 0
0 0

0101101
*
Ed
 1e-07 1 1 0
1  524 0 0 0.300002999999997
0

0101000
+499 0 -497 0 *
Ve
1e-07
34.05154 -69.016655 0
0 0

0101101
*
Ed
 1e-07 1 1 0
1  525 0 0 1.017883
0

0101000
+497 0 -495 0 *
Ve
1e-07
39.408653 -69.016655 0
0 0

0101101
*
Ed
 1e-07 1 1 0
1  526 0 0 5.357113
0

0101000
+495 0 -493 0 *
Ve
1e-07
39.408653 -70.034538 0
0 0

0101101
*
Ed
 1e-07 1 1 0
1  527 0 0 1.017883
0

0101000
+493 0 -491 0 *
Ve
1e-07
39.108654 -70.034538 0
0 0

0101101
*
Ed
 1e-07 1 1 0
1  528 0 0 0.299999
0

0101000
+491 0 -489 0 *
Ve
1e-07
39.108654 -70.35128 0
0 0

0101101
*
Ed
 1e-07 1 1 0
1  529 0 0 0.316742000000005
0

0101000
+489 0 -487 0 *
Ve
1e-07
39.4254 -70.35128 0
0 0

0101101
*
Ed
 1e-07 1 1 0
1  530 0 0 0.316746000000002
0

0101000
+487 0 -485 0 *
Ve
1e-07
39.4254 -70.051285 0
0 0

0101101
*
Ed
 1e-07 1 1 0
1  531 0 0 0.29999500000001
0

0101000
+485 0 -483 0 *
Ve
1e-07
44.384533 -70.051285 0
0 0

0101101
*
Ed
 1e-07 1 1 0
1  532 0 0 4.95913299999999
0

0101000
+483 0 -481 0 *
Ve
1e-07
44.384533 -70.35128 0
0 0

0101101
*
Ed
 1e-07 1 1 0
1  533 0 0 0.29999500000001
0

0101000
+481 0 -479 0 *
Ve
1e-07
44.701279 -70.35128 0
0 0

0101101
*
Ed
 1e-07 1 1 0
1  534 0 0 0.316746000000002
0

0101000
+479 0 -477 0 *
Ve
1e-07
44.701279 -70.034538 0
0 0

0101101
*
Ed
 1e-07 1 1 0
1  535 0 0 0.316742000000005
0

0101000
+477 0 -475 0 *
Ve
1e-07
44.401279 -70.034538 0
0 0

0101101
*
Ed
 1e-07 1 1 0
1  536 0 0 0.299999999999997
0

0101000
+475 0 -473 0 *
Ve
1e-07
44.401279 -69.016655 0
0 0

0101101
*
Ed
 1e-07 1 1 0
1  537 0 0 1.017883
0

0101000
+473 0 -471 0 *
Ve
1e-07
49.600773 -69.016655 0
0 0

0101101
*
Ed
 1e-07 1 1 0
1  538 0 0 5.19949399999999
0

0101000
+471 0 -469 0 *
Ve
1e-07
49.600773 -68.693199 0
0 0

0101101
*
Ed
 1e-07 1 1 0
1  539 0 0 0.323455999999993
0

0101000
+469 0 -467 0 *
Ve
1e-07
53.469471 -68.693199 0
0 0

0101101
*
Ed
 1e-07 1 1 0
1  540 0 0 3.868698
0

0101000
+467 0 -465 0 *
Ve
1e-07
53.469471 -70.051285 0
0 0

0101101
*
Ed
 1e-07 1 1 0
1  541 0 0 1.35808599999999
0

0101000
+465 0 -463 0 *
Ve
1e-07
54.803856 -70.051285 0
0 0

0101101
*
Ed
 1e-07 1 1 0
1  542 0 0 1.334385
0

0101000
+463 0 -461 0 *
Ve
1e-07
54.803856 -70.35128 0
0 0

0101101
*
Ed
 1e-07 1 1 0
1  543 0 0 0.29999500000001
0

0101000
+461 0 -459 0 *
Ve
1e-07
55.103855 -70.35128 0
0 0

0101101
*
Ed
 1e-07 1 1 0
1  544 0 0 0.299999
0

0101000
+459 0 -457 0 *
Ve
1e-07
55.103855 -70.051285 0
0 0

0101101
*
Ed
 1e-07 1 1 0
1  545 0 0 0.29999500000001
0

0101000
+457 0 -455 0 *
Ve
1e-07
59.240692 -70.051285 0
0 0

0101101
*
Ed
 1e-07 1 1 0
1  546 0 0 4.136837
0

0101000
+455 0 -453 0 *
Ve
1e-07
59.240692 -68.693199 0
0 0

0101101
*
Ed
 1e-07 1 1 0
1  547 0 0 1.35808599999999
0

0101000
+453 0 -451 0 *
Ve
1e-07
60.379448 -68.693199 0
0 0

0101101
*
Ed
 1e-07 1 1 0
1  548 0 0 1.13875599999999
0

0101000
+451 0 -449 0 *
Ve
1e-07
60.379448 -71.721535 0
0 0

0101101
*
Ed
 1e-07 1 1 0
1  549 0 0 3.028336
0

0101000
+449 0 -447 0 *
Ve
1e-07
60.291817 -71.721535 0
0 0

0101101
*
Ed
 1e-07 1 1 0
1  550 0 0 0.0876309999999947
0

0101000
+447 0 -445 0 *
Ve
1e-07
60.291817 -71.421532 0
0 0

0101101
*
Ed
 1e-07 1 1 0
1  551 0 0 0.300003000000004
0

0101000
+445 0 -443 0 *
Ve
1e-07
59.991814 -71.421532 0
0 0

0101101
*
Ed
 1e-07 1 1 0
1  552 0 0 0.300003000000004
0

0101000
+443 0 -441 0 *
Ve
1e-07
59.991814 -71.721535 0
0 0

0101101
*
Ed
 1e-07 1 1 0
1  553 0 0 0.300003000000004
0

0101000
+441 0 -439 0 *
Ve
1e-07
56.619835 -71.721535 0
0 0

0101101
*
Ed
 1e-07 1 1 0
1  554 0 0 3.371979
0

0101000
+439 0 -437 0 *
Ve
1e-07
56.619835 -72.196991 0
0 0

0101101
*
Ed
 1e-07 1 1 0
1  555 0 0 0.475455999999994
0

0101000
+437 0 -435 0 *
Ve
1e-07
56.803448 -72.196991 0
0 0

0101101
*
Ed
 1e-07 1 1 0
1  556 0 0 0.183613000000001
0

0101000
+435 0 -433 0 *
Ve
1e-07
56.803448 -74.158249 0
0 0

0101101
*
Ed
 1e-07 1 1 0
1  557 0 0 1.961258
0

0101000
+433 0 -431 0 *
Ve
1e-07
56.981743 -74.158249 0
0 0

0101101
*
Ed
 1e-07 1 1 0
1  558 0 0 0.178294999999999
0

0101000
+431 0 -429 0 *
Ve
1e-07
56.981743 -72.200996 0
0 0

0101101
*
Ed
 1e-07 1 1 0
1  559 0 0 1.95725299999999
0

0101000
+429 0 -427 0 *
Ve
1e-07
60.015644 -72.196991 0
0 0

0101101
*
Ed
 1e-07 1 1 0
1  560 0 0 3.03390364346431
0

0101000
+427 0 -425 0 *
Ve
1e-07
60.015644 -72.613014 0
0 0

0101101
*
Ed
 1e-07 1 1 0
1  561 0 0 0.41602300000001
0

0101000
+425 0 -423 0 *
Ve
1e-07
60.379395 -72.613014 0
0 0

0101101
*
Ed
 1e-07 1 1 0
1  562 0 0 0.363751000000001
0

0101000
+423 0 -421 0 *
Ve
1e-07
60.379311 -74.046402 0
0 0

0101101
*
Ed
 1e-07 1 1 0
1  563 0 0 1.4333880024613
0

0101000
+421 0 -419 0 *
Ve
1e-07
60.015644 -74.046402 0
0 0

0101101
*
Ed
 1e-07 1 1 0
1  564 0 0 0.363667
0

0101000
+419 0 -417 0 *
Ve
1e-07
60.015644 -75.762917 0
0 0

0101101
*
Ed
 1e-07 1 1 0
1  565 0 0 1.716515
0

0101000
+417 0 -415 0 *
Ve
1e-07
56.986015 -75.762871 0
0 0

0101101
*
Ed
 1e-07 1 1 0
1  566 0 0 3.02962900034922
0

0101000
+415 0 -413 0 *
Ve
1e-07
56.986015 -75.109123 0
0 0

0101101
*
Ed
 1e-07 1 1 0
1  567 0 0 0.653748000000007
0

0101000
+413 0 -411 0 *
Ve
1e-07
56.833164 -75.109161 0
0 0

0101101
*
Ed
 1e-07 1 1 0
1  568 0 0 0.15285100472356
0

0101000
+411 0 -409 0 *
Ve
1e-07
56.833164 -76.565254 0
0 0

0101101
*
Ed
 1e-07 1 1 0
1  569 0 0 1.456093
0

0101000
+409 0 -407 0 *
Ve
1e-07
56.987072 -76.565208 0
0 0

0101101
*
Ed
 1e-07 1 1 0
1  570 0 0 0.153908006874238
0

0101000
+407 0 -405 0 *
Ve
1e-07
56.987072 -75.911453 0
0 0

0101101
*
Ed
 1e-07 1 1 0
1  571 0 0 0.653755000000004
0

0101000
+405 0 -403 0 *
Ve
1e-07
60.015644 -75.911499 0
0 0

0101101
*
Ed
 1e-07 1 1 0
1  572 0 0 3.02857200034934
0

0101000
+403 0 -401 0 *
Ve
1e-07
60.015644 -77.427017 0
0 0

0101101
*
Ed
 1e-07 1 1 0
1  573 0 0 1.515518
0

0101000
+401 0 -399 0 *
Ve
1e-07
60.379112 -77.427017 0
0 0

0101101
*
Ed
 1e-07 1 1 0
1  574 0 0 0.363467999999997
0

0101000
+399 0 -397 0 *
Ve
1e-07
60.379032 -78.800972 0
0 0

0101101
*
Ed
 1e-07 1 1 0
1  575 0 0 1.37395500232904
0

0101000
+397 0 -395 0 *
Ve
1e-07
60.015644 -78.800972 0
0 0

0101101
*
Ed
 1e-07 1 1 0
1  576 0 0 0.363388
0

0101000
+395 0 -393 0 *
Ve
1e-07
60.015644 -79.589073 0
0 0

0101101
*
Ed
 1e-07 1 1 0
1  577 0 0 0.788100999999997
0

0101000
+393 0 -391 0 *
Ve
1e-07
56.991016 -79.589149 0
0 0

0101101
*
Ed
 1e-07 1 1 0
1  578 0 0 3.02462800095483
0

0101000
+391 0 -389 0 *
Ve
1e-07
56.991016 -78.911819 0
0 0

0101101
*
Ed
 1e-07 1 1 0
1  579 0 0 0.677330000000012
0

0101000
+389 0 -387 0 *
Ve
1e-07
56.833164 -78.911743 0
0 0

0101101
*
Ed
 1e-07 1 1 0
1  580 0 0 0.157852018295623
0

0101000
+387 0 -385 0 *
Ve
1e-07
56.833164 -79.901672 0
0 0

0101101
*
Ed
 1e-07 1 1 0
1  581 0 0 0.989929000000004
0

0101000
+385 0 -383 0 *
Ve
1e-07
57.206207 -79.901672 0
0 0

0101101
*
Ed
 1e-07 1 1 0
1  582 0 0 0.373043000000003
0

0101000
+383 0 -381 0 *
Ve
1e-07
57.206207 -79.737656 0
0 0

0101101
*
Ed
 1e-07 1 1 0
1  583 0 0 0.164016000000004
0

0101000
+381 0 -379 0 *
Ve
1e-07
60.015644 -79.737656 0
0 0

0101101
*
Ed
 1e-07 1 1 0
1  584 0 0 2.809437
0

0101000
+379 0 -377 0 *
Ve
1e-07
60.015644 -80.220329 0
0 0

0101101
*
Ed
 1e-07 1 1 0
1  585 0 0 0.482673000000005
0

0101000
+377 0 -375 0 *
Ve
1e-07
60.378677 -80.220329 0
0 0

0101101
*
Ed
 1e-07 1 1 0
1  586 0 0 0.363033000000001
0

0101000
+375 0 -373 0 *
Ve
1e-07
60.378979 -79.66391 0
0 0

0101101
*
Ed
 1e-07 1 1 0
1  587 0 0 0.556419081956223
0

0101000
+373 0 -371 0 *
Ve
1e-07
62.408566 -79.66391 0
0 0

0101101
*
Ed
 1e-07 1 1 0
1  588 0 0 2.029587
0

0101000
+371 0 -369 0 *
Ed
 1e-07 1 1 0
1  589 0 0 5.77943399999999
0

0101000
+369 0 -1544 0 *
Wi

0101100
+1542 0 +1540 0 +1538 0 +1536 0 +1534 0 +1532 0 +1530 0 +1528 0 +1526 0 +1524 0 
+1522 0 +1520 0 +1518 0 +1516 0 +1514 0 +1512 0 +1510 0 +1508 0 +1506 0 +1504 0 
+1502 0 +1500 0 +1498 0 +1496 0 +1494 0 +1492 0 +1490 0 +1488 0 +1486 0 +1484 0 
+1482 0 +1480 0 +1478 0 +1476 0 +1474 0 +1472 0 +1470 0 +1468 0 +1466 0 +1464 0 
+1462 0 +1460 0 +1458 0 +1456 0 +1454 0 +1452 0 +1450 0 +1448 0 +1446 0 +1444 0 
+1442 0 +1440 0 +1438 0 +1436 0 +1434 0 +1432 0 +1430 0 +1428 0 +1426 0 +1424 0 
+1422 0 +1420 0 +1418 0 +1416 0 +1414 0 +1412 0 +1410 0 +1408 0 +1406 0 +1404 0 
+1402 0 +1400 0 +1398 0 +1396 0 +1394 0 +1392 0 +1390 0 +1388 0 +1386 0 +1384 0 
+1382 0 +1380 0 +1378 0 +1376 0 +1374 0 +1372 0 +1370 0 +1368 0 +1366 0 +1364 0 
+1362 0 +1360 0 +1358 0 +1356 0 +1354 0 +1352 0 +1350 0 +1348 0 +1346 0 +1344 0 
+1342 0 +1340 0 +1338 0 +1336 0 +1334 0 +1332 0 +1330 0 +1328 0 +1326 0 +1324 0 
+1322 0 +1320 0 +1318 0 +1316 0 +1314 0 +1312 0 +1310 0 +1308 0 +1306 0 +1304 0 
+1302 0 +1300 0 +1298 0 +1296 0 +1294 0 +1292 0 +1290 0 +1288 0 +1286 0 +1284 0 
+1282 0 +1280 0 +1278 0 +1276 0 +1274 0 +1272 0 +1270 0 +1268 0 +1266 0 +1264 0 
+1262 0 +1260 0 +1258 0 +1256 0 +1254 0 +1252 0 +1250 0 +1248 0 +1246 0 +1244 0 
+1242 0 +1240 0 +1238 0 +1236 0 +1234 0 +1232 0 +1230 0 +1228 0 +1226 0 +1224 0 
+1222 0 +1220 0 +1218 0 +1216 0 +1214 0 +1212 0 +1210 0 +1208 0 +1206 0 +1204 0 
+1202 0 +1200 0 +1198 0 +1196 0 +1194 0 +1192 0 +1190 0 +1188 0 +1186 0 +1184 0 
+1182 0 +1180 0 +1178 0 +1176 0 +1174 0 +1172 0 +1170 0 +1168 0 +1166 0 +1164 0 
+1162 0 +1160 0 +1158 0 +1156 0 +1154 0 +1152 0 +1150 0 +1148 0 +1146 0 +1144 0 
+1142 0 +1140 0 +1138 0 +1136 0 +1134 0 +1132 0 +1130 0 +1128 0 +1126 0 +1124 0 
+1122 0 +1120 0 +1118 0 +1116 0 +1114 0 +1112 0 +1110 0 +1108 0 +1106 0 +1104 0 
+1102 0 +1100 0 +1098 0 +1096 0 +1094 0 +1092 0 +1090 0 +1088 0 +1086 0 +1084 0 
+1082 0 +1080 0 +1078 0 +1076 0 +1074 0 +1072 0 +1070 0 +1068 0 +1066 0 +1064 0 
+1062 0 +1060 0 +1058 0 +1056 0 +1054 0 +1052 0 +1050 0 +1048 0 +1046 0 +1044 0 
+1042 0 +1040 0 +1038 0 +1036 0 +1034 0 +1032 0 +1030 0 +1028 0 +1026 0 +1024 0 
+1022 0 +1020 0 +1018 0 +1016 0 +1014 0 +1012 0 +1010 0 +1008 0 +1006 0 +1004 0 
+1002 0 +1000 0 +998 0 +996 0 +994 0 +992 0 +990 0 +988 0 +986 0 +984 0 
+982 0 +980 0 +978 0 +976 0 +974 0 +972 0 +970 0 +968 0 +966 0 +964 0 
+962 0 +960 0 +958 0 +956 0 +954 0 +952 0 +950 0 +948 0 +946 0 +944 0 
+942 0 +940 0 +938 0 +936 0 +934 0 +932 0 +930 0 +928 0 +926 0 +924 0 
+922 0 +920 0 +918 0 +916 0 +914 0 +912 0 +910 0 +908 0 +906 0 +904 0 
+902 0 +900 0 +898 0 +896 0 +894 0 +892 0 +890 0 +888 0 +886 0 +884 0 
+882 0 +880 0 +878 0 +876 0 +874 0 +872 0 +870 0 +868 0 +866 0 +864 0 
+862 0 +860 0 +858 0 +856 0 +854 0 +852 0 +850 0 +848 0 +846 0 +844 0 
+842 0 +840 0 +838 0 +836 0 +834 0 +832 0 +830 0 +828 0 +826 0 +824 0 
+822 0 +820 0 +818 0 +816 0 +814 0 +812 0 +810 0 +808 0 +806 0 +804 0 
+802 0 +800 0 +798 0 +796 0 +794 0 +792 0 +790 0 +788 0 +786 0 +784 0 
+782 0 +780 0 +778 0 +776 0 +774 0 +772 0 +770 0 +768 0 +766 0 +764 0 
+762 0 +760 0 +758 0 +756 0 +754 0 +752 0 +750 0 +748 0 +746 0 +744 0 
+742 0 +740 0 +738 0 +736 0 +734 0 +732 0 +730 0 +728 0 +726 0 +724 0 
+722 0 +720 0 +718 0 +716 0 +714 0 +712 0 +710 0 +708 0 +706 0 +704 0 
+702 0 +700 0 +698 0 +696 0 +694 0 +692 0 +690 0 +688 0 +686 0 +684 0 
+682 0 +680 0 +678 0 +676 0 +674 0 +672 0 +670 0 +668 0 +666 0 +664 0 
+662 0 +660 0 +658 0 +656 0 +654 0 +652 0 +650 0 +648 0 +646 0 +644 0 
+642 0 +640 0 +638 0 +636 0 +634 0 +632 0 +630 0 +628 0 +626 0 +624 0 
+622 0 +620 0 +618 0 +616 0 +614 0 +612 0 +610 0 +608 0 +606 0 +604 0 
+602 0 +600 0 +598 0 +596 0 +594 0 +592 0 +590 0 +588 0 +586 0 +584 0 
+582 0 +580 0 +578 0 +576 0 +574 0 +572 0 +570 0 +568 0 +566 0 +564 0 
+562 0 +560 0 +558 0 +556 0 +554 0 +552 0 +550 0 +548 0 +546 0 +544 0 
+542 0 +540 0 +538 0 +536 0 +534 0 +532 0 +530 0 +528 0 +526 0 +524 0 
+522 0 +520 0 +518 0 +516 0 +514 0 +512 0 +510 0 +508 0 +506 0 +504 0 
+502 0 +500 0 +498 0 +496 0 +494 0 +492 0 +490 0 +488 0 +486 0 +484 0 
+482 0 +480 0 +478 0 +476 0 +474 0 +472 0 +470 0 +468 0 +466 0 +464 0 
+462 0 +460 0 +458 0 +456 0 +454 0 +452 0 +450 0 +448 0 +446 0 +444 0 
+442 0 +440 0 +438 0 +436 0 +434 0 +432 0 +430 0 +428 0 +426 0 +424 0 
+422 0 +420 0 +418 0 +416 0 +414 0 +412 0 +410 0 +408 0 +406 0 +404 0 
+402 0 +400 0 +398 0 +396 0 +394 0 +392 0 +390 0 +388 0 +386 0 +384 0 
+382 0 +380 0 +378 0 +376 0 +374 0 +372 0 +370 0 +368 0 +367 0 *
Ve
1e-07
49.600773 -70.35128 0
0 0

0101101
*
Ve
1e-07
49.900772 -70.35128 0
0 0

0101101
*
Ed
 1e-07 1 1 0
1  590 0 0 0.299999000000007
2  1 2 0 0 0.299999000000007
2  2 3 0 0 0.299999000000007
0

0101000
+365 0 -364 0 *
Ve
1e-07
49.900772 -70.051285 0
0 0

0101101
*
Ed
 1e-07 1 1 0
1  591 0 0 0.29999500000001
2  3 2 0 0 0.29999500000001
2  4 3 0 0 0.29999500000001
0

0101000
+364 0 -362 0 *
Ve
1e-07
49.600773 -70.051285 0
0 0

0101101
*
Ed
 1e-07 1 1 0
1  592 0 0 0.299999000000007
2  5 2 0 0 0.299999000000007
2  6 3 0 0 0.299999000000007
0

0101000
+362 0 -360 0 *
Ed
 1e-07 1 1 0
1  593 0 0 0.29999500000001
2  7 2 0 0 0.29999500000001
2  8 3 0 0 0.29999500000001
0

0101000
+360 0 -365 0 *
Wi

0101100
+363 0 +361 0 +359 0 +358 0 *
Ve
1e-07
25.279507 -70.051285 0
0 0

0101101
*
Ve
1e-07
25.279507 -70.35128 0
0 0

0101101
*
Ed
 1e-07 1 1 0
1  594 0 0 0.29999500000001
2  9 4 0 0 0.29999500000001
2  10 5 0 0 0.29999500000001
0

0101000
+356 0 -355 0 *
Ve
1e-07
25.579506 -70.35128 0
0 0

0101101
*
Ed
 1e-07 1 1 0
1  595 0 0 0.299999
2  11 4 0 0 0.299999
2  12 5 0 0 0.299999
0

0101000
+355 0 -353 0 *
Ve
1e-07
25.579506 -70.051285 0
0 0

0101101
*
Ed
 1e-07 1 1 0
1  596 0 0 0.29999500000001
2  13 4 0 0 0.29999500000001
2  14 5 0 0 0.29999500000001
0

0101000
+353 0 -351 0 *
Ed
 1e-07 1 1 0
1  597 0 0 0.299999
2  15 4 0 0 0.299999
2  16 5 0 0 0.299999
0

0101000
+351 0 -356 0 *
Wi

0101100
+354 0 +352 0 +350 0 +349 0 *
Ve
1e-07
10.228761 -70.35128 0
0 0

0101101
*
Ve
1e-07
10.228761 -70.051285 0
0 0

0101101
*
Ed
 1e-07 1 1 0
1  598 0 0 0.29999500000001
2  17 6 0 0 0.29999500000001
2  18 7 0 0 0.29999500000001
0

0101000
+347 0 -346 0 *
Ve
1e-07
9.928761 -70.051285 0
0 0

0101101
*
Ed
 1e-07 1 1 0
1  599 0 0 0.300000000000001
2  19 6 0 0 0.300000000000001
2  20 7 0 0 0.300000000000001
0

0101000
+346 0 -344 0 *
Ve
1e-07
9.928761 -70.35128 0
0 0

0101101
*
Ed
 1e-07 1 1 0
1  600 0 0 0.29999500000001
2  21 6 0 0 0.29999500000001
2  22 7 0 0 0.29999500000001
0

0101000
+344 0 -342 0 *
Ed
 1e-07 1 1 0
1  601 0 0 0.300000000000001
2  23 6 0 0 0.300000000000001
2  24 7 0 0 0.300000000000001
0

0101000
+342 0 -347 0 *
Wi

0101100
+345 0 +343 0 +341 0 +340 0 *
Ve
1e-07
-0.586657 -70.051285 0
0 0

0101101
*
Ve
1e-07
-0.886657 -70.051285 0
0 0

0101101
*
Ed
 1e-07 1 1 0
1  602 0 0 0.3
2  25 8 0 0 0.3
2  26 9 0 0 0.3
0

0101000
+338 0 -337 0 *
Ve
1e-07
-0.886657 -70.35128 0
0 0

0101101
*
Ed
 1e-07 1 1 0
1  603 0 0 0.29999500000001
2  27 8 0 0 0.29999500000001
2  28 9 0 0 0.29999500000001
0

0101000
+337 0 -335 0 *
Ve
1e-07
-0.586657 -70.35128 0
0 0

0101101
*
Ed
 1e-07 1 1 0
1  604 0 0 0.3
2  29 8 0 0 0.3
2  30 9 0 0 0.3
0

0101000
+335 0 -333 0 *
Ed
 1e-07 1 1 0
1  605 0 0 0.29999500000001
2  31 8 0 0 0.29999500000001
2  32 9 0 0 0.29999500000001
0

0101000
+333 0 -338 0 *
Wi

0101100
+336 0 +334 0 +332 0 +331 0 *
Ve
1e-07
59.991814 -70.35128 0
0 0

0101101
*
Ve
1e-07
60.291817 -70.35128 0
0 0

0101101
*
Ed
 1e-07 1 1 0
1  606 0 0 0.300003000000004
2  33 10 0 0 0.300003000000004
2  34 11 0 0 0.300003000000004
0

0101000
+329 0 -328 0 *
Ve
1e-07
60.291817 -70.051285 0
0 0

0101101
*
Ed
 1e-07 1 1 0
1  607 0 0 0.29999500000001
2  35 10 0 0 0.29999500000001
2  36 11 0 0 0.29999500000001
0

0101000
+328 0 -326 0 *
Ve
1e-07
59.991814 -70.051285 0
0 0

0101101
*
Ed
 1e-07 1 1 0
1  608 0 0 0.300003000000004
2  37 10 0 0 0.300003000000004
2  38 11 0 0 0.300003000000004
0

0101000
+326 0 -324 0 *
Ed
 1e-07 1 1 0
1  609 0 0 0.29999500000001
2  39 10 0 0 0.29999500000001
2  40 11 0 0 0.29999500000001
0

0101000
+324 0 -329 0 *
Wi

0101100
+327 0 +325 0 +323 0 +322 0 *
Ve
1e-07
56.989017 -77.974907 0
0 0

0101101
*
Ve
1e-07
56.989017 -77.446846 0
0 0

0101101
*
Ed
 1e-07 1 1 0
1  610 0 0 0.528061000000008
2  41 12 0 0 0.528061000000008
2  42 13 0 0 0.528061000000008
0

0101000
+320 0 -319 0 *
Ve
1e-07
56.803448 -77.446831 0
0 0

0101101
*
Ed
 1e-07 1 1 0
1  611 0 0 0.185569000606237
2  43 12 0 0 0.185569000606237
2  44 13 0 0 0.185569000606237
0

0101000
+319 0 -317 0 *
Ve
1e-07
56.803448 -77.974884 0
0 0

0101101
*
Ed
 1e-07 1 1 0
1  612 0 0 0.528053
2  45 12 0 0 0.528053
2  46 13 0 0 0.528053
0

0101000
+317 0 -315 0 *
Ed
 1e-07 1 1 0
1  613 0 0 0.18556900142534
2  47 12 0 0 0.18556900142534
2  48 13 0 0 0.18556900142534
0

0101000
+315 0 -320 0 *
Wi

0101100
+318 0 +316 0 +314 0 +313 0 *
Ve
1e-07
2.122954 -79.952881 0
0 0

0101101
*
Ve
1e-07
2.551263 -79.952881 0
0 0

0101101
*
Ed
 1e-07 1 1 0
1  614 0 0 0.428309
2  49 14 0 0 0.428309
2  50 15 0 0 0.428309
0

0101000
+311 0 -310 0 *
Ve
1e-07
2.551263 -79.571838 0
0 0

0101101
*
Ed
 1e-07 1 1 0
1  615 0 0 0.381043000000005
2  51 14 0 0 0.381043000000005
2  52 15 0 0 0.381043000000005
0

0101000
+310 0 -308 0 *
Ve
1e-07
2.122954 -79.571838 0
0 0

0101101
*
Ed
 1e-07 1 1 0
1  616 0 0 0.428309
2  53 14 0 0 0.428309
2  54 15 0 0 0.428309
0

0101000
+308 0 -306 0 *
Ed
 1e-07 1 1 0
1  617 0 0 0.381043000000005
2  55 14 0 0 0.381043000000005
2  56 15 0 0 0.381043000000005
0

0101000
+306 0 -311 0 *
Wi

0101100
+309 0 +307 0 +305 0 +304 0 *
Ve
1e-07
60.015644 -82.122154 0
0 0

0101101
*
Ve
1e-07
60.015644 -82.709465 0
0 0

0101101
*
Ed
 1e-07 1 1 0
1  618 0 0 0.587311
2  57 16 0 0 0.587311
2  58 17 0 0 0.587311
0

0101000
+302 0 -301 0 *
Ve
1e-07
60.378677 -82.709465 0
0 0

0101101
*
Ed
 1e-07 1 1 0
1  619 0 0 0.363033000000001
2  59 16 0 0 0.363033000000001
2  60 17 0 0 0.363033000000001
0

0101000
+301 0 -299 0 *
Ve
1e-07
60.378677 -82.122154 0
0 0

0101101
*
Ed
 1e-07 1 1 0
1  620 0 0 0.587311
2  61 16 0 0 0.587311
2  62 17 0 0 0.587311
0

0101000
+299 0 -297 0 *
Ed
 1e-07 1 1 0
1  621 0 0 0.363033000000001
2  63 16 0 0 0.363033000000001
2  64 17 0 0 0.363033000000001
0

0101000
+297 0 -302 0 *
Wi

0101100
+300 0 +298 0 +296 0 +295 0 *
Ve
1e-07
31.025448 -72.196991 0
0 0

0101101
*
Ve
1e-07
31.557053 -72.196991 0
0 0

0101101
*
Ed
 1e-07 1 1 0
1  622 0 0 0.531604999999999
2  65 18 0 0 0.531604999999999
2  66 19 0 0 0.531604999999999
0

0101000
+293 0 -292 0 *
Ve
1e-07
31.557053 -71.721535 0
0 0

0101101
*
Ed
 1e-07 1 1 0
1  623 0 0 0.475455999999994
2  67 18 0 0 0.475455999999994
2  68 19 0 0 0.475455999999994
0

0101000
+292 0 -290 0 *
Ve
1e-07
31.025448 -71.721535 0
0 0

0101101
*
Ed
 1e-07 1 1 0
1  624 0 0 0.531604999999999
2  69 18 0 0 0.531604999999999
2  70 19 0 0 0.531604999999999
0

0101000
+290 0 -288 0 *
Ed
 1e-07 1 1 0
1  625 0 0 0.475455999999994
2  71 18 0 0 0.475455999999994
2  72 19 0 0 0.475455999999994
0

0101000
+288 0 -293 0 *
Wi

0101100
+291 0 +289 0 +287 0 +286 0 *
Ve
1e-07
44.932568 -84.974899 0
0 0

0101101
*
Ve
1e-07
44.932568 -85.443344 0
0 0

0101101
*
Ed
 1e-07 1 1 0
1  626 0 0 0.468445000000003
2  73 20 0 0 0.468445000000003
2  74 21 0 0 0.468445000000003
0

0101000
+284 0 -283 0 *
Ve
1e-07
45.519875 -85.443344 0
0 0

0101101
*
Ed
 1e-07 1 1 0
1  627 0 0 0.587306999999996
2  75 20 0 0 0.587306999999996
2  76 21 0 0 0.587306999999996
0

0101000
+283 0 -281 0 *
Ve
1e-07
45.519875 -84.974899 0
0 0

0101101
*
Ed
 1e-07 1 1 0
1  628 0 0 0.468445000000003
2  77 20 0 0 0.468445000000003
2  78 21 0 0 0.468445000000003
0

0101000
+281 0 -279 0 *
Ed
 1e-07 1 1 0
1  629 0 0 0.587306999999996
2  79 20 0 0 0.587306999999996
2  80 21 0 0 0.587306999999996
0

0101000
+279 0 -284 0 *
Wi

0101100
+282 0 +280 0 +278 0 +277 0 *
Ve
1e-07
24.362034 -84.974899 0
0 0

0101101
*
Ve
1e-07
24.362034 -85.443344 0
0 0

0101101
*
Ed
 1e-07 1 1 0
1  630 0 0 0.468445000000003
2  81 22 0 0 0.468445000000003
2  82 23 0 0 0.468445000000003
0

0101000
+275 0 -274 0 *
Ve
1e-07
25.102234 -85.443344 0
0 0

0101101
*
Ed
 1e-07 1 1 0
1  631 0 0 0.740199999999998
2  83 22 0 0 0.740199999999998
2  84 23 0 0 0.740199999999998
0

0101000
+274 0 -272 0 *
Ve
1e-07
25.102234 -84.974899 0
0 0

0101101
*
Ed
 1e-07 1 1 0
1  632 0 0 0.468445000000003
2  85 22 0 0 0.468445000000003
2  86 23 0 0 0.468445000000003
0

0101000
+272 0 -270 0 *
Ed
 1e-07 1 1 0
1  633 0 0 0.740199999999998
2  87 22 0 0 0.740199999999998
2  88 23 0 0 0.740199999999998
0

0101000
+270 0 -275 0 *
Wi

0101100
+273 0 +271 0 +269 0 +268 0 *
Ve
1e-07
2.122954 -76.567436 0
0 0

0101101
*
Ve
1e-07
2.122954 -77.443161 0
0 0

0101101
*
Ed
 1e-07 1 1 0
1  634 0 0 0.875725000000003
2  89 24 0 0 0.875725000000003
2  90 25 0 0 0.875725000000003
0

0101000
+266 0 -265 0 *
Ve
1e-07
2.554407 -77.443161 0
0 0

0101101
*
Ed
 1e-07 1 1 0
1  635 0 0 0.431453
2  91 24 0 0 0.431453
2  92 25 0 0 0.431453
0

0101000
+265 0 -263 0 *
Ve
1e-07
2.554407 -76.567436 0
0 0

0101101
*
Ed
 1e-07 1 1 0
1  636 0 0 0.875725000000003
2  93 24 0 0 0.875725000000003
2  94 25 0 0 0.875725000000003
0

0101000
+263 0 -261 0 *
Ed
 1e-07 1 1 0
1  637 0 0 0.431453
2  95 24 0 0 0.431453
2  96 25 0 0 0.431453
0

0101000
+261 0 -266 0 *
Wi

0101100
+264 0 +262 0 +260 0 +259 0 *
Ve
1e-07
49.474831 -72.196991 0
0 0

0101101
*
Ve
1e-07
50.215012 -72.196991 0
0 0

0101101
*
Ed
 1e-07 1 1 0
1  638 0 0 0.740181
2  97 26 0 0 0.740181
2  98 27 0 0 0.740181
0

0101000
+257 0 -256 0 *
Ve
1e-07
50.215012 -71.721535 0
0 0

0101101
*
Ed
 1e-07 1 1 0
1  639 0 0 0.475455999999994
2  99 26 0 0 0.475455999999994
2  100 27 0 0 0.475455999999994
0

0101000
+256 0 -254 0 *
Ve
1e-07
49.900772 -71.721535 0
0 0

0101101
*
Ed
 1e-07 1 1 0
1  640 0 0 0.314239999999998
2  101 26 0 0 0.314239999999998
2  102 27 0 0 0.314239999999998
0

0101000
+254 0 -252 0 *
Ve
1e-07
49.900772 -71.421532 0
0 0

0101101
*
Ed
 1e-07 1 1 0
1  641 0 0 0.300003000000004
2  103 26 0 0 0.300003000000004
2  104 27 0 0 0.300003000000004
0

0101000
+252 0 -250 0 *
Ve
1e-07
49.600773 -71.421532 0
0 0

0101101
*
Ed
 1e-07 1 1 0
1  642 0 0 0.299999000000007
2  105 26 0 0 0.299999000000007
2  106 27 0 0 0.299999000000007
0

0101000
+250 0 -248 0 *
Ve
1e-07
49.600773 -71.721535 0
0 0

0101101
*
Ed
 1e-07 1 1 0
1  643 0 0 0.300003000000004
2  107 26 0 0 0.300003000000004
2  108 27 0 0 0.300003000000004
0

0101000
+248 0 -246 0 *
Ve
1e-07
49.474831 -71.721535 0
0 0

0101101
*
Ed
 1e-07 1 1 0
1  644 0 0 0.125941999999995
2  109 26 0 0 0.125941999999995
2  110 27 0 0 0.125941999999995
0

0101000
+246 0 -244 0 *
Ed
 1e-07 1 1 0
1  645 0 0 0.475455999999994
2  111 26 0 0 0.475455999999994
2  112 27 0 0 0.475455999999994
0

0101000
+244 0 -257 0 *
Wi

0101100
+255 0 +253 0 +251 0 +249 0 +247 0 +245 0 +243 0 +242 0 *
Ve
1e-07
15.566109 -71.421532 0
0 0

0101101
*
Ve
1e-07
15.266109 -71.421532 0
0 0

0101101
*
Ed
 1e-07 1 1 0
1  646 0 0 0.300000000000001
2  113 28 0 0 0.300000000000001
2  114 29 0 0 0.300000000000001
0

0101000
+240 0 -239 0 *
Ve
1e-07
15.266109 -71.721535 0
0 0

0101101
*
Ed
 1e-07 1 1 0
1  647 0 0 0.300003000000004
2  115 28 0 0 0.300003000000004
2  116 29 0 0 0.300003000000004
0

0101000
+239 0 -237 0 *
Ve
1e-07
14.674597 -71.721535 0
0 0

0101101
*
Ed
 1e-07 1 1 0
1  648 0 0 0.591512
2  117 28 0 0 0.591512
2  118 29 0 0 0.591512
0

0101000
+237 0 -235 0 *
Ve
1e-07
14.674597 -72.200256 0
0 0

0101101
*
Ed
 1e-07 1 1 0
1  649 0 0 0.478720999999993
2  119 28 0 0 0.478720999999993
2  120 29 0 0 0.478720999999993
0

0101000
+235 0 -233 0 *
Ve
1e-07
15.566109 -72.196991 0
0 0

0101101
*
Ed
 1e-07 1 1 0
1  650 0 0 0.891517978713274
2  121 28 0 0 0.891517978713274
2  122 29 0 0 0.891517978713274
0

0101000
+233 0 -231 0 *
Ed
 1e-07 1 1 0
1  651 0 0 0.775458999999998
2  123 28 0 0 0.775458999999998
2  124 29 0 0 0.775458999999998
0

0101000
+231 0 -240 0 *
Wi

0101100
+238 0 +236 0 +234 0 +232 0 +230 0 +229 0 *
Ve
1e-07
-0.540029 -78.585945 0
0 0

0101101
*
Ve
1e-07
-1.015486 -78.585945 0
0 0

0101101
*
Ed
 1e-07 1 1 0
1  652 0 0 0.475457
2  125 30 0 0 0.475457
2  126 31 0 0 0.475457
0

0101000
+227 0 -226 0 *
Ve
1e-07
-1.015486 -80.021614 0
0 0

0101101
*
Ed
 1e-07 1 1 0
1  653 0 0 1.435669
2  127 30 0 0 1.435669
2  128 31 0 0 1.435669
0

0101000
+226 0 -224 0 *
Ve
1e-07
-0.540029 -80.021614 0
0 0

0101101
*
Ed
 1e-07 1 1 0
1  654 0 0 0.475457
2  129 30 0 0 0.475457
2  130 31 0 0 0.475457
0

0101000
+224 0 -222 0 *
Ed
 1e-07 1 1 0
1  655 0 0 1.435669
2  131 30 0 0 1.435669
2  132 31 0 0 1.435669
0

0101000
+222 0 -227 0 *
Wi

0101100
+225 0 +223 0 +221 0 +220 0 *
Ve
1e-07
11.359115 -71.721535 0
0 0

0101101
*
Ve
1e-07
11.359115 -72.196991 0
0 0

0101101
*
Ed
 1e-07 1 1 0
1  656 0 0 0.475455999999994
2  133 32 0 0 0.475455999999994
2  134 33 0 0 0.475455999999994
0

0101000
+218 0 -217 0 *
Ve
1e-07
13.069929 -72.198624 0
0 0

0101101
*
Ed
 1e-07 1 1 0
1  657 0 0 1.71081477936245
2  135 32 0 0 1.71081477936245
2  136 33 0 0 1.71081477936245
0

0101000
+217 0 -215 0 *
Ve
1e-07
13.069929 -71.721535 0
0 0

0101101
*
Ed
 1e-07 1 1 0
1  658 0 0 0.477088999999992
2  137 32 0 0 0.477088999999992
2  138 33 0 0 0.477088999999992
0

0101000
+215 0 -213 0 *
Ed
 1e-07 1 1 0
1  659 0 0 1.710814
2  139 32 0 0 1.710814
2  140 33 0 0 1.710814
0

0101000
+213 0 -218 0 *
Wi

0101100
+216 0 +214 0 +212 0 +211 0 *
Ve
1e-07
22.767023 -76.594971 0
0 0

0101101
*
Ve
1e-07
21.512907 -76.594971 0
0 0

0101101
*
Ed
 1e-07 1 1 0
1  660 0 0 1.254116
2  141 34 0 0 1.254116
2  142 35 0 0 1.254116
0

0101000
+209 0 -208 0 *
Ve
1e-07
21.512907 -77.579369 0
0 0

0101101
*
Ed
 1e-07 1 1 0
1  661 0 0 0.984397999999999
2  143 34 0 0 0.984397999999999
2  144 35 0 0 0.984397999999999
0

0101000
+208 0 -206 0 *
Ve
1e-07
22.757578 -77.579369 0
0 0

0101101
*
Ed
 1e-07 1 1 0
1  662 0 0 1.244671
2  145 34 0 0 1.244671
2  146 35 0 0 1.244671
0

0101000
+206 0 -204 0 *
Ve
1e-07
22.762196 -76.921844 0
0 0

0101101
*
Ed
 1e-07 1 1 0
1  663 0 0 0.657541216616121
2  147 34 0 0 0.657541216616121
2  148 35 0 0 0.657541216616121
0

0101000
+204 0 -202 0 *
Ed
 1e-07 1 1 0
1  664 0 0 0.326908638702
2  149 34 0 0 0.326908638702
2  150 35 0 0 0.326908638702
0

0101000
+202 0 -209 0 *
Wi

0101100
+207 0 +205 0 +203 0 +201 0 +200 0 *
Ve
1e-07
23.411121 -74.049294 0
0 0

0101101
*
Ve
1e-07
23.411121 -72.196991 0
0 0

0101101
*
Ed
 1e-07 1 1 0
1  665 0 0 1.85230300000001
2  151 36 0 0 1.85230300000001
2  152 37 0 0 1.85230300000001
0

0101000
+198 0 -197 0 *
Ve
1e-07
23.912443 -72.196991 0
0 0

0101101
*
Ed
 1e-07 1 1 0
1  666 0 0 0.501321999999998
2  153 36 0 0 0.501321999999998
2  154 37 0 0 0.501321999999998
0

0101000
+197 0 -195 0 *
Ve
1e-07
23.912443 -71.721535 0
0 0

0101101
*
Ed
 1e-07 1 1 0
1  667 0 0 0.475455999999994
2  155 36 0 0 0.475455999999994
2  156 37 0 0 0.475455999999994
0

0101000
+195 0 -193 0 *
Ve
1e-07
23.232824 -71.721535 0
0 0

0101101
*
Ed
 1e-07 1 1 0
1  668 0 0 0.679618999999999
2  157 36 0 0 0.679618999999999
2  158 37 0 0 0.679618999999999
0

0101000
+193 0 -191 0 *
Ve
1e-07
23.240368 -72.196991 0
0 0

0101101
*
Ed
 1e-07 1 1 0
1  669 0 0 0.475515846078755
2  159 36 0 0 0.475515846078755
2  160 37 0 0 0.475515846078755
0

0101000
+191 0 -189 0 *
Ve
1e-07
23.247911 -74.049294 0
0 0

0101101
*
Ed
 1e-07 1 1 0
1  670 0 0 1.85231835834395
2  161 36 0 0 1.85231835834395
2  162 37 0 0 1.85231835834395
0

0101000
+189 0 -187 0 *
Ed
 1e-07 1 1 0
1  671 0 0 0.163210000000003
2  163 36 0 0 0.163210000000003
2  164 37 0 0 0.163210000000003
0

0101000
+187 0 -198 0 *
Wi

0101100
+196 0 +194 0 +192 0 +190 0 +188 0 +186 0 +185 0 *
Ve
1e-07
42.726562 -73.266769 0
0 0

0101101
*
Ve
1e-07
42.845428 -73.266769 0
0 0

0101101
*
Ed
 1e-07 1 1 0
1  672 0 0 0.118865999999997
2  165 38 0 0 0.118865999999997
2  166 39 0 0 0.118865999999997
0

0101000
+183 0 -182 0 *
Ve
1e-07
42.845428 -72.196991 0
0 0

0101101
*
Ed
 1e-07 1 1 0
1  673 0 0 1.069778
2  167 38 0 0 1.069778
2  168 39 0 0 1.069778
0

0101000
+182 0 -180 0 *
Ve
1e-07
43.017559 -72.196991 0
0 0

0101101
*
Ed
 1e-07 1 1 0
1  674 0 0 0.172131
2  169 38 0 0 0.172131
2  170 39 0 0 0.172131
0

0101000
+180 0 -178 0 *
Ve
1e-07
43.017559 -71.721535 0
0 0

0101101
*
Ed
 1e-07 1 1 0
1  675 0 0 0.475455999999994
2  171 38 0 0 0.475455999999994
2  172 39 0 0 0.475455999999994
0

0101000
+178 0 -176 0 *
Ve
1e-07
41.110767 -71.721535 0
0 0

0101101
*
Ed
 1e-07 1 1 0
1  676 0 0 1.906792
2  173 38 0 0 1.906792
2  174 39 0 0 1.906792
0

0101000
+176 0 -174 0 *
Ve
1e-07
41.110767 -72.196991 0
0 0

0101101
*
Ed
 1e-07 1 1 0
1  677 0 0 0.475455999999994
2  175 38 0 0 0.475455999999994
2  176 39 0 0 0.475455999999994
0

0101000
+174 0 -172 0 *
Ve
1e-07
42.726562 -72.196991 0
0 0

0101101
*
Ed
 1e-07 1 1 0
1  678 0 0 1.615795
2  177 38 0 0 1.615795
2  178 39 0 0 1.615795
0

0101000
+172 0 -170 0 *
Ed
 1e-07 1 1 0
1  679 0 0 1.069778
2  179 38 0 0 1.069778
2  180 39 0 0 1.069778
0

0101000
+170 0 -183 0 *
Wi

0101100
+181 0 +179 0 +177 0 +175 0 +173 0 +171 0 +169 0 +168 0 *
Ve
1e-07
44.568958 -74.508751 0
0 0

0101101
*
Ve
1e-07
44.714375 -74.508751 0
0 0

0101101
*
Ed
 1e-07 1 1 0
1  680 0 0 0.145416999999995
2  181 40 0 0 0.145416999999995
2  182 41 0 0 0.145416999999995
0

0101000
+166 0 -165 0 *
Ve
1e-07
44.714375 -72.196991 0
0 0

0101101
*
Ed
 1e-07 1 1 0
1  681 0 0 2.31176000000001
2  183 40 0 0 2.31176000000001
2  184 41 0 0 2.31176000000001
0

0101000
+165 0 -163 0 *
Ve
1e-07
45.16328 -72.196991 0
0 0

0101101
*
Ed
 1e-07 1 1 0
1  682 0 0 0.448905000000003
2  185 40 0 0 0.448905000000003
2  186 41 0 0 0.448905000000003
0

0101000
+163 0 -161 0 *
Ve
1e-07
45.16328 -71.721535 0
0 0

0101101
*
Ed
 1e-07 1 1 0
1  683 0 0 0.475455999999994
2  187 40 0 0 0.475455999999994
2  188 41 0 0 0.475455999999994
0

0101000
+161 0 -159 0 *
Ve
1e-07
44.701279 -71.721535 0
0 0

0101101
*
Ed
 1e-07 1 1 0
1  684 0 0 0.462001000000001
2  189 40 0 0 0.462001000000001
2  190 41 0 0 0.462001000000001
0

0101000
+159 0 -157 0 *
Ve
1e-07
44.701279 -71.421532 0
0 0

0101101
*
Ed
 1e-07 1 1 0
1  685 0 0 0.300003000000004
2  191 40 0 0 0.300003000000004
2  192 41 0 0 0.300003000000004
0

0101000
+157 0 -155 0 *
Ve
1e-07
44.401279 -71.421532 0
0 0

0101101
*
Ed
 1e-07 1 1 0
1  686 0 0 0.299999999999997
2  193 40 0 0 0.299999999999997
2  194 41 0 0 0.299999999999997
0

0101000
+155 0 -153 0 *
Ve
1e-07
44.401279 -71.721535 0
0 0

0101101
*
Ed
 1e-07 1 1 0
1  687 0 0 0.300003000000004
2  195 40 0 0 0.300003000000004
2  196 41 0 0 0.300003000000004
0

0101000
+153 0 -151 0 *
Ve
1e-07
44.034069 -71.721535 0
0 0

0101101
*
Ed
 1e-07 1 1 0
1  688 0 0 0.36721
2  197 40 0 0 0.36721
2  198 41 0 0 0.36721
0

0101000
+151 0 -149 0 *
Ve
1e-07
44.034069 -72.196991 0
0 0

0101101
*
Ed
 1e-07 1 1 0
1  689 0 0 0.475455999999994
2  199 40 0 0 0.475455999999994
2  200 41 0 0 0.475455999999994
0

0101000
+149 0 -147 0 *
Ve
1e-07
44.568958 -72.196991 0
0 0

0101101
*
Ed
 1e-07 1 1 0
1  690 0 0 0.534889
2  201 40 0 0 0.534889
2  202 41 0 0 0.534889
0

0101000
+147 0 -145 0 *
Ed
 1e-07 1 1 0
1  691 0 0 2.31176000000001
2  203 40 0 0 2.31176000000001
2  204 41 0 0 2.31176000000001
0

0101000
+145 0 -166 0 *
Wi

0101100
+164 0 +162 0 +160 0 +158 0 +156 0 +154 0 +152 0 +150 0 +148 0 +146 0 
+144 0 +143 0 *
Ve
1e-07
55.613781 -71.721535 0
0 0

0101101
*
Ve
1e-07
55.103855 -71.721535 0
0 0

0101101
*
Ed
 1e-07 1 1 0
1  692 0 0 0.509926
2  205 42 0 0 0.509926
2  206 43 0 0 0.509926
0

0101000
+141 0 -140 0 *
Ve
1e-07
55.103855 -71.421532 0
0 0

0101101
*
Ed
 1e-07 1 1 0
1  693 0 0 0.300003000000004
2  207 42 0 0 0.300003000000004
2  208 43 0 0 0.300003000000004
0

0101000
+140 0 -138 0 *
Ve
1e-07
54.803856 -71.421532 0
0 0

0101101
*
Ed
 1e-07 1 1 0
1  694 0 0 0.299999
2  209 42 0 0 0.299999
2  210 43 0 0 0.299999
0

0101000
+138 0 -136 0 *
Ve
1e-07
54.803856 -71.721535 0
0 0

0101101
*
Ed
 1e-07 1 1 0
1  695 0 0 0.300003000000004
2  211 42 0 0 0.300003000000004
2  212 43 0 0 0.300003000000004
0

0101000
+136 0 -134 0 *
Ve
1e-07
53.849079 -71.721535 0
0 0

0101101
*
Ed
 1e-07 1 1 0
1  696 0 0 0.954777
2  213 42 0 0 0.954777
2  214 43 0 0 0.954777
0

0101000
+134 0 -132 0 *
Ve
1e-07
53.849079 -72.196991 0
0 0

0101101
*
Ed
 1e-07 1 1 0
1  697 0 0 0.475455999999994
2  215 42 0 0 0.475455999999994
2  216 43 0 0 0.475455999999994
0

0101000
+132 0 -130 0 *
Ve
1e-07
54.697071 -72.196991 0
0 0

0101101
*
Ed
 1e-07 1 1 0
1  698 0 0 0.847991999999998
2  217 42 0 0 0.847991999999998
2  218 43 0 0 0.847991999999998
0

0101000
+130 0 -128 0 *
Ve
1e-07
54.697071 -74.158249 0
0 0

0101101
*
Ed
 1e-07 1 1 0
1  699 0 0 1.961258
2  219 42 0 0 1.961258
2  220 43 0 0 1.961258
0

0101000
+128 0 -126 0 *
Ve
1e-07
54.862152 -74.158249 0
0 0

0101101
*
Ed
 1e-07 1 1 0
1  700 0 0 0.165081000000001
2  221 42 0 0 0.165081000000001
2  222 43 0 0 0.165081000000001
0

0101000
+126 0 -124 0 *
Ve
1e-07
54.862152 -72.196991 0
0 0

0101101
*
Ed
 1e-07 1 1 0
1  701 0 0 1.961258
2  223 42 0 0 1.961258
2  224 43 0 0 1.961258
0

0101000
+124 0 -122 0 *
Ve
1e-07
55.613781 -72.196991 0
0 0

0101101
*
Ed
 1e-07 1 1 0
1  702 0 0 0.751629000000001
2  225 42 0 0 0.751629000000001
2  226 43 0 0 0.751629000000001
0

0101000
+122 0 -120 0 *
Ed
 1e-07 1 1 0
1  703 0 0 0.475455999999994
2  227 42 0 0 0.475455999999994
2  228 43 0 0 0.475455999999994
0

0101000
+120 0 -141 0 *
Wi

0101100
+139 0 +137 0 +135 0 +133 0 +131 0 +129 0 +127 0 +125 0 +123 0 +121 0 
+119 0 +118 0 *
Ve
1e-07
13.069929 -85.443344 0
0 0

0101101
*
Ve
1e-07
13.069929 -84.974899 0
0 0

0101101
*
Ed
 1e-07 1 1 0
1  704 0 0 0.468445000000003
2  229 44 0 0 0.468445000000003
2  230 45 0 0 0.468445000000003
0

0101000
+116 0 -115 0 *
Ve
1e-07
12.734459 -84.974899 0
0 0

0101101
*
Ed
 1e-07 1 1 0
1  705 0 0 0.335470000000001
2  231 44 0 0 0.335470000000001
2  232 45 0 0 0.335470000000001
0

0101000
+115 0 -113 0 *
Ve
1e-07
12.734459 -81.408974 0
0 0

0101101
*
Ed
 1e-07 1 1 0
1  706 0 0 3.56592499999999
2  233 44 0 0 3.56592499999999
2  234 45 0 0 3.56592499999999
0

0101000
+113 0 -111 0 *
Ve
1e-07
12.595141 -81.408974 0
0 0

0101101
*
Ed
 1e-07 1 1 0
1  707 0 0 0.139317999999999
2  235 44 0 0 0.139317999999999
2  236 45 0 0 0.139317999999999
0

0101000
+111 0 -109 0 *
Ve
1e-07
12.595141 -84.974899 0
0 0

0101101
*
Ed
 1e-07 1 1 0
1  708 0 0 3.56592499999999
2  237 44 0 0 3.56592499999999
2  238 45 0 0 3.56592499999999
0

0101000
+109 0 -107 0 *
Ve
1e-07
12.352914 -84.974899 0
0 0

0101101
*
Ed
 1e-07 1 1 0
1  709 0 0 0.242227
2  239 44 0 0 0.242227
2  240 45 0 0 0.242227
0

0101000
+107 0 -105 0 *
Ve
1e-07
12.352914 -85.443344 0
0 0

0101101
*
Ed
 1e-07 1 1 0
1  710 0 0 0.468445000000003
2  241 44 0 0 0.468445000000003
2  242 45 0 0 0.468445000000003
0

0101000
+105 0 -103 0 *
Ed
 1e-07 1 1 0
1  711 0 0 0.717015
2  243 44 0 0 0.717015
2  244 45 0 0 0.717015
0

0101000
+103 0 -116 0 *
Wi

0101100
+114 0 +112 0 +110 0 +108 0 +106 0 +104 0 +102 0 +101 0 *
Ve
1e-07
5.501836 -74.290237 0
0 0

0101101
*
Ve
1e-07
5.501836 -72.196991 0
0 0

0101101
*
Ed
 1e-07 1 1 0
1  712 0 0 2.09324600000001
2  245 46 0 0 2.09324600000001
2  246 47 0 0 2.09324600000001
0

0101000
+99 0 -98 0 *
Ve
1e-07
6.167096 -72.196991 0
0 0

0101101
*
Ed
 1e-07 1 1 0
1  713 0 0 0.66526
2  247 46 0 0 0.66526
2  248 47 0 0 0.66526
0

0101000
+98 0 -96 0 *
Ve
1e-07
6.167096 -71.721535 0
0 0

0101101
*
Ed
 1e-07 1 1 0
1  714 0 0 0.475455999999994
2  249 46 0 0 0.475455999999994
2  250 47 0 0 0.475455999999994
0

0101000
+96 0 -94 0 *
Ve
1e-07
4.770841 -71.721535 0
0 0

0101101
*
Ed
 1e-07 1 1 0
1  715 0 0 1.396255
2  251 46 0 0 1.396255
2  252 47 0 0 1.396255
0

0101000
+94 0 -92 0 *
Ve
1e-07
4.770841 -71.421532 0
0 0

0101101
*
Ed
 1e-07 1 1 0
1  716 0 0 0.300003000000004
2  253 46 0 0 0.300003000000004
2  254 47 0 0 0.300003000000004
0

0101000
+92 0 -90 0 *
Ve
1e-07
4.47084 -71.421532 0
0 0

0101101
*
Ed
 1e-07 1 1 0
1  717 0 0 0.300001
2  255 46 0 0 0.300001
2  256 47 0 0 0.300001
0

0101000
+90 0 -88 0 *
Ve
1e-07
4.47084 -71.721535 0
0 0

0101101
*
Ed
 1e-07 1 1 0
1  718 0 0 0.300003000000004
2  257 46 0 0 0.300003000000004
2  258 47 0 0 0.300003000000004
0

0101000
+88 0 -86 0 *
Ve
1e-07
4.214542 -71.721535 0
0 0

0101101
*
Ed
 1e-07 1 1 0
1  719 0 0 0.256298
2  259 46 0 0 0.256298
2  260 47 0 0 0.256298
0

0101000
+86 0 -84 0 *
Ve
1e-07
4.214542 -72.196991 0
0 0

0101101
*
Ed
 1e-07 1 1 0
1  720 0 0 0.475455999999994
2  261 46 0 0 0.475455999999994
2  262 47 0 0 0.475455999999994
0

0101000
+84 0 -82 0 *
Ve
1e-07
5.343752 -72.196991 0
0 0

0101101
*
Ed
 1e-07 1 1 0
1  721 0 0 1.12921
2  263 46 0 0 1.12921
2  264 47 0 0 1.12921
0

0101000
+82 0 -80 0 *
Ve
1e-07
5.343752 -74.290237 0
0 0

0101101
*
Ed
 1e-07 1 1 0
1  722 0 0 2.09324600000001
2  265 46 0 0 2.09324600000001
2  266 47 0 0 2.09324600000001
0

0101000
+80 0 -78 0 *
Ed
 1e-07 1 1 0
1  723 0 0 0.158084
2  267 46 0 0 0.158084
2  268 47 0 0 0.158084
0

0101000
+78 0 -99 0 *
Wi

0101100
+97 0 +95 0 +93 0 +91 0 +89 0 +87 0 +85 0 +83 0 +81 0 +79 0 
+77 0 +76 0 *
Ve
1e-07
20.528662 -74.643616 0
0 0

0101101
*
Ve
1e-07
20.677242 -74.643616 0
0 0

0101101
*
Ed
 1e-07 1 1 0
1  724 0 0 0.148579999999999
2  269 48 0 0 0.148579999999999
2  270 49 0 0 0.148579999999999
0

0101000
+74 0 -73 0 *
Ve
1e-07
20.677242 -72.197014 0
0 0

0101101
*
Ed
 1e-07 1 1 0
1  725 0 0 2.446602
2  271 48 0 0 2.446602
2  272 49 0 0 2.446602
0

0101000
+73 0 -71 0 *
Ve
1e-07
20.922609 -72.196991 0
0 0

0101101
*
Ed
 1e-07 1 1 0
1  726 0 0 0.245367001077979
2  273 48 0 0 0.245367001077979
2  274 49 0 0 0.245367001077979
0

0101000
+71 0 -69 0 *
Ve
1e-07
20.922609 -71.721535 0
0 0

0101101
*
Ed
 1e-07 1 1 0
1  727 0 0 0.475455999999994
2  275 48 0 0 0.475455999999994
2  276 49 0 0 0.475455999999994
0

0101000
+69 0 -67 0 *
Ve
1e-07
20.587898 -71.721535 0
0 0

0101101
*
Ed
 1e-07 1 1 0
1  728 0 0 0.334711000000002
2  277 48 0 0 0.334711000000002
2  278 49 0 0 0.334711000000002
0

0101000
+67 0 -65 0 *
Ve
1e-07
20.587898 -71.421532 0
0 0

0101101
*
Ed
 1e-07 1 1 0
1  729 0 0 0.300003000000004
2  279 48 0 0 0.300003000000004
2  280 49 0 0 0.300003000000004
0

0101000
+65 0 -63 0 *
Ve
1e-07
20.287899 -71.421532 0
0 0

0101101
*
Ed
 1e-07 1 1 0
1  730 0 0 0.299999
2  281 48 0 0 0.299999
2  282 49 0 0 0.299999
0

0101000
+63 0 -61 0 *
Ve
1e-07
20.287899 -71.721535 0
0 0

0101101
*
Ed
 1e-07 1 1 0
1  731 0 0 0.300003000000004
2  283 48 0 0 0.300003000000004
2  284 49 0 0 0.300003000000004
0

0101000
+61 0 -59 0 *
Ve
1e-07
19.202501 -71.721535 0
0 0

0101101
*
Ed
 1e-07 1 1 0
1  732 0 0 1.085398
2  285 48 0 0 1.085398
2  286 49 0 0 1.085398
0

0101000
+59 0 -57 0 *
Ve
1e-07
19.202501 -72.196991 0
0 0

0101101
*
Ed
 1e-07 1 1 0
1  733 0 0 0.475455999999994
2  287 48 0 0 0.475455999999994
2  288 49 0 0 0.475455999999994
0

0101000
+57 0 -55 0 *
Ve
1e-07
20.528662 -72.197014 0
0 0

0101101
*
Ed
 1e-07 1 1 0
1  734 0 0 1.32616100019945
2  289 48 0 0 1.32616100019945
2  290 49 0 0 1.32616100019945
0

0101000
+55 0 -53 0 *
Ed
 1e-07 1 1 0
1  735 0 0 2.446602
2  291 48 0 0 2.446602
2  292 49 0 0 2.446602
0

0101000
+53 0 -74 0 *
Wi

0101100
+72 0 +70 0 +68 0 +66 0 +64 0 +62 0 +60 0 +58 0 +56 0 +54 0 
+52 0 +51 0 *
Ve
1e-07
36.248463 -71.721535 0
0 0

0101101
*
Ve
1e-07
36.248463 -72.196991 0
0 0

0101101
*
Ed
 1e-07 1 1 0
1  736 0 0 0.475455999999994
2  293 50 0 0 0.475455999999994
2  294 51 0 0 0.475455999999994
0

0101000
+49 0 -48 0 *
Ve
1e-07
36.783352 -72.196991 0
0 0

0101101
*
Ed
 1e-07 1 1 0
1  737 0 0 0.534889
2  295 50 0 0 0.534889
2  296 51 0 0 0.534889
0

0101000
+48 0 -46 0 *
Ve
1e-07
36.783352 -75.584625 0
0 0

0101101
*
Ed
 1e-07 1 1 0
1  738 0 0 3.38763400000001
2  297 50 0 0 3.38763400000001
2  298 51 0 0 3.38763400000001
0

0101000
+46 0 -44 0 *
Ve
1e-07
36.961647 -75.584625 0
0 0

0101101
*
Ed
 1e-07 1 1 0
1  739 0 0 0.178294999999999
2  299 50 0 0 0.178294999999999
2  300 51 0 0 0.178294999999999
0

0101000
+44 0 -42 0 *
Ve
1e-07
36.961647 -72.196991 0
0 0

0101101
*
Ed
 1e-07 1 1 0
1  740 0 0 3.38763400000001
2  301 50 0 0 3.38763400000001
2  302 51 0 0 3.38763400000001
0

0101000
+42 0 -40 0 *
Ve
1e-07
37.737995 -72.196991 0
0 0

0101101
*
Ed
 1e-07 1 1 0
1  741 0 0 0.776347999999999
2  303 50 0 0 0.776347999999999
2  304 51 0 0 0.776347999999999
0

0101000
+40 0 -38 0 *
Ve
1e-07
37.737995 -71.721535 0
0 0

0101101
*
Ed
 1e-07 1 1 0
1  742 0 0 0.475455999999994
2  305 50 0 0 0.475455999999994
2  306 51 0 0 0.475455999999994
0

0101000
+38 0 -36 0 *
Ed
 1e-07 1 1 0
1  743 0 0 1.489532
2  307 50 0 0 1.489532
2  308 51 0 0 1.489532
0

0101000
+36 0 -49 0 *
Wi

0101100
+47 0 +45 0 +43 0 +41 0 +39 0 +37 0 +35 0 +34 0 *
Ve
1e-07
20.677242 -83.251366 0
0 0

0101101
*
Ve
1e-07
20.677242 -79.872536 0
0 0

0101101
*
Ed
 1e-07 1 1 0
1  744 0 0 3.37883000000001
2  309 52 0 0 3.37883000000001
2  310 53 0 0 3.37883000000001
0

0101000
+32 0 -31 0 *
Ve
1e-07
23.035023 -79.872536 0
0 0

0101101
*
Ed
 1e-07 1 1 0
1  745 0 0 2.357781
2  311 52 0 0 2.357781
2  312 53 0 0 2.357781
0

0101000
+31 0 -29 0 *
Ve
1e-07
23.035023 -79.68544 0
0 0

0101101
*
Ed
 1e-07 1 1 0
1  746 0 0 0.187095999999997
2  313 52 0 0 0.187095999999997
2  314 53 0 0 0.187095999999997
0

0101000
+29 0 -27 0 *
Ve
1e-07
19.960878 -79.68544 0
0 0

0101101
*
Ed
 1e-07 1 1 0
1  747 0 0 3.074145
2  315 52 0 0 3.074145
2  316 53 0 0 3.074145
0

0101000
+27 0 -25 0 *
Ve
1e-07
19.960878 -75.88662 0
0 0

0101101
*
Ed
 1e-07 1 1 0
1  748 0 0 3.79882000000001
2  317 52 0 0 3.79882000000001
2  318 53 0 0 3.79882000000001
0

0101000
+25 0 -23 0 *
Ve
1e-07
20.697495 -75.88662 0
0 0

0101101
*
Ed
 1e-07 1 1 0
1  749 0 0 0.736616999999999
2  319 52 0 0 0.736616999999999
2  320 53 0 0 0.736616999999999
0

0101000
+23 0 -21 0 *
Ve
1e-07
20.697495 -75.525177 0
0 0

0101101
*
Ed
 1e-07 1 1 0
1  750 0 0 0.361442999999994
2  321 52 0 0 0.361442999999994
2  322 53 0 0 0.361442999999994
0

0101000
+21 0 -19 0 *
Ve
1e-07
20.468529 -75.525177 0
0 0

0101101
*
Ed
 1e-07 1 1 0
1  751 0 0 0.228966
2  323 52 0 0 0.228966
2  324 53 0 0 0.228966
0

0101000
+19 0 -17 0 *
Ve
1e-07
20.468529 -75.703484 0
0 0

0101101
*
Ed
 1e-07 1 1 0
1  752 0 0 0.178307000000004
2  325 52 0 0 0.178307000000004
2  326 53 0 0 0.178307000000004
0

0101000
+17 0 -15 0 *
Ve
1e-07
19.785761 -75.703484 0
0 0

0101101
*
Ed
 1e-07 1 1 0
1  753 0 0 0.682767999999999
2  327 52 0 0 0.682767999999999
2  328 53 0 0 0.682767999999999
0

0101000
+15 0 -13 0 *
Ve
1e-07
19.782768 -79.68544 0
0 0

0101101
*
Ed
 1e-07 1 1 0
1  754 0 0 3.98195712483007
2  329 52 0 0 3.98195712483007
2  330 53 0 0 3.98195712483007
0

0101000
+13 0 -11 0 *
Ve
1e-07
19.782768 -79.872536 0
0 0

0101101
*
Ed
 1e-07 1 1 0
1  755 0 0 0.187095999999997
2  331 52 0 0 0.187095999999997
2  332 53 0 0 0.187095999999997
0

0101000
+11 0 -9 0 *
Ve
1e-07
20.498945 -79.872536 0
0 0

0101101
*
Ed
 1e-07 1 1 0
1  756 0 0 0.716176999999998
2  333 52 0 0 0.716176999999998
2  334 53 0 0 0.716176999999998
0

0101000
+9 0 -7 0 *
Ve
1e-07
20.498945 -83.251366 0
0 0

0101101
*
Ed
 1e-07 1 1 0
1  757 0 0 3.37883000000001
2  335 52 0 0 3.37883000000001
2  336 53 0 0 3.37883000000001
0

0101000
+7 0 -5 0 *
Ed
 1e-07 1 1 0
1  758 0 0 0.178297000000001
2  337 52 0 0 0.178297000000001
2  338 53 0 0 0.178297000000001
0

0101000
+5 0 -32 0 *
Wi

0101100
+30 0 +28 0 +26 0 +24 0 +22 0 +20 0 +18 0 +16 0 +14 0 +12 0 
+10 0 +8 0 +6 0 +4 0 +3 0 *
Fa
0  1e-07 1 0

1111000
+366 0 +357 0 +348 0 +339 0 +330 0 +321 0 +312 0 +303 0 +294 0 +285 0 
+276 0 +267 0 +258 0 +241 0 +228 0 +219 0 +210 0 +199 0 +184 0 +167 0 
+142 0 +117 0 +100 0 +75 0 +50 0 +33 0 +2 0 *

+1 0 