# Rhino

v -13 6 -21
v -13 9 -21
v -13 6 -25
v -13 9 -25
v -13 6 -25
v -13 9 -25
v -17 6 -25
v -17 9 -25
v -17 6 -25
v -17 9 -25
v -17 6 -21
v -17 9 -21
v -17 6 -21
v -17 9 -21
v -13 6 -21
v -13 9 -21
v -13 6 -21
v -13 6 -25
v -17 6 -25
v -17 6 -21
v -13 9 -21
v -13 9 -25
v -17 9 -25
v -17 9 -21
vt 0 0
vt 0 0.63636320829391479
vt 0.25 0
vt 0.25 0.63636320829391479
vt 0.25 0
vt 0.25 0.63636320829391479
vt 0.5 0
vt 0.5 0.63636320829391479
vt 0.5 0
vt 0.5 0.63636320829391479
vt 0.75 0
vt 0.75 0.63636320829391479
vt 0.75 0
vt 0.75 0.63636320829391479
vt 1 0
vt 1 0.63636320829391479
vt 0 1
vt 0.25 1
vt 0.25 0.63636386394500732
vt 0 0.63636386394500732
vt 0.75 0.63636386394500732
vt 1 0.63636386394500732
vt 1 1
vt 0.75 1
vn 1 0 0
vn 1 0 0
vn 1 0 0
vn 1 0 0
vn 0 0 -1
vn 0 0 -1
vn 0 0 -1
vn 0 0 -1
vn -1 0 0
vn -1 0 0
vn -1 0 0
vn -1 0 0
vn 0 0 1
vn 0 0 1
vn 0 0 1
vn 0 0 1
vn 0 -1 0
vn 0 -1 0
vn 0 -1 0
vn 0 -1 0
vn 0 1 0
vn 0 1 0
vn 0 1 0
vn 0 1 0
f 1/1/1 3/3/3 4/4/4 2/2/2
f 5/5/5 7/7/7 8/8/8 6/6/6
f 9/9/9 11/11/11 12/12/12 10/10/10
f 13/13/13 15/15/15 16/16/16 14/14/14
f 18/18/18 17/17/17 20/20/20
f 20/20/20 19/19/19 18/18/18
f 22/22/22 24/24/24 21/21/21
f 24/24/24 22/22/22 23/23/23
v -13 6 -17
v -13 9 -17
v -13 6 -21
v -13 9 -21
v -13 6 -21
v -13 9 -21
v -17 6 -21
v -17 9 -21
v -17 6 -21
v -17 9 -21
v -17 6 -17
v -17 9 -17
v -17 6 -17
v -17 9 -17
v -13 6 -17
v -13 9 -17
v -13 6 -17
v -13 6 -21
v -17 6 -21
v -17 6 -17
v -13 9 -17
v -13 9 -21
v -17 9 -21
v -17 9 -17
vt 0 0
vt 0 0.63636320829391479
vt 0.25 0
vt 0.25 0.63636320829391479
vt 0.25 0
vt 0.25 0.63636320829391479
vt 0.5 0
vt 0.5 0.63636320829391479
vt 0.5 0
vt 0.5 0.63636320829391479
vt 0.75 0
vt 0.75 0.63636320829391479
vt 0.75 0
vt 0.75 0.63636320829391479
vt 1 0
vt 1 0.63636320829391479
vt 0 1
vt 0.25 1
vt 0.25 0.63636386394500732
vt 0 0.63636386394500732
vt 0.75 0.63636386394500732
vt 1 0.63636386394500732
vt 1 1
vt 0.75 1
vn 1 0 0
vn 1 0 0
vn 1 0 0
vn 1 0 0
vn 0 0 -1
vn 0 0 -1
vn 0 0 -1
vn 0 0 -1
vn -1 0 0
vn -1 0 0
vn -1 0 0
vn -1 0 0
vn 0 0 1
vn 0 0 1
vn 0 0 1
vn 0 0 1
vn 0 -1 0
vn 0 -1 0
vn 0 -1 0
vn 0 -1 0
vn 0 1 0
vn 0 1 0
vn 0 1 0
vn 0 1 0
f 25/25/25 27/27/27 28/28/28 26/26/26
f 29/29/29 31/31/31 32/32/32 30/30/30
f 33/33/33 35/35/35 36/36/36 34/34/34
f 37/37/37 39/39/39 40/40/40 38/38/38
f 42/42/42 41/41/41 44/44/44
f 44/44/44 43/43/43 42/42/42
f 46/46/46 48/48/48 45/45/45
f 48/48/48 46/46/46 47/47/47
v -13 6 -13
v -13 9 -13
v -13 6 -17
v -13 9 -17
v -13 6 -17
v -13 9 -17
v -17 6 -17
v -17 9 -17
v -17 6 -17
v -17 9 -17
v -17 6 -13
v -17 9 -13
v -17 6 -13
v -17 9 -13
v -13 6 -13
v -13 9 -13
v -13 6 -13
v -13 6 -17
v -17 6 -17
v -17 6 -13
v -13 9 -13
v -13 9 -17
v -17 9 -17
v -17 9 -13
vt 0 0
vt 0 0.63636320829391479
vt 0.25 0
vt 0.25 0.63636320829391479
vt 0.25 0
vt 0.25 0.63636320829391479
vt 0.5 0
vt 0.5 0.63636320829391479
vt 0.5 0
vt 0.5 0.63636320829391479
vt 0.75 0
vt 0.75 0.63636320829391479
vt 0.75 0
vt 0.75 0.63636320829391479
vt 1 0
vt 1 0.63636320829391479
vt 0 1
vt 0.25 1
vt 0.25 0.63636386394500732
vt 0 0.63636386394500732
vt 0.75 0.63636386394500732
vt 1 0.63636386394500732
vt 1 1
vt 0.75 1
vn 1 0 0
vn 1 0 0
vn 1 0 0
vn 1 0 0
vn 0 0 -1
vn 0 0 -1
vn 0 0 -1
vn 0 0 -1
vn -1 0 0
vn -1 0 0
vn -1 0 0
vn -1 0 0
vn 0 0 1
vn 0 0 1
vn 0 0 1
vn 0 0 1
vn 0 -1 0
vn 0 -1 0
vn 0 -1 0
vn 0 -1 0
vn 0 1 0
vn 0 1 0
vn 0 1 0
vn 0 1 0
f 49/49/49 51/51/51 52/52/52 50/50/50
f 53/53/53 55/55/55 56/56/56 54/54/54
f 57/57/57 59/59/59 60/60/60 58/58/58
f 61/61/61 63/63/63 64/64/64 62/62/62
f 66/66/66 65/65/65 68/68/68
f 68/68/68 67/67/67 66/66/66
f 70/70/70 72/72/72 69/69/69
f 72/72/72 70/70/70 71/71/71
v -13 6 -9
v -13 9 -9
v -13 6 -13
v -13 9 -13
v -13 6 -13
v -13 9 -13
v -17 6 -13
v -17 9 -13
v -17 6 -13
v -17 9 -13
v -17 6 -9
v -17 9 -9
v -17 6 -9
v -17 9 -9
v -13 6 -9
v -13 9 -9
v -13 6 -9
v -13 6 -13
v -17 6 -13
v -17 6 -9
v -13 9 -9
v -13 9 -13
v -17 9 -13
v -17 9 -9
vt 0 0
vt 0 0.63636320829391479
vt 0.25 0
vt 0.25 0.63636320829391479
vt 0.25 0
vt 0.25 0.63636320829391479
vt 0.5 0
vt 0.5 0.63636320829391479
vt 0.5 0
vt 0.5 0.63636320829391479
vt 0.75 0
vt 0.75 0.63636320829391479
vt 0.75 0
vt 0.75 0.63636320829391479
vt 1 0
vt 1 0.63636320829391479
vt 0 1
vt 0.25 1
vt 0.25 0.63636386394500732
vt 0 0.63636386394500732
vt 0.75 0.63636386394500732
vt 1 0.63636386394500732
vt 1 1
vt 0.75 1
vn 1 0 0
vn 1 0 0
vn 1 0 0
vn 1 0 0
vn 0 0 -1
vn 0 0 -1
vn 0 0 -1
vn 0 0 -1
vn -1 0 0
vn -1 0 0
vn -1 0 0
vn -1 0 0
vn 0 0 1
vn 0 0 1
vn 0 0 1
vn 0 0 1
vn 0 -1 0
vn 0 -1 0
vn 0 -1 0
vn 0 -1 0
vn 0 1 0
vn 0 1 0
vn 0 1 0
vn 0 1 0
f 73/73/73 75/75/75 76/76/76 74/74/74
f 77/77/77 79/79/79 80/80/80 78/78/78
f 81/81/81 83/83/83 84/84/84 82/82/82
f 85/85/85 87/87/87 88/88/88 86/86/86
f 90/90/90 89/89/89 92/92/92
f 92/92/92 91/91/91 90/90/90
f 94/94/94 96/96/96 93/93/93
f 96/96/96 94/94/94 95/95/95
v -13 6 -5
v -13 9 -5
v -13 6 -9
v -13 9 -9
v -13 6 -9
v -13 9 -9
v -17 6 -9
v -17 9 -9
v -17 6 -9
v -17 9 -9
v -17 6 -5
v -17 9 -5
v -17 6 -5
v -17 9 -5
v -13 6 -5
v -13 9 -5
v -13 6 -5
v -13 6 -9
v -17 6 -9
v -17 6 -5
v -13 9 -5
v -13 9 -9
v -17 9 -9
v -17 9 -5
vt 0 0
vt 0 0.63636320829391479
vt 0.25 0
vt 0.25 0.63636320829391479
vt 0.25 0
vt 0.25 0.63636320829391479
vt 0.5 0
vt 0.5 0.63636320829391479
vt 0.5 0
vt 0.5 0.63636320829391479
vt 0.75 0
vt 0.75 0.63636320829391479
vt 0.75 0
vt 0.75 0.63636320829391479
vt 1 0
vt 1 0.63636320829391479
vt 0 1
vt 0.25 1
vt 0.25 0.63636386394500732
vt 0 0.63636386394500732
vt 0.75 0.63636386394500732
vt 1 0.63636386394500732
vt 1 1
vt 0.75 1
vn 1 0 0
vn 1 0 0
vn 1 0 0
vn 1 0 0
vn 0 0 -1
vn 0 0 -1
vn 0 0 -1
vn 0 0 -1
vn -1 0 0
vn -1 0 0
vn -1 0 0
vn -1 0 0
vn 0 0 1
vn 0 0 1
vn 0 0 1
vn 0 0 1
vn 0 -1 0
vn 0 -1 0
vn 0 -1 0
vn 0 -1 0
vn 0 1 0
vn 0 1 0
vn 0 1 0
vn 0 1 0
f 97/97/97 99/99/99 100/100/100 98/98/98
f 101/101/101 103/103/103 104/104/104 102/102/102
f 105/105/105 107/107/107 108/108/108 106/106/106
f 109/109/109 111/111/111 112/112/112 110/110/110
f 114/114/114 113/113/113 116/116/116
f 116/116/116 115/115/115 114/114/114
f 118/118/118 120/120/120 117/117/117
f 120/120/120 118/118/118 119/119/119
v -19 6 -21
v -19 9 -21
v -19 6 -25
v -19 9 -25
v -19 6 -25
v -19 9 -25
v -23 6 -25
v -23 9 -25
v -23 6 -25
v -23 9 -25
v -23 6 -21
v -23 9 -21
v -23 6 -21
v -23 9 -21
v -19 6 -21
v -19 9 -21
v -19 6 -21
v -19 6 -25
v -23 6 -25
v -23 6 -21
v -19 9 -21
v -19 9 -25
v -23 9 -25
v -23 9 -21
vt 0 0
vt 0 0.63636320829391479
vt 0.25 0
vt 0.25 0.63636320829391479
vt 0.25 0
vt 0.25 0.63636320829391479
vt 0.5 0
vt 0.5 0.63636320829391479
vt 0.5 0
vt 0.5 0.63636320829391479
vt 0.75 0
vt 0.75 0.63636320829391479
vt 0.75 0
vt 0.75 0.63636320829391479
vt 1 0
vt 1 0.63636320829391479
vt 0 1
vt 0.25 1
vt 0.25 0.63636386394500732
vt 0 0.63636386394500732
vt 0.75 0.63636386394500732
vt 1 0.63636386394500732
vt 1 1
vt 0.75 1
vn 1 0 0
vn 1 0 0
vn 1 0 0
vn 1 0 0
vn 0 0 -1
vn 0 0 -1
vn 0 0 -1
vn 0 0 -1
vn -1 0 0
vn -1 0 0
vn -1 0 0
vn -1 0 0
vn 0 0 1
vn 0 0 1
vn 0 0 1
vn 0 0 1
vn 0 -1 0
vn 0 -1 0
vn 0 -1 0
vn 0 -1 0
vn 0 1 0
vn 0 1 0
vn 0 1 0
vn 0 1 0
f 121/121/121 123/123/123 124/124/124 122/122/122
f 125/125/125 127/127/127 128/128/128 126/126/126
f 129/129/129 131/131/131 132/132/132 130/130/130
f 133/133/133 135/135/135 136/136/136 134/134/134
f 138/138/138 137/137/137 140/140/140
f 140/140/140 139/139/139 138/138/138
f 142/142/142 144/144/144 141/141/141
f 144/144/144 142/142/142 143/143/143
v -19 6 -17
v -19 9 -17
v -19 6 -21
v -19 9 -21
v -19 6 -21
v -19 9 -21
v -23 6 -21
v -23 9 -21
v -23 6 -21
v -23 9 -21
v -23 6 -17
v -23 9 -17
v -23 6 -17
v -23 9 -17
v -19 6 -17
v -19 9 -17
v -19 6 -17
v -19 6 -21
v -23 6 -21
v -23 6 -17
v -19 9 -17
v -19 9 -21
v -23 9 -21
v -23 9 -17
vt 0 0
vt 0 0.63636320829391479
vt 0.25 0
vt 0.25 0.63636320829391479
vt 0.25 0
vt 0.25 0.63636320829391479
vt 0.5 0
vt 0.5 0.63636320829391479
vt 0.5 0
vt 0.5 0.63636320829391479
vt 0.75 0
vt 0.75 0.63636320829391479
vt 0.75 0
vt 0.75 0.63636320829391479
vt 1 0
vt 1 0.63636320829391479
vt 0 1
vt 0.25 1
vt 0.25 0.63636386394500732
vt 0 0.63636386394500732
vt 0.75 0.63636386394500732
vt 1 0.63636386394500732
vt 1 1
vt 0.75 1
vn 1 0 0
vn 1 0 0
vn 1 0 0
vn 1 0 0
vn 0 0 -1
vn 0 0 -1
vn 0 0 -1
vn 0 0 -1
vn -1 0 0
vn -1 0 0
vn -1 0 0
vn -1 0 0
vn 0 0 1
vn 0 0 1
vn 0 0 1
vn 0 0 1
vn 0 -1 0
vn 0 -1 0
vn 0 -1 0
vn 0 -1 0
vn 0 1 0
vn 0 1 0
vn 0 1 0
vn 0 1 0
f 145/145/145 147/147/147 148/148/148 146/146/146
f 149/149/149 151/151/151 152/152/152 150/150/150
f 153/153/153 155/155/155 156/156/156 154/154/154
f 157/157/157 159/159/159 160/160/160 158/158/158
f 162/162/162 161/161/161 164/164/164
f 164/164/164 163/163/163 162/162/162
f 166/166/166 168/168/168 165/165/165
f 168/168/168 166/166/166 167/167/167
v -19 6 -13
v -19 9 -13
v -19 6 -17
v -19 9 -17
v -19 6 -17
v -19 9 -17
v -23 6 -17
v -23 9 -17
v -23 6 -17
v -23 9 -17
v -23 6 -13
v -23 9 -13
v -23 6 -13
v -23 9 -13
v -19 6 -13
v -19 9 -13
v -19 6 -13
v -19 6 -17
v -23 6 -17
v -23 6 -13
v -19 9 -13
v -19 9 -17
v -23 9 -17
v -23 9 -13
vt 0 0
vt 0 0.63636320829391479
vt 0.25 0
vt 0.25 0.63636320829391479
vt 0.25 0
vt 0.25 0.63636320829391479
vt 0.5 0
vt 0.5 0.63636320829391479
vt 0.5 0
vt 0.5 0.63636320829391479
vt 0.75 0
vt 0.75 0.63636320829391479
vt 0.75 0
vt 0.75 0.63636320829391479
vt 1 0
vt 1 0.63636320829391479
vt 0 1
vt 0.25 1
vt 0.25 0.63636386394500732
vt 0 0.63636386394500732
vt 0.75 0.63636386394500732
vt 1 0.63636386394500732
vt 1 1
vt 0.75 1
vn 1 0 0
vn 1 0 0
vn 1 0 0
vn 1 0 0
vn 0 0 -1
vn 0 0 -1
vn 0 0 -1
vn 0 0 -1
vn -1 0 0
vn -1 0 0
vn -1 0 0
vn -1 0 0
vn 0 0 1
vn 0 0 1
vn 0 0 1
vn 0 0 1
vn 0 -1 0
vn 0 -1 0
vn 0 -1 0
vn 0 -1 0
vn 0 1 0
vn 0 1 0
vn 0 1 0
vn 0 1 0
f 169/169/169 171/171/171 172/172/172 170/170/170
f 173/173/173 175/175/175 176/176/176 174/174/174
f 177/177/177 179/179/179 180/180/180 178/178/178
f 181/181/181 183/183/183 184/184/184 182/182/182
f 186/186/186 185/185/185 188/188/188
f 188/188/188 187/187/187 186/186/186
f 190/190/190 192/192/192 189/189/189
f 192/192/192 190/190/190 191/191/191
v -19 6 -9
v -19 9 -9
v -19 6 -13
v -19 9 -13
v -19 6 -13
v -19 9 -13
v -23 6 -13
v -23 9 -13
v -23 6 -13
v -23 9 -13
v -23 6 -9
v -23 9 -9
v -23 6 -9
v -23 9 -9
v -19 6 -9
v -19 9 -9
v -19 6 -9
v -19 6 -13
v -23 6 -13
v -23 6 -9
v -19 9 -9
v -19 9 -13
v -23 9 -13
v -23 9 -9
vt 0 0
vt 0 0.63636320829391479
vt 0.25 0
vt 0.25 0.63636320829391479
vt 0.25 0
vt 0.25 0.63636320829391479
vt 0.5 0
vt 0.5 0.63636320829391479
vt 0.5 0
vt 0.5 0.63636320829391479
vt 0.75 0
vt 0.75 0.63636320829391479
vt 0.75 0
vt 0.75 0.63636320829391479
vt 1 0
vt 1 0.63636320829391479
vt 0 1
vt 0.25 1
vt 0.25 0.63636386394500732
vt 0 0.63636386394500732
vt 0.75 0.63636386394500732
vt 1 0.63636386394500732
vt 1 1
vt 0.75 1
vn 1 0 0
vn 1 0 0
vn 1 0 0
vn 1 0 0
vn 0 0 -1
vn 0 0 -1
vn 0 0 -1
vn 0 0 -1
vn -1 0 0
vn -1 0 0
vn -1 0 0
vn -1 0 0
vn 0 0 1
vn 0 0 1
vn 0 0 1
vn 0 0 1
vn 0 -1 0
vn 0 -1 0
vn 0 -1 0
vn 0 -1 0
vn 0 1 0
vn 0 1 0
vn 0 1 0
vn 0 1 0
f 193/193/193 195/195/195 196/196/196 194/194/194
f 197/197/197 199/199/199 200/200/200 198/198/198
f 201/201/201 203/203/203 204/204/204 202/202/202
f 205/205/205 207/207/207 208/208/208 206/206/206
f 210/210/210 209/209/209 212/212/212
f 212/212/212 211/211/211 210/210/210
f 214/214/214 216/216/216 213/213/213
f 216/216/216 214/214/214 215/215/215
v -19 6 -5
v -19 9 -5
v -19 6 -9
v -19 9 -9
v -19 6 -9
v -19 9 -9
v -23 6 -9
v -23 9 -9
v -23 6 -9
v -23 9 -9
v -23 6 -5
v -23 9 -5
v -23 6 -5
v -23 9 -5
v -19 6 -5
v -19 9 -5
v -19 6 -5
v -19 6 -9
v -23 6 -9
v -23 6 -5
v -19 9 -5
v -19 9 -9
v -23 9 -9
v -23 9 -5
vt 0 0
vt 0 0.63636320829391479
vt 0.25 0
vt 0.25 0.63636320829391479
vt 0.25 0
vt 0.25 0.63636320829391479
vt 0.5 0
vt 0.5 0.63636320829391479
vt 0.5 0
vt 0.5 0.63636320829391479
vt 0.75 0
vt 0.75 0.63636320829391479
vt 0.75 0
vt 0.75 0.63636320829391479
vt 1 0
vt 1 0.63636320829391479
vt 0 1
vt 0.25 1
vt 0.25 0.63636386394500732
vt 0 0.63636386394500732
vt 0.75 0.63636386394500732
vt 1 0.63636386394500732
vt 1 1
vt 0.75 1
vn 1 0 0
vn 1 0 0
vn 1 0 0
vn 1 0 0
vn 0 0 -1
vn 0 0 -1
vn 0 0 -1
vn 0 0 -1
vn -1 0 0
vn -1 0 0
vn -1 0 0
vn -1 0 0
vn 0 0 1
vn 0 0 1
vn 0 0 1
vn 0 0 1
vn 0 -1 0
vn 0 -1 0
vn 0 -1 0
vn 0 -1 0
vn 0 1 0
vn 0 1 0
vn 0 1 0
vn 0 1 0
f 217/217/217 219/219/219 220/220/220 218/218/218
f 221/221/221 223/223/223 224/224/224 222/222/222
f 225/225/225 227/227/227 228/228/228 226/226/226
f 229/229/229 231/231/231 232/232/232 230/230/230
f 234/234/234 233/233/233 236/236/236
f 236/236/236 235/235/235 234/234/234
f 238/238/238 240/240/240 237/237/237
f 240/240/240 238/238/238 239/239/239
v 7 15 -35
v 7 18 -35
v 3 15 -35
v 3 18 -35
v 3 15 -35
v 3 18 -35
v 3 15 -31
v 3 18 -31
v 3 15 -31
v 3 18 -31
v 7 15 -31
v 7 18 -31
v 7 15 -31
v 7 18 -31
v 7 15 -35
v 7 18 -35
v 7 15 -35
v 3 15 -35
v 3 15 -31
v 7 15 -31
v 7 18 -35
v 3 18 -35
v 3 18 -31
v 7 18 -31
vt 0 0
vt 0 0.63636320829391479
vt 0.25 0
vt 0.25 0.63636320829391479
vt 0.25 0
vt 0.25 0.63636320829391479
vt 0.5 0
vt 0.5 0.63636320829391479
vt 0.5 0
vt 0.5 0.63636320829391479
vt 0.75 0
vt 0.75 0.63636320829391479
vt 0.75 0
vt 0.75 0.63636320829391479
vt 1 0
vt 1 0.63636320829391479
vt 0 1
vt 0.25 1
vt 0.25 0.63636386394500732
vt 0 0.63636386394500732
vt 0.75 0.63636386394500732
vt 1 0.63636386394500732
vt 1 1
vt 0.75 1
vn 0 0 -1
vn 0 0 -1
vn 0 0 -1
vn 0 0 -1
vn -1 0 0
vn -1 0 0
vn -1 0 0
vn -1 0 0
vn 0 0 1
vn 0 0 1
vn 0 0 1
vn 0 0 1
vn 1 0 0
vn 1 0 0
vn 1 0 0
vn 1 0 0
vn 0 -1 0
vn 0 -1 0
vn 0 -1 0
vn 0 -1 0
vn 0 1 0
vn 0 1 0
vn 0 1 0
vn 0 1 0
f 241/241/241 243/243/243 244/244/244 242/242/242
f 245/245/245 247/247/247 248/248/248 246/246/246
f 249/249/249 251/251/251 252/252/252 250/250/250
f 253/253/253 255/255/255 256/256/256 254/254/254
f 258/258/258 257/257/257 260/260/260
f 260/260/260 259/259/259 258/258/258
f 262/262/262 264/264/264 261/261/261
f 264/264/264 262/262/262 263/263/263
v -9 15 -35
v -9 18 -35
v -13 15 -35
v -13 18 -35
v -13 15 -35
v -13 18 -35
v -13 15 -31
v -13 18 -31
v -13 15 -31
v -13 18 -31
v -9 15 -31
v -9 18 -31
v -9 15 -31
v -9 18 -31
v -9 15 -35
v -9 18 -35
v -9 15 -35
v -13 15 -35
v -13 15 -31
v -9 15 -31
v -9 18 -35
v -13 18 -35
v -13 18 -31
v -9 18 -31
vt 0 0
vt 0 0.63636320829391479
vt 0.25 0
vt 0.25 0.63636320829391479
vt 0.25 0
vt 0.25 0.63636320829391479
vt 0.5 0
vt 0.5 0.63636320829391479
vt 0.5 0
vt 0.5 0.63636320829391479
vt 0.75 0
vt 0.75 0.63636320829391479
vt 0.75 0
vt 0.75 0.63636320829391479
vt 1 0
vt 1 0.63636320829391479
vt 0 1
vt 0.25 1
vt 0.25 0.63636386394500732
vt 0 0.63636386394500732
vt 0.75 0.63636386394500732
vt 1 0.63636386394500732
vt 1 1
vt 0.75 1
vn 0 0 -1
vn 0 0 -1
vn 0 0 -1
vn 0 0 -1
vn -1 0 0
vn -1 0 0
vn -1 0 0
vn -1 0 0
vn 0 0 1
vn 0 0 1
vn 0 0 1
vn 0 0 1
vn 1 0 0
vn 1 0 0
vn 1 0 0
vn 1 0 0
vn 0 -1 0
vn 0 -1 0
vn 0 -1 0
vn 0 -1 0
vn 0 1 0
vn 0 1 0
vn 0 1 0
vn 0 1 0
f 265/265/265 267/267/267 268/268/268 266/266/266
f 269/269/269 271/271/271 272/272/272 270/270/270
f 273/273/273 275/275/275 276/276/276 274/274/274
f 277/277/277 279/279/279 280/280/280 278/278/278
f 282/282/282 281/281/281 284/284/284
f 284/284/284 283/283/283 282/282/282
f 286/286/286 288/288/288 285/285/285
f 288/288/288 286/286/286 287/287/287
v -5 15 -35
v -5 18 -35
v -9 15 -35
v -9 18 -35
v -9 15 -35
v -9 18 -35
v -9 15 -31
v -9 18 -31
v -9 15 -31
v -9 18 -31
v -5 15 -31
v -5 18 -31
v -5 15 -31
v -5 18 -31
v -5 15 -35
v -5 18 -35
v -5 15 -35
v -9 15 -35
v -9 15 -31
v -5 15 -31
v -5 18 -35
v -9 18 -35
v -9 18 -31
v -5 18 -31
vt 0 0
vt 0 0.63636320829391479
vt 0.25 0
vt 0.25 0.63636320829391479
vt 0.25 0
vt 0.25 0.63636320829391479
vt 0.5 0
vt 0.5 0.63636320829391479
vt 0.5 0
vt 0.5 0.63636320829391479
vt 0.75 0
vt 0.75 0.63636320829391479
vt 0.75 0
vt 0.75 0.63636320829391479
vt 1 0
vt 1 0.63636320829391479
vt 0 1
vt 0.25 1
vt 0.25 0.63636386394500732
vt 0 0.63636386394500732
vt 0.75 0.63636386394500732
vt 1 0.63636386394500732
vt 1 1
vt 0.75 1
vn 0 0 -1
vn 0 0 -1
vn 0 0 -1
vn 0 0 -1
vn -1 0 0
vn -1 0 0
vn -1 0 0
vn -1 0 0
vn 0 0 1
vn 0 0 1
vn 0 0 1
vn 0 0 1
vn 1 0 0
vn 1 0 0
vn 1 0 0
vn 1 0 0
vn 0 -1 0
vn 0 -1 0
vn 0 -1 0
vn 0 -1 0
vn 0 1 0
vn 0 1 0
vn 0 1 0
vn 0 1 0
f 289/289/289 291/291/291 292/292/292 290/290/290
f 293/293/293 295/295/295 296/296/296 294/294/294
f 297/297/297 299/299/299 300/300/300 298/298/298
f 301/301/301 303/303/303 304/304/304 302/302/302
f 306/306/306 305/305/305 308/308/308
f 308/308/308 307/307/307 306/306/306
f 310/310/310 312/312/312 309/309/309
f 312/312/312 310/310/310 311/311/311
v -1 15 -35
v -1 18 -35
v -5 15 -35
v -5 18 -35
v -5 15 -35
v -5 18 -35
v -5 15 -31
v -5 18 -31
v -5 15 -31
v -5 18 -31
v -1 15 -31
v -1 18 -31
v -1 15 -31
v -1 18 -31
v -1 15 -35
v -1 18 -35
v -1 15 -35
v -5 15 -35
v -5 15 -31
v -1 15 -31
v -1 18 -35
v -5 18 -35
v -5 18 -31
v -1 18 -31
vt 0 0
vt 0 0.63636320829391479
vt 0.25 0
vt 0.25 0.63636320829391479
vt 0.25 0
vt 0.25 0.63636320829391479
vt 0.5 0
vt 0.5 0.63636320829391479
vt 0.5 0
vt 0.5 0.63636320829391479
vt 0.75 0
vt 0.75 0.63636320829391479
vt 0.75 0
vt 0.75 0.63636320829391479
vt 1 0
vt 1 0.63636320829391479
vt 0 1
vt 0.25 1
vt 0.25 0.63636386394500732
vt 0 0.63636386394500732
vt 0.75 0.63636386394500732
vt 1 0.63636386394500732
vt 1 1
vt 0.75 1
vn 0 0 -1
vn 0 0 -1
vn 0 0 -1
vn 0 0 -1
vn -1 0 0
vn -1 0 0
vn -1 0 0
vn -1 0 0
vn 0 0 1
vn 0 0 1
vn 0 0 1
vn 0 0 1
vn 1 0 0
vn 1 0 0
vn 1 0 0
vn 1 0 0
vn 0 -1 0
vn 0 -1 0
vn 0 -1 0
vn 0 -1 0
vn 0 1 0
vn 0 1 0
vn 0 1 0
vn 0 1 0
f 313/313/313 315/315/315 316/316/316 314/314/314
f 317/317/317 319/319/319 320/320/320 318/318/318
f 321/321/321 323/323/323 324/324/324 322/322/322
f 325/325/325 327/327/327 328/328/328 326/326/326
f 330/330/330 329/329/329 332/332/332
f 332/332/332 331/331/331 330/330/330
f 334/334/334 336/336/336 333/333/333
f 336/336/336 334/334/334 335/335/335
v 3 15 -35
v 3 18 -35
v -1 15 -35
v -1 18 -35
v -1 15 -35
v -1 18 -35
v -1 15 -31
v -1 18 -31
v -1 15 -31
v -1 18 -31
v 3 15 -31
v 3 18 -31
v 3 15 -31
v 3 18 -31
v 3 15 -35
v 3 18 -35
v 3 15 -35
v -1 15 -35
v -1 15 -31
v 3 15 -31
v 3 18 -35
v -1 18 -35
v -1 18 -31
v 3 18 -31
vt 0 0
vt 0 0.63636320829391479
vt 0.25 0
vt 0.25 0.63636320829391479
vt 0.25 0
vt 0.25 0.63636320829391479
vt 0.5 0
vt 0.5 0.63636320829391479
vt 0.5 0
vt 0.5 0.63636320829391479
vt 0.75 0
vt 0.75 0.63636320829391479
vt 0.75 0
vt 0.75 0.63636320829391479
vt 1 0
vt 1 0.63636320829391479
vt 0 1
vt 0.25 1
vt 0.25 0.63636386394500732
vt 0 0.63636386394500732
vt 0.75 0.63636386394500732
vt 1 0.63636386394500732
vt 1 1
vt 0.75 1
vn 0 0 -1
vn 0 0 -1
vn 0 0 -1
vn 0 0 -1
vn -1 0 0
vn -1 0 0
vn -1 0 0
vn -1 0 0
vn 0 0 1
vn 0 0 1
vn 0 0 1
vn 0 0 1
vn 1 0 0
vn 1 0 0
vn 1 0 0
vn 1 0 0
vn 0 -1 0
vn 0 -1 0
vn 0 -1 0
vn 0 -1 0
vn 0 1 0
vn 0 1 0
vn 0 1 0
vn 0 1 0
f 337/337/337 339/339/339 340/340/340 338/338/338
f 341/341/341 343/343/343 344/344/344 342/342/342
f 345/345/345 347/347/347 348/348/348 346/346/346
f 349/349/349 351/351/351 352/352/352 350/350/350
f 354/354/354 353/353/353 356/356/356
f 356/356/356 355/355/355 354/354/354
f 358/358/358 360/360/360 357/357/357
f 360/360/360 358/358/358 359/359/359
v 7 15 -29
v 7 18 -29
v 3 15 -29
v 3 18 -29
v 3 15 -29
v 3 18 -29
v 3 15 -25
v 3 18 -25
v 3 15 -25
v 3 18 -25
v 7 15 -25
v 7 18 -25
v 7 15 -25
v 7 18 -25
v 7 15 -29
v 7 18 -29
v 7 15 -29
v 3 15 -29
v 3 15 -25
v 7 15 -25
v 7 18 -29
v 3 18 -29
v 3 18 -25
v 7 18 -25
vt 0 0
vt 0 0.63636320829391479
vt 0.25 0
vt 0.25 0.63636320829391479
vt 0.25 0
vt 0.25 0.63636320829391479
vt 0.5 0
vt 0.5 0.63636320829391479
vt 0.5 0
vt 0.5 0.63636320829391479
vt 0.75 0
vt 0.75 0.63636320829391479
vt 0.75 0
vt 0.75 0.63636320829391479
vt 1 0
vt 1 0.63636320829391479
vt 0 1
vt 0.25 1
vt 0.25 0.63636386394500732
vt 0 0.63636386394500732
vt 0.75 0.63636386394500732
vt 1 0.63636386394500732
vt 1 1
vt 0.75 1
vn 0 0 -1
vn 0 0 -1
vn 0 0 -1
vn 0 0 -1
vn -1 0 0
vn -1 0 0
vn -1 0 0
vn -1 0 0
vn 0 0 1
vn 0 0 1
vn 0 0 1
vn 0 0 1
vn 1 0 0
vn 1 0 0
vn 1 0 0
vn 1 0 0
vn 0 -1 0
vn 0 -1 0
vn 0 -1 0
vn 0 -1 0
vn 0 1 0
vn 0 1 0
vn 0 1 0
vn 0 1 0
f 361/361/361 363/363/363 364/364/364 362/362/362
f 365/365/365 367/367/367 368/368/368 366/366/366
f 369/369/369 371/371/371 372/372/372 370/370/370
f 373/373/373 375/375/375 376/376/376 374/374/374
f 378/378/378 377/377/377 380/380/380
f 380/380/380 379/379/379 378/378/378
f 382/382/382 384/384/384 381/381/381
f 384/384/384 382/382/382 383/383/383
v -9 15 -29
v -9 18 -29
v -13 15 -29
v -13 18 -29
v -13 15 -29
v -13 18 -29
v -13 15 -25
v -13 18 -25
v -13 15 -25
v -13 18 -25
v -9 15 -25
v -9 18 -25
v -9 15 -25
v -9 18 -25
v -9 15 -29
v -9 18 -29
v -9 15 -29
v -13 15 -29
v -13 15 -25
v -9 15 -25
v -9 18 -29
v -13 18 -29
v -13 18 -25
v -9 18 -25
vt 0 0
vt 0 0.63636320829391479
vt 0.25 0
vt 0.25 0.63636320829391479
vt 0.25 0
vt 0.25 0.63636320829391479
vt 0.5 0
vt 0.5 0.63636320829391479
vt 0.5 0
vt 0.5 0.63636320829391479
vt 0.75 0
vt 0.75 0.63636320829391479
vt 0.75 0
vt 0.75 0.63636320829391479
vt 1 0
vt 1 0.63636320829391479
vt 0 1
vt 0.25 1
vt 0.25 0.63636386394500732
vt 0 0.63636386394500732
vt 0.75 0.63636386394500732
vt 1 0.63636386394500732
vt 1 1
vt 0.75 1
vn 0 0 -1
vn 0 0 -1
vn 0 0 -1
vn 0 0 -1
vn -1 0 0
vn -1 0 0
vn -1 0 0
vn -1 0 0
vn 0 0 1
vn 0 0 1
vn 0 0 1
vn 0 0 1
vn 1 0 0
vn 1 0 0
vn 1 0 0
vn 1 0 0
vn 0 -1 0
vn 0 -1 0
vn 0 -1 0
vn 0 -1 0
vn 0 1 0
vn 0 1 0
vn 0 1 0
vn 0 1 0
f 385/385/385 387/387/387 388/388/388 386/386/386
f 389/389/389 391/391/391 392/392/392 390/390/390
f 393/393/393 395/395/395 396/396/396 394/394/394
f 397/397/397 399/399/399 400/400/400 398/398/398
f 402/402/402 401/401/401 404/404/404
f 404/404/404 403/403/403 402/402/402
f 406/406/406 408/408/408 405/405/405
f 408/408/408 406/406/406 407/407/407
v -5 15 -29
v -5 18 -29
v -9 15 -29
v -9 18 -29
v -9 15 -29
v -9 18 -29
v -9 15 -25
v -9 18 -25
v -9 15 -25
v -9 18 -25
v -5 15 -25
v -5 18 -25
v -5 15 -25
v -5 18 -25
v -5 15 -29
v -5 18 -29
v -5 15 -29
v -9 15 -29
v -9 15 -25
v -5 15 -25
v -5 18 -29
v -9 18 -29
v -9 18 -25
v -5 18 -25
vt 0 0
vt 0 0.63636320829391479
vt 0.25 0
vt 0.25 0.63636320829391479
vt 0.25 0
vt 0.25 0.63636320829391479
vt 0.5 0
vt 0.5 0.63636320829391479
vt 0.5 0
vt 0.5 0.63636320829391479
vt 0.75 0
vt 0.75 0.63636320829391479
vt 0.75 0
vt 0.75 0.63636320829391479
vt 1 0
vt 1 0.63636320829391479
vt 0 1
vt 0.25 1
vt 0.25 0.63636386394500732
vt 0 0.63636386394500732
vt 0.75 0.63636386394500732
vt 1 0.63636386394500732
vt 1 1
vt 0.75 1
vn 0 0 -1
vn 0 0 -1
vn 0 0 -1
vn 0 0 -1
vn -1 0 0
vn -1 0 0
vn -1 0 0
vn -1 0 0
vn 0 0 1
vn 0 0 1
vn 0 0 1
vn 0 0 1
vn 1 0 0
vn 1 0 0
vn 1 0 0
vn 1 0 0
vn 0 -1 0
vn 0 -1 0
vn 0 -1 0
vn 0 -1 0
vn 0 1 0
vn 0 1 0
vn 0 1 0
vn 0 1 0
f 409/409/409 411/411/411 412/412/412 410/410/410
f 413/413/413 415/415/415 416/416/416 414/414/414
f 417/417/417 419/419/419 420/420/420 418/418/418
f 421/421/421 423/423/423 424/424/424 422/422/422
f 426/426/426 425/425/425 428/428/428
f 428/428/428 427/427/427 426/426/426
f 430/430/430 432/432/432 429/429/429
f 432/432/432 430/430/430 431/431/431
v -1 15 -29
v -1 18 -29
v -5 15 -29
v -5 18 -29
v -5 15 -29
v -5 18 -29
v -5 15 -25
v -5 18 -25
v -5 15 -25
v -5 18 -25
v -1 15 -25
v -1 18 -25
v -1 15 -25
v -1 18 -25
v -1 15 -29
v -1 18 -29
v -1 15 -29
v -5 15 -29
v -5 15 -25
v -1 15 -25
v -1 18 -29
v -5 18 -29
v -5 18 -25
v -1 18 -25
vt 0 0
vt 0 0.63636320829391479
vt 0.25 0
vt 0.25 0.63636320829391479
vt 0.25 0
vt 0.25 0.63636320829391479
vt 0.5 0
vt 0.5 0.63636320829391479
vt 0.5 0
vt 0.5 0.63636320829391479
vt 0.75 0
vt 0.75 0.63636320829391479
vt 0.75 0
vt 0.75 0.63636320829391479
vt 1 0
vt 1 0.63636320829391479
vt 0 1
vt 0.25 1
vt 0.25 0.63636386394500732
vt 0 0.63636386394500732
vt 0.75 0.63636386394500732
vt 1 0.63636386394500732
vt 1 1
vt 0.75 1
vn 0 0 -1
vn 0 0 -1
vn 0 0 -1
vn 0 0 -1
vn -1 0 0
vn -1 0 0
vn -1 0 0
vn -1 0 0
vn 0 0 1
vn 0 0 1
vn 0 0 1
vn 0 0 1
vn 1 0 0
vn 1 0 0
vn 1 0 0
vn 1 0 0
vn 0 -1 0
vn 0 -1 0
vn 0 -1 0
vn 0 -1 0
vn 0 1 0
vn 0 1 0
vn 0 1 0
vn 0 1 0
f 433/433/433 435/435/435 436/436/436 434/434/434
f 437/437/437 439/439/439 440/440/440 438/438/438
f 441/441/441 443/443/443 444/444/444 442/442/442
f 445/445/445 447/447/447 448/448/448 446/446/446
f 450/450/450 449/449/449 452/452/452
f 452/452/452 451/451/451 450/450/450
f 454/454/454 456/456/456 453/453/453
f 456/456/456 454/454/454 455/455/455
v 3 15 -29
v 3 18 -29
v -1 15 -29
v -1 18 -29
v -1 15 -29
v -1 18 -29
v -1 15 -25
v -1 18 -25
v -1 15 -25
v -1 18 -25
v 3 15 -25
v 3 18 -25
v 3 15 -25
v 3 18 -25
v 3 15 -29
v 3 18 -29
v 3 15 -29
v -1 15 -29
v -1 15 -25
v 3 15 -25
v 3 18 -29
v -1 18 -29
v -1 18 -25
v 3 18 -25
vt 0 0
vt 0 0.63636320829391479
vt 0.25 0
vt 0.25 0.63636320829391479
vt 0.25 0
vt 0.25 0.63636320829391479
vt 0.5 0
vt 0.5 0.63636320829391479
vt 0.5 0
vt 0.5 0.63636320829391479
vt 0.75 0
vt 0.75 0.63636320829391479
vt 0.75 0
vt 0.75 0.63636320829391479
vt 1 0
vt 1 0.63636320829391479
vt 0 1
vt 0.25 1
vt 0.25 0.63636386394500732
vt 0 0.63636386394500732
vt 0.75 0.63636386394500732
vt 1 0.63636386394500732
vt 1 1
vt 0.75 1
vn 0 0 -1
vn 0 0 -1
vn 0 0 -1
vn 0 0 -1
vn -1 0 0
vn -1 0 0
vn -1 0 0
vn -1 0 0
vn 0 0 1
vn 0 0 1
vn 0 0 1
vn 0 0 1
vn 1 0 0
vn 1 0 0
vn 1 0 0
vn 1 0 0
vn 0 -1 0
vn 0 -1 0
vn 0 -1 0
vn 0 -1 0
vn 0 1 0
vn 0 1 0
vn 0 1 0
vn 0 1 0
f 457/457/457 459/459/459 460/460/460 458/458/458
f 461/461/461 463/463/463 464/464/464 462/462/462
f 465/465/465 467/467/467 468/468/468 466/466/466
f 469/469/469 471/471/471 472/472/472 470/470/470
f 474/474/474 473/473/473 476/476/476
f 476/476/476 475/475/475 474/474/474
f 478/478/478 480/480/480 477/477/477
f 480/480/480 478/478/478 479/479/479
v -13 12 -21
v -13 15 -21
v -13 12 -25
v -13 15 -25
v -13 12 -25
v -13 15 -25
v -17 12 -25
v -17 15 -25
v -17 12 -25
v -17 15 -25
v -17 12 -21
v -17 15 -21
v -17 12 -21
v -17 15 -21
v -13 12 -21
v -13 15 -21
v -13 12 -21
v -13 12 -25
v -17 12 -25
v -17 12 -21
v -13 15 -21
v -13 15 -25
v -17 15 -25
v -17 15 -21
vt 0 0
vt 0 0.63636320829391479
vt 0.25 0
vt 0.25 0.63636320829391479
vt 0.25 0
vt 0.25 0.63636320829391479
vt 0.5 0
vt 0.5 0.63636320829391479
vt 0.5 0
vt 0.5 0.63636320829391479
vt 0.75 0
vt 0.75 0.63636320829391479
vt 0.75 0
vt 0.75 0.63636320829391479
vt 1 0
vt 1 0.63636320829391479
vt 0 1
vt 0.25 1
vt 0.25 0.63636386394500732
vt 0 0.63636386394500732
vt 0.75 0.63636386394500732
vt 1 0.63636386394500732
vt 1 1
vt 0.75 1
vn 1 0 0
vn 1 0 0
vn 1 0 0
vn 1 0 0
vn 0 0 -1
vn 0 0 -1
vn 0 0 -1
vn 0 0 -1
vn -1 0 0
vn -1 0 0
vn -1 0 0
vn -1 0 0
vn 0 0 1
vn 0 0 1
vn 0 0 1
vn 0 0 1
vn 0 -1 0
vn 0 -1 0
vn 0 -1 0
vn 0 -1 0
vn 0 1 0
vn 0 1 0
vn 0 1 0
vn 0 1 0
f 481/481/481 483/483/483 484/484/484 482/482/482
f 485/485/485 487/487/487 488/488/488 486/486/486
f 489/489/489 491/491/491 492/492/492 490/490/490
f 493/493/493 495/495/495 496/496/496 494/494/494
f 498/498/498 497/497/497 500/500/500
f 500/500/500 499/499/499 498/498/498
f 502/502/502 504/504/504 501/501/501
f 504/504/504 502/502/502 503/503/503
v -13 12 -17
v -13 15 -17
v -13 12 -21
v -13 15 -21
v -13 12 -21
v -13 15 -21
v -17 12 -21
v -17 15 -21
v -17 12 -21
v -17 15 -21
v -17 12 -17
v -17 15 -17
v -17 12 -17
v -17 15 -17
v -13 12 -17
v -13 15 -17
v -13 12 -17
v -13 12 -21
v -17 12 -21
v -17 12 -17
v -13 15 -17
v -13 15 -21
v -17 15 -21
v -17 15 -17
vt 0 0
vt 0 0.63636320829391479
vt 0.25 0
vt 0.25 0.63636320829391479
vt 0.25 0
vt 0.25 0.63636320829391479
vt 0.5 0
vt 0.5 0.63636320829391479
vt 0.5 0
vt 0.5 0.63636320829391479
vt 0.75 0
vt 0.75 0.63636320829391479
vt 0.75 0
vt 0.75 0.63636320829391479
vt 1 0
vt 1 0.63636320829391479
vt 0 1
vt 0.25 1
vt 0.25 0.63636386394500732
vt 0 0.63636386394500732
vt 0.75 0.63636386394500732
vt 1 0.63636386394500732
vt 1 1
vt 0.75 1
vn 1 0 0
vn 1 0 0
vn 1 0 0
vn 1 0 0
vn 0 0 -1
vn 0 0 -1
vn 0 0 -1
vn 0 0 -1
vn -1 0 0
vn -1 0 0
vn -1 0 0
vn -1 0 0
vn 0 0 1
vn 0 0 1
vn 0 0 1
vn 0 0 1
vn 0 -1 0
vn 0 -1 0
vn 0 -1 0
vn 0 -1 0
vn 0 1 0
vn 0 1 0
vn 0 1 0
vn 0 1 0
f 505/505/505 507/507/507 508/508/508 506/506/506
f 509/509/509 511/511/511 512/512/512 510/510/510
f 513/513/513 515/515/515 516/516/516 514/514/514
f 517/517/517 519/519/519 520/520/520 518/518/518
f 522/522/522 521/521/521 524/524/524
f 524/524/524 523/523/523 522/522/522
f 526/526/526 528/528/528 525/525/525
f 528/528/528 526/526/526 527/527/527
v -13 12 -13
v -13 15 -13
v -13 12 -17
v -13 15 -17
v -13 12 -17
v -13 15 -17
v -17 12 -17
v -17 15 -17
v -17 12 -17
v -17 15 -17
v -17 12 -13
v -17 15 -13
v -17 12 -13
v -17 15 -13
v -13 12 -13
v -13 15 -13
v -13 12 -13
v -13 12 -17
v -17 12 -17
v -17 12 -13
v -13 15 -13
v -13 15 -17
v -17 15 -17
v -17 15 -13
vt 0 0
vt 0 0.63636320829391479
vt 0.25 0
vt 0.25 0.63636320829391479
vt 0.25 0
vt 0.25 0.63636320829391479
vt 0.5 0
vt 0.5 0.63636320829391479
vt 0.5 0
vt 0.5 0.63636320829391479
vt 0.75 0
vt 0.75 0.63636320829391479
vt 0.75 0
vt 0.75 0.63636320829391479
vt 1 0
vt 1 0.63636320829391479
vt 0 1
vt 0.25 1
vt 0.25 0.63636386394500732
vt 0 0.63636386394500732
vt 0.75 0.63636386394500732
vt 1 0.63636386394500732
vt 1 1
vt 0.75 1
vn 1 0 0
vn 1 0 0
vn 1 0 0
vn 1 0 0
vn 0 0 -1
vn 0 0 -1
vn 0 0 -1
vn 0 0 -1
vn -1 0 0
vn -1 0 0
vn -1 0 0
vn -1 0 0
vn 0 0 1
vn 0 0 1
vn 0 0 1
vn 0 0 1
vn 0 -1 0
vn 0 -1 0
vn 0 -1 0
vn 0 -1 0
vn 0 1 0
vn 0 1 0
vn 0 1 0
vn 0 1 0
f 529/529/529 531/531/531 532/532/532 530/530/530
f 533/533/533 535/535/535 536/536/536 534/534/534
f 537/537/537 539/539/539 540/540/540 538/538/538
f 541/541/541 543/543/543 544/544/544 542/542/542
f 546/546/546 545/545/545 548/548/548
f 548/548/548 547/547/547 546/546/546
f 550/550/550 552/552/552 549/549/549
f 552/552/552 550/550/550 551/551/551
v -13 12 -9
v -13 15 -9
v -13 12 -13
v -13 15 -13
v -13 12 -13
v -13 15 -13
v -17 12 -13
v -17 15 -13
v -17 12 -13
v -17 15 -13
v -17 12 -9
v -17 15 -9
v -17 12 -9
v -17 15 -9
v -13 12 -9
v -13 15 -9
v -13 12 -9
v -13 12 -13
v -17 12 -13
v -17 12 -9
v -13 15 -9
v -13 15 -13
v -17 15 -13
v -17 15 -9
vt 0 0
vt 0 0.63636320829391479
vt 0.25 0
vt 0.25 0.63636320829391479
vt 0.25 0
vt 0.25 0.63636320829391479
vt 0.5 0
vt 0.5 0.63636320829391479
vt 0.5 0
vt 0.5 0.63636320829391479
vt 0.75 0
vt 0.75 0.63636320829391479
vt 0.75 0
vt 0.75 0.63636320829391479
vt 1 0
vt 1 0.63636320829391479
vt 0 1
vt 0.25 1
vt 0.25 0.63636386394500732
vt 0 0.63636386394500732
vt 0.75 0.63636386394500732
vt 1 0.63636386394500732
vt 1 1
vt 0.75 1
vn 1 0 0
vn 1 0 0
vn 1 0 0
vn 1 0 0
vn 0 0 -1
vn 0 0 -1
vn 0 0 -1
vn 0 0 -1
vn -1 0 0
vn -1 0 0
vn -1 0 0
vn -1 0 0
vn 0 0 1
vn 0 0 1
vn 0 0 1
vn 0 0 1
vn 0 -1 0
vn 0 -1 0
vn 0 -1 0
vn 0 -1 0
vn 0 1 0
vn 0 1 0
vn 0 1 0
vn 0 1 0
f 553/553/553 555/555/555 556/556/556 554/554/554
f 557/557/557 559/559/559 560/560/560 558/558/558
f 561/561/561 563/563/563 564/564/564 562/562/562
f 565/565/565 567/567/567 568/568/568 566/566/566
f 570/570/570 569/569/569 572/572/572
f 572/572/572 571/571/571 570/570/570
f 574/574/574 576/576/576 573/573/573
f 576/576/576 574/574/574 575/575/575
v -13 12 -5
v -13 15 -5
v -13 12 -9
v -13 15 -9
v -13 12 -9
v -13 15 -9
v -17 12 -9
v -17 15 -9
v -17 12 -9
v -17 15 -9
v -17 12 -5
v -17 15 -5
v -17 12 -5
v -17 15 -5
v -13 12 -5
v -13 15 -5
v -13 12 -5
v -13 12 -9
v -17 12 -9
v -17 12 -5
v -13 15 -5
v -13 15 -9
v -17 15 -9
v -17 15 -5
vt 0 0
vt 0 0.63636320829391479
vt 0.25 0
vt 0.25 0.63636320829391479
vt 0.25 0
vt 0.25 0.63636320829391479
vt 0.5 0
vt 0.5 0.63636320829391479
vt 0.5 0
vt 0.5 0.63636320829391479
vt 0.75 0
vt 0.75 0.63636320829391479
vt 0.75 0
vt 0.75 0.63636320829391479
vt 1 0
vt 1 0.63636320829391479
vt 0 1
vt 0.25 1
vt 0.25 0.63636386394500732
vt 0 0.63636386394500732
vt 0.75 0.63636386394500732
vt 1 0.63636386394500732
vt 1 1
vt 0.75 1
vn 1 0 0
vn 1 0 0
vn 1 0 0
vn 1 0 0
vn 0 0 -1
vn 0 0 -1
vn 0 0 -1
vn 0 0 -1
vn -1 0 0
vn -1 0 0
vn -1 0 0
vn -1 0 0
vn 0 0 1
vn 0 0 1
vn 0 0 1
vn 0 0 1
vn 0 -1 0
vn 0 -1 0
vn 0 -1 0
vn 0 -1 0
vn 0 1 0
vn 0 1 0
vn 0 1 0
vn 0 1 0
f 577/577/577 579/579/579 580/580/580 578/578/578
f 581/581/581 583/583/583 584/584/584 582/582/582
f 585/585/585 587/587/587 588/588/588 586/586/586
f 589/589/589 591/591/591 592/592/592 590/590/590
f 594/594/594 593/593/593 596/596/596
f 596/596/596 595/595/595 594/594/594
f 598/598/598 600/600/600 597/597/597
f 600/600/600 598/598/598 599/599/599
v -19 12 -21
v -19 15 -21
v -19 12 -25
v -19 15 -25
v -19 12 -25
v -19 15 -25
v -23 12 -25
v -23 15 -25
v -23 12 -25
v -23 15 -25
v -23 12 -21
v -23 15 -21
v -23 12 -21
v -23 15 -21
v -19 12 -21
v -19 15 -21
v -19 12 -21
v -19 12 -25
v -23 12 -25
v -23 12 -21
v -19 15 -21
v -19 15 -25
v -23 15 -25
v -23 15 -21
vt 0 0
vt 0 0.63636320829391479
vt 0.25 0
vt 0.25 0.63636320829391479
vt 0.25 0
vt 0.25 0.63636320829391479
vt 0.5 0
vt 0.5 0.63636320829391479
vt 0.5 0
vt 0.5 0.63636320829391479
vt 0.75 0
vt 0.75 0.63636320829391479
vt 0.75 0
vt 0.75 0.63636320829391479
vt 1 0
vt 1 0.63636320829391479
vt 0 1
vt 0.25 1
vt 0.25 0.63636386394500732
vt 0 0.63636386394500732
vt 0.75 0.63636386394500732
vt 1 0.63636386394500732
vt 1 1
vt 0.75 1
vn 1 0 0
vn 1 0 0
vn 1 0 0
vn 1 0 0
vn 0 0 -1
vn 0 0 -1
vn 0 0 -1
vn 0 0 -1
vn -1 0 0
vn -1 0 0
vn -1 0 0
vn -1 0 0
vn 0 0 1
vn 0 0 1
vn 0 0 1
vn 0 0 1
vn 0 -1 0
vn 0 -1 0
vn 0 -1 0
vn 0 -1 0
vn 0 1 0
vn 0 1 0
vn 0 1 0
vn 0 1 0
f 601/601/601 603/603/603 604/604/604 602/602/602
f 605/605/605 607/607/607 608/608/608 606/606/606
f 609/609/609 611/611/611 612/612/612 610/610/610
f 613/613/613 615/615/615 616/616/616 614/614/614
f 618/618/618 617/617/617 620/620/620
f 620/620/620 619/619/619 618/618/618
f 622/622/622 624/624/624 621/621/621
f 624/624/624 622/622/622 623/623/623
v -19 12 -17
v -19 15 -17
v -19 12 -21
v -19 15 -21
v -19 12 -21
v -19 15 -21
v -23 12 -21
v -23 15 -21
v -23 12 -21
v -23 15 -21
v -23 12 -17
v -23 15 -17
v -23 12 -17
v -23 15 -17
v -19 12 -17
v -19 15 -17
v -19 12 -17
v -19 12 -21
v -23 12 -21
v -23 12 -17
v -19 15 -17
v -19 15 -21
v -23 15 -21
v -23 15 -17
vt 0 0
vt 0 0.63636320829391479
vt 0.25 0
vt 0.25 0.63636320829391479
vt 0.25 0
vt 0.25 0.63636320829391479
vt 0.5 0
vt 0.5 0.63636320829391479
vt 0.5 0
vt 0.5 0.63636320829391479
vt 0.75 0
vt 0.75 0.63636320829391479
vt 0.75 0
vt 0.75 0.63636320829391479
vt 1 0
vt 1 0.63636320829391479
vt 0 1
vt 0.25 1
vt 0.25 0.63636386394500732
vt 0 0.63636386394500732
vt 0.75 0.63636386394500732
vt 1 0.63636386394500732
vt 1 1
vt 0.75 1
vn 1 0 0
vn 1 0 0
vn 1 0 0
vn 1 0 0
vn 0 0 -1
vn 0 0 -1
vn 0 0 -1
vn 0 0 -1
vn -1 0 0
vn -1 0 0
vn -1 0 0
vn -1 0 0
vn 0 0 1
vn 0 0 1
vn 0 0 1
vn 0 0 1
vn 0 -1 0
vn 0 -1 0
vn 0 -1 0
vn 0 -1 0
vn 0 1 0
vn 0 1 0
vn 0 1 0
vn 0 1 0
f 625/625/625 627/627/627 628/628/628 626/626/626
f 629/629/629 631/631/631 632/632/632 630/630/630
f 633/633/633 635/635/635 636/636/636 634/634/634
f 637/637/637 639/639/639 640/640/640 638/638/638
f 642/642/642 641/641/641 644/644/644
f 644/644/644 643/643/643 642/642/642
f 646/646/646 648/648/648 645/645/645
f 648/648/648 646/646/646 647/647/647
v -19 12 -13
v -19 15 -13
v -19 12 -17
v -19 15 -17
v -19 12 -17
v -19 15 -17
v -23 12 -17
v -23 15 -17
v -23 12 -17
v -23 15 -17
v -23 12 -13
v -23 15 -13
v -23 12 -13
v -23 15 -13
v -19 12 -13
v -19 15 -13
v -19 12 -13
v -19 12 -17
v -23 12 -17
v -23 12 -13
v -19 15 -13
v -19 15 -17
v -23 15 -17
v -23 15 -13
vt 0 0
vt 0 0.63636320829391479
vt 0.25 0
vt 0.25 0.63636320829391479
vt 0.25 0
vt 0.25 0.63636320829391479
vt 0.5 0
vt 0.5 0.63636320829391479
vt 0.5 0
vt 0.5 0.63636320829391479
vt 0.75 0
vt 0.75 0.63636320829391479
vt 0.75 0
vt 0.75 0.63636320829391479
vt 1 0
vt 1 0.63636320829391479
vt 0 1
vt 0.25 1
vt 0.25 0.63636386394500732
vt 0 0.63636386394500732
vt 0.75 0.63636386394500732
vt 1 0.63636386394500732
vt 1 1
vt 0.75 1
vn 1 0 0
vn 1 0 0
vn 1 0 0
vn 1 0 0
vn 0 0 -1
vn 0 0 -1
vn 0 0 -1
vn 0 0 -1
vn -1 0 0
vn -1 0 0
vn -1 0 0
vn -1 0 0
vn 0 0 1
vn 0 0 1
vn 0 0 1
vn 0 0 1
vn 0 -1 0
vn 0 -1 0
vn 0 -1 0
vn 0 -1 0
vn 0 1 0
vn 0 1 0
vn 0 1 0
vn 0 1 0
f 649/649/649 651/651/651 652/652/652 650/650/650
f 653/653/653 655/655/655 656/656/656 654/654/654
f 657/657/657 659/659/659 660/660/660 658/658/658
f 661/661/661 663/663/663 664/664/664 662/662/662
f 666/666/666 665/665/665 668/668/668
f 668/668/668 667/667/667 666/666/666
f 670/670/670 672/672/672 669/669/669
f 672/672/672 670/670/670 671/671/671
v -19 12 -9
v -19 15 -9
v -19 12 -13
v -19 15 -13
v -19 12 -13
v -19 15 -13
v -23 12 -13
v -23 15 -13
v -23 12 -13
v -23 15 -13
v -23 12 -9
v -23 15 -9
v -23 12 -9
v -23 15 -9
v -19 12 -9
v -19 15 -9
v -19 12 -9
v -19 12 -13
v -23 12 -13
v -23 12 -9
v -19 15 -9
v -19 15 -13
v -23 15 -13
v -23 15 -9
vt 0 0
vt 0 0.63636320829391479
vt 0.25 0
vt 0.25 0.63636320829391479
vt 0.25 0
vt 0.25 0.63636320829391479
vt 0.5 0
vt 0.5 0.63636320829391479
vt 0.5 0
vt 0.5 0.63636320829391479
vt 0.75 0
vt 0.75 0.63636320829391479
vt 0.75 0
vt 0.75 0.63636320829391479
vt 1 0
vt 1 0.63636320829391479
vt 0 1
vt 0.25 1
vt 0.25 0.63636386394500732
vt 0 0.63636386394500732
vt 0.75 0.63636386394500732
vt 1 0.63636386394500732
vt 1 1
vt 0.75 1
vn 1 0 0
vn 1 0 0
vn 1 0 0
vn 1 0 0
vn 0 0 -1
vn 0 0 -1
vn 0 0 -1
vn 0 0 -1
vn -1 0 0
vn -1 0 0
vn -1 0 0
vn -1 0 0
vn 0 0 1
vn 0 0 1
vn 0 0 1
vn 0 0 1
vn 0 -1 0
vn 0 -1 0
vn 0 -1 0
vn 0 -1 0
vn 0 1 0
vn 0 1 0
vn 0 1 0
vn 0 1 0
f 673/673/673 675/675/675 676/676/676 674/674/674
f 677/677/677 679/679/679 680/680/680 678/678/678
f 681/681/681 683/683/683 684/684/684 682/682/682
f 685/685/685 687/687/687 688/688/688 686/686/686
f 690/690/690 689/689/689 692/692/692
f 692/692/692 691/691/691 690/690/690
f 694/694/694 696/696/696 693/693/693
f 696/696/696 694/694/694 695/695/695
v -19 12 -5
v -19 15 -5
v -19 12 -9
v -19 15 -9
v -19 12 -9
v -19 15 -9
v -23 12 -9
v -23 15 -9
v -23 12 -9
v -23 15 -9
v -23 12 -5
v -23 15 -5
v -23 12 -5
v -23 15 -5
v -19 12 -5
v -19 15 -5
v -19 12 -5
v -19 12 -9
v -23 12 -9
v -23 12 -5
v -19 15 -5
v -19 15 -9
v -23 15 -9
v -23 15 -5
vt 0 0
vt 0 0.63636320829391479
vt 0.25 0
vt 0.25 0.63636320829391479
vt 0.25 0
vt 0.25 0.63636320829391479
vt 0.5 0
vt 0.5 0.63636320829391479
vt 0.5 0
vt 0.5 0.63636320829391479
vt 0.75 0
vt 0.75 0.63636320829391479
vt 0.75 0
vt 0.75 0.63636320829391479
vt 1 0
vt 1 0.63636320829391479
vt 0 1
vt 0.25 1
vt 0.25 0.63636386394500732
vt 0 0.63636386394500732
vt 0.75 0.63636386394500732
vt 1 0.63636386394500732
vt 1 1
vt 0.75 1
vn 1 0 0
vn 1 0 0
vn 1 0 0
vn 1 0 0
vn 0 0 -1
vn 0 0 -1
vn 0 0 -1
vn 0 0 -1
vn -1 0 0
vn -1 0 0
vn -1 0 0
vn -1 0 0
vn 0 0 1
vn 0 0 1
vn 0 0 1
vn 0 0 1
vn 0 -1 0
vn 0 -1 0
vn 0 -1 0
vn 0 -1 0
vn 0 1 0
vn 0 1 0
vn 0 1 0
vn 0 1 0
f 697/697/697 699/699/699 700/700/700 698/698/698
f 701/701/701 703/703/703 704/704/704 702/702/702
f 705/705/705 707/707/707 708/708/708 706/706/706
f 709/709/709 711/711/711 712/712/712 710/710/710
f 714/714/714 713/713/713 716/716/716
f 716/716/716 715/715/715 714/714/714
f 718/718/718 720/720/720 717/717/717
f 720/720/720 718/718/718 719/719/719
v -13 9 -21
v -13 12 -21
v -13 9 -25
v -13 12 -25
v -13 9 -25
v -13 12 -25
v -17 9 -25
v -17 12 -25
v -17 9 -25
v -17 12 -25
v -17 9 -21
v -17 12 -21
v -17 9 -21
v -17 12 -21
v -13 9 -21
v -13 12 -21
v -13 9 -21
v -13 9 -25
v -17 9 -25
v -17 9 -21
v -13 12 -21
v -13 12 -25
v -17 12 -25
v -17 12 -21
vt 0 0
vt 0 0.63636320829391479
vt 0.25 0
vt 0.25 0.63636320829391479
vt 0.25 0
vt 0.25 0.63636320829391479
vt 0.5 0
vt 0.5 0.63636320829391479
vt 0.5 0
vt 0.5 0.63636320829391479
vt 0.75 0
vt 0.75 0.63636320829391479
vt 0.75 0
vt 0.75 0.63636320829391479
vt 1 0
vt 1 0.63636320829391479
vt 0 1
vt 0.25 1
vt 0.25 0.63636386394500732
vt 0 0.63636386394500732
vt 0.75 0.63636386394500732
vt 1 0.63636386394500732
vt 1 1
vt 0.75 1
vn 1 0 0
vn 1 0 0
vn 1 0 0
vn 1 0 0
vn 0 0 -1
vn 0 0 -1
vn 0 0 -1
vn 0 0 -1
vn -1 0 0
vn -1 0 0
vn -1 0 0
vn -1 0 0
vn 0 0 1
vn 0 0 1
vn 0 0 1
vn 0 0 1
vn 0 -1 0
vn 0 -1 0
vn 0 -1 0
vn 0 -1 0
vn 0 1 0
vn 0 1 0
vn 0 1 0
vn 0 1 0
f 721/721/721 723/723/723 724/724/724 722/722/722
f 725/725/725 727/727/727 728/728/728 726/726/726
f 729/729/729 731/731/731 732/732/732 730/730/730
f 733/733/733 735/735/735 736/736/736 734/734/734
f 738/738/738 737/737/737 740/740/740
f 740/740/740 739/739/739 738/738/738
f 742/742/742 744/744/744 741/741/741
f 744/744/744 742/742/742 743/743/743
v -13 9 -17
v -13 12 -17
v -13 9 -21
v -13 12 -21
v -13 9 -21
v -13 12 -21
v -17 9 -21
v -17 12 -21
v -17 9 -21
v -17 12 -21
v -17 9 -17
v -17 12 -17
v -17 9 -17
v -17 12 -17
v -13 9 -17
v -13 12 -17
v -13 9 -17
v -13 9 -21
v -17 9 -21
v -17 9 -17
v -13 12 -17
v -13 12 -21
v -17 12 -21
v -17 12 -17
vt 0 0
vt 0 0.63636320829391479
vt 0.25 0
vt 0.25 0.63636320829391479
vt 0.25 0
vt 0.25 0.63636320829391479
vt 0.5 0
vt 0.5 0.63636320829391479
vt 0.5 0
vt 0.5 0.63636320829391479
vt 0.75 0
vt 0.75 0.63636320829391479
vt 0.75 0
vt 0.75 0.63636320829391479
vt 1 0
vt 1 0.63636320829391479
vt 0 1
vt 0.25 1
vt 0.25 0.63636386394500732
vt 0 0.63636386394500732
vt 0.75 0.63636386394500732
vt 1 0.63636386394500732
vt 1 1
vt 0.75 1
vn 1 0 0
vn 1 0 0
vn 1 0 0
vn 1 0 0
vn 0 0 -1
vn 0 0 -1
vn 0 0 -1
vn 0 0 -1
vn -1 0 0
vn -1 0 0
vn -1 0 0
vn -1 0 0
vn 0 0 1
vn 0 0 1
vn 0 0 1
vn 0 0 1
vn 0 -1 0
vn 0 -1 0
vn 0 -1 0
vn 0 -1 0
vn 0 1 0
vn 0 1 0
vn 0 1 0
vn 0 1 0
f 745/745/745 747/747/747 748/748/748 746/746/746
f 749/749/749 751/751/751 752/752/752 750/750/750
f 753/753/753 755/755/755 756/756/756 754/754/754
f 757/757/757 759/759/759 760/760/760 758/758/758
f 762/762/762 761/761/761 764/764/764
f 764/764/764 763/763/763 762/762/762
f 766/766/766 768/768/768 765/765/765
f 768/768/768 766/766/766 767/767/767
v -13 9 -13
v -13 12 -13
v -13 9 -17
v -13 12 -17
v -13 9 -17
v -13 12 -17
v -17 9 -17
v -17 12 -17
v -17 9 -17
v -17 12 -17
v -17 9 -13
v -17 12 -13
v -17 9 -13
v -17 12 -13
v -13 9 -13
v -13 12 -13
v -13 9 -13
v -13 9 -17
v -17 9 -17
v -17 9 -13
v -13 12 -13
v -13 12 -17
v -17 12 -17
v -17 12 -13
vt 0 0
vt 0 0.63636320829391479
vt 0.25 0
vt 0.25 0.63636320829391479
vt 0.25 0
vt 0.25 0.63636320829391479
vt 0.5 0
vt 0.5 0.63636320829391479
vt 0.5 0
vt 0.5 0.63636320829391479
vt 0.75 0
vt 0.75 0.63636320829391479
vt 0.75 0
vt 0.75 0.63636320829391479
vt 1 0
vt 1 0.63636320829391479
vt 0 1
vt 0.25 1
vt 0.25 0.63636386394500732
vt 0 0.63636386394500732
vt 0.75 0.63636386394500732
vt 1 0.63636386394500732
vt 1 1
vt 0.75 1
vn 1 0 0
vn 1 0 0
vn 1 0 0
vn 1 0 0
vn 0 0 -1
vn 0 0 -1
vn 0 0 -1
vn 0 0 -1
vn -1 0 0
vn -1 0 0
vn -1 0 0
vn -1 0 0
vn 0 0 1
vn 0 0 1
vn 0 0 1
vn 0 0 1
vn 0 -1 0
vn 0 -1 0
vn 0 -1 0
vn 0 -1 0
vn 0 1 0
vn 0 1 0
vn 0 1 0
vn 0 1 0
f 769/769/769 771/771/771 772/772/772 770/770/770
f 773/773/773 775/775/775 776/776/776 774/774/774
f 777/777/777 779/779/779 780/780/780 778/778/778
f 781/781/781 783/783/783 784/784/784 782/782/782
f 786/786/786 785/785/785 788/788/788
f 788/788/788 787/787/787 786/786/786
f 790/790/790 792/792/792 789/789/789
f 792/792/792 790/790/790 791/791/791
v -13 9 -9
v -13 12 -9
v -13 9 -13
v -13 12 -13
v -13 9 -13
v -13 12 -13
v -17 9 -13
v -17 12 -13
v -17 9 -13
v -17 12 -13
v -17 9 -9
v -17 12 -9
v -17 9 -9
v -17 12 -9
v -13 9 -9
v -13 12 -9
v -13 9 -9
v -13 9 -13
v -17 9 -13
v -17 9 -9
v -13 12 -9
v -13 12 -13
v -17 12 -13
v -17 12 -9
vt 0 0
vt 0 0.63636320829391479
vt 0.25 0
vt 0.25 0.63636320829391479
vt 0.25 0
vt 0.25 0.63636320829391479
vt 0.5 0
vt 0.5 0.63636320829391479
vt 0.5 0
vt 0.5 0.63636320829391479
vt 0.75 0
vt 0.75 0.63636320829391479
vt 0.75 0
vt 0.75 0.63636320829391479
vt 1 0
vt 1 0.63636320829391479
vt 0 1
vt 0.25 1
vt 0.25 0.63636386394500732
vt 0 0.63636386394500732
vt 0.75 0.63636386394500732
vt 1 0.63636386394500732
vt 1 1
vt 0.75 1
vn 1 0 0
vn 1 0 0
vn 1 0 0
vn 1 0 0
vn 0 0 -1
vn 0 0 -1
vn 0 0 -1
vn 0 0 -1
vn -1 0 0
vn -1 0 0
vn -1 0 0
vn -1 0 0
vn 0 0 1
vn 0 0 1
vn 0 0 1
vn 0 0 1
vn 0 -1 0
vn 0 -1 0
vn 0 -1 0
vn 0 -1 0
vn 0 1 0
vn 0 1 0
vn 0 1 0
vn 0 1 0
f 793/793/793 795/795/795 796/796/796 794/794/794
f 797/797/797 799/799/799 800/800/800 798/798/798
f 801/801/801 803/803/803 804/804/804 802/802/802
f 805/805/805 807/807/807 808/808/808 806/806/806
f 810/810/810 809/809/809 812/812/812
f 812/812/812 811/811/811 810/810/810
f 814/814/814 816/816/816 813/813/813
f 816/816/816 814/814/814 815/815/815
v -13 9 -5
v -13 12 -5
v -13 9 -9
v -13 12 -9
v -13 9 -9
v -13 12 -9
v -17 9 -9
v -17 12 -9
v -17 9 -9
v -17 12 -9
v -17 9 -5
v -17 12 -5
v -17 9 -5
v -17 12 -5
v -13 9 -5
v -13 12 -5
v -13 9 -5
v -13 9 -9
v -17 9 -9
v -17 9 -5
v -13 12 -5
v -13 12 -9
v -17 12 -9
v -17 12 -5
vt 0 0
vt 0 0.63636320829391479
vt 0.25 0
vt 0.25 0.63636320829391479
vt 0.25 0
vt 0.25 0.63636320829391479
vt 0.5 0
vt 0.5 0.63636320829391479
vt 0.5 0
vt 0.5 0.63636320829391479
vt 0.75 0
vt 0.75 0.63636320829391479
vt 0.75 0
vt 0.75 0.63636320829391479
vt 1 0
vt 1 0.63636320829391479
vt 0 1
vt 0.25 1
vt 0.25 0.63636386394500732
vt 0 0.63636386394500732
vt 0.75 0.63636386394500732
vt 1 0.63636386394500732
vt 1 1
vt 0.75 1
vn 1 0 0
vn 1 0 0
vn 1 0 0
vn 1 0 0
vn 0 0 -1
vn 0 0 -1
vn 0 0 -1
vn 0 0 -1
vn -1 0 0
vn -1 0 0
vn -1 0 0
vn -1 0 0
vn 0 0 1
vn 0 0 1
vn 0 0 1
vn 0 0 1
vn 0 -1 0
vn 0 -1 0
vn 0 -1 0
vn 0 -1 0
vn 0 1 0
vn 0 1 0
vn 0 1 0
vn 0 1 0
f 817/817/817 819/819/819 820/820/820 818/818/818
f 821/821/821 823/823/823 824/824/824 822/822/822
f 825/825/825 827/827/827 828/828/828 826/826/826
f 829/829/829 831/831/831 832/832/832 830/830/830
f 834/834/834 833/833/833 836/836/836
f 836/836/836 835/835/835 834/834/834
f 838/838/838 840/840/840 837/837/837
f 840/840/840 838/838/838 839/839/839
v -19 9 -21
v -19 12 -21
v -19 9 -25
v -19 12 -25
v -19 9 -25
v -19 12 -25
v -23 9 -25
v -23 12 -25
v -23 9 -25
v -23 12 -25
v -23 9 -21
v -23 12 -21
v -23 9 -21
v -23 12 -21
v -19 9 -21
v -19 12 -21
v -19 9 -21
v -19 9 -25
v -23 9 -25
v -23 9 -21
v -19 12 -21
v -19 12 -25
v -23 12 -25
v -23 12 -21
vt 0 0
vt 0 0.63636320829391479
vt 0.25 0
vt 0.25 0.63636320829391479
vt 0.25 0
vt 0.25 0.63636320829391479
vt 0.5 0
vt 0.5 0.63636320829391479
vt 0.5 0
vt 0.5 0.63636320829391479
vt 0.75 0
vt 0.75 0.63636320829391479
vt 0.75 0
vt 0.75 0.63636320829391479
vt 1 0
vt 1 0.63636320829391479
vt 0 1
vt 0.25 1
vt 0.25 0.63636386394500732
vt 0 0.63636386394500732
vt 0.75 0.63636386394500732
vt 1 0.63636386394500732
vt 1 1
vt 0.75 1
vn 1 0 0
vn 1 0 0
vn 1 0 0
vn 1 0 0
vn 0 0 -1
vn 0 0 -1
vn 0 0 -1
vn 0 0 -1
vn -1 0 0
vn -1 0 0
vn -1 0 0
vn -1 0 0
vn 0 0 1
vn 0 0 1
vn 0 0 1
vn 0 0 1
vn 0 -1 0
vn 0 -1 0
vn 0 -1 0
vn 0 -1 0
vn 0 1 0
vn 0 1 0
vn 0 1 0
vn 0 1 0
f 841/841/841 843/843/843 844/844/844 842/842/842
f 845/845/845 847/847/847 848/848/848 846/846/846
f 849/849/849 851/851/851 852/852/852 850/850/850
f 853/853/853 855/855/855 856/856/856 854/854/854
f 858/858/858 857/857/857 860/860/860
f 860/860/860 859/859/859 858/858/858
f 862/862/862 864/864/864 861/861/861
f 864/864/864 862/862/862 863/863/863
v -19 9 -17
v -19 12 -17
v -19 9 -21
v -19 12 -21
v -19 9 -21
v -19 12 -21
v -23 9 -21
v -23 12 -21
v -23 9 -21
v -23 12 -21
v -23 9 -17
v -23 12 -17
v -23 9 -17
v -23 12 -17
v -19 9 -17
v -19 12 -17
v -19 9 -17
v -19 9 -21
v -23 9 -21
v -23 9 -17
v -19 12 -17
v -19 12 -21
v -23 12 -21
v -23 12 -17
vt 0 0
vt 0 0.63636320829391479
vt 0.25 0
vt 0.25 0.63636320829391479
vt 0.25 0
vt 0.25 0.63636320829391479
vt 0.5 0
vt 0.5 0.63636320829391479
vt 0.5 0
vt 0.5 0.63636320829391479
vt 0.75 0
vt 0.75 0.63636320829391479
vt 0.75 0
vt 0.75 0.63636320829391479
vt 1 0
vt 1 0.63636320829391479
vt 0 1
vt 0.25 1
vt 0.25 0.63636386394500732
vt 0 0.63636386394500732
vt 0.75 0.63636386394500732
vt 1 0.63636386394500732
vt 1 1
vt 0.75 1
vn 1 0 0
vn 1 0 0
vn 1 0 0
vn 1 0 0
vn 0 0 -1
vn 0 0 -1
vn 0 0 -1
vn 0 0 -1
vn -1 0 0
vn -1 0 0
vn -1 0 0
vn -1 0 0
vn 0 0 1
vn 0 0 1
vn 0 0 1
vn 0 0 1
vn 0 -1 0
vn 0 -1 0
vn 0 -1 0
vn 0 -1 0
vn 0 1 0
vn 0 1 0
vn 0 1 0
vn 0 1 0
f 865/865/865 867/867/867 868/868/868 866/866/866
f 869/869/869 871/871/871 872/872/872 870/870/870
f 873/873/873 875/875/875 876/876/876 874/874/874
f 877/877/877 879/879/879 880/880/880 878/878/878
f 882/882/882 881/881/881 884/884/884
f 884/884/884 883/883/883 882/882/882
f 886/886/886 888/888/888 885/885/885
f 888/888/888 886/886/886 887/887/887
v -19 9 -13
v -19 12 -13
v -19 9 -17
v -19 12 -17
v -19 9 -17
v -19 12 -17
v -23 9 -17
v -23 12 -17
v -23 9 -17
v -23 12 -17
v -23 9 -13
v -23 12 -13
v -23 9 -13
v -23 12 -13
v -19 9 -13
v -19 12 -13
v -19 9 -13
v -19 9 -17
v -23 9 -17
v -23 9 -13
v -19 12 -13
v -19 12 -17
v -23 12 -17
v -23 12 -13
vt 0 0
vt 0 0.63636320829391479
vt 0.25 0
vt 0.25 0.63636320829391479
vt 0.25 0
vt 0.25 0.63636320829391479
vt 0.5 0
vt 0.5 0.63636320829391479
vt 0.5 0
vt 0.5 0.63636320829391479
vt 0.75 0
vt 0.75 0.63636320829391479
vt 0.75 0
vt 0.75 0.63636320829391479
vt 1 0
vt 1 0.63636320829391479
vt 0 1
vt 0.25 1
vt 0.25 0.63636386394500732
vt 0 0.63636386394500732
vt 0.75 0.63636386394500732
vt 1 0.63636386394500732
vt 1 1
vt 0.75 1
vn 1 0 0
vn 1 0 0
vn 1 0 0
vn 1 0 0
vn 0 0 -1
vn 0 0 -1
vn 0 0 -1
vn 0 0 -1
vn -1 0 0
vn -1 0 0
vn -1 0 0
vn -1 0 0
vn 0 0 1
vn 0 0 1
vn 0 0 1
vn 0 0 1
vn 0 -1 0
vn 0 -1 0
vn 0 -1 0
vn 0 -1 0
vn 0 1 0
vn 0 1 0
vn 0 1 0
vn 0 1 0
f 889/889/889 891/891/891 892/892/892 890/890/890
f 893/893/893 895/895/895 896/896/896 894/894/894
f 897/897/897 899/899/899 900/900/900 898/898/898
f 901/901/901 903/903/903 904/904/904 902/902/902
f 906/906/906 905/905/905 908/908/908
f 908/908/908 907/907/907 906/906/906
f 910/910/910 912/912/912 909/909/909
f 912/912/912 910/910/910 911/911/911
v -19 9 -9
v -19 12 -9
v -19 9 -13
v -19 12 -13
v -19 9 -13
v -19 12 -13
v -23 9 -13
v -23 12 -13
v -23 9 -13
v -23 12 -13
v -23 9 -9
v -23 12 -9
v -23 9 -9
v -23 12 -9
v -19 9 -9
v -19 12 -9
v -19 9 -9
v -19 9 -13
v -23 9 -13
v -23 9 -9
v -19 12 -9
v -19 12 -13
v -23 12 -13
v -23 12 -9
vt 0 0
vt 0 0.63636320829391479
vt 0.25 0
vt 0.25 0.63636320829391479
vt 0.25 0
vt 0.25 0.63636320829391479
vt 0.5 0
vt 0.5 0.63636320829391479
vt 0.5 0
vt 0.5 0.63636320829391479
vt 0.75 0
vt 0.75 0.63636320829391479
vt 0.75 0
vt 0.75 0.63636320829391479
vt 1 0
vt 1 0.63636320829391479
vt 0 1
vt 0.25 1
vt 0.25 0.63636386394500732
vt 0 0.63636386394500732
vt 0.75 0.63636386394500732
vt 1 0.63636386394500732
vt 1 1
vt 0.75 1
vn 1 0 0
vn 1 0 0
vn 1 0 0
vn 1 0 0
vn 0 0 -1
vn 0 0 -1
vn 0 0 -1
vn 0 0 -1
vn -1 0 0
vn -1 0 0
vn -1 0 0
vn -1 0 0
vn 0 0 1
vn 0 0 1
vn 0 0 1
vn 0 0 1
vn 0 -1 0
vn 0 -1 0
vn 0 -1 0
vn 0 -1 0
vn 0 1 0
vn 0 1 0
vn 0 1 0
vn 0 1 0
f 913/913/913 915/915/915 916/916/916 914/914/914
f 917/917/917 919/919/919 920/920/920 918/918/918
f 921/921/921 923/923/923 924/924/924 922/922/922
f 925/925/925 927/927/927 928/928/928 926/926/926
f 930/930/930 929/929/929 932/932/932
f 932/932/932 931/931/931 930/930/930
f 934/934/934 936/936/936 933/933/933
f 936/936/936 934/934/934 935/935/935
v -19 9 -5
v -19 12 -5
v -19 9 -9
v -19 12 -9
v -19 9 -9
v -19 12 -9
v -23 9 -9
v -23 12 -9
v -23 9 -9
v -23 12 -9
v -23 9 -5
v -23 12 -5
v -23 9 -5
v -23 12 -5
v -19 9 -5
v -19 12 -5
v -19 9 -5
v -19 9 -9
v -23 9 -9
v -23 9 -5
v -19 12 -5
v -19 12 -9
v -23 12 -9
v -23 12 -5
vt 0 0
vt 0 0.63636320829391479
vt 0.25 0
vt 0.25 0.63636320829391479
vt 0.25 0
vt 0.25 0.63636320829391479
vt 0.5 0
vt 0.5 0.63636320829391479
vt 0.5 0
vt 0.5 0.63636320829391479
vt 0.75 0
vt 0.75 0.63636320829391479
vt 0.75 0
vt 0.75 0.63636320829391479
vt 1 0
vt 1 0.63636320829391479
vt 0 1
vt 0.25 1
vt 0.25 0.63636386394500732
vt 0 0.63636386394500732
vt 0.75 0.63636386394500732
vt 1 0.63636386394500732
vt 1 1
vt 0.75 1
vn 1 0 0
vn 1 0 0
vn 1 0 0
vn 1 0 0
vn 0 0 -1
vn 0 0 -1
vn 0 0 -1
vn 0 0 -1
vn -1 0 0
vn -1 0 0
vn -1 0 0
vn -1 0 0
vn 0 0 1
vn 0 0 1
vn 0 0 1
vn 0 0 1
vn 0 -1 0
vn 0 -1 0
vn 0 -1 0
vn 0 -1 0
vn 0 1 0
vn 0 1 0
vn 0 1 0
vn 0 1 0
f 937/937/937 939/939/939 940/940/940 938/938/938
f 941/941/941 943/943/943 944/944/944 942/942/942
f 945/945/945 947/947/947 948/948/948 946/946/946
f 949/949/949 951/951/951 952/952/952 950/950/950
f 954/954/954 953/953/953 956/956/956
f 956/956/956 955/955/955 954/954/954
f 958/958/958 960/960/960 957/957/957
f 960/960/960 958/958/958 959/959/959
v 17 21 -21
v 17 24 -21
v 17 21 -25
v 17 24 -25
v 17 21 -25
v 17 24 -25
v 13 21 -25
v 13 24 -25
v 13 21 -25
v 13 24 -25
v 13 21 -21
v 13 24 -21
v 13 21 -21
v 13 24 -21
v 17 21 -21
v 17 24 -21
v 17 21 -21
v 17 21 -25
v 13 21 -25
v 13 21 -21
v 17 24 -21
v 17 24 -25
v 13 24 -25
v 13 24 -21
vt 0 0
vt 0 0.63636320829391479
vt 0.25 0
vt 0.25 0.63636320829391479
vt 0.25 0
vt 0.25 0.63636320829391479
vt 0.5 0
vt 0.5 0.63636320829391479
vt 0.5 0
vt 0.5 0.63636320829391479
vt 0.75 0
vt 0.75 0.63636320829391479
vt 0.75 0
vt 0.75 0.63636320829391479
vt 1 0
vt 1 0.63636320829391479
vt 0 1
vt 0.25 1
vt 0.25 0.63636386394500732
vt 0 0.63636386394500732
vt 0.75 0.63636386394500732
vt 1 0.63636386394500732
vt 1 1
vt 0.75 1
vn 1 0 0
vn 1 0 0
vn 1 0 0
vn 1 0 0
vn 0 0 -1
vn 0 0 -1
vn 0 0 -1
vn 0 0 -1
vn -1 0 0
vn -1 0 0
vn -1 0 0
vn -1 0 0
vn 0 0 1
vn 0 0 1
vn 0 0 1
vn 0 0 1
vn 0 -1 0
vn 0 -1 0
vn 0 -1 0
vn 0 -1 0
vn 0 1 0
vn 0 1 0
vn 0 1 0
vn 0 1 0
f 961/961/961 963/963/963 964/964/964 962/962/962
f 965/965/965 967/967/967 968/968/968 966/966/966
f 969/969/969 971/971/971 972/972/972 970/970/970
f 973/973/973 975/975/975 976/976/976 974/974/974
f 978/978/978 977/977/977 980/980/980
f 980/980/980 979/979/979 978/978/978
f 982/982/982 984/984/984 981/981/981
f 984/984/984 982/982/982 983/983/983
v 11 21 -21
v 11 24 -21
v 11 21 -25
v 11 24 -25
v 11 21 -25
v 11 24 -25
v 7 21 -25
v 7 24 -25
v 7 21 -25
v 7 24 -25
v 7 21 -21
v 7 24 -21
v 7 21 -21
v 7 24 -21
v 11 21 -21
v 11 24 -21
v 11 21 -21
v 11 21 -25
v 7 21 -25
v 7 21 -21
v 11 24 -21
v 11 24 -25
v 7 24 -25
v 7 24 -21
vt 0 0
vt 0 0.63636320829391479
vt 0.25 0
vt 0.25 0.63636320829391479
vt 0.25 0
vt 0.25 0.63636320829391479
vt 0.5 0
vt 0.5 0.63636320829391479
vt 0.5 0
vt 0.5 0.63636320829391479
vt 0.75 0
vt 0.75 0.63636320829391479
vt 0.75 0
vt 0.75 0.63636320829391479
vt 1 0
vt 1 0.63636320829391479
vt 0 1
vt 0.25 1
vt 0.25 0.63636386394500732
vt 0 0.63636386394500732
vt 0.75 0.63636386394500732
vt 1 0.63636386394500732
vt 1 1
vt 0.75 1
vn 1 0 0
vn 1 0 0
vn 1 0 0
vn 1 0 0
vn 0 0 -1
vn 0 0 -1
vn 0 0 -1
vn 0 0 -1
vn -1 0 0
vn -1 0 0
vn -1 0 0
vn -1 0 0
vn 0 0 1
vn 0 0 1
vn 0 0 1
vn 0 0 1
vn 0 -1 0
vn 0 -1 0
vn 0 -1 0
vn 0 -1 0
vn 0 1 0
vn 0 1 0
vn 0 1 0
vn 0 1 0
f 985/985/985 987/987/987 988/988/988 986/986/986
f 989/989/989 991/991/991 992/992/992 990/990/990
f 993/993/993 995/995/995 996/996/996 994/994/994
f 997/997/997 999/999/999 1000/1000/1000 998/998/998
f 1002/1002/1002 1001/1001/1001 1004/1004/1004
f 1004/1004/1004 1003/1003/1003 1002/1002/1002
f 1006/1006/1006 1008/1008/1008 1005/1005/1005
f 1008/1008/1008 1006/1006/1006 1007/1007/1007
v 17 18 -21
v 17 21 -21
v 17 18 -25
v 17 21 -25
v 17 18 -25
v 17 21 -25
v 13 18 -25
v 13 21 -25
v 13 18 -25
v 13 21 -25
v 13 18 -21
v 13 21 -21
v 13 18 -21
v 13 21 -21
v 17 18 -21
v 17 21 -21
v 17 18 -21
v 17 18 -25
v 13 18 -25
v 13 18 -21
v 17 21 -21
v 17 21 -25
v 13 21 -25
v 13 21 -21
vt 0 0
vt 0 0.63636320829391479
vt 0.25 0
vt 0.25 0.63636320829391479
vt 0.25 0
vt 0.25 0.63636320829391479
vt 0.5 0
vt 0.5 0.63636320829391479
vt 0.5 0
vt 0.5 0.63636320829391479
vt 0.75 0
vt 0.75 0.63636320829391479
vt 0.75 0
vt 0.75 0.63636320829391479
vt 1 0
vt 1 0.63636320829391479
vt 0 1
vt 0.25 1
vt 0.25 0.63636386394500732
vt 0 0.63636386394500732
vt 0.75 0.63636386394500732
vt 1 0.63636386394500732
vt 1 1
vt 0.75 1
vn 1 0 0
vn 1 0 0
vn 1 0 0
vn 1 0 0
vn 0 0 -1
vn 0 0 -1
vn 0 0 -1
vn 0 0 -1
vn -1 0 0
vn -1 0 0
vn -1 0 0
vn -1 0 0
vn 0 0 1
vn 0 0 1
vn 0 0 1
vn 0 0 1
vn 0 -1 0
vn 0 -1 0
vn 0 -1 0
vn 0 -1 0
vn 0 1 0
vn 0 1 0
vn 0 1 0
vn 0 1 0
f 1009/1009/1009 1011/1011/1011 1012/1012/1012 1010/1010/1010
f 1013/1013/1013 1015/1015/1015 1016/1016/1016 1014/1014/1014
f 1017/1017/1017 1019/1019/1019 1020/1020/1020 1018/1018/1018
f 1021/1021/1021 1023/1023/1023 1024/1024/1024 1022/1022/1022
f 1026/1026/1026 1025/1025/1025 1028/1028/1028
f 1028/1028/1028 1027/1027/1027 1026/1026/1026
f 1030/1030/1030 1032/1032/1032 1029/1029/1029
f 1032/1032/1032 1030/1030/1030 1031/1031/1031
v 17 18 -17
v 17 21 -17
v 17 18 -21
v 17 21 -21
v 17 18 -21
v 17 21 -21
v 13 18 -21
v 13 21 -21
v 13 18 -21
v 13 21 -21
v 13 18 -17
v 13 21 -17
v 13 18 -17
v 13 21 -17
v 17 18 -17
v 17 21 -17
v 17 18 -17
v 17 18 -21
v 13 18 -21
v 13 18 -17
v 17 21 -17
v 17 21 -21
v 13 21 -21
v 13 21 -17
vt 0 0
vt 0 0.63636320829391479
vt 0.25 0
vt 0.25 0.63636320829391479
vt 0.25 0
vt 0.25 0.63636320829391479
vt 0.5 0
vt 0.5 0.63636320829391479
vt 0.5 0
vt 0.5 0.63636320829391479
vt 0.75 0
vt 0.75 0.63636320829391479
vt 0.75 0
vt 0.75 0.63636320829391479
vt 1 0
vt 1 0.63636320829391479
vt 0 1
vt 0.25 1
vt 0.25 0.63636386394500732
vt 0 0.63636386394500732
vt 0.75 0.63636386394500732
vt 1 0.63636386394500732
vt 1 1
vt 0.75 1
vn 1 0 0
vn 1 0 0
vn 1 0 0
vn 1 0 0
vn 0 0 -1
vn 0 0 -1
vn 0 0 -1
vn 0 0 -1
vn -1 0 0
vn -1 0 0
vn -1 0 0
vn -1 0 0
vn 0 0 1
vn 0 0 1
vn 0 0 1
vn 0 0 1
vn 0 -1 0
vn 0 -1 0
vn 0 -1 0
vn 0 -1 0
vn 0 1 0
vn 0 1 0
vn 0 1 0
vn 0 1 0
f 1033/1033/1033 1035/1035/1035 1036/1036/1036 1034/1034/1034
f 1037/1037/1037 1039/1039/1039 1040/1040/1040 1038/1038/1038
f 1041/1041/1041 1043/1043/1043 1044/1044/1044 1042/1042/1042
f 1045/1045/1045 1047/1047/1047 1048/1048/1048 1046/1046/1046
f 1050/1050/1050 1049/1049/1049 1052/1052/1052
f 1052/1052/1052 1051/1051/1051 1050/1050/1050
f 1054/1054/1054 1056/1056/1056 1053/1053/1053
f 1056/1056/1056 1054/1054/1054 1055/1055/1055
v 17 15 -21
v 17 18 -21
v 17 15 -25
v 17 18 -25
v 17 15 -25
v 17 18 -25
v 13 15 -25
v 13 18 -25
v 13 15 -25
v 13 18 -25
v 13 15 -21
v 13 18 -21
v 13 15 -21
v 13 18 -21
v 17 15 -21
v 17 18 -21
v 17 15 -21
v 17 15 -25
v 13 15 -25
v 13 15 -21
v 17 18 -21
v 17 18 -25
v 13 18 -25
v 13 18 -21
vt 0 0
vt 0 0.63636320829391479
vt 0.25 0
vt 0.25 0.63636320829391479
vt 0.25 0
vt 0.25 0.63636320829391479
vt 0.5 0
vt 0.5 0.63636320829391479
vt 0.5 0
vt 0.5 0.63636320829391479
vt 0.75 0
vt 0.75 0.63636320829391479
vt 0.75 0
vt 0.75 0.63636320829391479
vt 1 0
vt 1 0.63636320829391479
vt 0 1
vt 0.25 1
vt 0.25 0.63636386394500732
vt 0 0.63636386394500732
vt 0.75 0.63636386394500732
vt 1 0.63636386394500732
vt 1 1
vt 0.75 1
vn 1 0 0
vn 1 0 0
vn 1 0 0
vn 1 0 0
vn 0 0 -1
vn 0 0 -1
vn 0 0 -1
vn 0 0 -1
vn -1 0 0
vn -1 0 0
vn -1 0 0
vn -1 0 0
vn 0 0 1
vn 0 0 1
vn 0 0 1
vn 0 0 1
vn 0 -1 0
vn 0 -1 0
vn 0 -1 0
vn 0 -1 0
vn 0 1 0
vn 0 1 0
vn 0 1 0
vn 0 1 0
f 1057/1057/1057 1059/1059/1059 1060/1060/1060 1058/1058/1058
f 1061/1061/1061 1063/1063/1063 1064/1064/1064 1062/1062/1062
f 1065/1065/1065 1067/1067/1067 1068/1068/1068 1066/1066/1066
f 1069/1069/1069 1071/1071/1071 1072/1072/1072 1070/1070/1070
f 1074/1074/1074 1073/1073/1073 1076/1076/1076
f 1076/1076/1076 1075/1075/1075 1074/1074/1074
f 1078/1078/1078 1080/1080/1080 1077/1077/1077
f 1080/1080/1080 1078/1078/1078 1079/1079/1079
v 17 15 -17
v 17 18 -17
v 17 15 -21
v 17 18 -21
v 17 15 -21
v 17 18 -21
v 13 15 -21
v 13 18 -21
v 13 15 -21
v 13 18 -21
v 13 15 -17
v 13 18 -17
v 13 15 -17
v 13 18 -17
v 17 15 -17
v 17 18 -17
v 17 15 -17
v 17 15 -21
v 13 15 -21
v 13 15 -17
v 17 18 -17
v 17 18 -21
v 13 18 -21
v 13 18 -17
vt 0 0
vt 0 0.63636320829391479
vt 0.25 0
vt 0.25 0.63636320829391479
vt 0.25 0
vt 0.25 0.63636320829391479
vt 0.5 0
vt 0.5 0.63636320829391479
vt 0.5 0
vt 0.5 0.63636320829391479
vt 0.75 0
vt 0.75 0.63636320829391479
vt 0.75 0
vt 0.75 0.63636320829391479
vt 1 0
vt 1 0.63636320829391479
vt 0 1
vt 0.25 1
vt 0.25 0.63636386394500732
vt 0 0.63636386394500732
vt 0.75 0.63636386394500732
vt 1 0.63636386394500732
vt 1 1
vt 0.75 1
vn 1 0 0
vn 1 0 0
vn 1 0 0
vn 1 0 0
vn 0 0 -1
vn 0 0 -1
vn 0 0 -1
vn 0 0 -1
vn -1 0 0
vn -1 0 0
vn -1 0 0
vn -1 0 0
vn 0 0 1
vn 0 0 1
vn 0 0 1
vn 0 0 1
vn 0 -1 0
vn 0 -1 0
vn 0 -1 0
vn 0 -1 0
vn 0 1 0
vn 0 1 0
vn 0 1 0
vn 0 1 0
f 1081/1081/1081 1083/1083/1083 1084/1084/1084 1082/1082/1082
f 1085/1085/1085 1087/1087/1087 1088/1088/1088 1086/1086/1086
f 1089/1089/1089 1091/1091/1091 1092/1092/1092 1090/1090/1090
f 1093/1093/1093 1095/1095/1095 1096/1096/1096 1094/1094/1094
f 1098/1098/1098 1097/1097/1097 1100/1100/1100
f 1100/1100/1100 1099/1099/1099 1098/1098/1098
f 1102/1102/1102 1104/1104/1104 1101/1101/1101
f 1104/1104/1104 1102/1102/1102 1103/1103/1103
v 17 15 -13
v 17 18 -13
v 17 15 -17
v 17 18 -17
v 17 15 -17
v 17 18 -17
v 13 15 -17
v 13 18 -17
v 13 15 -17
v 13 18 -17
v 13 15 -13
v 13 18 -13
v 13 15 -13
v 13 18 -13
v 17 15 -13
v 17 18 -13
v 17 15 -13
v 17 15 -17
v 13 15 -17
v 13 15 -13
v 17 18 -13
v 17 18 -17
v 13 18 -17
v 13 18 -13
vt 0 0
vt 0 0.63636320829391479
vt 0.25 0
vt 0.25 0.63636320829391479
vt 0.25 0
vt 0.25 0.63636320829391479
vt 0.5 0
vt 0.5 0.63636320829391479
vt 0.5 0
vt 0.5 0.63636320829391479
vt 0.75 0
vt 0.75 0.63636320829391479
vt 0.75 0
vt 0.75 0.63636320829391479
vt 1 0
vt 1 0.63636320829391479
vt 0 1
vt 0.25 1
vt 0.25 0.63636386394500732
vt 0 0.63636386394500732
vt 0.75 0.63636386394500732
vt 1 0.63636386394500732
vt 1 1
vt 0.75 1
vn 1 0 0
vn 1 0 0
vn 1 0 0
vn 1 0 0
vn 0 0 -1
vn 0 0 -1
vn 0 0 -1
vn 0 0 -1
vn -1 0 0
vn -1 0 0
vn -1 0 0
vn -1 0 0
vn 0 0 1
vn 0 0 1
vn 0 0 1
vn 0 0 1
vn 0 -1 0
vn 0 -1 0
vn 0 -1 0
vn 0 -1 0
vn 0 1 0
vn 0 1 0
vn 0 1 0
vn 0 1 0
f 1105/1105/1105 1107/1107/1107 1108/1108/1108 1106/1106/1106
f 1109/1109/1109 1111/1111/1111 1112/1112/1112 1110/1110/1110
f 1113/1113/1113 1115/1115/1115 1116/1116/1116 1114/1114/1114
f 1117/1117/1117 1119/1119/1119 1120/1120/1120 1118/1118/1118
f 1122/1122/1122 1121/1121/1121 1124/1124/1124
f 1124/1124/1124 1123/1123/1123 1122/1122/1122
f 1126/1126/1126 1128/1128/1128 1125/1125/1125
f 1128/1128/1128 1126/1126/1126 1127/1127/1127
v 11 18 -21
v 11 21 -21
v 11 18 -25
v 11 21 -25
v 11 18 -25
v 11 21 -25
v 7 18 -25
v 7 21 -25
v 7 18 -25
v 7 21 -25
v 7 18 -21
v 7 21 -21
v 7 18 -21
v 7 21 -21
v 11 18 -21
v 11 21 -21
v 11 18 -21
v 11 18 -25
v 7 18 -25
v 7 18 -21
v 11 21 -21
v 11 21 -25
v 7 21 -25
v 7 21 -21
vt 0 0
vt 0 0.63636320829391479
vt 0.25 0
vt 0.25 0.63636320829391479
vt 0.25 0
vt 0.25 0.63636320829391479
vt 0.5 0
vt 0.5 0.63636320829391479
vt 0.5 0
vt 0.5 0.63636320829391479
vt 0.75 0
vt 0.75 0.63636320829391479
vt 0.75 0
vt 0.75 0.63636320829391479
vt 1 0
vt 1 0.63636320829391479
vt 0 1
vt 0.25 1
vt 0.25 0.63636386394500732
vt 0 0.63636386394500732
vt 0.75 0.63636386394500732
vt 1 0.63636386394500732
vt 1 1
vt 0.75 1
vn 1 0 0
vn 1 0 0
vn 1 0 0
vn 1 0 0
vn 0 0 -1
vn 0 0 -1
vn 0 0 -1
vn 0 0 -1
vn -1 0 0
vn -1 0 0
vn -1 0 0
vn -1 0 0
vn 0 0 1
vn 0 0 1
vn 0 0 1
vn 0 0 1
vn 0 -1 0
vn 0 -1 0
vn 0 -1 0
vn 0 -1 0
vn 0 1 0
vn 0 1 0
vn 0 1 0
vn 0 1 0
f 1129/1129/1129 1131/1131/1131 1132/1132/1132 1130/1130/1130
f 1133/1133/1133 1135/1135/1135 1136/1136/1136 1134/1134/1134
f 1137/1137/1137 1139/1139/1139 1140/1140/1140 1138/1138/1138
f 1141/1141/1141 1143/1143/1143 1144/1144/1144 1142/1142/1142
f 1146/1146/1146 1145/1145/1145 1148/1148/1148
f 1148/1148/1148 1147/1147/1147 1146/1146/1146
f 1150/1150/1150 1152/1152/1152 1149/1149/1149
f 1152/1152/1152 1150/1150/1150 1151/1151/1151
v 11 18 -17
v 11 21 -17
v 11 18 -21
v 11 21 -21
v 11 18 -21
v 11 21 -21
v 7 18 -21
v 7 21 -21
v 7 18 -21
v 7 21 -21
v 7 18 -17
v 7 21 -17
v 7 18 -17
v 7 21 -17
v 11 18 -17
v 11 21 -17
v 11 18 -17
v 11 18 -21
v 7 18 -21
v 7 18 -17
v 11 21 -17
v 11 21 -21
v 7 21 -21
v 7 21 -17
vt 0 0
vt 0 0.63636320829391479
vt 0.25 0
vt 0.25 0.63636320829391479
vt 0.25 0
vt 0.25 0.63636320829391479
vt 0.5 0
vt 0.5 0.63636320829391479
vt 0.5 0
vt 0.5 0.63636320829391479
vt 0.75 0
vt 0.75 0.63636320829391479
vt 0.75 0
vt 0.75 0.63636320829391479
vt 1 0
vt 1 0.63636320829391479
vt 0 1
vt 0.25 1
vt 0.25 0.63636386394500732
vt 0 0.63636386394500732
vt 0.75 0.63636386394500732
vt 1 0.63636386394500732
vt 1 1
vt 0.75 1
vn 1 0 0
vn 1 0 0
vn 1 0 0
vn 1 0 0
vn 0 0 -1
vn 0 0 -1
vn 0 0 -1
vn 0 0 -1
vn -1 0 0
vn -1 0 0
vn -1 0 0
vn -1 0 0
vn 0 0 1
vn 0 0 1
vn 0 0 1
vn 0 0 1
vn 0 -1 0
vn 0 -1 0
vn 0 -1 0
vn 0 -1 0
vn 0 1 0
vn 0 1 0
vn 0 1 0
vn 0 1 0
f 1153/1153/1153 1155/1155/1155 1156/1156/1156 1154/1154/1154
f 1157/1157/1157 1159/1159/1159 1160/1160/1160 1158/1158/1158
f 1161/1161/1161 1163/1163/1163 1164/1164/1164 1162/1162/1162
f 1165/1165/1165 1167/1167/1167 1168/1168/1168 1166/1166/1166
f 1170/1170/1170 1169/1169/1169 1172/1172/1172
f 1172/1172/1172 1171/1171/1171 1170/1170/1170
f 1174/1174/1174 1176/1176/1176 1173/1173/1173
f 1176/1176/1176 1174/1174/1174 1175/1175/1175
v 11 15 -21
v 11 18 -21
v 11 15 -25
v 11 18 -25
v 11 15 -25
v 11 18 -25
v 7 15 -25
v 7 18 -25
v 7 15 -25
v 7 18 -25
v 7 15 -21
v 7 18 -21
v 7 15 -21
v 7 18 -21
v 11 15 -21
v 11 18 -21
v 11 15 -21
v 11 15 -25
v 7 15 -25
v 7 15 -21
v 11 18 -21
v 11 18 -25
v 7 18 -25
v 7 18 -21
vt 0 0
vt 0 0.63636320829391479
vt 0.25 0
vt 0.25 0.63636320829391479
vt 0.25 0
vt 0.25 0.63636320829391479
vt 0.5 0
vt 0.5 0.63636320829391479
vt 0.5 0
vt 0.5 0.63636320829391479
vt 0.75 0
vt 0.75 0.63636320829391479
vt 0.75 0
vt 0.75 0.63636320829391479
vt 1 0
vt 1 0.63636320829391479
vt 0 1
vt 0.25 1
vt 0.25 0.63636386394500732
vt 0 0.63636386394500732
vt 0.75 0.63636386394500732
vt 1 0.63636386394500732
vt 1 1
vt 0.75 1
vn 1 0 0
vn 1 0 0
vn 1 0 0
vn 1 0 0
vn 0 0 -1
vn 0 0 -1
vn 0 0 -1
vn 0 0 -1
vn -1 0 0
vn -1 0 0
vn -1 0 0
vn -1 0 0
vn 0 0 1
vn 0 0 1
vn 0 0 1
vn 0 0 1
vn 0 -1 0
vn 0 -1 0
vn 0 -1 0
vn 0 -1 0
vn 0 1 0
vn 0 1 0
vn 0 1 0
vn 0 1 0
f 1177/1177/1177 1179/1179/1179 1180/1180/1180 1178/1178/1178
f 1181/1181/1181 1183/1183/1183 1184/1184/1184 1182/1182/1182
f 1185/1185/1185 1187/1187/1187 1188/1188/1188 1186/1186/1186
f 1189/1189/1189 1191/1191/1191 1192/1192/1192 1190/1190/1190
f 1194/1194/1194 1193/1193/1193 1196/1196/1196
f 1196/1196/1196 1195/1195/1195 1194/1194/1194
f 1198/1198/1198 1200/1200/1200 1197/1197/1197
f 1200/1200/1200 1198/1198/1198 1199/1199/1199
v 11 15 -17
v 11 18 -17
v 11 15 -21
v 11 18 -21
v 11 15 -21
v 11 18 -21
v 7 15 -21
v 7 18 -21
v 7 15 -21
v 7 18 -21
v 7 15 -17
v 7 18 -17
v 7 15 -17
v 7 18 -17
v 11 15 -17
v 11 18 -17
v 11 15 -17
v 11 15 -21
v 7 15 -21
v 7 15 -17
v 11 18 -17
v 11 18 -21
v 7 18 -21
v 7 18 -17
vt 0 0
vt 0 0.63636320829391479
vt 0.25 0
vt 0.25 0.63636320829391479
vt 0.25 0
vt 0.25 0.63636320829391479
vt 0.5 0
vt 0.5 0.63636320829391479
vt 0.5 0
vt 0.5 0.63636320829391479
vt 0.75 0
vt 0.75 0.63636320829391479
vt 0.75 0
vt 0.75 0.63636320829391479
vt 1 0
vt 1 0.63636320829391479
vt 0 1
vt 0.25 1
vt 0.25 0.63636386394500732
vt 0 0.63636386394500732
vt 0.75 0.63636386394500732
vt 1 0.63636386394500732
vt 1 1
vt 0.75 1
vn 1 0 0
vn 1 0 0
vn 1 0 0
vn 1 0 0
vn 0 0 -1
vn 0 0 -1
vn 0 0 -1
vn 0 0 -1
vn -1 0 0
vn -1 0 0
vn -1 0 0
vn -1 0 0
vn 0 0 1
vn 0 0 1
vn 0 0 1
vn 0 0 1
vn 0 -1 0
vn 0 -1 0
vn 0 -1 0
vn 0 -1 0
vn 0 1 0
vn 0 1 0
vn 0 1 0
vn 0 1 0
f 1201/1201/1201 1203/1203/1203 1204/1204/1204 1202/1202/1202
f 1205/1205/1205 1207/1207/1207 1208/1208/1208 1206/1206/1206
f 1209/1209/1209 1211/1211/1211 1212/1212/1212 1210/1210/1210
f 1213/1213/1213 1215/1215/1215 1216/1216/1216 1214/1214/1214
f 1218/1218/1218 1217/1217/1217 1220/1220/1220
f 1220/1220/1220 1219/1219/1219 1218/1218/1218
f 1222/1222/1222 1224/1224/1224 1221/1221/1221
f 1224/1224/1224 1222/1222/1222 1223/1223/1223
v 11 15 -13
v 11 18 -13
v 11 15 -17
v 11 18 -17
v 11 15 -17
v 11 18 -17
v 7 15 -17
v 7 18 -17
v 7 15 -17
v 7 18 -17
v 7 15 -13
v 7 18 -13
v 7 15 -13
v 7 18 -13
v 11 15 -13
v 11 18 -13
v 11 15 -13
v 11 15 -17
v 7 15 -17
v 7 15 -13
v 11 18 -13
v 11 18 -17
v 7 18 -17
v 7 18 -13
vt 0 0
vt 0 0.63636320829391479
vt 0.25 0
vt 0.25 0.63636320829391479
vt 0.25 0
vt 0.25 0.63636320829391479
vt 0.5 0
vt 0.5 0.63636320829391479
vt 0.5 0
vt 0.5 0.63636320829391479
vt 0.75 0
vt 0.75 0.63636320829391479
vt 0.75 0
vt 0.75 0.63636320829391479
vt 1 0
vt 1 0.63636320829391479
vt 0 1
vt 0.25 1
vt 0.25 0.63636386394500732
vt 0 0.63636386394500732
vt 0.75 0.63636386394500732
vt 1 0.63636386394500732
vt 1 1
vt 0.75 1
vn 1 0 0
vn 1 0 0
vn 1 0 0
vn 1 0 0
vn 0 0 -1
vn 0 0 -1
vn 0 0 -1
vn 0 0 -1
vn -1 0 0
vn -1 0 0
vn -1 0 0
vn -1 0 0
vn 0 0 1
vn 0 0 1
vn 0 0 1
vn 0 0 1
vn 0 -1 0
vn 0 -1 0
vn 0 -1 0
vn 0 -1 0
vn 0 1 0
vn 0 1 0
vn 0 1 0
vn 0 1 0
f 1225/1225/1225 1227/1227/1227 1228/1228/1228 1226/1226/1226
f 1229/1229/1229 1231/1231/1231 1232/1232/1232 1230/1230/1230
f 1233/1233/1233 1235/1235/1235 1236/1236/1236 1234/1234/1234
f 1237/1237/1237 1239/1239/1239 1240/1240/1240 1238/1238/1238
f 1242/1242/1242 1241/1241/1241 1244/1244/1244
f 1244/1244/1244 1243/1243/1243 1242/1242/1242
f 1246/1246/1246 1248/1248/1248 1245/1245/1245
f 1248/1248/1248 1246/1246/1246 1247/1247/1247
v 17 12 -21
v 17 15 -21
v 17 12 -25
v 17 15 -25
v 17 12 -25
v 17 15 -25
v 13 12 -25
v 13 15 -25
v 13 12 -25
v 13 15 -25
v 13 12 -21
v 13 15 -21
v 13 12 -21
v 13 15 -21
v 17 12 -21
v 17 15 -21
v 17 12 -21
v 17 12 -25
v 13 12 -25
v 13 12 -21
v 17 15 -21
v 17 15 -25
v 13 15 -25
v 13 15 -21
vt 0 0
vt 0 0.63636320829391479
vt 0.25 0
vt 0.25 0.63636320829391479
vt 0.25 0
vt 0.25 0.63636320829391479
vt 0.5 0
vt 0.5 0.63636320829391479
vt 0.5 0
vt 0.5 0.63636320829391479
vt 0.75 0
vt 0.75 0.63636320829391479
vt 0.75 0
vt 0.75 0.63636320829391479
vt 1 0
vt 1 0.63636320829391479
vt 0 1
vt 0.25 1
vt 0.25 0.63636386394500732
vt 0 0.63636386394500732
vt 0.75 0.63636386394500732
vt 1 0.63636386394500732
vt 1 1
vt 0.75 1
vn 1 0 0
vn 1 0 0
vn 1 0 0
vn 1 0 0
vn 0 0 -1
vn 0 0 -1
vn 0 0 -1
vn 0 0 -1
vn -1 0 0
vn -1 0 0
vn -1 0 0
vn -1 0 0
vn 0 0 1
vn 0 0 1
vn 0 0 1
vn 0 0 1
vn 0 -1 0
vn 0 -1 0
vn 0 -1 0
vn 0 -1 0
vn 0 1 0
vn 0 1 0
vn 0 1 0
vn 0 1 0
f 1249/1249/1249 1251/1251/1251 1252/1252/1252 1250/1250/1250
f 1253/1253/1253 1255/1255/1255 1256/1256/1256 1254/1254/1254
f 1257/1257/1257 1259/1259/1259 1260/1260/1260 1258/1258/1258
f 1261/1261/1261 1263/1263/1263 1264/1264/1264 1262/1262/1262
f 1266/1266/1266 1265/1265/1265 1268/1268/1268
f 1268/1268/1268 1267/1267/1267 1266/1266/1266
f 1270/1270/1270 1272/1272/1272 1269/1269/1269
f 1272/1272/1272 1270/1270/1270 1271/1271/1271
v 17 12 -17
v 17 15 -17
v 17 12 -21
v 17 15 -21
v 17 12 -21
v 17 15 -21
v 13 12 -21
v 13 15 -21
v 13 12 -21
v 13 15 -21
v 13 12 -17
v 13 15 -17
v 13 12 -17
v 13 15 -17
v 17 12 -17
v 17 15 -17
v 17 12 -17
v 17 12 -21
v 13 12 -21
v 13 12 -17
v 17 15 -17
v 17 15 -21
v 13 15 -21
v 13 15 -17
vt 0 0
vt 0 0.63636320829391479
vt 0.25 0
vt 0.25 0.63636320829391479
vt 0.25 0
vt 0.25 0.63636320829391479
vt 0.5 0
vt 0.5 0.63636320829391479
vt 0.5 0
vt 0.5 0.63636320829391479
vt 0.75 0
vt 0.75 0.63636320829391479
vt 0.75 0
vt 0.75 0.63636320829391479
vt 1 0
vt 1 0.63636320829391479
vt 0 1
vt 0.25 1
vt 0.25 0.63636386394500732
vt 0 0.63636386394500732
vt 0.75 0.63636386394500732
vt 1 0.63636386394500732
vt 1 1
vt 0.75 1
vn 1 0 0
vn 1 0 0
vn 1 0 0
vn 1 0 0
vn 0 0 -1
vn 0 0 -1
vn 0 0 -1
vn 0 0 -1
vn -1 0 0
vn -1 0 0
vn -1 0 0
vn -1 0 0
vn 0 0 1
vn 0 0 1
vn 0 0 1
vn 0 0 1
vn 0 -1 0
vn 0 -1 0
vn 0 -1 0
vn 0 -1 0
vn 0 1 0
vn 0 1 0
vn 0 1 0
vn 0 1 0
f 1273/1273/1273 1275/1275/1275 1276/1276/1276 1274/1274/1274
f 1277/1277/1277 1279/1279/1279 1280/1280/1280 1278/1278/1278
f 1281/1281/1281 1283/1283/1283 1284/1284/1284 1282/1282/1282
f 1285/1285/1285 1287/1287/1287 1288/1288/1288 1286/1286/1286
f 1290/1290/1290 1289/1289/1289 1292/1292/1292
f 1292/1292/1292 1291/1291/1291 1290/1290/1290
f 1294/1294/1294 1296/1296/1296 1293/1293/1293
f 1296/1296/1296 1294/1294/1294 1295/1295/1295
v 17 12 -13
v 17 15 -13
v 17 12 -17
v 17 15 -17
v 17 12 -17
v 17 15 -17
v 13 12 -17
v 13 15 -17
v 13 12 -17
v 13 15 -17
v 13 12 -13
v 13 15 -13
v 13 12 -13
v 13 15 -13
v 17 12 -13
v 17 15 -13
v 17 12 -13
v 17 12 -17
v 13 12 -17
v 13 12 -13
v 17 15 -13
v 17 15 -17
v 13 15 -17
v 13 15 -13
vt 0 0
vt 0 0.63636320829391479
vt 0.25 0
vt 0.25 0.63636320829391479
vt 0.25 0
vt 0.25 0.63636320829391479
vt 0.5 0
vt 0.5 0.63636320829391479
vt 0.5 0
vt 0.5 0.63636320829391479
vt 0.75 0
vt 0.75 0.63636320829391479
vt 0.75 0
vt 0.75 0.63636320829391479
vt 1 0
vt 1 0.63636320829391479
vt 0 1
vt 0.25 1
vt 0.25 0.63636386394500732
vt 0 0.63636386394500732
vt 0.75 0.63636386394500732
vt 1 0.63636386394500732
vt 1 1
vt 0.75 1
vn 1 0 0
vn 1 0 0
vn 1 0 0
vn 1 0 0
vn 0 0 -1
vn 0 0 -1
vn 0 0 -1
vn 0 0 -1
vn -1 0 0
vn -1 0 0
vn -1 0 0
vn -1 0 0
vn 0 0 1
vn 0 0 1
vn 0 0 1
vn 0 0 1
vn 0 -1 0
vn 0 -1 0
vn 0 -1 0
vn 0 -1 0
vn 0 1 0
vn 0 1 0
vn 0 1 0
vn 0 1 0
f 1297/1297/1297 1299/1299/1299 1300/1300/1300 1298/1298/1298
f 1301/1301/1301 1303/1303/1303 1304/1304/1304 1302/1302/1302
f 1305/1305/1305 1307/1307/1307 1308/1308/1308 1306/1306/1306
f 1309/1309/1309 1311/1311/1311 1312/1312/1312 1310/1310/1310
f 1314/1314/1314 1313/1313/1313 1316/1316/1316
f 1316/1316/1316 1315/1315/1315 1314/1314/1314
f 1318/1318/1318 1320/1320/1320 1317/1317/1317
f 1320/1320/1320 1318/1318/1318 1319/1319/1319
v 17 12 -9
v 17 15 -9
v 17 12 -13
v 17 15 -13
v 17 12 -13
v 17 15 -13
v 13 12 -13
v 13 15 -13
v 13 12 -13
v 13 15 -13
v 13 12 -9
v 13 15 -9
v 13 12 -9
v 13 15 -9
v 17 12 -9
v 17 15 -9
v 17 12 -9
v 17 12 -13
v 13 12 -13
v 13 12 -9
v 17 15 -9
v 17 15 -13
v 13 15 -13
v 13 15 -9
vt 0 0
vt 0 0.63636320829391479
vt 0.25 0
vt 0.25 0.63636320829391479
vt 0.25 0
vt 0.25 0.63636320829391479
vt 0.5 0
vt 0.5 0.63636320829391479
vt 0.5 0
vt 0.5 0.63636320829391479
vt 0.75 0
vt 0.75 0.63636320829391479
vt 0.75 0
vt 0.75 0.63636320829391479
vt 1 0
vt 1 0.63636320829391479
vt 0 1
vt 0.25 1
vt 0.25 0.63636386394500732
vt 0 0.63636386394500732
vt 0.75 0.63636386394500732
vt 1 0.63636386394500732
vt 1 1
vt 0.75 1
vn 1 0 0
vn 1 0 0
vn 1 0 0
vn 1 0 0
vn 0 0 -1
vn 0 0 -1
vn 0 0 -1
vn 0 0 -1
vn -1 0 0
vn -1 0 0
vn -1 0 0
vn -1 0 0
vn 0 0 1
vn 0 0 1
vn 0 0 1
vn 0 0 1
vn 0 -1 0
vn 0 -1 0
vn 0 -1 0
vn 0 -1 0
vn 0 1 0
vn 0 1 0
vn 0 1 0
vn 0 1 0
f 1321/1321/1321 1323/1323/1323 1324/1324/1324 1322/1322/1322
f 1325/1325/1325 1327/1327/1327 1328/1328/1328 1326/1326/1326
f 1329/1329/1329 1331/1331/1331 1332/1332/1332 1330/1330/1330
f 1333/1333/1333 1335/1335/1335 1336/1336/1336 1334/1334/1334
f 1338/1338/1338 1337/1337/1337 1340/1340/1340
f 1340/1340/1340 1339/1339/1339 1338/1338/1338
f 1342/1342/1342 1344/1344/1344 1341/1341/1341
f 1344/1344/1344 1342/1342/1342 1343/1343/1343
v 17 9 -21
v 17 12 -21
v 17 9 -25
v 17 12 -25
v 17 9 -25
v 17 12 -25
v 13 9 -25
v 13 12 -25
v 13 9 -25
v 13 12 -25
v 13 9 -21
v 13 12 -21
v 13 9 -21
v 13 12 -21
v 17 9 -21
v 17 12 -21
v 17 9 -21
v 17 9 -25
v 13 9 -25
v 13 9 -21
v 17 12 -21
v 17 12 -25
v 13 12 -25
v 13 12 -21
vt 0 0
vt 0 0.63636320829391479
vt 0.25 0
vt 0.25 0.63636320829391479
vt 0.25 0
vt 0.25 0.63636320829391479
vt 0.5 0
vt 0.5 0.63636320829391479
vt 0.5 0
vt 0.5 0.63636320829391479
vt 0.75 0
vt 0.75 0.63636320829391479
vt 0.75 0
vt 0.75 0.63636320829391479
vt 1 0
vt 1 0.63636320829391479
vt 0 1
vt 0.25 1
vt 0.25 0.63636386394500732
vt 0 0.63636386394500732
vt 0.75 0.63636386394500732
vt 1 0.63636386394500732
vt 1 1
vt 0.75 1
vn 1 0 0
vn 1 0 0
vn 1 0 0
vn 1 0 0
vn 0 0 -1
vn 0 0 -1
vn 0 0 -1
vn 0 0 -1
vn -1 0 0
vn -1 0 0
vn -1 0 0
vn -1 0 0
vn 0 0 1
vn 0 0 1
vn 0 0 1
vn 0 0 1
vn 0 -1 0
vn 0 -1 0
vn 0 -1 0
vn 0 -1 0
vn 0 1 0
vn 0 1 0
vn 0 1 0
vn 0 1 0
f 1345/1345/1345 1347/1347/1347 1348/1348/1348 1346/1346/1346
f 1349/1349/1349 1351/1351/1351 1352/1352/1352 1350/1350/1350
f 1353/1353/1353 1355/1355/1355 1356/1356/1356 1354/1354/1354
f 1357/1357/1357 1359/1359/1359 1360/1360/1360 1358/1358/1358
f 1362/1362/1362 1361/1361/1361 1364/1364/1364
f 1364/1364/1364 1363/1363/1363 1362/1362/1362
f 1366/1366/1366 1368/1368/1368 1365/1365/1365
f 1368/1368/1368 1366/1366/1366 1367/1367/1367
v 17 9 -17
v 17 12 -17
v 17 9 -21
v 17 12 -21
v 17 9 -21
v 17 12 -21
v 13 9 -21
v 13 12 -21
v 13 9 -21
v 13 12 -21
v 13 9 -17
v 13 12 -17
v 13 9 -17
v 13 12 -17
v 17 9 -17
v 17 12 -17
v 17 9 -17
v 17 9 -21
v 13 9 -21
v 13 9 -17
v 17 12 -17
v 17 12 -21
v 13 12 -21
v 13 12 -17
vt 0 0
vt 0 0.63636320829391479
vt 0.25 0
vt 0.25 0.63636320829391479
vt 0.25 0
vt 0.25 0.63636320829391479
vt 0.5 0
vt 0.5 0.63636320829391479
vt 0.5 0
vt 0.5 0.63636320829391479
vt 0.75 0
vt 0.75 0.63636320829391479
vt 0.75 0
vt 0.75 0.63636320829391479
vt 1 0
vt 1 0.63636320829391479
vt 0 1
vt 0.25 1
vt 0.25 0.63636386394500732
vt 0 0.63636386394500732
vt 0.75 0.63636386394500732
vt 1 0.63636386394500732
vt 1 1
vt 0.75 1
vn 1 0 0
vn 1 0 0
vn 1 0 0
vn 1 0 0
vn 0 0 -1
vn 0 0 -1
vn 0 0 -1
vn 0 0 -1
vn -1 0 0
vn -1 0 0
vn -1 0 0
vn -1 0 0
vn 0 0 1
vn 0 0 1
vn 0 0 1
vn 0 0 1
vn 0 -1 0
vn 0 -1 0
vn 0 -1 0
vn 0 -1 0
vn 0 1 0
vn 0 1 0
vn 0 1 0
vn 0 1 0
f 1369/1369/1369 1371/1371/1371 1372/1372/1372 1370/1370/1370
f 1373/1373/1373 1375/1375/1375 1376/1376/1376 1374/1374/1374
f 1377/1377/1377 1379/1379/1379 1380/1380/1380 1378/1378/1378
f 1381/1381/1381 1383/1383/1383 1384/1384/1384 1382/1382/1382
f 1386/1386/1386 1385/1385/1385 1388/1388/1388
f 1388/1388/1388 1387/1387/1387 1386/1386/1386
f 1390/1390/1390 1392/1392/1392 1389/1389/1389
f 1392/1392/1392 1390/1390/1390 1391/1391/1391
v 17 9 -13
v 17 12 -13
v 17 9 -17
v 17 12 -17
v 17 9 -17
v 17 12 -17
v 13 9 -17
v 13 12 -17
v 13 9 -17
v 13 12 -17
v 13 9 -13
v 13 12 -13
v 13 9 -13
v 13 12 -13
v 17 9 -13
v 17 12 -13
v 17 9 -13
v 17 9 -17
v 13 9 -17
v 13 9 -13
v 17 12 -13
v 17 12 -17
v 13 12 -17
v 13 12 -13
vt 0 0
vt 0 0.63636320829391479
vt 0.25 0
vt 0.25 0.63636320829391479
vt 0.25 0
vt 0.25 0.63636320829391479
vt 0.5 0
vt 0.5 0.63636320829391479
vt 0.5 0
vt 0.5 0.63636320829391479
vt 0.75 0
vt 0.75 0.63636320829391479
vt 0.75 0
vt 0.75 0.63636320829391479
vt 1 0
vt 1 0.63636320829391479
vt 0 1
vt 0.25 1
vt 0.25 0.63636386394500732
vt 0 0.63636386394500732
vt 0.75 0.63636386394500732
vt 1 0.63636386394500732
vt 1 1
vt 0.75 1
vn 1 0 0
vn 1 0 0
vn 1 0 0
vn 1 0 0
vn 0 0 -1
vn 0 0 -1
vn 0 0 -1
vn 0 0 -1
vn -1 0 0
vn -1 0 0
vn -1 0 0
vn -1 0 0
vn 0 0 1
vn 0 0 1
vn 0 0 1
vn 0 0 1
vn 0 -1 0
vn 0 -1 0
vn 0 -1 0
vn 0 -1 0
vn 0 1 0
vn 0 1 0
vn 0 1 0
vn 0 1 0
f 1393/1393/1393 1395/1395/1395 1396/1396/1396 1394/1394/1394
f 1397/1397/1397 1399/1399/1399 1400/1400/1400 1398/1398/1398
f 1401/1401/1401 1403/1403/1403 1404/1404/1404 1402/1402/1402
f 1405/1405/1405 1407/1407/1407 1408/1408/1408 1406/1406/1406
f 1410/1410/1410 1409/1409/1409 1412/1412/1412
f 1412/1412/1412 1411/1411/1411 1410/1410/1410
f 1414/1414/1414 1416/1416/1416 1413/1413/1413
f 1416/1416/1416 1414/1414/1414 1415/1415/1415
v 17 9 -9
v 17 12 -9
v 17 9 -13
v 17 12 -13
v 17 9 -13
v 17 12 -13
v 13 9 -13
v 13 12 -13
v 13 9 -13
v 13 12 -13
v 13 9 -9
v 13 12 -9
v 13 9 -9
v 13 12 -9
v 17 9 -9
v 17 12 -9
v 17 9 -9
v 17 9 -13
v 13 9 -13
v 13 9 -9
v 17 12 -9
v 17 12 -13
v 13 12 -13
v 13 12 -9
vt 0 0
vt 0 0.63636320829391479
vt 0.25 0
vt 0.25 0.63636320829391479
vt 0.25 0
vt 0.25 0.63636320829391479
vt 0.5 0
vt 0.5 0.63636320829391479
vt 0.5 0
vt 0.5 0.63636320829391479
vt 0.75 0
vt 0.75 0.63636320829391479
vt 0.75 0
vt 0.75 0.63636320829391479
vt 1 0
vt 1 0.63636320829391479
vt 0 1
vt 0.25 1
vt 0.25 0.63636386394500732
vt 0 0.63636386394500732
vt 0.75 0.63636386394500732
vt 1 0.63636386394500732
vt 1 1
vt 0.75 1
vn 1 0 0
vn 1 0 0
vn 1 0 0
vn 1 0 0
vn 0 0 -1
vn 0 0 -1
vn 0 0 -1
vn 0 0 -1
vn -1 0 0
vn -1 0 0
vn -1 0 0
vn -1 0 0
vn 0 0 1
vn 0 0 1
vn 0 0 1
vn 0 0 1
vn 0 -1 0
vn 0 -1 0
vn 0 -1 0
vn 0 -1 0
vn 0 1 0
vn 0 1 0
vn 0 1 0
vn 0 1 0
f 1417/1417/1417 1419/1419/1419 1420/1420/1420 1418/1418/1418
f 1421/1421/1421 1423/1423/1423 1424/1424/1424 1422/1422/1422
f 1425/1425/1425 1427/1427/1427 1428/1428/1428 1426/1426/1426
f 1429/1429/1429 1431/1431/1431 1432/1432/1432 1430/1430/1430
f 1434/1434/1434 1433/1433/1433 1436/1436/1436
f 1436/1436/1436 1435/1435/1435 1434/1434/1434
f 1438/1438/1438 1440/1440/1440 1437/1437/1437
f 1440/1440/1440 1438/1438/1438 1439/1439/1439
v 17 9 -5
v 17 12 -5
v 17 9 -9
v 17 12 -9
v 17 9 -9
v 17 12 -9
v 13 9 -9
v 13 12 -9
v 13 9 -9
v 13 12 -9
v 13 9 -5
v 13 12 -5
v 13 9 -5
v 13 12 -5
v 17 9 -5
v 17 12 -5
v 17 9 -5
v 17 9 -9
v 13 9 -9
v 13 9 -5
v 17 12 -5
v 17 12 -9
v 13 12 -9
v 13 12 -5
vt 0 0
vt 0 0.63636320829391479
vt 0.25 0
vt 0.25 0.63636320829391479
vt 0.25 0
vt 0.25 0.63636320829391479
vt 0.5 0
vt 0.5 0.63636320829391479
vt 0.5 0
vt 0.5 0.63636320829391479
vt 0.75 0
vt 0.75 0.63636320829391479
vt 0.75 0
vt 0.75 0.63636320829391479
vt 1 0
vt 1 0.63636320829391479
vt 0 1
vt 0.25 1
vt 0.25 0.63636386394500732
vt 0 0.63636386394500732
vt 0.75 0.63636386394500732
vt 1 0.63636386394500732
vt 1 1
vt 0.75 1
vn 1 0 0
vn 1 0 0
vn 1 0 0
vn 1 0 0
vn 0 0 -1
vn 0 0 -1
vn 0 0 -1
vn 0 0 -1
vn -1 0 0
vn -1 0 0
vn -1 0 0
vn -1 0 0
vn 0 0 1
vn 0 0 1
vn 0 0 1
vn 0 0 1
vn 0 -1 0
vn 0 -1 0
vn 0 -1 0
vn 0 -1 0
vn 0 1 0
vn 0 1 0
vn 0 1 0
vn 0 1 0
f 1441/1441/1441 1443/1443/1443 1444/1444/1444 1442/1442/1442
f 1445/1445/1445 1447/1447/1447 1448/1448/1448 1446/1446/1446
f 1449/1449/1449 1451/1451/1451 1452/1452/1452 1450/1450/1450
f 1453/1453/1453 1455/1455/1455 1456/1456/1456 1454/1454/1454
f 1458/1458/1458 1457/1457/1457 1460/1460/1460
f 1460/1460/1460 1459/1459/1459 1458/1458/1458
f 1462/1462/1462 1464/1464/1464 1461/1461/1461
f 1464/1464/1464 1462/1462/1462 1463/1463/1463
v 11 12 -21
v 11 15 -21
v 11 12 -25
v 11 15 -25
v 11 12 -25
v 11 15 -25
v 7 12 -25
v 7 15 -25
v 7 12 -25
v 7 15 -25
v 7 12 -21
v 7 15 -21
v 7 12 -21
v 7 15 -21
v 11 12 -21
v 11 15 -21
v 11 12 -21
v 11 12 -25
v 7 12 -25
v 7 12 -21
v 11 15 -21
v 11 15 -25
v 7 15 -25
v 7 15 -21
vt 0 0
vt 0 0.63636320829391479
vt 0.25 0
vt 0.25 0.63636320829391479
vt 0.25 0
vt 0.25 0.63636320829391479
vt 0.5 0
vt 0.5 0.63636320829391479
vt 0.5 0
vt 0.5 0.63636320829391479
vt 0.75 0
vt 0.75 0.63636320829391479
vt 0.75 0
vt 0.75 0.63636320829391479
vt 1 0
vt 1 0.63636320829391479
vt 0 1
vt 0.25 1
vt 0.25 0.63636386394500732
vt 0 0.63636386394500732
vt 0.75 0.63636386394500732
vt 1 0.63636386394500732
vt 1 1
vt 0.75 1
vn 1 0 0
vn 1 0 0
vn 1 0 0
vn 1 0 0
vn 0 0 -1
vn 0 0 -1
vn 0 0 -1
vn 0 0 -1
vn -1 0 0
vn -1 0 0
vn -1 0 0
vn -1 0 0
vn 0 0 1
vn 0 0 1
vn 0 0 1
vn 0 0 1
vn 0 -1 0
vn 0 -1 0
vn 0 -1 0
vn 0 -1 0
vn 0 1 0
vn 0 1 0
vn 0 1 0
vn 0 1 0
f 1465/1465/1465 1467/1467/1467 1468/1468/1468 1466/1466/1466
f 1469/1469/1469 1471/1471/1471 1472/1472/1472 1470/1470/1470
f 1473/1473/1473 1475/1475/1475 1476/1476/1476 1474/1474/1474
f 1477/1477/1477 1479/1479/1479 1480/1480/1480 1478/1478/1478
f 1482/1482/1482 1481/1481/1481 1484/1484/1484
f 1484/1484/1484 1483/1483/1483 1482/1482/1482
f 1486/1486/1486 1488/1488/1488 1485/1485/1485
f 1488/1488/1488 1486/1486/1486 1487/1487/1487
v 11 12 -17
v 11 15 -17
v 11 12 -21
v 11 15 -21
v 11 12 -21
v 11 15 -21
v 7 12 -21
v 7 15 -21
v 7 12 -21
v 7 15 -21
v 7 12 -17
v 7 15 -17
v 7 12 -17
v 7 15 -17
v 11 12 -17
v 11 15 -17
v 11 12 -17
v 11 12 -21
v 7 12 -21
v 7 12 -17
v 11 15 -17
v 11 15 -21
v 7 15 -21
v 7 15 -17
vt 0 0
vt 0 0.63636320829391479
vt 0.25 0
vt 0.25 0.63636320829391479
vt 0.25 0
vt 0.25 0.63636320829391479
vt 0.5 0
vt 0.5 0.63636320829391479
vt 0.5 0
vt 0.5 0.63636320829391479
vt 0.75 0
vt 0.75 0.63636320829391479
vt 0.75 0
vt 0.75 0.63636320829391479
vt 1 0
vt 1 0.63636320829391479
vt 0 1
vt 0.25 1
vt 0.25 0.63636386394500732
vt 0 0.63636386394500732
vt 0.75 0.63636386394500732
vt 1 0.63636386394500732
vt 1 1
vt 0.75 1
vn 1 0 0
vn 1 0 0
vn 1 0 0
vn 1 0 0
vn 0 0 -1
vn 0 0 -1
vn 0 0 -1
vn 0 0 -1
vn -1 0 0
vn -1 0 0
vn -1 0 0
vn -1 0 0
vn 0 0 1
vn 0 0 1
vn 0 0 1
vn 0 0 1
vn 0 -1 0
vn 0 -1 0
vn 0 -1 0
vn 0 -1 0
vn 0 1 0
vn 0 1 0
vn 0 1 0
vn 0 1 0
f 1489/1489/1489 1491/1491/1491 1492/1492/1492 1490/1490/1490
f 1493/1493/1493 1495/1495/1495 1496/1496/1496 1494/1494/1494
f 1497/1497/1497 1499/1499/1499 1500/1500/1500 1498/1498/1498
f 1501/1501/1501 1503/1503/1503 1504/1504/1504 1502/1502/1502
f 1506/1506/1506 1505/1505/1505 1508/1508/1508
f 1508/1508/1508 1507/1507/1507 1506/1506/1506
f 1510/1510/1510 1512/1512/1512 1509/1509/1509
f 1512/1512/1512 1510/1510/1510 1511/1511/1511
v 11 12 -13
v 11 15 -13
v 11 12 -17
v 11 15 -17
v 11 12 -17
v 11 15 -17
v 7 12 -17
v 7 15 -17
v 7 12 -17
v 7 15 -17
v 7 12 -13
v 7 15 -13
v 7 12 -13
v 7 15 -13
v 11 12 -13
v 11 15 -13
v 11 12 -13
v 11 12 -17
v 7 12 -17
v 7 12 -13
v 11 15 -13
v 11 15 -17
v 7 15 -17
v 7 15 -13
vt 0 0
vt 0 0.63636320829391479
vt 0.25 0
vt 0.25 0.63636320829391479
vt 0.25 0
vt 0.25 0.63636320829391479
vt 0.5 0
vt 0.5 0.63636320829391479
vt 0.5 0
vt 0.5 0.63636320829391479
vt 0.75 0
vt 0.75 0.63636320829391479
vt 0.75 0
vt 0.75 0.63636320829391479
vt 1 0
vt 1 0.63636320829391479
vt 0 1
vt 0.25 1
vt 0.25 0.63636386394500732
vt 0 0.63636386394500732
vt 0.75 0.63636386394500732
vt 1 0.63636386394500732
vt 1 1
vt 0.75 1
vn 1 0 0
vn 1 0 0
vn 1 0 0
vn 1 0 0
vn 0 0 -1
vn 0 0 -1
vn 0 0 -1
vn 0 0 -1
vn -1 0 0
vn -1 0 0
vn -1 0 0
vn -1 0 0
vn 0 0 1
vn 0 0 1
vn 0 0 1
vn 0 0 1
vn 0 -1 0
vn 0 -1 0
vn 0 -1 0
vn 0 -1 0
vn 0 1 0
vn 0 1 0
vn 0 1 0
vn 0 1 0
f 1513/1513/1513 1515/1515/1515 1516/1516/1516 1514/1514/1514
f 1517/1517/1517 1519/1519/1519 1520/1520/1520 1518/1518/1518
f 1521/1521/1521 1523/1523/1523 1524/1524/1524 1522/1522/1522
f 1525/1525/1525 1527/1527/1527 1528/1528/1528 1526/1526/1526
f 1530/1530/1530 1529/1529/1529 1532/1532/1532
f 1532/1532/1532 1531/1531/1531 1530/1530/1530
f 1534/1534/1534 1536/1536/1536 1533/1533/1533
f 1536/1536/1536 1534/1534/1534 1535/1535/1535
v 11 12 -9
v 11 15 -9
v 11 12 -13
v 11 15 -13
v 11 12 -13
v 11 15 -13
v 7 12 -13
v 7 15 -13
v 7 12 -13
v 7 15 -13
v 7 12 -9
v 7 15 -9
v 7 12 -9
v 7 15 -9
v 11 12 -9
v 11 15 -9
v 11 12 -9
v 11 12 -13
v 7 12 -13
v 7 12 -9
v 11 15 -9
v 11 15 -13
v 7 15 -13
v 7 15 -9
vt 0 0
vt 0 0.63636320829391479
vt 0.25 0
vt 0.25 0.63636320829391479
vt 0.25 0
vt 0.25 0.63636320829391479
vt 0.5 0
vt 0.5 0.63636320829391479
vt 0.5 0
vt 0.5 0.63636320829391479
vt 0.75 0
vt 0.75 0.63636320829391479
vt 0.75 0
vt 0.75 0.63636320829391479
vt 1 0
vt 1 0.63636320829391479
vt 0 1
vt 0.25 1
vt 0.25 0.63636386394500732
vt 0 0.63636386394500732
vt 0.75 0.63636386394500732
vt 1 0.63636386394500732
vt 1 1
vt 0.75 1
vn 1 0 0
vn 1 0 0
vn 1 0 0
vn 1 0 0
vn 0 0 -1
vn 0 0 -1
vn 0 0 -1
vn 0 0 -1
vn -1 0 0
vn -1 0 0
vn -1 0 0
vn -1 0 0
vn 0 0 1
vn 0 0 1
vn 0 0 1
vn 0 0 1
vn 0 -1 0
vn 0 -1 0
vn 0 -1 0
vn 0 -1 0
vn 0 1 0
vn 0 1 0
vn 0 1 0
vn 0 1 0
f 1537/1537/1537 1539/1539/1539 1540/1540/1540 1538/1538/1538
f 1541/1541/1541 1543/1543/1543 1544/1544/1544 1542/1542/1542
f 1545/1545/1545 1547/1547/1547 1548/1548/1548 1546/1546/1546
f 1549/1549/1549 1551/1551/1551 1552/1552/1552 1550/1550/1550
f 1554/1554/1554 1553/1553/1553 1556/1556/1556
f 1556/1556/1556 1555/1555/1555 1554/1554/1554
f 1558/1558/1558 1560/1560/1560 1557/1557/1557
f 1560/1560/1560 1558/1558/1558 1559/1559/1559
v 11 9 -21
v 11 12 -21
v 11 9 -25
v 11 12 -25
v 11 9 -25
v 11 12 -25
v 7 9 -25
v 7 12 -25
v 7 9 -25
v 7 12 -25
v 7 9 -21
v 7 12 -21
v 7 9 -21
v 7 12 -21
v 11 9 -21
v 11 12 -21
v 11 9 -21
v 11 9 -25
v 7 9 -25
v 7 9 -21
v 11 12 -21
v 11 12 -25
v 7 12 -25
v 7 12 -21
vt 0 0
vt 0 0.63636320829391479
vt 0.25 0
vt 0.25 0.63636320829391479
vt 0.25 0
vt 0.25 0.63636320829391479
vt 0.5 0
vt 0.5 0.63636320829391479
vt 0.5 0
vt 0.5 0.63636320829391479
vt 0.75 0
vt 0.75 0.63636320829391479
vt 0.75 0
vt 0.75 0.63636320829391479
vt 1 0
vt 1 0.63636320829391479
vt 0 1
vt 0.25 1
vt 0.25 0.63636386394500732
vt 0 0.63636386394500732
vt 0.75 0.63636386394500732
vt 1 0.63636386394500732
vt 1 1
vt 0.75 1
vn 1 0 0
vn 1 0 0
vn 1 0 0
vn 1 0 0
vn 0 0 -1
vn 0 0 -1
vn 0 0 -1
vn 0 0 -1
vn -1 0 0
vn -1 0 0
vn -1 0 0
vn -1 0 0
vn 0 0 1
vn 0 0 1
vn 0 0 1
vn 0 0 1
vn 0 -1 0
vn 0 -1 0
vn 0 -1 0
vn 0 -1 0
vn 0 1 0
vn 0 1 0
vn 0 1 0
vn 0 1 0
f 1561/1561/1561 1563/1563/1563 1564/1564/1564 1562/1562/1562
f 1565/1565/1565 1567/1567/1567 1568/1568/1568 1566/1566/1566
f 1569/1569/1569 1571/1571/1571 1572/1572/1572 1570/1570/1570
f 1573/1573/1573 1575/1575/1575 1576/1576/1576 1574/1574/1574
f 1578/1578/1578 1577/1577/1577 1580/1580/1580
f 1580/1580/1580 1579/1579/1579 1578/1578/1578
f 1582/1582/1582 1584/1584/1584 1581/1581/1581
f 1584/1584/1584 1582/1582/1582 1583/1583/1583
v 11 9 -17
v 11 12 -17
v 11 9 -21
v 11 12 -21
v 11 9 -21
v 11 12 -21
v 7 9 -21
v 7 12 -21
v 7 9 -21
v 7 12 -21
v 7 9 -17
v 7 12 -17
v 7 9 -17
v 7 12 -17
v 11 9 -17
v 11 12 -17
v 11 9 -17
v 11 9 -21
v 7 9 -21
v 7 9 -17
v 11 12 -17
v 11 12 -21
v 7 12 -21
v 7 12 -17
vt 0 0
vt 0 0.63636320829391479
vt 0.25 0
vt 0.25 0.63636320829391479
vt 0.25 0
vt 0.25 0.63636320829391479
vt 0.5 0
vt 0.5 0.63636320829391479
vt 0.5 0
vt 0.5 0.63636320829391479
vt 0.75 0
vt 0.75 0.63636320829391479
vt 0.75 0
vt 0.75 0.63636320829391479
vt 1 0
vt 1 0.63636320829391479
vt 0 1
vt 0.25 1
vt 0.25 0.63636386394500732
vt 0 0.63636386394500732
vt 0.75 0.63636386394500732
vt 1 0.63636386394500732
vt 1 1
vt 0.75 1
vn 1 0 0
vn 1 0 0
vn 1 0 0
vn 1 0 0
vn 0 0 -1
vn 0 0 -1
vn 0 0 -1
vn 0 0 -1
vn -1 0 0
vn -1 0 0
vn -1 0 0
vn -1 0 0
vn 0 0 1
vn 0 0 1
vn 0 0 1
vn 0 0 1
vn 0 -1 0
vn 0 -1 0
vn 0 -1 0
vn 0 -1 0
vn 0 1 0
vn 0 1 0
vn 0 1 0
vn 0 1 0
f 1585/1585/1585 1587/1587/1587 1588/1588/1588 1586/1586/1586
f 1589/1589/1589 1591/1591/1591 1592/1592/1592 1590/1590/1590
f 1593/1593/1593 1595/1595/1595 1596/1596/1596 1594/1594/1594
f 1597/1597/1597 1599/1599/1599 1600/1600/1600 1598/1598/1598
f 1602/1602/1602 1601/1601/1601 1604/1604/1604
f 1604/1604/1604 1603/1603/1603 1602/1602/1602
f 1606/1606/1606 1608/1608/1608 1605/1605/1605
f 1608/1608/1608 1606/1606/1606 1607/1607/1607
v 11 9 -13
v 11 12 -13
v 11 9 -17
v 11 12 -17
v 11 9 -17
v 11 12 -17
v 7 9 -17
v 7 12 -17
v 7 9 -17
v 7 12 -17
v 7 9 -13
v 7 12 -13
v 7 9 -13
v 7 12 -13
v 11 9 -13
v 11 12 -13
v 11 9 -13
v 11 9 -17
v 7 9 -17
v 7 9 -13
v 11 12 -13
v 11 12 -17
v 7 12 -17
v 7 12 -13
vt 0 0
vt 0 0.63636320829391479
vt 0.25 0
vt 0.25 0.63636320829391479
vt 0.25 0
vt 0.25 0.63636320829391479
vt 0.5 0
vt 0.5 0.63636320829391479
vt 0.5 0
vt 0.5 0.63636320829391479
vt 0.75 0
vt 0.75 0.63636320829391479
vt 0.75 0
vt 0.75 0.63636320829391479
vt 1 0
vt 1 0.63636320829391479
vt 0 1
vt 0.25 1
vt 0.25 0.63636386394500732
vt 0 0.63636386394500732
vt 0.75 0.63636386394500732
vt 1 0.63636386394500732
vt 1 1
vt 0.75 1
vn 1 0 0
vn 1 0 0
vn 1 0 0
vn 1 0 0
vn 0 0 -1
vn 0 0 -1
vn 0 0 -1
vn 0 0 -1
vn -1 0 0
vn -1 0 0
vn -1 0 0
vn -1 0 0
vn 0 0 1
vn 0 0 1
vn 0 0 1
vn 0 0 1
vn 0 -1 0
vn 0 -1 0
vn 0 -1 0
vn 0 -1 0
vn 0 1 0
vn 0 1 0
vn 0 1 0
vn 0 1 0
f 1609/1609/1609 1611/1611/1611 1612/1612/1612 1610/1610/1610
f 1613/1613/1613 1615/1615/1615 1616/1616/1616 1614/1614/1614
f 1617/1617/1617 1619/1619/1619 1620/1620/1620 1618/1618/1618
f 1621/1621/1621 1623/1623/1623 1624/1624/1624 1622/1622/1622
f 1626/1626/1626 1625/1625/1625 1628/1628/1628
f 1628/1628/1628 1627/1627/1627 1626/1626/1626
f 1630/1630/1630 1632/1632/1632 1629/1629/1629
f 1632/1632/1632 1630/1630/1630 1631/1631/1631
v 11 9 -9
v 11 12 -9
v 11 9 -13
v 11 12 -13
v 11 9 -13
v 11 12 -13
v 7 9 -13
v 7 12 -13
v 7 9 -13
v 7 12 -13
v 7 9 -9
v 7 12 -9
v 7 9 -9
v 7 12 -9
v 11 9 -9
v 11 12 -9
v 11 9 -9
v 11 9 -13
v 7 9 -13
v 7 9 -9
v 11 12 -9
v 11 12 -13
v 7 12 -13
v 7 12 -9
vt 0 0
vt 0 0.63636320829391479
vt 0.25 0
vt 0.25 0.63636320829391479
vt 0.25 0
vt 0.25 0.63636320829391479
vt 0.5 0
vt 0.5 0.63636320829391479
vt 0.5 0
vt 0.5 0.63636320829391479
vt 0.75 0
vt 0.75 0.63636320829391479
vt 0.75 0
vt 0.75 0.63636320829391479
vt 1 0
vt 1 0.63636320829391479
vt 0 1
vt 0.25 1
vt 0.25 0.63636386394500732
vt 0 0.63636386394500732
vt 0.75 0.63636386394500732
vt 1 0.63636386394500732
vt 1 1
vt 0.75 1
vn 1 0 0
vn 1 0 0
vn 1 0 0
vn 1 0 0
vn 0 0 -1
vn 0 0 -1
vn 0 0 -1
vn 0 0 -1
vn -1 0 0
vn -1 0 0
vn -1 0 0
vn -1 0 0
vn 0 0 1
vn 0 0 1
vn 0 0 1
vn 0 0 1
vn 0 -1 0
vn 0 -1 0
vn 0 -1 0
vn 0 -1 0
vn 0 1 0
vn 0 1 0
vn 0 1 0
vn 0 1 0
f 1633/1633/1633 1635/1635/1635 1636/1636/1636 1634/1634/1634
f 1637/1637/1637 1639/1639/1639 1640/1640/1640 1638/1638/1638
f 1641/1641/1641 1643/1643/1643 1644/1644/1644 1642/1642/1642
f 1645/1645/1645 1647/1647/1647 1648/1648/1648 1646/1646/1646
f 1650/1650/1650 1649/1649/1649 1652/1652/1652
f 1652/1652/1652 1651/1651/1651 1650/1650/1650
f 1654/1654/1654 1656/1656/1656 1653/1653/1653
f 1656/1656/1656 1654/1654/1654 1655/1655/1655
v 11 9 -5
v 11 12 -5
v 11 9 -9
v 11 12 -9
v 11 9 -9
v 11 12 -9
v 7 9 -9
v 7 12 -9
v 7 9 -9
v 7 12 -9
v 7 9 -5
v 7 12 -5
v 7 9 -5
v 7 12 -5
v 11 9 -5
v 11 12 -5
v 11 9 -5
v 11 9 -9
v 7 9 -9
v 7 9 -5
v 11 12 -5
v 11 12 -9
v 7 12 -9
v 7 12 -5
vt 0 0
vt 0 0.63636320829391479
vt 0.25 0
vt 0.25 0.63636320829391479
vt 0.25 0
vt 0.25 0.63636320829391479
vt 0.5 0
vt 0.5 0.63636320829391479
vt 0.5 0
vt 0.5 0.63636320829391479
vt 0.75 0
vt 0.75 0.63636320829391479
vt 0.75 0
vt 0.75 0.63636320829391479
vt 1 0
vt 1 0.63636320829391479
vt 0 1
vt 0.25 1
vt 0.25 0.63636386394500732
vt 0 0.63636386394500732
vt 0.75 0.63636386394500732
vt 1 0.63636386394500732
vt 1 1
vt 0.75 1
vn 1 0 0
vn 1 0 0
vn 1 0 0
vn 1 0 0
vn 0 0 -1
vn 0 0 -1
vn 0 0 -1
vn 0 0 -1
vn -1 0 0
vn -1 0 0
vn -1 0 0
vn -1 0 0
vn 0 0 1
vn 0 0 1
vn 0 0 1
vn 0 0 1
vn 0 -1 0
vn 0 -1 0
vn 0 -1 0
vn 0 -1 0
vn 0 1 0
vn 0 1 0
vn 0 1 0
vn 0 1 0
f 1657/1657/1657 1659/1659/1659 1660/1660/1660 1658/1658/1658
f 1661/1661/1661 1663/1663/1663 1664/1664/1664 1662/1662/1662
f 1665/1665/1665 1667/1667/1667 1668/1668/1668 1666/1666/1666
f 1669/1669/1669 1671/1671/1671 1672/1672/1672 1670/1670/1670
f 1674/1674/1674 1673/1673/1673 1676/1676/1676
f 1676/1676/1676 1675/1675/1675 1674/1674/1674
f 1678/1678/1678 1680/1680/1680 1677/1677/1677
f 1680/1680/1680 1678/1678/1678 1679/1679/1679
v 7 12 -35
v 7 15 -35
v 3 12 -35
v 3 15 -35
v 3 12 -35
v 3 15 -35
v 3 12 -31
v 3 15 -31
v 3 12 -31
v 3 15 -31
v 7 12 -31
v 7 15 -31
v 7 12 -31
v 7 15 -31
v 7 12 -35
v 7 15 -35
v 7 12 -35
v 3 12 -35
v 3 12 -31
v 7 12 -31
v 7 15 -35
v 3 15 -35
v 3 15 -31
v 7 15 -31
vt 0 0
vt 0 0.63636320829391479
vt 0.25 0
vt 0.25 0.63636320829391479
vt 0.25 0
vt 0.25 0.63636320829391479
vt 0.5 0
vt 0.5 0.63636320829391479
vt 0.5 0
vt 0.5 0.63636320829391479
vt 0.75 0
vt 0.75 0.63636320829391479
vt 0.75 0
vt 0.75 0.63636320829391479
vt 1 0
vt 1 0.63636320829391479
vt 0 1
vt 0.25 1
vt 0.25 0.63636386394500732
vt 0 0.63636386394500732
vt 0.75 0.63636386394500732
vt 1 0.63636386394500732
vt 1 1
vt 0.75 1
vn 0 0 -1
vn 0 0 -1
vn 0 0 -1
vn 0 0 -1
vn -1 0 0
vn -1 0 0
vn -1 0 0
vn -1 0 0
vn 0 0 1
vn 0 0 1
vn 0 0 1
vn 0 0 1
vn 1 0 0
vn 1 0 0
vn 1 0 0
vn 1 0 0
vn 0 -1 0
vn 0 -1 0
vn 0 -1 0
vn 0 -1 0
vn 0 1 0
vn 0 1 0
vn 0 1 0
vn 0 1 0
f 1681/1681/1681 1683/1683/1683 1684/1684/1684 1682/1682/1682
f 1685/1685/1685 1687/1687/1687 1688/1688/1688 1686/1686/1686
f 1689/1689/1689 1691/1691/1691 1692/1692/1692 1690/1690/1690
f 1693/1693/1693 1695/1695/1695 1696/1696/1696 1694/1694/1694
f 1698/1698/1698 1697/1697/1697 1700/1700/1700
f 1700/1700/1700 1699/1699/1699 1698/1698/1698
f 1702/1702/1702 1704/1704/1704 1701/1701/1701
f 1704/1704/1704 1702/1702/1702 1703/1703/1703
v -9 12 -35
v -9 15 -35
v -13 12 -35
v -13 15 -35
v -13 12 -35
v -13 15 -35
v -13 12 -31
v -13 15 -31
v -13 12 -31
v -13 15 -31
v -9 12 -31
v -9 15 -31
v -9 12 -31
v -9 15 -31
v -9 12 -35
v -9 15 -35
v -9 12 -35
v -13 12 -35
v -13 12 -31
v -9 12 -31
v -9 15 -35
v -13 15 -35
v -13 15 -31
v -9 15 -31
vt 0 0
vt 0 0.63636320829391479
vt 0.25 0
vt 0.25 0.63636320829391479
vt 0.25 0
vt 0.25 0.63636320829391479
vt 0.5 0
vt 0.5 0.63636320829391479
vt 0.5 0
vt 0.5 0.63636320829391479
vt 0.75 0
vt 0.75 0.63636320829391479
vt 0.75 0
vt 0.75 0.63636320829391479
vt 1 0
vt 1 0.63636320829391479
vt 0 1
vt 0.25 1
vt 0.25 0.63636386394500732
vt 0 0.63636386394500732
vt 0.75 0.63636386394500732
vt 1 0.63636386394500732
vt 1 1
vt 0.75 1
vn 0 0 -1
vn 0 0 -1
vn 0 0 -1
vn 0 0 -1
vn -1 0 0
vn -1 0 0
vn -1 0 0
vn -1 0 0
vn 0 0 1
vn 0 0 1
vn 0 0 1
vn 0 0 1
vn 1 0 0
vn 1 0 0
vn 1 0 0
vn 1 0 0
vn 0 -1 0
vn 0 -1 0
vn 0 -1 0
vn 0 -1 0
vn 0 1 0
vn 0 1 0
vn 0 1 0
vn 0 1 0
f 1705/1705/1705 1707/1707/1707 1708/1708/1708 1706/1706/1706
f 1709/1709/1709 1711/1711/1711 1712/1712/1712 1710/1710/1710
f 1713/1713/1713 1715/1715/1715 1716/1716/1716 1714/1714/1714
f 1717/1717/1717 1719/1719/1719 1720/1720/1720 1718/1718/1718
f 1722/1722/1722 1721/1721/1721 1724/1724/1724
f 1724/1724/1724 1723/1723/1723 1722/1722/1722
f 1726/1726/1726 1728/1728/1728 1725/1725/1725
f 1728/1728/1728 1726/1726/1726 1727/1727/1727
v -5 12 -35
v -5 15 -35
v -9 12 -35
v -9 15 -35
v -9 12 -35
v -9 15 -35
v -9 12 -31
v -9 15 -31
v -9 12 -31
v -9 15 -31
v -5 12 -31
v -5 15 -31
v -5 12 -31
v -5 15 -31
v -5 12 -35
v -5 15 -35
v -5 12 -35
v -9 12 -35
v -9 12 -31
v -5 12 -31
v -5 15 -35
v -9 15 -35
v -9 15 -31
v -5 15 -31
vt 0 0
vt 0 0.63636320829391479
vt 0.25 0
vt 0.25 0.63636320829391479
vt 0.25 0
vt 0.25 0.63636320829391479
vt 0.5 0
vt 0.5 0.63636320829391479
vt 0.5 0
vt 0.5 0.63636320829391479
vt 0.75 0
vt 0.75 0.63636320829391479
vt 0.75 0
vt 0.75 0.63636320829391479
vt 1 0
vt 1 0.63636320829391479
vt 0 1
vt 0.25 1
vt 0.25 0.63636386394500732
vt 0 0.63636386394500732
vt 0.75 0.63636386394500732
vt 1 0.63636386394500732
vt 1 1
vt 0.75 1
vn 0 0 -1
vn 0 0 -1
vn 0 0 -1
vn 0 0 -1
vn -1 0 0
vn -1 0 0
vn -1 0 0
vn -1 0 0
vn 0 0 1
vn 0 0 1
vn 0 0 1
vn 0 0 1
vn 1 0 0
vn 1 0 0
vn 1 0 0
vn 1 0 0
vn 0 -1 0
vn 0 -1 0
vn 0 -1 0
vn 0 -1 0
vn 0 1 0
vn 0 1 0
vn 0 1 0
vn 0 1 0
f 1729/1729/1729 1731/1731/1731 1732/1732/1732 1730/1730/1730
f 1733/1733/1733 1735/1735/1735 1736/1736/1736 1734/1734/1734
f 1737/1737/1737 1739/1739/1739 1740/1740/1740 1738/1738/1738
f 1741/1741/1741 1743/1743/1743 1744/1744/1744 1742/1742/1742
f 1746/1746/1746 1745/1745/1745 1748/1748/1748
f 1748/1748/1748 1747/1747/1747 1746/1746/1746
f 1750/1750/1750 1752/1752/1752 1749/1749/1749
f 1752/1752/1752 1750/1750/1750 1751/1751/1751
v -1 12 -35
v -1 15 -35
v -5 12 -35
v -5 15 -35
v -5 12 -35
v -5 15 -35
v -5 12 -31
v -5 15 -31
v -5 12 -31
v -5 15 -31
v -1 12 -31
v -1 15 -31
v -1 12 -31
v -1 15 -31
v -1 12 -35
v -1 15 -35
v -1 12 -35
v -5 12 -35
v -5 12 -31
v -1 12 -31
v -1 15 -35
v -5 15 -35
v -5 15 -31
v -1 15 -31
vt 0 0
vt 0 0.63636320829391479
vt 0.25 0
vt 0.25 0.63636320829391479
vt 0.25 0
vt 0.25 0.63636320829391479
vt 0.5 0
vt 0.5 0.63636320829391479
vt 0.5 0
vt 0.5 0.63636320829391479
vt 0.75 0
vt 0.75 0.63636320829391479
vt 0.75 0
vt 0.75 0.63636320829391479
vt 1 0
vt 1 0.63636320829391479
vt 0 1
vt 0.25 1
vt 0.25 0.63636386394500732
vt 0 0.63636386394500732
vt 0.75 0.63636386394500732
vt 1 0.63636386394500732
vt 1 1
vt 0.75 1
vn 0 0 -1
vn 0 0 -1
vn 0 0 -1
vn 0 0 -1
vn -1 0 0
vn -1 0 0
vn -1 0 0
vn -1 0 0
vn 0 0 1
vn 0 0 1
vn 0 0 1
vn 0 0 1
vn 1 0 0
vn 1 0 0
vn 1 0 0
vn 1 0 0
vn 0 -1 0
vn 0 -1 0
vn 0 -1 0
vn 0 -1 0
vn 0 1 0
vn 0 1 0
vn 0 1 0
vn 0 1 0
f 1753/1753/1753 1755/1755/1755 1756/1756/1756 1754/1754/1754
f 1757/1757/1757 1759/1759/1759 1760/1760/1760 1758/1758/1758
f 1761/1761/1761 1763/1763/1763 1764/1764/1764 1762/1762/1762
f 1765/1765/1765 1767/1767/1767 1768/1768/1768 1766/1766/1766
f 1770/1770/1770 1769/1769/1769 1772/1772/1772
f 1772/1772/1772 1771/1771/1771 1770/1770/1770
f 1774/1774/1774 1776/1776/1776 1773/1773/1773
f 1776/1776/1776 1774/1774/1774 1775/1775/1775
v 3 12 -35
v 3 15 -35
v -1 12 -35
v -1 15 -35
v -1 12 -35
v -1 15 -35
v -1 12 -31
v -1 15 -31
v -1 12 -31
v -1 15 -31
v 3 12 -31
v 3 15 -31
v 3 12 -31
v 3 15 -31
v 3 12 -35
v 3 15 -35
v 3 12 -35
v -1 12 -35
v -1 12 -31
v 3 12 -31
v 3 15 -35
v -1 15 -35
v -1 15 -31
v 3 15 -31
vt 0 0
vt 0 0.63636320829391479
vt 0.25 0
vt 0.25 0.63636320829391479
vt 0.25 0
vt 0.25 0.63636320829391479
vt 0.5 0
vt 0.5 0.63636320829391479
vt 0.5 0
vt 0.5 0.63636320829391479
vt 0.75 0
vt 0.75 0.63636320829391479
vt 0.75 0
vt 0.75 0.63636320829391479
vt 1 0
vt 1 0.63636320829391479
vt 0 1
vt 0.25 1
vt 0.25 0.63636386394500732
vt 0 0.63636386394500732
vt 0.75 0.63636386394500732
vt 1 0.63636386394500732
vt 1 1
vt 0.75 1
vn 0 0 -1
vn 0 0 -1
vn 0 0 -1
vn 0 0 -1
vn -1 0 0
vn -1 0 0
vn -1 0 0
vn -1 0 0
vn 0 0 1
vn 0 0 1
vn 0 0 1
vn 0 0 1
vn 1 0 0
vn 1 0 0
vn 1 0 0
vn 1 0 0
vn 0 -1 0
vn 0 -1 0
vn 0 -1 0
vn 0 -1 0
vn 0 1 0
vn 0 1 0
vn 0 1 0
vn 0 1 0
f 1777/1777/1777 1779/1779/1779 1780/1780/1780 1778/1778/1778
f 1781/1781/1781 1783/1783/1783 1784/1784/1784 1782/1782/1782
f 1785/1785/1785 1787/1787/1787 1788/1788/1788 1786/1786/1786
f 1789/1789/1789 1791/1791/1791 1792/1792/1792 1790/1790/1790
f 1794/1794/1794 1793/1793/1793 1796/1796/1796
f 1796/1796/1796 1795/1795/1795 1794/1794/1794
f 1798/1798/1798 1800/1800/1800 1797/1797/1797
f 1800/1800/1800 1798/1798/1798 1799/1799/1799
v -9 9 -35
v -9 12 -35
v -13 9 -35
v -13 12 -35
v -13 9 -35
v -13 12 -35
v -13 9 -31
v -13 12 -31
v -13 9 -31
v -13 12 -31
v -9 9 -31
v -9 12 -31
v -9 9 -31
v -9 12 -31
v -9 9 -35
v -9 12 -35
v -9 9 -35
v -13 9 -35
v -13 9 -31
v -9 9 -31
v -9 12 -35
v -13 12 -35
v -13 12 -31
v -9 12 -31
vt 0 0
vt 0 0.63636320829391479
vt 0.25 0
vt 0.25 0.63636320829391479
vt 0.25 0
vt 0.25 0.63636320829391479
vt 0.5 0
vt 0.5 0.63636320829391479
vt 0.5 0
vt 0.5 0.63636320829391479
vt 0.75 0
vt 0.75 0.63636320829391479
vt 0.75 0
vt 0.75 0.63636320829391479
vt 1 0
vt 1 0.63636320829391479
vt 0 1
vt 0.25 1
vt 0.25 0.63636386394500732
vt 0 0.63636386394500732
vt 0.75 0.63636386394500732
vt 1 0.63636386394500732
vt 1 1
vt 0.75 1
vn 0 0 -1
vn 0 0 -1
vn 0 0 -1
vn 0 0 -1
vn -1 0 0
vn -1 0 0
vn -1 0 0
vn -1 0 0
vn 0 0 1
vn 0 0 1
vn 0 0 1
vn 0 0 1
vn 1 0 0
vn 1 0 0
vn 1 0 0
vn 1 0 0
vn 0 -1 0
vn 0 -1 0
vn 0 -1 0
vn 0 -1 0
vn 0 1 0
vn 0 1 0
vn 0 1 0
vn 0 1 0
f 1801/1801/1801 1803/1803/1803 1804/1804/1804 1802/1802/1802
f 1805/1805/1805 1807/1807/1807 1808/1808/1808 1806/1806/1806
f 1809/1809/1809 1811/1811/1811 1812/1812/1812 1810/1810/1810
f 1813/1813/1813 1815/1815/1815 1816/1816/1816 1814/1814/1814
f 1818/1818/1818 1817/1817/1817 1820/1820/1820
f 1820/1820/1820 1819/1819/1819 1818/1818/1818
f 1822/1822/1822 1824/1824/1824 1821/1821/1821
f 1824/1824/1824 1822/1822/1822 1823/1823/1823
v -5 9 -35
v -5 12 -35
v -9 9 -35
v -9 12 -35
v -9 9 -35
v -9 12 -35
v -9 9 -31
v -9 12 -31
v -9 9 -31
v -9 12 -31
v -5 9 -31
v -5 12 -31
v -5 9 -31
v -5 12 -31
v -5 9 -35
v -5 12 -35
v -5 9 -35
v -9 9 -35
v -9 9 -31
v -5 9 -31
v -5 12 -35
v -9 12 -35
v -9 12 -31
v -5 12 -31
vt 0 0
vt 0 0.63636320829391479
vt 0.25 0
vt 0.25 0.63636320829391479
vt 0.25 0
vt 0.25 0.63636320829391479
vt 0.5 0
vt 0.5 0.63636320829391479
vt 0.5 0
vt 0.5 0.63636320829391479
vt 0.75 0
vt 0.75 0.63636320829391479
vt 0.75 0
vt 0.75 0.63636320829391479
vt 1 0
vt 1 0.63636320829391479
vt 0 1
vt 0.25 1
vt 0.25 0.63636386394500732
vt 0 0.63636386394500732
vt 0.75 0.63636386394500732
vt 1 0.63636386394500732
vt 1 1
vt 0.75 1
vn 0 0 -1
vn 0 0 -1
vn 0 0 -1
vn 0 0 -1
vn -1 0 0
vn -1 0 0
vn -1 0 0
vn -1 0 0
vn 0 0 1
vn 0 0 1
vn 0 0 1
vn 0 0 1
vn 1 0 0
vn 1 0 0
vn 1 0 0
vn 1 0 0
vn 0 -1 0
vn 0 -1 0
vn 0 -1 0
vn 0 -1 0
vn 0 1 0
vn 0 1 0
vn 0 1 0
vn 0 1 0
f 1825/1825/1825 1827/1827/1827 1828/1828/1828 1826/1826/1826
f 1829/1829/1829 1831/1831/1831 1832/1832/1832 1830/1830/1830
f 1833/1833/1833 1835/1835/1835 1836/1836/1836 1834/1834/1834
f 1837/1837/1837 1839/1839/1839 1840/1840/1840 1838/1838/1838
f 1842/1842/1842 1841/1841/1841 1844/1844/1844
f 1844/1844/1844 1843/1843/1843 1842/1842/1842
f 1846/1846/1846 1848/1848/1848 1845/1845/1845
f 1848/1848/1848 1846/1846/1846 1847/1847/1847
v -1 9 -35
v -1 12 -35
v -5 9 -35
v -5 12 -35
v -5 9 -35
v -5 12 -35
v -5 9 -31
v -5 12 -31
v -5 9 -31
v -5 12 -31
v -1 9 -31
v -1 12 -31
v -1 9 -31
v -1 12 -31
v -1 9 -35
v -1 12 -35
v -1 9 -35
v -5 9 -35
v -5 9 -31
v -1 9 -31
v -1 12 -35
v -5 12 -35
v -5 12 -31
v -1 12 -31
vt 0 0
vt 0 0.63636320829391479
vt 0.25 0
vt 0.25 0.63636320829391479
vt 0.25 0
vt 0.25 0.63636320829391479
vt 0.5 0
vt 0.5 0.63636320829391479
vt 0.5 0
vt 0.5 0.63636320829391479
vt 0.75 0
vt 0.75 0.63636320829391479
vt 0.75 0
vt 0.75 0.63636320829391479
vt 1 0
vt 1 0.63636320829391479
vt 0 1
vt 0.25 1
vt 0.25 0.63636386394500732
vt 0 0.63636386394500732
vt 0.75 0.63636386394500732
vt 1 0.63636386394500732
vt 1 1
vt 0.75 1
vn 0 0 -1
vn 0 0 -1
vn 0 0 -1
vn 0 0 -1
vn -1 0 0
vn -1 0 0
vn -1 0 0
vn -1 0 0
vn 0 0 1
vn 0 0 1
vn 0 0 1
vn 0 0 1
vn 1 0 0
vn 1 0 0
vn 1 0 0
vn 1 0 0
vn 0 -1 0
vn 0 -1 0
vn 0 -1 0
vn 0 -1 0
vn 0 1 0
vn 0 1 0
vn 0 1 0
vn 0 1 0
f 1849/1849/1849 1851/1851/1851 1852/1852/1852 1850/1850/1850
f 1853/1853/1853 1855/1855/1855 1856/1856/1856 1854/1854/1854
f 1857/1857/1857 1859/1859/1859 1860/1860/1860 1858/1858/1858
f 1861/1861/1861 1863/1863/1863 1864/1864/1864 1862/1862/1862
f 1866/1866/1866 1865/1865/1865 1868/1868/1868
f 1868/1868/1868 1867/1867/1867 1866/1866/1866
f 1870/1870/1870 1872/1872/1872 1869/1869/1869
f 1872/1872/1872 1870/1870/1870 1871/1871/1871
v 3 9 -35
v 3 12 -35
v -1 9 -35
v -1 12 -35
v -1 9 -35
v -1 12 -35
v -1 9 -31
v -1 12 -31
v -1 9 -31
v -1 12 -31
v 3 9 -31
v 3 12 -31
v 3 9 -31
v 3 12 -31
v 3 9 -35
v 3 12 -35
v 3 9 -35
v -1 9 -35
v -1 9 -31
v 3 9 -31
v 3 12 -35
v -1 12 -35
v -1 12 -31
v 3 12 -31
vt 0 0
vt 0 0.63636320829391479
vt 0.25 0
vt 0.25 0.63636320829391479
vt 0.25 0
vt 0.25 0.63636320829391479
vt 0.5 0
vt 0.5 0.63636320829391479
vt 0.5 0
vt 0.5 0.63636320829391479
vt 0.75 0
vt 0.75 0.63636320829391479
vt 0.75 0
vt 0.75 0.63636320829391479
vt 1 0
vt 1 0.63636320829391479
vt 0 1
vt 0.25 1
vt 0.25 0.63636386394500732
vt 0 0.63636386394500732
vt 0.75 0.63636386394500732
vt 1 0.63636386394500732
vt 1 1
vt 0.75 1
vn 0 0 -1
vn 0 0 -1
vn 0 0 -1
vn 0 0 -1
vn -1 0 0
vn -1 0 0
vn -1 0 0
vn -1 0 0
vn 0 0 1
vn 0 0 1
vn 0 0 1
vn 0 0 1
vn 1 0 0
vn 1 0 0
vn 1 0 0
vn 1 0 0
vn 0 -1 0
vn 0 -1 0
vn 0 -1 0
vn 0 -1 0
vn 0 1 0
vn 0 1 0
vn 0 1 0
vn 0 1 0
f 1873/1873/1873 1875/1875/1875 1876/1876/1876 1874/1874/1874
f 1877/1877/1877 1879/1879/1879 1880/1880/1880 1878/1878/1878
f 1881/1881/1881 1883/1883/1883 1884/1884/1884 1882/1882/1882
f 1885/1885/1885 1887/1887/1887 1888/1888/1888 1886/1886/1886
f 1890/1890/1890 1889/1889/1889 1892/1892/1892
f 1892/1892/1892 1891/1891/1891 1890/1890/1890
f 1894/1894/1894 1896/1896/1896 1893/1893/1893
f 1896/1896/1896 1894/1894/1894 1895/1895/1895
v 7 9 -35
v 7 12 -35
v 3 9 -35
v 3 12 -35
v 3 9 -35
v 3 12 -35
v 3 9 -31
v 3 12 -31
v 3 9 -31
v 3 12 -31
v 7 9 -31
v 7 12 -31
v 7 9 -31
v 7 12 -31
v 7 9 -35
v 7 12 -35
v 7 9 -35
v 3 9 -35
v 3 9 -31
v 7 9 -31
v 7 12 -35
v 3 12 -35
v 3 12 -31
v 7 12 -31
vt 0 0
vt 0 0.63636320829391479
vt 0.25 0
vt 0.25 0.63636320829391479
vt 0.25 0
vt 0.25 0.63636320829391479
vt 0.5 0
vt 0.5 0.63636320829391479
vt 0.5 0
vt 0.5 0.63636320829391479
vt 0.75 0
vt 0.75 0.63636320829391479
vt 0.75 0
vt 0.75 0.63636320829391479
vt 1 0
vt 1 0.63636320829391479
vt 0 1
vt 0.25 1
vt 0.25 0.63636386394500732
vt 0 0.63636386394500732
vt 0.75 0.63636386394500732
vt 1 0.63636386394500732
vt 1 1
vt 0.75 1
vn 0 0 -1
vn 0 0 -1
vn 0 0 -1
vn 0 0 -1
vn -1 0 0
vn -1 0 0
vn -1 0 0
vn -1 0 0
vn 0 0 1
vn 0 0 1
vn 0 0 1
vn 0 0 1
vn 1 0 0
vn 1 0 0
vn 1 0 0
vn 1 0 0
vn 0 -1 0
vn 0 -1 0
vn 0 -1 0
vn 0 -1 0
vn 0 1 0
vn 0 1 0
vn 0 1 0
vn 0 1 0
f 1897/1897/1897 1899/1899/1899 1900/1900/1900 1898/1898/1898
f 1901/1901/1901 1903/1903/1903 1904/1904/1904 1902/1902/1902
f 1905/1905/1905 1907/1907/1907 1908/1908/1908 1906/1906/1906
f 1909/1909/1909 1911/1911/1911 1912/1912/1912 1910/1910/1910
f 1914/1914/1914 1913/1913/1913 1916/1916/1916
f 1916/1916/1916 1915/1915/1915 1914/1914/1914
f 1918/1918/1918 1920/1920/1920 1917/1917/1917
f 1920/1920/1920 1918/1918/1918 1919/1919/1919
v 7 12 -29
v 7 15 -29
v 3 12 -29
v 3 15 -29
v 3 12 -29
v 3 15 -29
v 3 12 -25
v 3 15 -25
v 3 12 -25
v 3 15 -25
v 7 12 -25
v 7 15 -25
v 7 12 -25
v 7 15 -25
v 7 12 -29
v 7 15 -29
v 7 12 -29
v 3 12 -29
v 3 12 -25
v 7 12 -25
v 7 15 -29
v 3 15 -29
v 3 15 -25
v 7 15 -25
vt 0 0
vt 0 0.63636320829391479
vt 0.25 0
vt 0.25 0.63636320829391479
vt 0.25 0
vt 0.25 0.63636320829391479
vt 0.5 0
vt 0.5 0.63636320829391479
vt 0.5 0
vt 0.5 0.63636320829391479
vt 0.75 0
vt 0.75 0.63636320829391479
vt 0.75 0
vt 0.75 0.63636320829391479
vt 1 0
vt 1 0.63636320829391479
vt 0 1
vt 0.25 1
vt 0.25 0.63636386394500732
vt 0 0.63636386394500732
vt 0.75 0.63636386394500732
vt 1 0.63636386394500732
vt 1 1
vt 0.75 1
vn 0 0 -1
vn 0 0 -1
vn 0 0 -1
vn 0 0 -1
vn -1 0 0
vn -1 0 0
vn -1 0 0
vn -1 0 0
vn 0 0 1
vn 0 0 1
vn 0 0 1
vn 0 0 1
vn 1 0 0
vn 1 0 0
vn 1 0 0
vn 1 0 0
vn 0 -1 0
vn 0 -1 0
vn 0 -1 0
vn 0 -1 0
vn 0 1 0
vn 0 1 0
vn 0 1 0
vn 0 1 0
f 1921/1921/1921 1923/1923/1923 1924/1924/1924 1922/1922/1922
f 1925/1925/1925 1927/1927/1927 1928/1928/1928 1926/1926/1926
f 1929/1929/1929 1931/1931/1931 1932/1932/1932 1930/1930/1930
f 1933/1933/1933 1935/1935/1935 1936/1936/1936 1934/1934/1934
f 1938/1938/1938 1937/1937/1937 1940/1940/1940
f 1940/1940/1940 1939/1939/1939 1938/1938/1938
f 1942/1942/1942 1944/1944/1944 1941/1941/1941
f 1944/1944/1944 1942/1942/1942 1943/1943/1943
v -9 12 -29
v -9 15 -29
v -13 12 -29
v -13 15 -29
v -13 12 -29
v -13 15 -29
v -13 12 -25
v -13 15 -25
v -13 12 -25
v -13 15 -25
v -9 12 -25
v -9 15 -25
v -9 12 -25
v -9 15 -25
v -9 12 -29
v -9 15 -29
v -9 12 -29
v -13 12 -29
v -13 12 -25
v -9 12 -25
v -9 15 -29
v -13 15 -29
v -13 15 -25
v -9 15 -25
vt 0 0
vt 0 0.63636320829391479
vt 0.25 0
vt 0.25 0.63636320829391479
vt 0.25 0
vt 0.25 0.63636320829391479
vt 0.5 0
vt 0.5 0.63636320829391479
vt 0.5 0
vt 0.5 0.63636320829391479
vt 0.75 0
vt 0.75 0.63636320829391479
vt 0.75 0
vt 0.75 0.63636320829391479
vt 1 0
vt 1 0.63636320829391479
vt 0 1
vt 0.25 1
vt 0.25 0.63636386394500732
vt 0 0.63636386394500732
vt 0.75 0.63636386394500732
vt 1 0.63636386394500732
vt 1 1
vt 0.75 1
vn 0 0 -1
vn 0 0 -1
vn 0 0 -1
vn 0 0 -1
vn -1 0 0
vn -1 0 0
vn -1 0 0
vn -1 0 0
vn 0 0 1
vn 0 0 1
vn 0 0 1
vn 0 0 1
vn 1 0 0
vn 1 0 0
vn 1 0 0
vn 1 0 0
vn 0 -1 0
vn 0 -1 0
vn 0 -1 0
vn 0 -1 0
vn 0 1 0
vn 0 1 0
vn 0 1 0
vn 0 1 0
f 1945/1945/1945 1947/1947/1947 1948/1948/1948 1946/1946/1946
f 1949/1949/1949 1951/1951/1951 1952/1952/1952 1950/1950/1950
f 1953/1953/1953 1955/1955/1955 1956/1956/1956 1954/1954/1954
f 1957/1957/1957 1959/1959/1959 1960/1960/1960 1958/1958/1958
f 1962/1962/1962 1961/1961/1961 1964/1964/1964
f 1964/1964/1964 1963/1963/1963 1962/1962/1962
f 1966/1966/1966 1968/1968/1968 1965/1965/1965
f 1968/1968/1968 1966/1966/1966 1967/1967/1967
v -5 12 -29
v -5 15 -29
v -9 12 -29
v -9 15 -29
v -9 12 -29
v -9 15 -29
v -9 12 -25
v -9 15 -25
v -9 12 -25
v -9 15 -25
v -5 12 -25
v -5 15 -25
v -5 12 -25
v -5 15 -25
v -5 12 -29
v -5 15 -29
v -5 12 -29
v -9 12 -29
v -9 12 -25
v -5 12 -25
v -5 15 -29
v -9 15 -29
v -9 15 -25
v -5 15 -25
vt 0 0
vt 0 0.63636320829391479
vt 0.25 0
vt 0.25 0.63636320829391479
vt 0.25 0
vt 0.25 0.63636320829391479
vt 0.5 0
vt 0.5 0.63636320829391479
vt 0.5 0
vt 0.5 0.63636320829391479
vt 0.75 0
vt 0.75 0.63636320829391479
vt 0.75 0
vt 0.75 0.63636320829391479
vt 1 0
vt 1 0.63636320829391479
vt 0 1
vt 0.25 1
vt 0.25 0.63636386394500732
vt 0 0.63636386394500732
vt 0.75 0.63636386394500732
vt 1 0.63636386394500732
vt 1 1
vt 0.75 1
vn 0 0 -1
vn 0 0 -1
vn 0 0 -1
vn 0 0 -1
vn -1 0 0
vn -1 0 0
vn -1 0 0
vn -1 0 0
vn 0 0 1
vn 0 0 1
vn 0 0 1
vn 0 0 1
vn 1 0 0
vn 1 0 0
vn 1 0 0
vn 1 0 0
vn 0 -1 0
vn 0 -1 0
vn 0 -1 0
vn 0 -1 0
vn 0 1 0
vn 0 1 0
vn 0 1 0
vn 0 1 0
f 1969/1969/1969 1971/1971/1971 1972/1972/1972 1970/1970/1970
f 1973/1973/1973 1975/1975/1975 1976/1976/1976 1974/1974/1974
f 1977/1977/1977 1979/1979/1979 1980/1980/1980 1978/1978/1978
f 1981/1981/1981 1983/1983/1983 1984/1984/1984 1982/1982/1982
f 1986/1986/1986 1985/1985/1985 1988/1988/1988
f 1988/1988/1988 1987/1987/1987 1986/1986/1986
f 1990/1990/1990 1992/1992/1992 1989/1989/1989
f 1992/1992/1992 1990/1990/1990 1991/1991/1991
v -1 12 -29
v -1 15 -29
v -5 12 -29
v -5 15 -29
v -5 12 -29
v -5 15 -29
v -5 12 -25
v -5 15 -25
v -5 12 -25
v -5 15 -25
v -1 12 -25
v -1 15 -25
v -1 12 -25
v -1 15 -25
v -1 12 -29
v -1 15 -29
v -1 12 -29
v -5 12 -29
v -5 12 -25
v -1 12 -25
v -1 15 -29
v -5 15 -29
v -5 15 -25
v -1 15 -25
vt 0 0
vt 0 0.63636320829391479
vt 0.25 0
vt 0.25 0.63636320829391479
vt 0.25 0
vt 0.25 0.63636320829391479
vt 0.5 0
vt 0.5 0.63636320829391479
vt 0.5 0
vt 0.5 0.63636320829391479
vt 0.75 0
vt 0.75 0.63636320829391479
vt 0.75 0
vt 0.75 0.63636320829391479
vt 1 0
vt 1 0.63636320829391479
vt 0 1
vt 0.25 1
vt 0.25 0.63636386394500732
vt 0 0.63636386394500732
vt 0.75 0.63636386394500732
vt 1 0.63636386394500732
vt 1 1
vt 0.75 1
vn 0 0 -1
vn 0 0 -1
vn 0 0 -1
vn 0 0 -1
vn -1 0 0
vn -1 0 0
vn -1 0 0
vn -1 0 0
vn 0 0 1
vn 0 0 1
vn 0 0 1
vn 0 0 1
vn 1 0 0
vn 1 0 0
vn 1 0 0
vn 1 0 0
vn 0 -1 0
vn 0 -1 0
vn 0 -1 0
vn 0 -1 0
vn 0 1 0
vn 0 1 0
vn 0 1 0
vn 0 1 0
f 1993/1993/1993 1995/1995/1995 1996/1996/1996 1994/1994/1994
f 1997/1997/1997 1999/1999/1999 2000/2000/2000 1998/1998/1998
f 2001/2001/2001 2003/2003/2003 2004/2004/2004 2002/2002/2002
f 2005/2005/2005 2007/2007/2007 2008/2008/2008 2006/2006/2006
f 2010/2010/2010 2009/2009/2009 2012/2012/2012
f 2012/2012/2012 2011/2011/2011 2010/2010/2010
f 2014/2014/2014 2016/2016/2016 2013/2013/2013
f 2016/2016/2016 2014/2014/2014 2015/2015/2015
v 3 12 -29
v 3 15 -29
v -1 12 -29
v -1 15 -29
v -1 12 -29
v -1 15 -29
v -1 12 -25
v -1 15 -25
v -1 12 -25
v -1 15 -25
v 3 12 -25
v 3 15 -25
v 3 12 -25
v 3 15 -25
v 3 12 -29
v 3 15 -29
v 3 12 -29
v -1 12 -29
v -1 12 -25
v 3 12 -25
v 3 15 -29
v -1 15 -29
v -1 15 -25
v 3 15 -25
vt 0 0
vt 0 0.63636320829391479
vt 0.25 0
vt 0.25 0.63636320829391479
vt 0.25 0
vt 0.25 0.63636320829391479
vt 0.5 0
vt 0.5 0.63636320829391479
vt 0.5 0
vt 0.5 0.63636320829391479
vt 0.75 0
vt 0.75 0.63636320829391479
vt 0.75 0
vt 0.75 0.63636320829391479
vt 1 0
vt 1 0.63636320829391479
vt 0 1
vt 0.25 1
vt 0.25 0.63636386394500732
vt 0 0.63636386394500732
vt 0.75 0.63636386394500732
vt 1 0.63636386394500732
vt 1 1
vt 0.75 1
vn 0 0 -1
vn 0 0 -1
vn 0 0 -1
vn 0 0 -1
vn -1 0 0
vn -1 0 0
vn -1 0 0
vn -1 0 0
vn 0 0 1
vn 0 0 1
vn 0 0 1
vn 0 0 1
vn 1 0 0
vn 1 0 0
vn 1 0 0
vn 1 0 0
vn 0 -1 0
vn 0 -1 0
vn 0 -1 0
vn 0 -1 0
vn 0 1 0
vn 0 1 0
vn 0 1 0
vn 0 1 0
f 2017/2017/2017 2019/2019/2019 2020/2020/2020 2018/2018/2018
f 2021/2021/2021 2023/2023/2023 2024/2024/2024 2022/2022/2022
f 2025/2025/2025 2027/2027/2027 2028/2028/2028 2026/2026/2026
f 2029/2029/2029 2031/2031/2031 2032/2032/2032 2030/2030/2030
f 2034/2034/2034 2033/2033/2033 2036/2036/2036
f 2036/2036/2036 2035/2035/2035 2034/2034/2034
f 2038/2038/2038 2040/2040/2040 2037/2037/2037
f 2040/2040/2040 2038/2038/2038 2039/2039/2039
v -9 9 -29
v -9 12 -29
v -13 9 -29
v -13 12 -29
v -13 9 -29
v -13 12 -29
v -13 9 -25
v -13 12 -25
v -13 9 -25
v -13 12 -25
v -9 9 -25
v -9 12 -25
v -9 9 -25
v -9 12 -25
v -9 9 -29
v -9 12 -29
v -9 9 -29
v -13 9 -29
v -13 9 -25
v -9 9 -25
v -9 12 -29
v -13 12 -29
v -13 12 -25
v -9 12 -25
vt 0 0
vt 0 0.63636320829391479
vt 0.25 0
vt 0.25 0.63636320829391479
vt 0.25 0
vt 0.25 0.63636320829391479
vt 0.5 0
vt 0.5 0.63636320829391479
vt 0.5 0
vt 0.5 0.63636320829391479
vt 0.75 0
vt 0.75 0.63636320829391479
vt 0.75 0
vt 0.75 0.63636320829391479
vt 1 0
vt 1 0.63636320829391479
vt 0 1
vt 0.25 1
vt 0.25 0.63636386394500732
vt 0 0.63636386394500732
vt 0.75 0.63636386394500732
vt 1 0.63636386394500732
vt 1 1
vt 0.75 1
vn 0 0 -1
vn 0 0 -1
vn 0 0 -1
vn 0 0 -1
vn -1 0 0
vn -1 0 0
vn -1 0 0
vn -1 0 0
vn 0 0 1
vn 0 0 1
vn 0 0 1
vn 0 0 1
vn 1 0 0
vn 1 0 0
vn 1 0 0
vn 1 0 0
vn 0 -1 0
vn 0 -1 0
vn 0 -1 0
vn 0 -1 0
vn 0 1 0
vn 0 1 0
vn 0 1 0
vn 0 1 0
f 2041/2041/2041 2043/2043/2043 2044/2044/2044 2042/2042/2042
f 2045/2045/2045 2047/2047/2047 2048/2048/2048 2046/2046/2046
f 2049/2049/2049 2051/2051/2051 2052/2052/2052 2050/2050/2050
f 2053/2053/2053 2055/2055/2055 2056/2056/2056 2054/2054/2054
f 2058/2058/2058 2057/2057/2057 2060/2060/2060
f 2060/2060/2060 2059/2059/2059 2058/2058/2058
f 2062/2062/2062 2064/2064/2064 2061/2061/2061
f 2064/2064/2064 2062/2062/2062 2063/2063/2063
v -5 9 -29
v -5 12 -29
v -9 9 -29
v -9 12 -29
v -9 9 -29
v -9 12 -29
v -9 9 -25
v -9 12 -25
v -9 9 -25
v -9 12 -25
v -5 9 -25
v -5 12 -25
v -5 9 -25
v -5 12 -25
v -5 9 -29
v -5 12 -29
v -5 9 -29
v -9 9 -29
v -9 9 -25
v -5 9 -25
v -5 12 -29
v -9 12 -29
v -9 12 -25
v -5 12 -25
vt 0 0
vt 0 0.63636320829391479
vt 0.25 0
vt 0.25 0.63636320829391479
vt 0.25 0
vt 0.25 0.63636320829391479
vt 0.5 0
vt 0.5 0.63636320829391479
vt 0.5 0
vt 0.5 0.63636320829391479
vt 0.75 0
vt 0.75 0.63636320829391479
vt 0.75 0
vt 0.75 0.63636320829391479
vt 1 0
vt 1 0.63636320829391479
vt 0 1
vt 0.25 1
vt 0.25 0.63636386394500732
vt 0 0.63636386394500732
vt 0.75 0.63636386394500732
vt 1 0.63636386394500732
vt 1 1
vt 0.75 1
vn 0 0 -1
vn 0 0 -1
vn 0 0 -1
vn 0 0 -1
vn -1 0 0
vn -1 0 0
vn -1 0 0
vn -1 0 0
vn 0 0 1
vn 0 0 1
vn 0 0 1
vn 0 0 1
vn 1 0 0
vn 1 0 0
vn 1 0 0
vn 1 0 0
vn 0 -1 0
vn 0 -1 0
vn 0 -1 0
vn 0 -1 0
vn 0 1 0
vn 0 1 0
vn 0 1 0
vn 0 1 0
f 2065/2065/2065 2067/2067/2067 2068/2068/2068 2066/2066/2066
f 2069/2069/2069 2071/2071/2071 2072/2072/2072 2070/2070/2070
f 2073/2073/2073 2075/2075/2075 2076/2076/2076 2074/2074/2074
f 2077/2077/2077 2079/2079/2079 2080/2080/2080 2078/2078/2078
f 2082/2082/2082 2081/2081/2081 2084/2084/2084
f 2084/2084/2084 2083/2083/2083 2082/2082/2082
f 2086/2086/2086 2088/2088/2088 2085/2085/2085
f 2088/2088/2088 2086/2086/2086 2087/2087/2087
v -1 9 -29
v -1 12 -29
v -5 9 -29
v -5 12 -29
v -5 9 -29
v -5 12 -29
v -5 9 -25
v -5 12 -25
v -5 9 -25
v -5 12 -25
v -1 9 -25
v -1 12 -25
v -1 9 -25
v -1 12 -25
v -1 9 -29
v -1 12 -29
v -1 9 -29
v -5 9 -29
v -5 9 -25
v -1 9 -25
v -1 12 -29
v -5 12 -29
v -5 12 -25
v -1 12 -25
vt 0 0
vt 0 0.63636320829391479
vt 0.25 0
vt 0.25 0.63636320829391479
vt 0.25 0
vt 0.25 0.63636320829391479
vt 0.5 0
vt 0.5 0.63636320829391479
vt 0.5 0
vt 0.5 0.63636320829391479
vt 0.75 0
vt 0.75 0.63636320829391479
vt 0.75 0
vt 0.75 0.63636320829391479
vt 1 0
vt 1 0.63636320829391479
vt 0 1
vt 0.25 1
vt 0.25 0.63636386394500732
vt 0 0.63636386394500732
vt 0.75 0.63636386394500732
vt 1 0.63636386394500732
vt 1 1
vt 0.75 1
vn 0 0 -1
vn 0 0 -1
vn 0 0 -1
vn 0 0 -1
vn -1 0 0
vn -1 0 0
vn -1 0 0
vn -1 0 0
vn 0 0 1
vn 0 0 1
vn 0 0 1
vn 0 0 1
vn 1 0 0
vn 1 0 0
vn 1 0 0
vn 1 0 0
vn 0 -1 0
vn 0 -1 0
vn 0 -1 0
vn 0 -1 0
vn 0 1 0
vn 0 1 0
vn 0 1 0
vn 0 1 0
f 2089/2089/2089 2091/2091/2091 2092/2092/2092 2090/2090/2090
f 2093/2093/2093 2095/2095/2095 2096/2096/2096 2094/2094/2094
f 2097/2097/2097 2099/2099/2099 2100/2100/2100 2098/2098/2098
f 2101/2101/2101 2103/2103/2103 2104/2104/2104 2102/2102/2102
f 2106/2106/2106 2105/2105/2105 2108/2108/2108
f 2108/2108/2108 2107/2107/2107 2106/2106/2106
f 2110/2110/2110 2112/2112/2112 2109/2109/2109
f 2112/2112/2112 2110/2110/2110 2111/2111/2111
v 3 9 -29
v 3 12 -29
v -1 9 -29
v -1 12 -29
v -1 9 -29
v -1 12 -29
v -1 9 -25
v -1 12 -25
v -1 9 -25
v -1 12 -25
v 3 9 -25
v 3 12 -25
v 3 9 -25
v 3 12 -25
v 3 9 -29
v 3 12 -29
v 3 9 -29
v -1 9 -29
v -1 9 -25
v 3 9 -25
v 3 12 -29
v -1 12 -29
v -1 12 -25
v 3 12 -25
vt 0 0
vt 0 0.63636320829391479
vt 0.25 0
vt 0.25 0.63636320829391479
vt 0.25 0
vt 0.25 0.63636320829391479
vt 0.5 0
vt 0.5 0.63636320829391479
vt 0.5 0
vt 0.5 0.63636320829391479
vt 0.75 0
vt 0.75 0.63636320829391479
vt 0.75 0
vt 0.75 0.63636320829391479
vt 1 0
vt 1 0.63636320829391479
vt 0 1
vt 0.25 1
vt 0.25 0.63636386394500732
vt 0 0.63636386394500732
vt 0.75 0.63636386394500732
vt 1 0.63636386394500732
vt 1 1
vt 0.75 1
vn 0 0 -1
vn 0 0 -1
vn 0 0 -1
vn 0 0 -1
vn -1 0 0
vn -1 0 0
vn -1 0 0
vn -1 0 0
vn 0 0 1
vn 0 0 1
vn 0 0 1
vn 0 0 1
vn 1 0 0
vn 1 0 0
vn 1 0 0
vn 1 0 0
vn 0 -1 0
vn 0 -1 0
vn 0 -1 0
vn 0 -1 0
vn 0 1 0
vn 0 1 0
vn 0 1 0
vn 0 1 0
f 2113/2113/2113 2115/2115/2115 2116/2116/2116 2114/2114/2114
f 2117/2117/2117 2119/2119/2119 2120/2120/2120 2118/2118/2118
f 2121/2121/2121 2123/2123/2123 2124/2124/2124 2122/2122/2122
f 2125/2125/2125 2127/2127/2127 2128/2128/2128 2126/2126/2126
f 2130/2130/2130 2129/2129/2129 2132/2132/2132
f 2132/2132/2132 2131/2131/2131 2130/2130/2130
f 2134/2134/2134 2136/2136/2136 2133/2133/2133
f 2136/2136/2136 2134/2134/2134 2135/2135/2135
v 7 9 -29
v 7 12 -29
v 3 9 -29
v 3 12 -29
v 3 9 -29
v 3 12 -29
v 3 9 -25
v 3 12 -25
v 3 9 -25
v 3 12 -25
v 7 9 -25
v 7 12 -25
v 7 9 -25
v 7 12 -25
v 7 9 -29
v 7 12 -29
v 7 9 -29
v 3 9 -29
v 3 9 -25
v 7 9 -25
v 7 12 -29
v 3 12 -29
v 3 12 -25
v 7 12 -25
vt 0 0
vt 0 0.63636320829391479
vt 0.25 0
vt 0.25 0.63636320829391479
vt 0.25 0
vt 0.25 0.63636320829391479
vt 0.5 0
vt 0.5 0.63636320829391479
vt 0.5 0
vt 0.5 0.63636320829391479
vt 0.75 0
vt 0.75 0.63636320829391479
vt 0.75 0
vt 0.75 0.63636320829391479
vt 1 0
vt 1 0.63636320829391479
vt 0 1
vt 0.25 1
vt 0.25 0.63636386394500732
vt 0 0.63636386394500732
vt 0.75 0.63636386394500732
vt 1 0.63636386394500732
vt 1 1
vt 0.75 1
vn 0 0 -1
vn 0 0 -1
vn 0 0 -1
vn 0 0 -1
vn -1 0 0
vn -1 0 0
vn -1 0 0
vn -1 0 0
vn 0 0 1
vn 0 0 1
vn 0 0 1
vn 0 0 1
vn 1 0 0
vn 1 0 0
vn 1 0 0
vn 1 0 0
vn 0 -1 0
vn 0 -1 0
vn 0 -1 0
vn 0 -1 0
vn 0 1 0
vn 0 1 0
vn 0 1 0
vn 0 1 0
f 2137/2137/2137 2139/2139/2139 2140/2140/2140 2138/2138/2138
f 2141/2141/2141 2143/2143/2143 2144/2144/2144 2142/2142/2142
f 2145/2145/2145 2147/2147/2147 2148/2148/2148 2146/2146/2146
f 2149/2149/2149 2151/2151/2151 2152/2152/2152 2150/2150/2150
f 2154/2154/2154 2153/2153/2153 2156/2156/2156
f 2156/2156/2156 2155/2155/2155 2154/2154/2154
f 2158/2158/2158 2160/2160/2160 2157/2157/2157
f 2160/2160/2160 2158/2158/2158 2159/2159/2159
