
CASCADE Topology V3, (c) Open Cascade
Locations 0
Curve2ds 288
1 16.156639214503318 17.651114198046685 0 -1 
1 16.156639214503318 17.651114198046685 0 -1 
1 16.156639214503318 16.754496198046688 -1 0 
1 16.156639214503318 16.754496198046688 -1 0 
1 12.104510214503318 16.754496198046688 0 1 
1 12.104510214503318 16.754496198046688 0 1 
1 12.104510214503318 17.651114198046685 1 0 
1 12.104510214503318 17.651114198046685 1 0 
1 59.317265214503315 13.913092198046684 0 1 
1 59.317265214503315 13.913092198046684 0 1 
1 59.317265214503315 17.804927198046684 -1 0 
1 59.317265214503315 17.804927198046684 -1 0 
1 57.175764214503317 17.804927198046684 0 1 
1 57.175764214503317 17.804927198046684 0 1 
1 57.175764214503317 18.232500198046687 0.99999997450579448 0.00022580613485052341 
1 57.175764214503317 18.232500198046687 0.99999997450579448 0.00022580613485052341 
1 61.117198214503318 18.233390198046685 0 -1 
1 61.117198214503318 18.233390198046685 0 -1 
1 61.117198214503318 17.804927198046684 -1 0 
1 61.117198214503318 17.804927198046684 -1 0 
1 59.826142214503321 17.804927198046684 0 -1 
1 59.826142214503321 17.804927198046684 0 -1 
1 59.826142214503321 13.913092198046684 1 0 
1 59.826142214503321 13.913092198046684 1 0 
1 67.124792214503316 13.913092198046684 0 1 
1 67.124792214503316 13.913092198046684 0 1 
1 67.124792214503316 17.804927198046684 -1 0 
1 67.124792214503316 17.804927198046684 -1 0 
1 64.367198214503318 17.804927198046684 0 1 
1 64.367198214503318 17.804927198046684 0 1 
1 64.367198214503318 18.233390198046685 0.99999999307446652 -0.00011769055606468115 
1 64.367198214503318 18.233390198046685 0.99999999307446652 -0.00011769055606468115 
1 71.929402214503313 18.232500198046687 0 -1 
1 71.929402214503313 18.232500198046687 0 -1 
1 71.929402214503313 13.537161198046689 -1 0 
1 71.929402214503313 13.537161198046689 -1 0 
1 57.175764214503317 13.537161198046689 0 1 
1 57.175764214503317 13.537161198046689 0 1 
1 57.175764214503317 13.913092198046684 1 0 
1 57.175764214503317 13.913092198046684 1 0 
1 -45.62518878549669 17.637863198046688 0 -1 
1 -45.62518878549669 17.637863198046688 0 -1 
1 -45.62518878549669 13.567093198046685 -1 0 
1 -45.62518878549669 13.567093198046685 -1 0 
1 -46.118911785496678 13.567093198046685 0 1 
1 -46.118911785496678 13.567093198046685 0 1 
1 -46.118911785496678 17.137863198046688 -1 0 
1 -46.118911785496678 17.137863198046688 -1 0 
1 -57.485939785496683 17.137863198046688 0 -1 
1 -57.485939785496683 17.137863198046688 0 -1 
1 -57.485939785496683 14.735210198046687 1 0 
1 -57.485939785496683 14.735210198046687 1 0 
1 -53.540886785496681 14.735210198046687 0 -1 
1 -53.540886785496681 14.735210198046687 0 -1 
1 -53.540886785496681 14.269615198046687 -1 0 
1 -53.540886785496681 14.269615198046687 -1 0 
1 -57.485939785496683 14.269615198046687 0 -1 
1 -57.485939785496683 14.269615198046687 0 -1 
1 -57.485939785496683 13.550269198046685 -1 0 
1 -57.485939785496683 13.550269198046685 -1 0 
1 -58.485939785496683 13.550269198046685 0 1 
1 -58.485939785496683 13.550269198046685 0 1 
1 -58.485939785496683 17.637863198046688 1 0 
1 -58.485939785496683 17.637863198046688 1 0 
1 93.025265214503321 13.895986198046685 0 1 
1 93.025265214503321 13.895986198046685 0 1 
1 93.025265214503321 19.136216198046689 1 0 
1 93.025265214503321 19.136216198046689 1 0 
1 95.025265214503321 19.136216198046689 0 -1 
1 95.025265214503321 19.136216198046689 0 -1 
1 95.025265214503321 13.895986198046685 -1 0 
1 95.025265214503321 13.895986198046685 -1 0 
1 95.025265214503321 1.8744721980466856 -1 0 
1 95.025265214503321 1.8744721980466856 -1 0 
1 93.025265214503321 1.8744721980466856 0 1 
1 93.025265214503321 1.8744721980466856 0 1 
1 93.025265214503321 6.1277041980466862 -1 0 
1 93.025265214503321 6.1277041980466862 -1 0 
1 77.180811214503308 6.1277041980466862 -3.790210819421741e-05 -0.99999999928171512 
1 77.180811214503308 6.1277041980466862 -3.790210819421741e-05 -0.99999999928171512 
1 77.180548214503318 -0.81122380195331445 -1 0 
1 77.180548214503318 -0.81122380195331445 -1 0 
1 76.680811214503308 -0.81122380195331445 0 1 
1 76.680811214503308 -0.81122380195331445 0 1 
1 76.680811214503308 6.1277041980466862 -1 0 
1 76.680811214503308 6.1277041980466862 -1 0 
1 57.532551214503314 6.1277041980466862 0 -1 
1 57.532551214503314 6.1277041980466862 0 -1 
1 57.532551214503314 2.1918671980466868 -1 0 
1 57.532551214503314 2.1918671980466868 -1 0 
1 56.444580214503318 2.1918671980466868 0 1 
1 56.444580214503318 2.1918671980466868 0 1 
1 56.444580214503318 6.1277041980466862 -1 0 
1 56.444580214503318 6.1277041980466862 -1 0 
1 54.395490214503312 6.1277041980466862 0 1 
1 54.395490214503312 6.1277041980466862 0 1 
1 54.395490214503312 7.1277041980466862 1 0 
1 54.395490214503312 7.1277041980466862 1 0 
1 57.129078214503316 7.1277041980466862 0 1 
1 57.129078214503316 7.1277041980466862 0 1 
1 57.129078214503316 9.4967221980466903 1 0 
1 57.129078214503316 9.4967221980466903 1 0 
1 57.532551214503314 9.4967221980466903 0 -1 
1 57.532551214503314 9.4967221980466903 0 -1 
1 57.532551214503314 7.1277041980466862 1 0 
1 57.532551214503314 7.1277041980466862 1 0 
1 71.098802214503309 7.1277041980466862 0 1 
1 71.098802214503309 7.1277041980466862 0 1 
1 71.098802214503309 9.4967221980466903 1 0 
1 71.098802214503309 9.4967221980466903 1 0 
1 71.933487214503316 9.4967221980466903 0 -1 
1 71.933487214503316 9.4967221980466903 0 -1 
1 71.933487214503316 7.1277041980466862 1 0 
1 71.933487214503316 7.1277041980466862 1 0 
1 93.025265214503321 7.1277041980466862 0 1 
1 93.025265214503321 7.1277041980466862 0 1 
1 93.025265214503321 9.4650431980466863 1 0 
1 93.025265214503321 9.4650431980466863 1 0 
1 95.025265214503321 9.4650431980466863 0 -1 
1 95.025265214503321 9.4650431980466863 0 -1 
1 93.025265214503321 -6.7958848019533136 0 1 
1 93.025265214503321 -6.7958848019533136 0 1 
1 93.025265214503321 -2.5485988019533146 1 0 
1 93.025265214503321 -2.5485988019533146 1 0 
1 95.025265214503321 -2.5485988019533146 0 -1 
1 95.025265214503321 -2.5485988019533146 0 -1 
1 95.025265214503321 -11.079015801953313 -1 0 
1 95.025265214503321 -11.079015801953313 -1 0 
1 93.025265214503321 -11.079015801953313 0 1 
1 93.025265214503321 -11.079015801953313 0 1 
1 93.025265214503321 -7.2958848019533136 -1 0 
1 93.025265214503321 -7.2958848019533136 -1 0 
1 77.180811214503308 -7.2958848019533136 0 -1 
1 77.180811214503308 -7.2958848019533136 0 -1 
1 77.180811214503308 -12.658825801953313 -1 0 
1 77.180811214503308 -12.658825801953313 -1 0 
1 76.680811214503308 -12.658825801953313 0 1 
1 76.680811214503308 -12.658825801953313 0 1 
1 76.680811214503308 -4.0612238019533144 1 0 
1 76.680811214503308 -4.0612238019533144 1 0 
1 77.180548214503318 -4.0612238019533144 9.6172797571809798e-05 -0.99999999537539652 
1 77.180548214503318 -4.0612238019533144 9.6172797571809798e-05 -0.99999999537539652 
1 77.180811214503308 -6.7958848019533136 1 0 
1 77.180811214503308 -6.7958848019533136 1 0 
1 -81.482923785496681 20.042634198046684 -1 0 
1 -81.482923785496681 20.042634198046684 -1 0 
1 -83.482923785496681 20.042634198046684 0 1 
1 -83.482923785496681 20.042634198046684 0 1 
1 -83.482923785496681 24.504144198046689 1 0 
1 -83.482923785496681 24.504144198046689 1 0 
1 -81.482923785496681 24.504144198046689 0 -1 
1 -81.482923785496681 24.504144198046689 0 -1 
1 -81.482923785496681 24.176279198046686 1 0 
1 -81.482923785496681 24.176279198046686 1 0 
1 -63.233481785496679 24.176279198046686 0 -1 
1 -63.233481785496679 24.176279198046686 0 -1 
1 -63.233481785496679 23.676279198046686 -1 0 
1 -63.233481785496679 23.676279198046686 -1 0 
1 -65.612127785496682 23.676279198046686 0 -1 
1 -65.612127785496682 23.676279198046686 0 -1 
1 -65.612127785496682 16.102510198046687 -1 0 
1 -65.612127785496682 16.102510198046687 -1 0 
1 -66.112127785496682 16.102510198046687 0 1 
1 -66.112127785496682 16.102510198046687 0 1 
1 -66.112127785496682 23.676279198046686 -1 0 
1 -66.112127785496682 23.676279198046686 -1 0 
1 -81.482923785496681 23.676279198046686 0 -1 
1 -81.482923785496681 23.676279198046686 0 -1 
1 -58.651900785496679 39.834020198046687 0 -1 
1 -58.651900785496679 39.834020198046687 0 -1 
1 -58.651900785496679 37.834020198046687 -1 0 
1 -58.651900785496679 37.834020198046687 -1 0 
1 -74.495037785496677 37.834020198046687 0 1 
1 -74.495037785496677 37.834020198046687 0 1 
1 -74.495037785496677 39.834020198046687 1 0 
1 -74.495037785496677 39.834020198046687 1 0 
1 24.206289214503315 37.834020198046687 0 1 
1 24.206289214503315 37.834020198046687 0 1 
1 24.206289214503315 39.834020198046687 1 0 
1 24.206289214503315 39.834020198046687 1 0 
1 29.086940214503315 39.834020198046687 0 -1 
1 29.086940214503315 39.834020198046687 0 -1 
1 29.086940214503315 37.834020198046687 -1 0 
1 29.086940214503315 37.834020198046687 -1 0 
1 26.569740214503316 37.834020198046687 0 -1 
1 26.569740214503316 37.834020198046687 0 -1 
1 26.569740214503316 22.797625198046688 -1 0 
1 26.569740214503316 22.797625198046688 -1 0 
1 26.069740214503316 22.797625198046688 0 1 
1 26.069740214503316 22.797625198046688 0 1 
1 26.069740214503316 37.834020198046687 -1 0 
1 26.069740214503316 37.834020198046687 -1 0 
1 14.674931214503317 37.834020198046687 0 1 
1 14.674931214503317 37.834020198046687 0 1 
1 14.674931214503317 39.834020198046687 1 0 
1 14.674931214503317 39.834020198046687 1 0 
1 18.387339214503317 39.834020198046687 0 -1 
1 18.387339214503317 39.834020198046687 0 -1 
1 18.387339214503317 37.834020198046687 -1 0 
1 18.387339214503317 37.834020198046687 -1 0 
1 82.53782121450331 39.834020198046687 0 -1 
1 82.53782121450331 39.834020198046687 0 -1 
1 82.53782121450331 37.834020198046687 -1 0 
1 82.53782121450331 37.834020198046687 -1 0 
1 74.463492214503319 37.834020198046687 0 -1 
1 74.463492214503319 37.834020198046687 0 -1 
1 74.463492214503319 22.994152198046685 -1 0 
1 74.463492214503319 22.994152198046685 -1 0 
1 69.387258214503319 22.994152198046685 0 1 
1 69.387258214503319 22.994152198046685 0 1 
1 69.387258214503319 23.494152198046685 1 0 
1 69.387258214503319 23.494152198046685 1 0 
1 73.963492214503319 23.494152198046685 0 1 
1 73.963492214503319 23.494152198046685 0 1 
1 73.963492214503319 37.834020198046687 -1 0 
1 73.963492214503319 37.834020198046687 -1 0 
1 70.907064214503322 37.834020198046687 0 1 
1 70.907064214503322 37.834020198046687 0 1 
1 70.907064214503322 39.834020198046687 1 0 
1 70.907064214503322 39.834020198046687 1 0 
1 75.979134214503318 -38.225223801953312 0 1 
1 75.979134214503318 -38.225223801953312 0 1 
1 75.979134214503318 -36.225223801953312 1 0 
1 75.979134214503318 -36.225223801953312 1 0 
1 83.021197214503317 -36.225223801953312 0 -1 
1 83.021197214503317 -36.225223801953312 0 -1 
1 83.021197214503317 -38.225223801953312 -1 0 
1 83.021197214503317 -38.225223801953312 -1 0 
1 4.5852872145033174 -38.225223801953312 0 1 
1 4.5852872145033174 -38.225223801953312 0 1 
1 4.5852872145033174 -36.225223801953312 1 0 
1 4.5852872145033174 -36.225223801953312 1 0 
1 9.2529482145033164 -36.225223801953312 0 -1 
1 9.2529482145033164 -36.225223801953312 0 -1 
1 9.2529482145033164 -38.225223801953312 -1 0 
1 9.2529482145033164 -38.225223801953312 -1 0 
1 -20.524421785496685 -38.225223801953312 0 1 
1 -20.524421785496685 -38.225223801953312 0 1 
1 -20.524421785496685 -36.225223801953312 1 0 
1 -20.524421785496685 -36.225223801953312 1 0 
1 -17.199232785496683 -36.225223801953312 0 1 
1 -17.199232785496683 -36.225223801953312 0 1 
1 -17.199232785496683 -30.563313801953313 1 0 
1 -17.199232785496683 -30.563313801953313 1 0 
1 -16.699232785496683 -30.563313801953313 0 -1 
1 -16.699232785496683 -30.563313801953313 0 -1 
1 -16.699232785496683 -36.225223801953312 1 0 
1 -16.699232785496683 -36.225223801953312 1 0 
1 -16.473963785496686 -36.225223801953312 0 -1 
1 -16.473963785496686 -36.225223801953312 0 -1 
1 -16.473963785496686 -38.225223801953312 -1 0 
1 -16.473963785496686 -38.225223801953312 -1 0 
1 -34.406850785496687 -38.225223801953312 0 1 
1 -34.406850785496687 -38.225223801953312 0 1 
1 -34.406850785496687 -36.225223801953312 1 0 
1 -34.406850785496687 -36.225223801953312 1 0 
1 -34.104630785496681 -36.225223801953312 0 1 
1 -34.104630785496681 -36.225223801953312 0 1 
1 -34.104630785496681 -30.563313801953313 1 0 
1 -34.104630785496681 -30.563313801953313 1 0 
1 -33.104630785496681 -30.563313801953313 0 -1 
1 -33.104630785496681 -30.563313801953313 0 -1 
1 -33.104630785496681 -36.225223801953312 1 0 
1 -33.104630785496681 -36.225223801953312 1 0 
1 -30.189221785496684 -36.225223801953312 0 -1 
1 -30.189221785496684 -36.225223801953312 0 -1 
1 -30.189221785496684 -38.225223801953312 -1 0 
1 -30.189221785496684 -38.225223801953312 -1 0 
1 -58.124666785496686 -38.225223801953312 -1 0 
1 -58.124666785496686 -38.225223801953312 -1 0 
1 -69.072126785496678 -38.225223801953312 0 1 
1 -69.072126785496678 -38.225223801953312 0 1 
1 -69.072126785496678 -36.225223801953312 1 0 
1 -69.072126785496678 -36.225223801953312 1 0 
1 -58.124666785496686 -36.225223801953312 0 -1 
1 -58.124666785496686 -36.225223801953312 0 -1 
1 -76.746327785496689 -36.225223801953312 0 -1 
1 -76.746327785496689 -36.225223801953312 0 -1 
1 -76.746327785496689 -38.225223801953312 -1 0 
1 -76.746327785496689 -38.225223801953312 -1 0 
1 -83.482923785496681 -38.225223801953312 0 1 
1 -83.482923785496681 -38.225223801953312 0 1 
1 -83.482923785496681 -35.953965801953316 1 0 
1 -83.482923785496681 -35.953965801953316 1 0 
1 -81.482923785496681 -35.953965801953316 0 -1 
1 -81.482923785496681 -35.953965801953316 0 -1 
1 -81.482923785496681 -36.225223801953312 1 0 
1 -81.482923785496681 -36.225223801953312 1 0 
Curves 590
1 33.405544999999996 61.324154 0 0 1 0 
1 33.405544999999996 63.324154 0 1 0 0 
1 37.216320000000003 63.324154 0 0 -1 0 
1 37.216320000000003 61.324154 0 1 0 0 
1 37.457450999999999 61.324154 0 0 -1 0 
1 37.457450999999999 58.212091999999998 0 1 0 0 
1 39.457450999999999 58.212091999999998 0 0 -1 0 
1 39.457450999999999 54.011766000000001 0 -1 0 0 
1 37.457450999999999 54.011766000000001 0 0 -1 0 
1 37.457450999999999 51.304747999999996 0 -1 0 0 
1 26.745328000000001 51.304747999999996 0 0 1 0 
1 26.745328000000001 55.474699999999999 0 -1 0 0 
1 26.245328000000001 55.474699999999999 0 0 -1 0 
1 26.245328000000001 48.227679000000002 0 1 0 0 
1 26.745328000000001 48.227679000000002 0 0 1 0 
1 26.745328000000001 50.804747999999996 0 1 0 0 
1 37.457450999999999 50.804747999999996 0 0 -1 0 
1 37.457450999999999 48.256636 0 1 0 0 
1 39.457450999999999 48.256636 0 0 -1 0 
1 39.457450999999999 43.620305999999999 0 -1 0 0 
1 37.457450999999999 43.620305999999999 0 0 -1 0 
1 37.457450999999999 40.732028999999997 0 -1 0 0 
1 26.745328000000001 40.732028999999997 0 0 1 0 
1 26.745328000000001 44.977679000000002 0 -1 0 0 
1 26.245328000000001 44.977679000000002 0 0 -1 0 
1 26.245328000000001 40.232028999999997 0 1 0 0 
1 33.072074000000001 40.232028999999997 0 0 -1 0 
1 33.072074000000001 38.951825999999997 0 1 0 0 
1 33.572074000000001 38.951825999999997 0 0 1 0 
1 33.572074000000001 40.232028999999997 0 1 0 0 
1 37.457450999999999 40.232028999999997 0 0 -1 0 
1 37.457450999999999 33.011958999999997 0 -1 0 0 
1 33.572074000000001 33.011958999999997 0 0 1 0 
1 33.572074000000001 35.701825999999997 0 -1 0 0 
1 33.072074000000001 35.701825999999997 0 0 -1 0 
1 33.072074000000001 30.617837999999999 0 -1 0 0 
1 25.573976999999999 30.617837999999999 0 0 -1 0 
1 25.573976999999999 29.617837999999999 0 1 0 0 
1 72.446956 29.617837999999999 0 0 1 0 
1 72.446956 30.617837999999999 0 -1 0 0 
1 72.152455000000003 30.617837999999999 0 0 1 0 
1 72.152455000000003 35.703898000000002 0 -1 0 0 
1 71.652455000000003 35.703898000000002 0 0 -1 0 
1 71.652455000000003 32.998671000000002 0 -1 0 0 
1 67.691783999999998 32.998671000000002 0 0 1 0 
1 67.691783999999998 40.627997000000001 0 1 0 0 
1 71.652455000000003 40.627997000000001 0 0 -1 0 
1 71.652455000000003 38.953898000000002 0 1 0 0 
1 72.152455000000003 38.953898000000002 0 0 1 0 
1 72.152455000000003 41.127997000000001 0 -1 0 0 
1 67.691783999999998 41.127997000000001 0 0 1 0 
1 67.691783999999998 42.994857000000003 0 -1 0 0 
1 65.907578999999998 42.994857000000003 0 0 1 0 
1 65.907578999999998 46.868160000000003 0 1 0 0 
1 67.691783999999998 46.868160000000003 0 0 1 0 
1 67.691783999999998 47.166412999999999 0 1 0 0 
1 75.070087000000001 47.166412999999999 0 0 1 0 
1 75.070087000000001 47.666412999999999 0 -1 0 0 
1 67.691783999999998 47.666412999999999 0 0 1 0 
1 67.691783999999998 58.048945000000003 0 -1 0 0 
1 65.907578999999998 58.048945000000003 0 0 1 0 
1 65.907578999999998 61.081159 0 1 0 0 
1 67.691783999999998 61.081159 0 0 1 0 
1 67.691783999999998 61.324154 0 1 0 0 
1 71.881110000000007 61.324154 0 0 1 0 
1 71.881110000000007 63.324154 0 1 0 0 
1 76.927901000000006 63.324154 0 0 -1 0 
1 76.927901000000006 61.324154 0 1 0 0 
1 81.254333000000003 61.324154 0 0 -1 0 
1 81.254333000000003 47.666412999999999 0 -1 0 0 
1 78.320087000000001 47.666412999999999 0 0 -1 0 
1 78.320087000000001 47.166412999999999 0 1 0 0 
1 81.754333000000003 47.166412999999999 0 0 1 0 
1 81.754333000000003 61.324154 0 1 0 0 
1 81.979304999999997 61.324154 0 0 1 0 
1 81.979304999999997 63.324154 0 -1 0 0 
1 78.685822999999999 63.324154 0 0 1 0 
1 78.685822999999999 71.406694999999999 0 1 0 0 
1 116.552015 71.406694999999999 0 0 -1 0 
1 116.552015 63.324154 0 -1 0 0 
1 114.348055 63.324154 0 0 -1 0 
1 114.348055 61.324154 0 1 0 0 
1 114.552015 61.324154 0 0 -1 0 
1 114.552015 54.670855000000003 0 1 0 0 
1 116.552015 54.670855000000003 0 0 1 0 
1 116.552015 56.512943999999997 0 1 0 0 
1 124.53045 56.512943999999997 0 0 -1 0 
1 124.53045 32.446654000000002 0 -1 0 0 
1 116.552015 32.446654000000002 0 0 1 0 
1 116.552015 38.025941000000003 0 -1 0 0 
1 114.552015 38.025941000000003 0 0 -1 0 
1 114.552015 33.519058000000001 0 -1 0 0 
1 99.181218999999999 33.519058000000001 0 0 1 0 
1 99.181218999999999 36.342644 0 -1 0 0 
1 98.681218999999999 36.342644 0 0 -1 0 
1 98.681218999999999 33.519058000000001 0 -1 0 0 
1 96.302572999999995 33.519058000000001 0 4.1395505810628781e-06 -0.99999999999143208 0 
1 96.302589999999995 29.412331999999999 0 1 0 0 
1 97.302572999999995 29.412331999999999 0 0 1 0 
1 97.302572999999995 32.519058000000001 0 1 0 0 
1 114.552015 32.519058000000001 0 0 -1 0 
1 114.552015 24.102007 0 1 0 0 
1 116.552015 24.102007 0 0 -1 0 
1 116.552015 20.439879000000001 0 -1 0 0 
1 114.552015 20.439879000000001 0 0 -1 0 
1 114.552015 20.061906 0 -1 0 0 
1 97.302572999999995 20.061906 0 0 1 0 
1 97.302572999999995 26.162331999999999 0 -1 0 0 
1 96.302589999999995 26.162331999999999 0 -4.0918302962678074e-05 -0.99999999916284632 0 
1 96.302572999999995 25.746870000000001 0 -1 0 0 
1 91.555031 25.746870000000001 0 0 1 0 
1 91.555031 33.790402999999998 0 -1 0 0 
1 90.555031 33.790402999999998 0 0 -1 0 
1 90.555031 32.998313000000003 0 -1 0 0 
1 86.645955999999998 32.998313000000003 0 0 -1 0 
1 86.645955999999998 32.498313000000003 0 1 0 0 
1 90.555031 32.498313000000003 0 0 -1 0 
1 90.555031 25.745277000000002 0 -1 0 0 
1 79.188002999999995 25.745277000000002 0 0 1 0 
1 79.188002999999995 32.498313000000003 0 1 0 0 
1 83.395955999999998 32.498313000000003 0 0 1 0 
1 83.395955999999998 32.998313000000003 0 -1 0 0 
1 79.188002999999995 32.998313000000003 0 0 1 0 
1 79.188002999999995 33.807226999999997 0 -1 0 0 
1 78.694280000000006 33.807226999999997 0 0 -1 0 
1 78.694280000000006 30.617837999999999 0 -1 0 0 
1 76.446956 30.617837999999999 0 0 -1 0 
1 76.446956 29.617837999999999 0 1 0 0 
1 78.188002999999995 29.617837999999999 0 0 -1 0 
1 78.188002999999995 24.433312999999998 0 1 0 0 
1 79.188002999999995 24.433312999999998 0 0 1 0 
1 79.188002999999995 24.791861999999998 0 1 0 0 
1 96.302572999999995 24.791861999999998 0 0 -1 0 
1 96.302572999999995 16.435631999999998 0 1 0 0 
1 96.802572999999995 16.435631999999998 0 0 1 0 
1 96.802572999999995 19.061906 0 1 0 0 
1 114.552015 19.061906 0 0 -1 0 
1 114.552015 10.804050999999999 0 1 0 0 
1 116.552015 10.804050999999999 0 0 -1 0 
1 116.552015 7.0794769999999998 0 -1 0 0 
1 114.552015 7.0794769999999998 0 0 -1 0 
1 114.552015 6.6464720000000002 0 -1 0 0 
1 96.802572999999995 6.6464720000000002 0 0 1 0 
1 96.802572999999995 13.185632 0 -1 0 0 
1 96.302572999999995 13.185632 0 0 -1 0 
1 96.302572999999995 6.1464720000000002 0 1 0 0 
1 114.552015 6.1464720000000002 0 0 -1 0 
1 114.552015 -5.8093729999999999 0 1 0 0 
1 116.552015 -5.8093729999999999 0 0 1 0 
1 116.552015 1.59758 0 1 0 0 
1 124.53045 1.59758 0 0 -1 0 
1 124.53045 -22.867259000000001 0 -1 0 0 
1 78.117473000000004 -22.867259000000001 0 0 1 0 
1 78.117473000000004 -14.73509 0 1 0 0 
1 81.397058999999999 -14.73509 0 0 1 0 
1 81.397058999999999 -12.73509 0 -1 0 0 
1 79.188002999999995 -12.73509 0 0 1 0 
1 79.188002999999995 7.2820179999999999 0 1 0 0 
1 86.655337000000003 7.2820179999999999 0 0 -1 0 
1 86.655337000000003 5.1111810000000002 0 1 0 0 
1 87.134134000000003 5.1111810000000002 0 0 1 0 
1 87.134134000000003 7.2820179999999999 0 1 0 0 
1 91.04298 7.2820179999999999 0 0 -1 0 
1 91.04298 5.1111810000000002 0 1 0 0 
1 91.54298 5.1111810000000002 0 0 1 0 
1 91.54298 13.185632 0 -1 0 0 
1 91.04298 13.185632 0 0 -1 0 
1 91.04298 10.823356 0 -1 0 0 
1 87.134134000000003 10.823356 0 0 1 0 
1 87.134134000000003 17.863419 0 1 0 0 
1 91.04298 17.863419 0 0 -1 0 
1 91.04298 16.435631999999998 0 1 0 0 
1 91.54298 16.435631999999998 0 0 1 0 
1 91.54298 18.352357000000001 0 -1 0 0 
1 86.212025999999994 18.352357000000001 0 0 -1 0 
1 86.212025999999994 17.863419 0 1 0 0 
1 86.655337000000003 17.863419 0 0 -1 0 
1 86.655337000000003 8.2820180000000008 0 -1 0 0 
1 79.188002999999995 8.2820180000000008 0 0 1 0 
1 79.188002999999995 17.863419 0 1 0 0 
1 82.962025999999994 17.863419 0 0 1 0 
1 82.962025999999994 18.352357000000001 0 -1 0 0 
1 79.188002999999995 18.352357000000001 0 0 1 0 
1 79.188002999999995 20.433312999999998 0 -1 0 0 
1 78.188002999999995 20.433312999999998 0 0 -1 0 
1 78.188002999999995 19.137080000000001 0 -1 0 0 
1 75.443702000000002 19.137080000000001 0 0 -1 0 
1 75.443702000000002 18.137080000000001 0 1 0 0 
1 78.188002999999995 18.137080000000001 0 0 -1 0 
1 78.188002999999995 8.2820180000000008 0 -1 0 0 
1 66.173721999999998 8.2820180000000008 0 0 -1 0 
1 66.173721999999998 -0.57318000000000002 0 1 0 0 
1 67.173721999999998 -0.57318000000000002 0 0 1 0 
1 67.173721999999998 7.2820179999999999 0 1 0 0 
1 78.188002999999995 7.2820179999999999 0 0 -1 0 
1 78.188002999999995 -12.73509 0 -1 0 0 
1 72.271089000000003 -12.73509 0 0 -1 0 
1 72.271089000000003 -14.73509 0 1 0 0 
1 74.547539 -14.73509 0 0 -1 0 
1 74.547539 -22.867259000000001 0 -1 0 0 
1 41.796145000000003 -22.867259000000001 0 0 1 0 
1 41.796145000000003 -14.73509 0 1 0 0 
1 43.712443999999998 -14.73509 0 0 1 0 
1 43.712443999999998 -12.73509 0 -1 0 0 
1 39.002139999999997 -12.73509 0 0 1 0 
1 39.002139999999997 7.2815859999999999 0 1 0 0 
1 49.768324 7.2815859999999999 0 0 -1 0 
1 49.768324 -0.57318000000000002 0 1 0 0 
1 50.268324 -0.57318000000000002 0 0 1 0 
1 50.268324 7.2815859999999999 0 1 0 0 
1 54.286650000000002 7.2815859999999999 0 0 1 0 
1 54.286650000000002 8.2815860000000008 0 -1 0 0 
1 50.268324 8.2815860000000008 0 0 1 0 
1 50.268324 11.019367000000001 0 -1 0 0 
1 49.768324 11.019367000000001 0 0 -1 0 
1 49.768324 8.2815860000000008 0 -1 0 0 
1 39.002139999999997 8.2815860000000008 0 0 1 0 
1 39.002139999999997 18.137080000000001 0 1 0 0 
1 49.768324 18.137080000000001 0 0 -1 0 
1 49.768324 14.269367000000001 0 1 0 0 
1 50.268324 14.269367000000001 0 0 1 0 
1 50.268324 18.137080000000001 0 1 0 0 
1 70.750208999999998 18.137080000000001 0 0 -1 0 
1 70.750208999999998 15.575067000000001 0 1 0 0 
1 71.338531000000003 15.575067000000001 0 0 1 0 
1 71.338531000000003 18.137080000000001 0 1 0 0 
1 71.443702000000002 18.137080000000001 0 0 1 0 
1 71.443702000000002 19.137080000000001 0 -1 0 0 
1 62.804662 19.137080000000001 0 0 1 0 
1 62.804662 24.377459000000002 0 -1 0 0 
1 39.028118999999997 24.377459000000002 0 0 -1 0 
1 39.028118999999997 19.137080000000001 0 -1 0 0 
1 26.308074999999999 19.137080000000001 0 0 -1 0 
1 26.308074999999999 18.137080000000001 0 1 0 0 
1 26.678329000000002 18.137080000000001 0 0 -1 0 
1 26.678329000000002 13.719688 0 1 0 0 
1 27.178329000000002 13.719688 0 0 1 0 
1 27.178329000000002 18.137080000000001 0 1 0 0 
1 38.002139999999997 18.137080000000001 0 0 -1 0 
1 38.002139999999997 8.2815860000000008 0 -1 0 0 
1 27.178329000000002 8.2815860000000008 0 0 1 0 
1 27.178329000000002 10.469688 0 -1 0 0 
1 26.678329000000002 10.469688 0 0 -1 0 
1 26.678329000000002 -0.70918999999999999 0 1 0 0 
1 27.178329000000002 -0.70918999999999999 0 0 1 0 
1 27.178329000000002 7.2815859999999999 0 1 0 0 
1 38.002139999999997 7.2815859999999999 0 0 -1 0 
1 38.002139999999997 -12.73509 0 -1 0 0 
1 35.156441000000001 -12.73509 0 0 -1 0 
1 35.156441000000001 -14.73509 0 1 0 0 
1 39.037826000000003 -14.73509 0 0 -1 0 
1 39.037826000000003 -22.867259000000001 0 -1 0 0 
1 11.726084999999999 -22.867259000000001 0 0 1 0 
1 11.726084999999999 -14.73509 0 1 0 0 
1 14.083531000000001 -14.73509 0 0 1 0 
1 14.083531000000001 -12.73509 0 -1 0 0 
1 3.9181210000000002 -12.73509 0 0 1 0 
1 3.9181210000000002 -12.410954 0 -1 0 0 
1 2.1681210000000002 -12.410954 0 0 1 0 
1 2.1681210000000002 -2.769088 0 1 0 0 
1 3.9181210000000002 -2.769088 0 0 1 0 
1 3.9181210000000002 6.6067629999999999 0 1 0 0 
1 20.543129 6.6067629999999999 0 0 1 0 
1 20.543129 10.551114 0 -1 0 0 
1 20.043129 10.551114 0 0 -1 0 
1 20.043129 7.1070469999999997 0 -1 0 0 
1 13.262041 7.1070469999999997 0 0 1 0 
1 13.262041 18.137080000000001 0 1 0 0 
1 20.043129 18.137080000000001 0 0 -1 0 
1 20.043129 13.801114 0 1 0 0 
1 20.543129 13.801114 0 0 1 0 
1 20.543129 18.137080000000001 0 1 0 0 
1 22.308074999999999 18.137080000000001 0 0 1 0 
1 22.308074999999999 19.137080000000001 0 -1 0 0 
1 11.053845000000001 19.137080000000001 0 0 -1 0 
1 11.053845000000001 18.137080000000001 0 1 0 0 
1 11.512041 18.137080000000001 0 0 -1 0 
1 11.512041 8.206334 0 -1 0 0 
1 4.9166650000000001 8.206334 0 0 1 0 
1 4.9166650000000001 18.137080000000001 0 1 0 0 
1 6.5203680000000004 18.137080000000001 0 0 1 0 
1 6.5203680000000004 19.137080000000001 0 -1 0 0 
1 2.1681210000000002 19.137080000000001 0 0 1 0 
1 2.1681210000000002 24.377459000000002 0 -1 0 0 
1 -18.069686999999998 24.377459000000002 0 0 -1 0 
1 -18.069686999999998 19.137080000000001 0 -1 0 0 
1 -23.375489000000002 19.137080000000001 0 0 1 0 
1 -23.375489000000002 21.682001 0 -1 0 0 
1 -24.463460000000001 21.682001 0 0 -1 0 
1 -24.463460000000001 21.524508999999998 0 -1 0 0 
1 -30.369869999999999 21.524508999999998 0 0 -1 0 
1 -30.369869999999999 20.906852000000001 0 1 0 0 
1 -24.463460000000001 20.906852000000001 0 0 -1 0 
1 -24.463460000000001 10.811024 0 -0.99999999872852041 -5.0427762529815803e-05 0 
1 -34.081178000000001 10.810539 0 0 1 0 
1 -34.081178000000001 17.934419999999999 0 -1 0 0 
1 -38.351734 17.934419999999999 0 0 1 0 
1 -38.351734 20.906852000000001 0 1 0 0 
1 -33.619869999999999 20.906852000000001 0 0 1 0 
1 -33.619869999999999 21.524508999999998 0 -1 0 0 
1 -38.851734 21.524508999999998 0 0 -1 0 
1 -38.851734 16.789988999999998 0 1 0 0 
1 -38.351734 16.789988999999998 0 0 1 0 
1 -38.351734 17.434419999999999 0 1 0 0 
1 -34.581178000000001 17.434419999999999 0 0 -1 0 
1 -34.581178000000001 10.810539 0 -0.99999999172738741 0.00012862824368267852 0 
1 -38.351734 10.811024 0 0 1 0 
1 -38.351734 13.539989 0 -1 0 0 
1 -38.851734 13.539989 0 0 -1 0 
1 -38.851734 4.5751039999999996 0 1 0 0 
1 -38.351734 4.5751039999999996 0 0 1 0 
1 -38.351734 7.3784520000000002 0 1 0 0 
1 -31.267104 7.3784520000000002 0 0 -1 0 
1 -31.267104 4.5751039999999996 0 1 0 0 
1 -30.358640000000001 4.5751039999999996 0 0 1 0 
1 -30.358640000000001 5.0751039999999996 0 -1 0 0 
1 -30.767104 5.0751039999999996 0 0 1 0 
1 -30.767104 7.8693559999999998 0 -1 0 0 
1 -34.050165 7.8693559999999998 0 0 1 0 
1 -34.050165 10.242822 0 1 0 0 
1 -24.463460000000001 10.242822 0 0 -1 0 
1 -24.463460000000001 5.0751039999999996 0 -1 0 0 
1 -27.108640000000001 5.0751039999999996 0 0 -1 0 
1 -27.108640000000001 4.5751039999999996 0 1 0 0 
1 -24.463460000000001 4.5751039999999996 0 0 -1 0 
1 -24.463460000000001 0.36247000000000001 0 1 0 0 
1 -22.713460000000001 0.36247000000000001 0 0 -1 0 
1 -22.713460000000001 -9.5260990000000003 0 -1 0 0 
1 -24.463460000000001 -9.5260990000000003 0 0 -1 0 
1 -24.463460000000001 -12.73509 0 -1 0 0 
1 -24.782550000000001 -12.73509 0 0 -1 0 
1 -24.782550000000001 -14.73509 0 -1 0 0 
1 -28.510794000000001 -14.73509 0 0 1 0 
1 -28.510794000000001 -12.73509 0 -1 0 0 
1 -39.297944999999999 -12.73509 0 0 -1 0 
1 -39.297944999999999 -14.73509 0 1 0 0 
1 -36.504319000000002 -14.73509 0 0 -1 0 
1 -36.504319000000002 -22.867259000000001 0 -1 0 0 
1 -61.956173999999997 -22.867259000000001 0 0 1 0 
1 -61.956173999999997 -14.73509 0 1 0 0 
1 -59.677055000000003 -14.73509 0 0 1 0 
1 -59.677055000000003 -12.73509 0 -1 0 0 
1 -59.956173999999997 -12.73509 0 0 1 0 
1 -59.956173999999997 -9.5189800000000009 0 -1 0 0 
1 -61.956173999999997 -9.5189800000000009 0 0 1 0 
1 -61.956173999999997 0.330376 0 1 0 0 
1 -59.956173999999997 0.330376 0 0 1 0 
1 -59.956173999999997 4.5789150000000003 0 1 0 0 
1 -43.611719999999998 4.5789150000000003 0 0 1 0 
1 -43.611719999999998 7.5813079999999999 0 -1 0 0 
1 -44.111719999999998 7.5813079999999999 0 0 -1 0 
1 -44.111719999999998 5.0789150000000003 0 -1 0 0 
1 -59.956173999999997 5.0789150000000003 0 0 1 0 
1 -59.956173999999997 8.04237 0 -1 0 0 
1 -61.956173999999997 8.04237 0 0 -1 0 
1 -61.956173999999997 4.1863729999999997 0 -0.9996550487066953 0.026263731555410549 0 
1 -69.931381999999999 4.3959039999999998 0 0 1 0 
1 -69.931381999999999 54.969481999999999 0 1 0 0 
1 -61.956173999999997 54.969481999999999 0 0 -1 0 
1 -61.956173999999997 52.958091000000003 0 1 0 0 
1 -59.956173999999997 52.958091000000003 0 0 1 0 
1 -59.956173999999997 61.324154 0 1 0 0 
1 -57.315047999999997 61.324154 0 0 1 0 
1 -57.315047999999997 63.324154 0 -1 0 0 
1 -61.956173999999997 63.324154 0 0 1 0 
1 -61.956173999999997 71.417216999999994 0 1 0 0 
1 -29.692257000000001 71.417216999999994 0 0 -1 0 
1 -29.692257000000001 63.324154 0 -1 0 0 
1 -32.083444999999998 63.324154 0 0 -1 0 
1 -32.083444999999998 61.324154 0 1 0 0 
1 -30.235728000000002 61.324154 0 0 -1 0 
1 -30.235728000000002 46.984285999999997 0 -1 0 0 
1 -33.068167000000003 46.984285999999997 0 0 -1 0 
1 -33.068167000000003 46.484285999999997 0 1 0 0 
1 -27.027477000000001 46.484285999999997 0 0 1 0 
1 -27.027477000000001 46.984285999999997 0 -1 0 0 
1 -29.735728000000002 46.984285999999997 0 0 1 0 
1 -29.735728000000002 61.324154 0 1 0 0 
1 -27.878805 61.324154 0 0 1 0 
1 -27.878805 63.324154 0 1 0 0 
1 -22.066337999999998 63.324154 0 0 -1 0 
1 -22.066337999999998 61.324154 0 1 0 0 
1 -18.968111 61.324154 0 0 -1 0 
1 -18.968111 46.984285999999997 0 -1 0 0 
1 -23.777477000000001 46.984285999999997 0 0 -1 0 
1 -23.777477000000001 46.484285999999997 0 1 0 0 
1 -16.208881000000002 46.484285999999997 0 0 1 0 
1 -16.208881000000002 46.984285999999997 0 -1 0 0 
1 -18.468111 46.984285999999997 0 0 1 0 
1 -18.468111 61.324154 0 1 0 0 
1 -15.850365 61.324154 0 0 1 0 
1 -15.850365 63.324154 0 1 0 0 
1 -9.0635119999999993 63.324154 0 0 -1 0 
1 -9.0635119999999993 61.324154 0 1 0 0 
1 -5.3475859999999997 61.324154 0 0 -1 0 
1 -5.3475859999999997 41.130830000000003 0 -1 0 0 
1 -16.208881000000002 41.130830000000003 0 0 1 0 
1 -16.208881000000002 43.234285999999997 0 -1 0 0 
1 -16.708881000000002 43.234285999999997 0 0 -1 0 
1 -16.708881000000002 36.784328000000002 0 1 0 0 
1 -16.208881000000002 36.784328000000002 0 0 1 0 
1 -16.208881000000002 40.130830000000003 0 1 0 0 
1 -12.617979999999999 40.130830000000003 0 0 -1 0 
1 -12.617979999999999 37.260249000000002 0 1 0 0 
1 -12.124275000000001 37.260249000000002 0 0 1 0 
1 -12.124275000000001 40.130830000000003 0 1 0 0 
1 -5.3475859999999997 40.130830000000003 0 0 -1 0 
1 -5.3475859999999997 30.617837999999999 0 -1 0 0 
1 -16.208881000000002 30.617837999999999 0 0 1 0 
1 -16.208881000000002 33.534328000000002 0 -1 0 0 
1 -16.708881000000002 33.534328000000002 0 0 -1 0 
1 -16.708881000000002 30.617837999999999 0 -1 0 0 
1 -17.326398999999999 30.617837999999999 0 0 -1 0 
1 -17.326398999999999 29.617837999999999 0 1 0 0 
1 21.573976999999999 29.617837999999999 0 0 1 0 
1 21.573976999999999 30.617837999999999 0 -1 0 0 
1 6.9993509999999999 30.617837999999999 0 0 1 0 
1 6.9993509999999999 33.625157000000002 0 -1 0 0 
1 6.4993509999999999 33.625157000000002 0 0 -1 0 
1 6.4993509999999999 30.617837999999999 0 -1 0 0 
1 -4.3475859999999997 30.617837999999999 0 0 1 0 
1 -4.3475859999999997 40.130830000000003 0 1 0 0 
1 -1.095863 40.130830000000003 0 0 -1 0 
1 -1.095863 37.260249000000002 0 1 0 0 
1 -0.61268199999999995 37.260249000000002 0 0 1 0 
1 -0.61268199999999995 40.130830000000003 0 1 0 0 
1 6.4993509999999999 40.130830000000003 0 0 -1 0 
1 6.4993509999999999 36.875157000000002 0 1 0 0 
1 6.9993509999999999 36.875157000000002 0 0 1 0 
1 6.9993509999999999 43.037759000000001 0 -1 0 0 
1 6.4993509999999999 43.037759000000001 0 0 -1 0 
1 6.4993509999999999 41.130830000000003 0 -1 0 0 
1 -4.3475859999999997 41.130830000000003 0 0 1 0 
1 -4.3475859999999997 61.324154 0 1 0 0 
1 -1.9216009999999999 61.324154 0 0 1 0 
1 -1.9216009999999999 63.324154 0 -1 0 0 
1 -5.4373180000000003 63.324154 0 0 1 0 
1 -5.4373180000000003 71.416497000000007 0 1 0 0 
1 26.679545000000001 71.416497000000007 0 0 -1 0 
1 26.679545000000001 63.324154 0 -1 0 0 
1 24.293378000000001 63.324154 0 0 -1 0 
1 24.293378000000001 61.324154 0 1 0 0 
1 26.245328000000001 61.324154 0 0 -1 0 
1 26.245328000000001 58.724699999999999 0 1 0 0 
1 26.745328000000001 58.724699999999999 0 0 1 0 
1 26.745328000000001 61.324154 0 1 0 0 
1 16.912451999999998 41.141247999999997 0 0 -1 0 
1 16.912451999999998 40.244630000000001 0 1 0 0 
1 20.964580999999999 40.244630000000001 0 0 1 0 
1 20.964580999999999 41.141247999999997 0 -1 0 0 
1 -26.248173999999999 37.403225999999997 0 0 1 0 
1 -26.248173999999999 41.295060999999997 0 1 0 0 
1 -24.106673000000001 41.295060999999997 0 0 1 0 
1 -24.106673000000001 41.722633999999999 0 -0.99999997450579448 0.00022580613485052341 0 
1 -28.048107000000002 41.723523999999998 0 0 -1 0 
1 -28.048107000000002 41.295060999999997 0 1 0 0 
1 -26.757051000000001 41.295060999999997 0 0 -1 0 
1 -26.757051000000001 37.403225999999997 0 -1 0 0 
1 -34.055700999999999 37.403225999999997 0 0 1 0 
1 -34.055700999999999 41.295060999999997 0 1 0 0 
1 -31.298107000000002 41.295060999999997 0 0 1 0 
1 -31.298107000000002 41.723523999999998 0 -0.99999999307446652 -0.00011769055606468115 0 
1 -38.860311000000003 41.722633999999999 0 0 -1 0 
1 -38.860311000000003 37.027295000000002 0 1 0 0 
1 -24.106673000000001 37.027295000000002 0 0 1 0 
1 -24.106673000000001 37.403225999999997 0 -1 0 0 
1 78.694280000000006 41.127997000000001 0 0 -1 0 
1 78.694280000000006 37.057226999999997 0 1 0 0 
1 79.188002999999995 37.057226999999997 0 0 1 0 
1 79.188002999999995 40.627997000000001 0 1 0 0 
1 90.555031 40.627997000000001 0 0 -1 0 
1 90.555031 38.225344 0 -1 0 0 
1 86.609977999999998 38.225344 0 0 -1 0 
1 86.609977999999998 37.759748999999999 0 1 0 0 
1 90.555031 37.759748999999999 0 0 -1 0 
1 90.555031 37.040402999999998 0 1 0 0 
1 91.555031 37.040402999999998 0 0 1 0 
1 91.555031 41.127997000000001 0 -1 0 0 
1 -59.956173999999997 37.386119999999998 0 0 1 0 
1 -59.956173999999997 42.626350000000002 0 -1 0 0 
1 -61.956173999999997 42.626350000000002 0 0 -1 0 
1 -61.956173999999997 37.386119999999998 0 1 0 0 
1 -61.956173999999997 25.364605999999998 0 1 0 0 
1 -59.956173999999997 25.364605999999998 0 0 1 0 
1 -59.956173999999997 29.617837999999999 0 1 0 0 
1 -44.111719999999998 29.617837999999999 0 3.790210819421741e-05 -0.99999999928171512 0 
1 -44.111457000000001 22.678909999999998 0 1 0 0 
1 -43.611719999999998 22.678909999999998 0 0 1 0 
1 -43.611719999999998 29.617837999999999 0 1 0 0 
1 -24.463460000000001 29.617837999999999 0 0 -1 0 
1 -24.463460000000001 25.682001 0 1 0 0 
1 -23.375489000000002 25.682001 0 0 1 0 
1 -23.375489000000002 29.617837999999999 0 1 0 0 
1 -21.326398999999999 29.617837999999999 0 0 1 0 
1 -21.326398999999999 30.617837999999999 0 -1 0 0 
1 -24.059987 30.617837999999999 0 0 1 0 
1 -24.059987 32.986856000000003 0 -1 0 0 
1 -24.463460000000001 32.986856000000003 0 0 -1 0 
1 -24.463460000000001 30.617837999999999 0 -1 0 0 
1 -38.029710999999999 30.617837999999999 0 0 1 0 
1 -38.029710999999999 32.986856000000003 0 -1 0 0 
1 -38.864395999999999 32.986856000000003 0 0 -1 0 
1 -38.864395999999999 30.617837999999999 0 -1 0 0 
1 -59.956173999999997 30.617837999999999 0 0 1 0 
1 -59.956173999999997 32.955176999999999 0 -1 0 0 
1 -61.956173999999997 32.955176999999999 0 0 -1 0 
1 -59.956173999999997 16.694248999999999 0 0 1 0 
1 -59.956173999999997 20.941534999999998 0 -1 0 0 
1 -61.956173999999997 20.941534999999998 0 0 -1 0 
1 -61.956173999999997 12.411118 0 1 0 0 
1 -59.956173999999997 12.411118 0 0 1 0 
1 -59.956173999999997 16.194248999999999 0 1 0 0 
1 -44.111719999999998 16.194248999999999 0 0 -1 0 
1 -44.111719999999998 10.831308 0 1 0 0 
1 -43.611719999999998 10.831308 0 0 1 0 
1 -43.611719999999998 19.428909999999998 0 -1 0 0 
1 -44.111457000000001 19.428909999999998 0 -9.6172797571809798e-05 -0.99999999537539652 0 
1 -44.111719999999998 16.694248999999999 0 -1 0 0 
1 114.552015 43.532767999999997 0 1 0 0 
1 116.552015 43.532767999999997 0 0 1 0 
1 116.552015 47.994278000000001 0 -1 0 0 
1 114.552015 47.994278000000001 0 0 -1 0 
1 114.552015 47.666412999999999 0 -1 0 0 
1 96.302572999999995 47.666412999999999 0 0 -1 0 
1 96.302572999999995 47.166412999999999 0 1 0 0 
1 98.681218999999999 47.166412999999999 0 0 -1 0 
1 98.681218999999999 39.592644 0 1 0 0 
1 99.181218999999999 39.592644 0 0 1 0 
1 99.181218999999999 47.166412999999999 0 1 0 0 
1 114.552015 47.166412999999999 0 0 -1 0 
1 91.720991999999995 63.324154 0 0 -1 0 
1 91.720991999999995 61.324154 0 1 0 0 
1 107.56412899999999 61.324154 0 0 1 0 
1 107.56412899999999 63.324154 0 -1 0 0 
1 8.8628020000000003 61.324154 0 0 1 0 
1 8.8628020000000003 63.324154 0 -1 0 0 
1 3.982151 63.324154 0 0 -1 0 
1 3.982151 61.324154 0 1 0 0 
1 6.4993509999999999 61.324154 0 0 -1 0 
1 6.4993509999999999 46.287759000000001 0 1 0 0 
1 6.9993509999999999 46.287759000000001 0 0 1 0 
1 6.9993509999999999 61.324154 0 1 0 0 
1 18.394159999999999 61.324154 0 0 1 0 
1 18.394159999999999 63.324154 0 -1 0 0 
1 14.681751999999999 63.324154 0 0 -1 0 
1 14.681751999999999 61.324154 0 1 0 0 
1 -49.468730000000001 63.324154 0 0 -1 0 
1 -49.468730000000001 61.324154 0 1 0 0 
1 -41.394401000000002 61.324154 0 0 -1 0 
1 -41.394401000000002 46.484285999999997 0 1 0 0 
1 -36.318167000000003 46.484285999999997 0 0 1 0 
1 -36.318167000000003 46.984285999999997 0 -1 0 0 
1 -40.894401000000002 46.984285999999997 0 0 1 0 
1 -40.894401000000002 61.324154 0 1 0 0 
1 -37.837972999999998 61.324154 0 0 1 0 
1 -37.837972999999998 63.324154 0 -1 0 0 
1 -42.910043000000002 -14.73509 0 0 1 0 
1 -42.910043000000002 -12.73509 0 -1 0 0 
1 -49.952106000000001 -12.73509 0 0 -1 0 
1 -49.952106000000001 -14.73509 0 1 0 0 
1 28.483803999999999 -14.73509 0 0 1 0 
1 28.483803999999999 -12.73509 0 -1 0 0 
1 23.816143 -12.73509 0 0 -1 0 
1 23.816143 -14.73509 0 1 0 0 
1 53.593513000000002 -14.73509 0 0 1 0 
1 53.593513000000002 -12.73509 0 -1 0 0 
1 50.268324 -12.73509 0 0 1 0 
1 50.268324 -7.0731799999999998 0 -1 0 0 
1 49.768324 -7.0731799999999998 0 0 -1 0 
1 49.768324 -12.73509 0 -1 0 0 
1 49.543055000000003 -12.73509 0 0 -1 0 
1 49.543055000000003 -14.73509 0 1 0 0 
1 67.475942000000003 -14.73509 0 0 1 0 
1 67.475942000000003 -12.73509 0 -1 0 0 
1 67.173721999999998 -12.73509 0 0 1 0 
1 67.173721999999998 -7.0731799999999998 0 -1 0 0 
1 66.173721999999998 -7.0731799999999998 0 0 -1 0 
1 66.173721999999998 -12.73509 0 -1 0 0 
1 63.258313000000001 -12.73509 0 0 -1 0 
1 63.258313000000001 -14.73509 0 1 0 0 
1 91.193758000000003 -14.73509 0 1 0 0 
1 102.14121799999999 -14.73509 0 0 1 0 
1 102.14121799999999 -12.73509 0 -1 0 0 
1 91.193758000000003 -12.73509 0 0 -1 0 
1 109.81541900000001 -12.73509 0 0 -1 0 
1 109.81541900000001 -14.73509 0 1 0 0 
1 116.552015 -14.73509 0 0 1 0 
1 116.552015 -12.463832 0 -1 0 0 
1 114.552015 -12.463832 0 0 -1 0 
1 114.552015 -12.73509 0 -1 0 0 
Polygon3D 0
PolygonOnTriangulations 0
Surfaces 35
1 33.069091214503317 23.490133801953313 0 -0 -0 -1 -1 0 0 0 1 -0 
1 33.069091214503317 23.490133801953313 0 -0 -0 -1 -1 0 0 0 1 -0 
1 33.069091214503317 23.490133801953313 0 -0 -0 -1 -1 0 0 0 1 -0 
1 33.069091214503317 23.490133801953313 0 -0 -0 -1 -1 0 0 0 1 -0 
1 33.069091214503317 23.490133801953313 0 -0 -0 -1 -1 0 0 0 1 -0 
1 33.069091214503317 23.490133801953313 0 -0 -0 -1 -1 0 0 0 1 -0 
1 33.069091214503317 23.490133801953313 0 -0 -0 -1 -1 0 0 0 1 -0 
1 33.069091214503317 23.490133801953313 0 -0 -0 -1 -1 0 0 0 1 -0 
1 33.069091214503317 23.490133801953313 0 -0 -0 -1 -1 0 0 0 1 -0 
1 33.069091214503317 23.490133801953313 0 -0 -0 -1 -1 0 0 0 1 -0 
1 33.069091214503317 23.490133801953313 0 -0 -0 -1 -1 0 0 0 1 -0 
1 33.069091214503317 23.490133801953313 0 -0 -0 -1 -1 0 0 0 1 -0 
1 33.069091214503317 23.490133801953313 0 -0 -0 -1 -1 0 0 0 1 -0 
1 33.069091214503317 23.490133801953313 0 -0 -0 -1 -1 0 0 0 1 -0 
1 33.069091214503317 23.490133801953313 0 -0 -0 -1 -1 0 0 0 1 -0 
1 33.069091214503317 23.490133801953313 0 -0 -0 -1 -1 0 0 0 1 -0 
1 33.069091214503317 23.490133801953313 0 -0 -0 -1 -1 0 0 0 1 -0 
1 33.069091214503317 23.490133801953313 0 -0 -0 -1 -1 0 0 0 1 -0 
1 33.069091214503317 23.490133801953313 0 -0 -0 -1 -1 0 0 0 1 -0 
1 33.069091214503317 23.490133801953313 0 -0 -0 -1 -1 0 0 0 1 -0 
1 33.069091214503317 23.490133801953313 0 -0 -0 -1 -1 0 0 0 1 -0 
1 33.069091214503317 23.490133801953313 0 -0 -0 -1 -1 0 0 0 1 -0 
1 33.069091214503317 23.490133801953313 0 -0 -0 -1 -1 0 0 0 1 -0 
1 33.069091214503317 23.490133801953313 0 -0 -0 -1 -1 0 0 0 1 -0 
1 33.069091214503317 23.490133801953313 0 -0 -0 -1 -1 0 0 0 1 -0 
1 33.069091214503317 23.490133801953313 0 -0 -0 -1 -1 0 0 0 1 -0 
1 33.069091214503317 23.490133801953313 0 -0 -0 -1 -1 0 0 0 1 -0 
1 33.069091214503317 23.490133801953313 0 -0 -0 -1 -1 0 0 0 1 -0 
1 33.069091214503317 23.490133801953313 0 -0 -0 -1 -1 0 0 0 1 -0 
1 33.069091214503317 23.490133801953313 0 -0 -0 -1 -1 0 0 0 1 -0 
1 33.069091214503317 23.490133801953313 0 -0 -0 -1 -1 0 0 0 1 -0 
1 33.069091214503317 23.490133801953313 0 -0 -0 -1 -1 0 0 0 1 -0 
1 33.069091214503317 23.490133801953313 0 -0 -0 -1 -1 0 0 0 1 -0 
1 33.069091214503317 23.490133801953313 0 -0 -0 -1 -1 0 0 0 1 -0 
1 33.069091214503317 23.490133801953313 0 -0 -0 -1 -1 0 0 0 1 -0 
Triangulations 0

TShapes 1199
Ve
1e-07
33.405545 61.324154 0
0 0

0101101
*
Ve
1e-07
33.405545 63.324154 0
0 0

0101101
*
Ed
 1e-07 1 1 0
1  1 0 0 2
0

0101000
+1199 0 -1198 0 *
Ve
1e-07
37.21632 63.324154 0
0 0

0101101
*
Ed
 1e-07 1 1 0
1  2 0 0 3.81077500000001
0

0101000
+1198 0 -1196 0 *
Ve
1e-07
37.21632 61.324154 0
0 0

0101101
*
Ed
 1e-07 1 1 0
1  3 0 0 2
0

0101000
+1196 0 -1194 0 *
Ve
1e-07
37.457451 61.324154 0
0 0

0101101
*
Ed
 1e-07 1 1 0
1  4 0 0 0.241130999999996
0

0101000
+1194 0 -1192 0 *
Ve
1e-07
37.457451 58.212092 0
0 0

0101101
*
Ed
 1e-07 1 1 0
1  5 0 0 3.112062
0

0101000
+1192 0 -1190 0 *
Ve
1e-07
39.457451 58.212092 0
0 0

0101101
*
Ed
 1e-07 1 1 0
1  6 0 0 2
0

0101000
+1190 0 -1188 0 *
Ve
1e-07
39.457451 54.011766 0
0 0

0101101
*
Ed
 1e-07 1 1 0
1  7 0 0 4.200326
0

0101000
+1188 0 -1186 0 *
Ve
1e-07
37.457451 54.011766 0
0 0

0101101
*
Ed
 1e-07 1 1 0
1  8 0 0 2
0

0101000
+1186 0 -1184 0 *
Ve
1e-07
37.457451 51.304748 0
0 0

0101101
*
Ed
 1e-07 1 1 0
1  9 0 0 2.70701800000001
0

0101000
+1184 0 -1182 0 *
Ve
1e-07
26.745328 51.304748 0
0 0

0101101
*
Ed
 1e-07 1 1 0
1  10 0 0 10.712123
0

0101000
+1182 0 -1180 0 *
Ve
1e-07
26.745328 55.4747 0
0 0

0101101
*
Ed
 1e-07 1 1 0
1  11 0 0 4.169952
0

0101000
+1180 0 -1178 0 *
Ve
1e-07
26.245328 55.4747 0
0 0

0101101
*
Ed
 1e-07 1 1 0
1  12 0 0 0.5
0

0101000
+1178 0 -1176 0 *
Ve
1e-07
26.245328 48.227679 0
0 0

0101101
*
Ed
 1e-07 1 1 0
1  13 0 0 7.247021
0

0101000
+1176 0 -1174 0 *
Ve
1e-07
26.745328 48.227679 0
0 0

0101101
*
Ed
 1e-07 1 1 0
1  14 0 0 0.5
0

0101000
+1174 0 -1172 0 *
Ve
1e-07
26.745328 50.804748 0
0 0

0101101
*
Ed
 1e-07 1 1 0
1  15 0 0 2.57706899999999
0

0101000
+1172 0 -1170 0 *
Ve
1e-07
37.457451 50.804748 0
0 0

0101101
*
Ed
 1e-07 1 1 0
1  16 0 0 10.712123
0

0101000
+1170 0 -1168 0 *
Ve
1e-07
37.457451 48.256636 0
0 0

0101101
*
Ed
 1e-07 1 1 0
1  17 0 0 2.548112
0

0101000
+1168 0 -1166 0 *
Ve
1e-07
39.457451 48.256636 0
0 0

0101101
*
Ed
 1e-07 1 1 0
1  18 0 0 2
0

0101000
+1166 0 -1164 0 *
Ve
1e-07
39.457451 43.620306 0
0 0

0101101
*
Ed
 1e-07 1 1 0
1  19 0 0 4.63633
0

0101000
+1164 0 -1162 0 *
Ve
1e-07
37.457451 43.620306 0
0 0

0101101
*
Ed
 1e-07 1 1 0
1  20 0 0 2
0

0101000
+1162 0 -1160 0 *
Ve
1e-07
37.457451 40.732029 0
0 0

0101101
*
Ed
 1e-07 1 1 0
1  21 0 0 2.888277
0

0101000
+1160 0 -1158 0 *
Ve
1e-07
26.745328 40.732029 0
0 0

0101101
*
Ed
 1e-07 1 1 0
1  22 0 0 10.712123
0

0101000
+1158 0 -1156 0 *
Ve
1e-07
26.745328 44.977679 0
0 0

0101101
*
Ed
 1e-07 1 1 0
1  23 0 0 4.24565
0

0101000
+1156 0 -1154 0 *
Ve
1e-07
26.245328 44.977679 0
0 0

0101101
*
Ed
 1e-07 1 1 0
1  24 0 0 0.5
0

0101000
+1154 0 -1152 0 *
Ve
1e-07
26.245328 40.232029 0
0 0

0101101
*
Ed
 1e-07 1 1 0
1  25 0 0 4.74565
0

0101000
+1152 0 -1150 0 *
Ve
1e-07
33.072074 40.232029 0
0 0

0101101
*
Ed
 1e-07 1 1 0
1  26 0 0 6.826746
0

0101000
+1150 0 -1148 0 *
Ve
1e-07
33.072074 38.951826 0
0 0

0101101
*
Ed
 1e-07 1 1 0
1  27 0 0 1.280203
0

0101000
+1148 0 -1146 0 *
Ve
1e-07
33.572074 38.951826 0
0 0

0101101
*
Ed
 1e-07 1 1 0
1  28 0 0 0.5
0

0101000
+1146 0 -1144 0 *
Ve
1e-07
33.572074 40.232029 0
0 0

0101101
*
Ed
 1e-07 1 1 0
1  29 0 0 1.280203
0

0101000
+1144 0 -1142 0 *
Ve
1e-07
37.457451 40.232029 0
0 0

0101101
*
Ed
 1e-07 1 1 0
1  30 0 0 3.885377
0

0101000
+1142 0 -1140 0 *
Ve
1e-07
37.457451 33.011959 0
0 0

0101101
*
Ed
 1e-07 1 1 0
1  31 0 0 7.22007
0

0101000
+1140 0 -1138 0 *
Ve
1e-07
33.572074 33.011959 0
0 0

0101101
*
Ed
 1e-07 1 1 0
1  32 0 0 3.885377
0

0101000
+1138 0 -1136 0 *
Ve
1e-07
33.572074 35.701826 0
0 0

0101101
*
Ed
 1e-07 1 1 0
1  33 0 0 2.689867
0

0101000
+1136 0 -1134 0 *
Ve
1e-07
33.072074 35.701826 0
0 0

0101101
*
Ed
 1e-07 1 1 0
1  34 0 0 0.5
0

0101000
+1134 0 -1132 0 *
Ve
1e-07
33.072074 30.617838 0
0 0

0101101
*
Ed
 1e-07 1 1 0
1  35 0 0 5.083988
0

0101000
+1132 0 -1130 0 *
Ve
1e-07
25.573977 30.617838 0
0 0

0101101
*
Ed
 1e-07 1 1 0
1  36 0 0 7.498097
0

0101000
+1130 0 -1128 0 *
Ve
1e-07
25.573977 29.617838 0
0 0

0101101
*
Ed
 1e-07 1 1 0
1  37 0 0 1
0

0101000
+1128 0 -1126 0 *
Ve
1e-07
72.446956 29.617838 0
0 0

0101101
*
Ed
 1e-07 1 1 0
1  38 0 0 46.872979
0

0101000
+1126 0 -1124 0 *
Ve
1e-07
72.446956 30.617838 0
0 0

0101101
*
Ed
 1e-07 1 1 0
1  39 0 0 1
0

0101000
+1124 0 -1122 0 *
Ve
1e-07
72.152455 30.617838 0
0 0

0101101
*
Ed
 1e-07 1 1 0
1  40 0 0 0.294500999999997
0

0101000
+1122 0 -1120 0 *
Ve
1e-07
72.152455 35.703898 0
0 0

0101101
*
Ed
 1e-07 1 1 0
1  41 0 0 5.08606
0

0101000
+1120 0 -1118 0 *
Ve
1e-07
71.652455 35.703898 0
0 0

0101101
*
Ed
 1e-07 1 1 0
1  42 0 0 0.5
0

0101000
+1118 0 -1116 0 *
Ve
1e-07
71.652455 32.998671 0
0 0

0101101
*
Ed
 1e-07 1 1 0
1  43 0 0 2.705227
0

0101000
+1116 0 -1114 0 *
Ve
1e-07
67.691784 32.998671 0
0 0

0101101
*
Ed
 1e-07 1 1 0
1  44 0 0 3.960671
0

0101000
+1114 0 -1112 0 *
Ve
1e-07
67.691784 40.627997 0
0 0

0101101
*
Ed
 1e-07 1 1 0
1  45 0 0 7.629326
0

0101000
+1112 0 -1110 0 *
Ve
1e-07
71.652455 40.627997 0
0 0

0101101
*
Ed
 1e-07 1 1 0
1  46 0 0 3.960671
0

0101000
+1110 0 -1108 0 *
Ve
1e-07
71.652455 38.953898 0
0 0

0101101
*
Ed
 1e-07 1 1 0
1  47 0 0 1.674099
0

0101000
+1108 0 -1106 0 *
Ve
1e-07
72.152455 38.953898 0
0 0

0101101
*
Ed
 1e-07 1 1 0
1  48 0 0 0.5
0

0101000
+1106 0 -1104 0 *
Ve
1e-07
72.152455 41.127997 0
0 0

0101101
*
Ed
 1e-07 1 1 0
1  49 0 0 2.174099
0

0101000
+1104 0 -1102 0 *
Ve
1e-07
67.691784 41.127997 0
0 0

0101101
*
Ed
 1e-07 1 1 0
1  50 0 0 4.460671
0

0101000
+1102 0 -1100 0 *
Ve
1e-07
67.691784 42.994857 0
0 0

0101101
*
Ed
 1e-07 1 1 0
1  51 0 0 1.86686
0

0101000
+1100 0 -1098 0 *
Ve
1e-07
65.907579 42.994857 0
0 0

0101101
*
Ed
 1e-07 1 1 0
1  52 0 0 1.784205
0

0101000
+1098 0 -1096 0 *
Ve
1e-07
65.907579 46.86816 0
0 0

0101101
*
Ed
 1e-07 1 1 0
1  53 0 0 3.873303
0

0101000
+1096 0 -1094 0 *
Ve
1e-07
67.691784 46.86816 0
0 0

0101101
*
Ed
 1e-07 1 1 0
1  54 0 0 1.784205
0

0101000
+1094 0 -1092 0 *
Ve
1e-07
67.691784 47.166413 0
0 0

0101101
*
Ed
 1e-07 1 1 0
1  55 0 0 0.298252999999995
0

0101000
+1092 0 -1090 0 *
Ve
1e-07
75.070087 47.166413 0
0 0

0101101
*
Ed
 1e-07 1 1 0
1  56 0 0 7.378303
0

0101000
+1090 0 -1088 0 *
Ve
1e-07
75.070087 47.666413 0
0 0

0101101
*
Ed
 1e-07 1 1 0
1  57 0 0 0.5
0

0101000
+1088 0 -1086 0 *
Ve
1e-07
67.691784 47.666413 0
0 0

0101101
*
Ed
 1e-07 1 1 0
1  58 0 0 7.378303
0

0101000
+1086 0 -1084 0 *
Ve
1e-07
67.691784 58.048945 0
0 0

0101101
*
Ed
 1e-07 1 1 0
1  59 0 0 10.382532
0

0101000
+1084 0 -1082 0 *
Ve
1e-07
65.907579 58.048945 0
0 0

0101101
*
Ed
 1e-07 1 1 0
1  60 0 0 1.784205
0

0101000
+1082 0 -1080 0 *
Ve
1e-07
65.907579 61.081159 0
0 0

0101101
*
Ed
 1e-07 1 1 0
1  61 0 0 3.032214
0

0101000
+1080 0 -1078 0 *
Ve
1e-07
67.691784 61.081159 0
0 0

0101101
*
Ed
 1e-07 1 1 0
1  62 0 0 1.784205
0

0101000
+1078 0 -1076 0 *
Ve
1e-07
67.691784 61.324154 0
0 0

0101101
*
Ed
 1e-07 1 1 0
1  63 0 0 0.242995000000001
0

0101000
+1076 0 -1074 0 *
Ve
1e-07
71.88111 61.324154 0
0 0

0101101
*
Ed
 1e-07 1 1 0
1  64 0 0 4.18932600000001
0

0101000
+1074 0 -1072 0 *
Ve
1e-07
71.88111 63.324154 0
0 0

0101101
*
Ed
 1e-07 1 1 0
1  65 0 0 2
0

0101000
+1072 0 -1070 0 *
Ve
1e-07
76.927901 63.324154 0
0 0

0101101
*
Ed
 1e-07 1 1 0
1  66 0 0 5.046791
0

0101000
+1070 0 -1068 0 *
Ve
1e-07
76.927901 61.324154 0
0 0

0101101
*
Ed
 1e-07 1 1 0
1  67 0 0 2
0

0101000
+1068 0 -1066 0 *
Ve
1e-07
81.254333 61.324154 0
0 0

0101101
*
Ed
 1e-07 1 1 0
1  68 0 0 4.326432
0

0101000
+1066 0 -1064 0 *
Ve
1e-07
81.254333 47.666413 0
0 0

0101101
*
Ed
 1e-07 1 1 0
1  69 0 0 13.657741
0

0101000
+1064 0 -1062 0 *
Ve
1e-07
78.320087 47.666413 0
0 0

0101101
*
Ed
 1e-07 1 1 0
1  70 0 0 2.934246
0

0101000
+1062 0 -1060 0 *
Ve
1e-07
78.320087 47.166413 0
0 0

0101101
*
Ed
 1e-07 1 1 0
1  71 0 0 0.5
0

0101000
+1060 0 -1058 0 *
Ve
1e-07
81.754333 47.166413 0
0 0

0101101
*
Ed
 1e-07 1 1 0
1  72 0 0 3.434246
0

0101000
+1058 0 -1056 0 *
Ve
1e-07
81.754333 61.324154 0
0 0

0101101
*
Ed
 1e-07 1 1 0
1  73 0 0 14.157741
0

0101000
+1056 0 -1054 0 *
Ve
1e-07
81.979305 61.324154 0
0 0

0101101
*
Ed
 1e-07 1 1 0
1  74 0 0 0.224971999999994
0

0101000
+1054 0 -1052 0 *
Ve
1e-07
81.979305 63.324154 0
0 0

0101101
*
Ed
 1e-07 1 1 0
1  75 0 0 2
0

0101000
+1052 0 -1050 0 *
Ve
1e-07
78.685823 63.324154 0
0 0

0101101
*
Ed
 1e-07 1 1 0
1  76 0 0 3.293482
0

0101000
+1050 0 -1048 0 *
Ve
1e-07
78.685823 71.406695 0
0 0

0101101
*
Ed
 1e-07 1 1 0
1  77 0 0 8.082541
0

0101000
+1048 0 -1046 0 *
Ve
1e-07
116.552015 71.406695 0
0 0

0101101
*
Ed
 1e-07 1 1 0
1  78 0 0 37.866192
0

0101000
+1046 0 -1044 0 *
Ve
1e-07
116.552015 63.324154 0
0 0

0101101
*
Ed
 1e-07 1 1 0
1  79 0 0 8.082541
0

0101000
+1044 0 -1042 0 *
Ve
1e-07
114.348055 63.324154 0
0 0

0101101
*
Ed
 1e-07 1 1 0
1  80 0 0 2.20396
0

0101000
+1042 0 -1040 0 *
Ve
1e-07
114.348055 61.324154 0
0 0

0101101
*
Ed
 1e-07 1 1 0
1  81 0 0 2
0

0101000
+1040 0 -1038 0 *
Ve
1e-07
114.552015 61.324154 0
0 0

0101101
*
Ed
 1e-07 1 1 0
1  82 0 0 0.203959999999995
0

0101000
+1038 0 -1036 0 *
Ve
1e-07
114.552015 54.670855 0
0 0

0101101
*
Ed
 1e-07 1 1 0
1  83 0 0 6.653299
0

0101000
+1036 0 -1034 0 *
Ve
1e-07
116.552015 54.670855 0
0 0

0101101
*
Ed
 1e-07 1 1 0
1  84 0 0 2
0

0101000
+1034 0 -1032 0 *
Ve
1e-07
116.552015 56.512944 0
0 0

0101101
*
Ed
 1e-07 1 1 0
1  85 0 0 1.84208899999999
0

0101000
+1032 0 -1030 0 *
Ve
1e-07
124.53045 56.512944 0
0 0

0101101
*
Ed
 1e-07 1 1 0
1  86 0 0 7.978435
0

0101000
+1030 0 -1028 0 *
Ve
1e-07
124.53045 32.446654 0
0 0

0101101
*
Ed
 1e-07 1 1 0
1  87 0 0 24.06629
0

0101000
+1028 0 -1026 0 *
Ve
1e-07
116.552015 32.446654 0
0 0

0101101
*
Ed
 1e-07 1 1 0
1  88 0 0 7.978435
0

0101000
+1026 0 -1024 0 *
Ve
1e-07
116.552015 38.025941 0
0 0

0101101
*
Ed
 1e-07 1 1 0
1  89 0 0 5.579287
0

0101000
+1024 0 -1022 0 *
Ve
1e-07
114.552015 38.025941 0
0 0

0101101
*
Ed
 1e-07 1 1 0
1  90 0 0 2
0

0101000
+1022 0 -1020 0 *
Ve
1e-07
114.552015 33.519058 0
0 0

0101101
*
Ed
 1e-07 1 1 0
1  91 0 0 4.506883
0

0101000
+1020 0 -1018 0 *
Ve
1e-07
99.181219 33.519058 0
0 0

0101101
*
Ed
 1e-07 1 1 0
1  92 0 0 15.370796
0

0101000
+1018 0 -1016 0 *
Ve
1e-07
99.181219 36.342644 0
0 0

0101101
*
Ed
 1e-07 1 1 0
1  93 0 0 2.823586
0

0101000
+1016 0 -1014 0 *
Ve
1e-07
98.681219 36.342644 0
0 0

0101101
*
Ed
 1e-07 1 1 0
1  94 0 0 0.5
0

0101000
+1014 0 -1012 0 *
Ve
1e-07
98.681219 33.519058 0
0 0

0101101
*
Ed
 1e-07 1 1 0
1  95 0 0 2.823586
0

0101000
+1012 0 -1010 0 *
Ve
1e-07
96.302573 33.519058 0
0 0

0101101
*
Ed
 1e-07 1 1 0
1  96 0 0 2.378646
0

0101000
+1010 0 -1008 0 *
Ve
1e-07
96.30259 29.412332 0
0 0

0101101
*
Ed
 1e-07 1 1 0
1  97 0 0 4.10672600003519
0

0101000
+1008 0 -1006 0 *
Ve
1e-07
97.302573 29.412332 0
0 0

0101101
*
Ed
 1e-07 1 1 0
1  98 0 0 0.999983
0

0101000
+1006 0 -1004 0 *
Ve
1e-07
97.302573 32.519058 0
0 0

0101101
*
Ed
 1e-07 1 1 0
1  99 0 0 3.106726
0

0101000
+1004 0 -1002 0 *
Ve
1e-07
114.552015 32.519058 0
0 0

0101101
*
Ed
 1e-07 1 1 0
1  100 0 0 17.249442
0

0101000
+1002 0 -1000 0 *
Ve
1e-07
114.552015 24.102007 0
0 0

0101101
*
Ed
 1e-07 1 1 0
1  101 0 0 8.417051
0

0101000
+1000 0 -998 0 *
Ve
1e-07
116.552015 24.102007 0
0 0

0101101
*
Ed
 1e-07 1 1 0
1  102 0 0 2
0

0101000
+998 0 -996 0 *
Ve
1e-07
116.552015 20.439879 0
0 0

0101101
*
Ed
 1e-07 1 1 0
1  103 0 0 3.662128
0

0101000
+996 0 -994 0 *
Ve
1e-07
114.552015 20.439879 0
0 0

0101101
*
Ed
 1e-07 1 1 0
1  104 0 0 2
0

0101000
+994 0 -992 0 *
Ve
1e-07
114.552015 20.061906 0
0 0

0101101
*
Ed
 1e-07 1 1 0
1  105 0 0 0.377973000000001
0

0101000
+992 0 -990 0 *
Ve
1e-07
97.302573 20.061906 0
0 0

0101101
*
Ed
 1e-07 1 1 0
1  106 0 0 17.249442
0

0101000
+990 0 -988 0 *
Ve
1e-07
97.302573 26.162332 0
0 0

0101101
*
Ed
 1e-07 1 1 0
1  107 0 0 6.100426
0

0101000
+988 0 -986 0 *
Ve
1e-07
96.30259 26.162332 0
0 0

0101101
*
Ed
 1e-07 1 1 0
1  108 0 0 0.999983
0

0101000
+986 0 -984 0 *
Ve
1e-07
96.302573 25.74687 0
0 0

0101101
*
Ed
 1e-07 1 1 0
1  109 0 0 0.415462000347804
0

0101000
+984 0 -982 0 *
Ve
1e-07
91.555031 25.74687 0
0 0

0101101
*
Ed
 1e-07 1 1 0
1  110 0 0 4.747542
0

0101000
+982 0 -980 0 *
Ve
1e-07
91.555031 33.790403 0
0 0

0101101
*
Ed
 1e-07 1 1 0
1  111 0 0 8.043533
0

0101000
+980 0 -978 0 *
Ve
1e-07
90.555031 33.790403 0
0 0

0101101
*
Ed
 1e-07 1 1 0
1  112 0 0 1
0

0101000
+978 0 -976 0 *
Ve
1e-07
90.555031 32.998313 0
0 0

0101101
*
Ed
 1e-07 1 1 0
1  113 0 0 0.792089999999995
0

0101000
+976 0 -974 0 *
Ve
1e-07
86.645956 32.998313 0
0 0

0101101
*
Ed
 1e-07 1 1 0
1  114 0 0 3.909075
0

0101000
+974 0 -972 0 *
Ve
1e-07
86.645956 32.498313 0
0 0

0101101
*
Ed
 1e-07 1 1 0
1  115 0 0 0.5
0

0101000
+972 0 -970 0 *
Ve
1e-07
90.555031 32.498313 0
0 0

0101101
*
Ed
 1e-07 1 1 0
1  116 0 0 3.909075
0

0101000
+970 0 -968 0 *
Ve
1e-07
90.555031 25.745277 0
0 0

0101101
*
Ed
 1e-07 1 1 0
1  117 0 0 6.753036
0

0101000
+968 0 -966 0 *
Ve
1e-07
79.188003 25.745277 0
0 0

0101101
*
Ed
 1e-07 1 1 0
1  118 0 0 11.367028
0

0101000
+966 0 -964 0 *
Ve
1e-07
79.188003 32.498313 0
0 0

0101101
*
Ed
 1e-07 1 1 0
1  119 0 0 6.753036
0

0101000
+964 0 -962 0 *
Ve
1e-07
83.395956 32.498313 0
0 0

0101101
*
Ed
 1e-07 1 1 0
1  120 0 0 4.207953
0

0101000
+962 0 -960 0 *
Ve
1e-07
83.395956 32.998313 0
0 0

0101101
*
Ed
 1e-07 1 1 0
1  121 0 0 0.5
0

0101000
+960 0 -958 0 *
Ve
1e-07
79.188003 32.998313 0
0 0

0101101
*
Ed
 1e-07 1 1 0
1  122 0 0 4.207953
0

0101000
+958 0 -956 0 *
Ve
1e-07
79.188003 33.807227 0
0 0

0101101
*
Ed
 1e-07 1 1 0
1  123 0 0 0.808913999999994
0

0101000
+956 0 -954 0 *
Ve
1e-07
78.69428 33.807227 0
0 0

0101101
*
Ed
 1e-07 1 1 0
1  124 0 0 0.493722999999989
0

0101000
+954 0 -952 0 *
Ve
1e-07
78.69428 30.617838 0
0 0

0101101
*
Ed
 1e-07 1 1 0
1  125 0 0 3.189389
0

0101000
+952 0 -950 0 *
Ve
1e-07
76.446956 30.617838 0
0 0

0101101
*
Ed
 1e-07 1 1 0
1  126 0 0 2.24732400000001
0

0101000
+950 0 -948 0 *
Ve
1e-07
76.446956 29.617838 0
0 0

0101101
*
Ed
 1e-07 1 1 0
1  127 0 0 1
0

0101000
+948 0 -946 0 *
Ve
1e-07
78.188003 29.617838 0
0 0

0101101
*
Ed
 1e-07 1 1 0
1  128 0 0 1.74104699999999
0

0101000
+946 0 -944 0 *
Ve
1e-07
78.188003 24.433313 0
0 0

0101101
*
Ed
 1e-07 1 1 0
1  129 0 0 5.184525
0

0101000
+944 0 -942 0 *
Ve
1e-07
79.188003 24.433313 0
0 0

0101101
*
Ed
 1e-07 1 1 0
1  130 0 0 1
0

0101000
+942 0 -940 0 *
Ve
1e-07
79.188003 24.791862 0
0 0

0101101
*
Ed
 1e-07 1 1 0
1  131 0 0 0.358549
0

0101000
+940 0 -938 0 *
Ve
1e-07
96.302573 24.791862 0
0 0

0101101
*
Ed
 1e-07 1 1 0
1  132 0 0 17.11457
0

0101000
+938 0 -936 0 *
Ve
1e-07
96.302573 16.435632 0
0 0

0101101
*
Ed
 1e-07 1 1 0
1  133 0 0 8.35623
0

0101000
+936 0 -934 0 *
Ve
1e-07
96.802573 16.435632 0
0 0

0101101
*
Ed
 1e-07 1 1 0
1  134 0 0 0.5
0

0101000
+934 0 -932 0 *
Ve
1e-07
96.802573 19.061906 0
0 0

0101101
*
Ed
 1e-07 1 1 0
1  135 0 0 2.626274
0

0101000
+932 0 -930 0 *
Ve
1e-07
114.552015 19.061906 0
0 0

0101101
*
Ed
 1e-07 1 1 0
1  136 0 0 17.749442
0

0101000
+930 0 -928 0 *
Ve
1e-07
114.552015 10.804051 0
0 0

0101101
*
Ed
 1e-07 1 1 0
1  137 0 0 8.257855
0

0101000
+928 0 -926 0 *
Ve
1e-07
116.552015 10.804051 0
0 0

0101101
*
Ed
 1e-07 1 1 0
1  138 0 0 2
0

0101000
+926 0 -924 0 *
Ve
1e-07
116.552015 7.079477 0
0 0

0101101
*
Ed
 1e-07 1 1 0
1  139 0 0 3.724574
0

0101000
+924 0 -922 0 *
Ve
1e-07
114.552015 7.079477 0
0 0

0101101
*
Ed
 1e-07 1 1 0
1  140 0 0 2
0

0101000
+922 0 -920 0 *
Ve
1e-07
114.552015 6.646472 0
0 0

0101101
*
Ed
 1e-07 1 1 0
1  141 0 0 0.433005
0

0101000
+920 0 -918 0 *
Ve
1e-07
96.802573 6.646472 0
0 0

0101101
*
Ed
 1e-07 1 1 0
1  142 0 0 17.749442
0

0101000
+918 0 -916 0 *
Ve
1e-07
96.802573 13.185632 0
0 0

0101101
*
Ed
 1e-07 1 1 0
1  143 0 0 6.53916
0

0101000
+916 0 -914 0 *
Ve
1e-07
96.302573 13.185632 0
0 0

0101101
*
Ed
 1e-07 1 1 0
1  144 0 0 0.5
0

0101000
+914 0 -912 0 *
Ve
1e-07
96.302573 6.146472 0
0 0

0101101
*
Ed
 1e-07 1 1 0
1  145 0 0 7.03916
0

0101000
+912 0 -910 0 *
Ve
1e-07
114.552015 6.146472 0
0 0

0101101
*
Ed
 1e-07 1 1 0
1  146 0 0 18.249442
0

0101000
+910 0 -908 0 *
Ve
1e-07
114.552015 -5.809373 0
0 0

0101101
*
Ed
 1e-07 1 1 0
1  147 0 0 11.955845
0

0101000
+908 0 -906 0 *
Ve
1e-07
116.552015 -5.809373 0
0 0

0101101
*
Ed
 1e-07 1 1 0
1  148 0 0 2
0

0101000
+906 0 -904 0 *
Ve
1e-07
116.552015 1.59758 0
0 0

0101101
*
Ed
 1e-07 1 1 0
1  149 0 0 7.406953
0

0101000
+904 0 -902 0 *
Ve
1e-07
124.53045 1.59758 0
0 0

0101101
*
Ed
 1e-07 1 1 0
1  150 0 0 7.978435
0

0101000
+902 0 -900 0 *
Ve
1e-07
124.53045 -22.867259 0
0 0

0101101
*
Ed
 1e-07 1 1 0
1  151 0 0 24.464839
0

0101000
+900 0 -898 0 *
Ve
1e-07
78.117473 -22.867259 0
0 0

0101101
*
Ed
 1e-07 1 1 0
1  152 0 0 46.412977
0

0101000
+898 0 -896 0 *
Ve
1e-07
78.117473 -14.73509 0
0 0

0101101
*
Ed
 1e-07 1 1 0
1  153 0 0 8.132169
0

0101000
+896 0 -894 0 *
Ve
1e-07
81.397059 -14.73509 0
0 0

0101101
*
Ed
 1e-07 1 1 0
1  154 0 0 3.27958599999999
0

0101000
+894 0 -892 0 *
Ve
1e-07
81.397059 -12.73509 0
0 0

0101101
*
Ed
 1e-07 1 1 0
1  155 0 0 2
0

0101000
+892 0 -890 0 *
Ve
1e-07
79.188003 -12.73509 0
0 0

0101101
*
Ed
 1e-07 1 1 0
1  156 0 0 2.209056
0

0101000
+890 0 -888 0 *
Ve
1e-07
79.188003 7.282018 0
0 0

0101101
*
Ed
 1e-07 1 1 0
1  157 0 0 20.017108
0

0101000
+888 0 -886 0 *
Ve
1e-07
86.655337 7.282018 0
0 0

0101101
*
Ed
 1e-07 1 1 0
1  158 0 0 7.46733400000001
0

0101000
+886 0 -884 0 *
Ve
1e-07
86.655337 5.111181 0
0 0

0101101
*
Ed
 1e-07 1 1 0
1  159 0 0 2.170837
0

0101000
+884 0 -882 0 *
Ve
1e-07
87.134134 5.111181 0
0 0

0101101
*
Ed
 1e-07 1 1 0
1  160 0 0 0.478797
0

0101000
+882 0 -880 0 *
Ve
1e-07
87.134134 7.282018 0
0 0

0101101
*
Ed
 1e-07 1 1 0
1  161 0 0 2.170837
0

0101000
+880 0 -878 0 *
Ve
1e-07
91.04298 7.282018 0
0 0

0101101
*
Ed
 1e-07 1 1 0
1  162 0 0 3.908846
0

0101000
+878 0 -876 0 *
Ve
1e-07
91.04298 5.111181 0
0 0

0101101
*
Ed
 1e-07 1 1 0
1  163 0 0 2.170837
0

0101000
+876 0 -874 0 *
Ve
1e-07
91.54298 5.111181 0
0 0

0101101
*
Ed
 1e-07 1 1 0
1  164 0 0 0.5
0

0101000
+874 0 -872 0 *
Ve
1e-07
91.54298 13.185632 0
0 0

0101101
*
Ed
 1e-07 1 1 0
1  165 0 0 8.074451
0

0101000
+872 0 -870 0 *
Ve
1e-07
91.04298 13.185632 0
0 0

0101101
*
Ed
 1e-07 1 1 0
1  166 0 0 0.5
0

0101000
+870 0 -868 0 *
Ve
1e-07
91.04298 10.823356 0
0 0

0101101
*
Ed
 1e-07 1 1 0
1  167 0 0 2.362276
0

0101000
+868 0 -866 0 *
Ve
1e-07
87.134134 10.823356 0
0 0

0101101
*
Ed
 1e-07 1 1 0
1  168 0 0 3.908846
0

0101000
+866 0 -864 0 *
Ve
1e-07
87.134134 17.863419 0
0 0

0101101
*
Ed
 1e-07 1 1 0
1  169 0 0 7.040063
0

0101000
+864 0 -862 0 *
Ve
1e-07
91.04298 17.863419 0
0 0

0101101
*
Ed
 1e-07 1 1 0
1  170 0 0 3.908846
0

0101000
+862 0 -860 0 *
Ve
1e-07
91.04298 16.435632 0
0 0

0101101
*
Ed
 1e-07 1 1 0
1  171 0 0 1.427787
0

0101000
+860 0 -858 0 *
Ve
1e-07
91.54298 16.435632 0
0 0

0101101
*
Ed
 1e-07 1 1 0
1  172 0 0 0.5
0

0101000
+858 0 -856 0 *
Ve
1e-07
91.54298 18.352357 0
0 0

0101101
*
Ed
 1e-07 1 1 0
1  173 0 0 1.916725
0

0101000
+856 0 -854 0 *
Ve
1e-07
86.212026 18.352357 0
0 0

0101101
*
Ed
 1e-07 1 1 0
1  174 0 0 5.33095400000001
0

0101000
+854 0 -852 0 *
Ve
1e-07
86.212026 17.863419 0
0 0

0101101
*
Ed
 1e-07 1 1 0
1  175 0 0 0.488938000000001
0

0101000
+852 0 -850 0 *
Ve
1e-07
86.655337 17.863419 0
0 0

0101101
*
Ed
 1e-07 1 1 0
1  176 0 0 0.443311000000008
0

0101000
+850 0 -848 0 *
Ve
1e-07
86.655337 8.282018 0
0 0

0101101
*
Ed
 1e-07 1 1 0
1  177 0 0 9.581401
0

0101000
+848 0 -846 0 *
Ve
1e-07
79.188003 8.282018 0
0 0

0101101
*
Ed
 1e-07 1 1 0
1  178 0 0 7.46733400000001
0

0101000
+846 0 -844 0 *
Ve
1e-07
79.188003 17.863419 0
0 0

0101101
*
Ed
 1e-07 1 1 0
1  179 0 0 9.581401
0

0101000
+844 0 -842 0 *
Ve
1e-07
82.962026 17.863419 0
0 0

0101101
*
Ed
 1e-07 1 1 0
1  180 0 0 3.774023
0

0101000
+842 0 -840 0 *
Ve
1e-07
82.962026 18.352357 0
0 0

0101101
*
Ed
 1e-07 1 1 0
1  181 0 0 0.488938000000001
0

0101000
+840 0 -838 0 *
Ve
1e-07
79.188003 18.352357 0
0 0

0101101
*
Ed
 1e-07 1 1 0
1  182 0 0 3.774023
0

0101000
+838 0 -836 0 *
Ve
1e-07
79.188003 20.433313 0
0 0

0101101
*
Ed
 1e-07 1 1 0
1  183 0 0 2.080956
0

0101000
+836 0 -834 0 *
Ve
1e-07
78.188003 20.433313 0
0 0

0101101
*
Ed
 1e-07 1 1 0
1  184 0 0 1
0

0101000
+834 0 -832 0 *
Ve
1e-07
78.188003 19.13708 0
0 0

0101101
*
Ed
 1e-07 1 1 0
1  185 0 0 1.296233
0

0101000
+832 0 -830 0 *
Ve
1e-07
75.443702 19.13708 0
0 0

0101101
*
Ed
 1e-07 1 1 0
1  186 0 0 2.74430099999999
0

0101000
+830 0 -828 0 *
Ve
1e-07
75.443702 18.13708 0
0 0

0101101
*
Ed
 1e-07 1 1 0
1  187 0 0 1
0

0101000
+828 0 -826 0 *
Ve
1e-07
78.188003 18.13708 0
0 0

0101101
*
Ed
 1e-07 1 1 0
1  188 0 0 2.74430099999999
0

0101000
+826 0 -824 0 *
Ve
1e-07
78.188003 8.282018 0
0 0

0101101
*
Ed
 1e-07 1 1 0
1  189 0 0 9.855062
0

0101000
+824 0 -822 0 *
Ve
1e-07
66.173722 8.282018 0
0 0

0101101
*
Ed
 1e-07 1 1 0
1  190 0 0 12.014281
0

0101000
+822 0 -820 0 *
Ve
1e-07
66.173722 -0.57318 0
0 0

0101101
*
Ed
 1e-07 1 1 0
1  191 0 0 8.855198
0

0101000
+820 0 -818 0 *
Ve
1e-07
67.173722 -0.57318 0
0 0

0101101
*
Ed
 1e-07 1 1 0
1  192 0 0 1
0

0101000
+818 0 -816 0 *
Ve
1e-07
67.173722 7.282018 0
0 0

0101101
*
Ed
 1e-07 1 1 0
1  193 0 0 7.855198
0

0101000
+816 0 -814 0 *
Ve
1e-07
78.188003 7.282018 0
0 0

0101101
*
Ed
 1e-07 1 1 0
1  194 0 0 11.014281
0

0101000
+814 0 -812 0 *
Ve
1e-07
78.188003 -12.73509 0
0 0

0101101
*
Ed
 1e-07 1 1 0
1  195 0 0 20.017108
0

0101000
+812 0 -810 0 *
Ve
1e-07
72.271089 -12.73509 0
0 0

0101101
*
Ed
 1e-07 1 1 0
1  196 0 0 5.91691399999999
0

0101000
+810 0 -808 0 *
Ve
1e-07
72.271089 -14.73509 0
0 0

0101101
*
Ed
 1e-07 1 1 0
1  197 0 0 2
0

0101000
+808 0 -806 0 *
Ve
1e-07
74.547539 -14.73509 0
0 0

0101101
*
Ed
 1e-07 1 1 0
1  198 0 0 2.27645
0

0101000
+806 0 -804 0 *
Ve
1e-07
74.547539 -22.867259 0
0 0

0101101
*
Ed
 1e-07 1 1 0
1  199 0 0 8.132169
0

0101000
+804 0 -802 0 *
Ve
1e-07
41.796145 -22.867259 0
0 0

0101101
*
Ed
 1e-07 1 1 0
1  200 0 0 32.751394
0

0101000
+802 0 -800 0 *
Ve
1e-07
41.796145 -14.73509 0
0 0

0101101
*
Ed
 1e-07 1 1 0
1  201 0 0 8.132169
0

0101000
+800 0 -798 0 *
Ve
1e-07
43.712444 -14.73509 0
0 0

0101101
*
Ed
 1e-07 1 1 0
1  202 0 0 1.916299
0

0101000
+798 0 -796 0 *
Ve
1e-07
43.712444 -12.73509 0
0 0

0101101
*
Ed
 1e-07 1 1 0
1  203 0 0 2
0

0101000
+796 0 -794 0 *
Ve
1e-07
39.00214 -12.73509 0
0 0

0101101
*
Ed
 1e-07 1 1 0
1  204 0 0 4.710304
0

0101000
+794 0 -792 0 *
Ve
1e-07
39.00214 7.281586 0
0 0

0101101
*
Ed
 1e-07 1 1 0
1  205 0 0 20.016676
0

0101000
+792 0 -790 0 *
Ve
1e-07
49.768324 7.281586 0
0 0

0101101
*
Ed
 1e-07 1 1 0
1  206 0 0 10.766184
0

0101000
+790 0 -788 0 *
Ve
1e-07
49.768324 -0.57318 0
0 0

0101101
*
Ed
 1e-07 1 1 0
1  207 0 0 7.854766
0

0101000
+788 0 -786 0 *
Ve
1e-07
50.268324 -0.57318 0
0 0

0101101
*
Ed
 1e-07 1 1 0
1  208 0 0 0.5
0

0101000
+786 0 -784 0 *
Ve
1e-07
50.268324 7.281586 0
0 0

0101101
*
Ed
 1e-07 1 1 0
1  209 0 0 7.854766
0

0101000
+784 0 -782 0 *
Ve
1e-07
54.28665 7.281586 0
0 0

0101101
*
Ed
 1e-07 1 1 0
1  210 0 0 4.018326
0

0101000
+782 0 -780 0 *
Ve
1e-07
54.28665 8.281586 0
0 0

0101101
*
Ed
 1e-07 1 1 0
1  211 0 0 1
0

0101000
+780 0 -778 0 *
Ve
1e-07
50.268324 8.281586 0
0 0

0101101
*
Ed
 1e-07 1 1 0
1  212 0 0 4.018326
0

0101000
+778 0 -776 0 *
Ve
1e-07
50.268324 11.019367 0
0 0

0101101
*
Ed
 1e-07 1 1 0
1  213 0 0 2.737781
0

0101000
+776 0 -774 0 *
Ve
1e-07
49.768324 11.019367 0
0 0

0101101
*
Ed
 1e-07 1 1 0
1  214 0 0 0.5
0

0101000
+774 0 -772 0 *
Ve
1e-07
49.768324 8.281586 0
0 0

0101101
*
Ed
 1e-07 1 1 0
1  215 0 0 2.737781
0

0101000
+772 0 -770 0 *
Ve
1e-07
39.00214 8.281586 0
0 0

0101101
*
Ed
 1e-07 1 1 0
1  216 0 0 10.766184
0

0101000
+770 0 -768 0 *
Ve
1e-07
39.00214 18.13708 0
0 0

0101101
*
Ed
 1e-07 1 1 0
1  217 0 0 9.855494
0

0101000
+768 0 -766 0 *
Ve
1e-07
49.768324 18.13708 0
0 0

0101101
*
Ed
 1e-07 1 1 0
1  218 0 0 10.766184
0

0101000
+766 0 -764 0 *
Ve
1e-07
49.768324 14.269367 0
0 0

0101101
*
Ed
 1e-07 1 1 0
1  219 0 0 3.867713
0

0101000
+764 0 -762 0 *
Ve
1e-07
50.268324 14.269367 0
0 0

0101101
*
Ed
 1e-07 1 1 0
1  220 0 0 0.5
0

0101000
+762 0 -760 0 *
Ve
1e-07
50.268324 18.13708 0
0 0

0101101
*
Ed
 1e-07 1 1 0
1  221 0 0 3.867713
0

0101000
+760 0 -758 0 *
Ve
1e-07
70.750209 18.13708 0
0 0

0101101
*
Ed
 1e-07 1 1 0
1  222 0 0 20.481885
0

0101000
+758 0 -756 0 *
Ve
1e-07
70.750209 15.575067 0
0 0

0101101
*
Ed
 1e-07 1 1 0
1  223 0 0 2.562013
0

0101000
+756 0 -754 0 *
Ve
1e-07
71.338531 15.575067 0
0 0

0101101
*
Ed
 1e-07 1 1 0
1  224 0 0 0.588322000000005
0

0101000
+754 0 -752 0 *
Ve
1e-07
71.338531 18.13708 0
0 0

0101101
*
Ed
 1e-07 1 1 0
1  225 0 0 2.562013
0

0101000
+752 0 -750 0 *
Ve
1e-07
71.443702 18.13708 0
0 0

0101101
*
Ed
 1e-07 1 1 0
1  226 0 0 0.105170999999999
0

0101000
+750 0 -748 0 *
Ve
1e-07
71.443702 19.13708 0
0 0

0101101
*
Ed
 1e-07 1 1 0
1  227 0 0 1
0

0101000
+748 0 -746 0 *
Ve
1e-07
62.804662 19.13708 0
0 0

0101101
*
Ed
 1e-07 1 1 0
1  228 0 0 8.63904
0

0101000
+746 0 -744 0 *
Ve
1e-07
62.804662 24.377459 0
0 0

0101101
*
Ed
 1e-07 1 1 0
1  229 0 0 5.240379
0

0101000
+744 0 -742 0 *
Ve
1e-07
39.028119 24.377459 0
0 0

0101101
*
Ed
 1e-07 1 1 0
1  230 0 0 23.776543
0

0101000
+742 0 -740 0 *
Ve
1e-07
39.028119 19.13708 0
0 0

0101101
*
Ed
 1e-07 1 1 0
1  231 0 0 5.240379
0

0101000
+740 0 -738 0 *
Ve
1e-07
26.308075 19.13708 0
0 0

0101101
*
Ed
 1e-07 1 1 0
1  232 0 0 12.720044
0

0101000
+738 0 -736 0 *
Ve
1e-07
26.308075 18.13708 0
0 0

0101101
*
Ed
 1e-07 1 1 0
1  233 0 0 1
0

0101000
+736 0 -734 0 *
Ve
1e-07
26.678329 18.13708 0
0 0

0101101
*
Ed
 1e-07 1 1 0
1  234 0 0 0.370254000000003
0

0101000
+734 0 -732 0 *
Ve
1e-07
26.678329 13.719688 0
0 0

0101101
*
Ed
 1e-07 1 1 0
1  235 0 0 4.417392
0

0101000
+732 0 -730 0 *
Ve
1e-07
27.178329 13.719688 0
0 0

0101101
*
Ed
 1e-07 1 1 0
1  236 0 0 0.5
0

0101000
+730 0 -728 0 *
Ve
1e-07
27.178329 18.13708 0
0 0

0101101
*
Ed
 1e-07 1 1 0
1  237 0 0 4.417392
0

0101000
+728 0 -726 0 *
Ve
1e-07
38.00214 18.13708 0
0 0

0101101
*
Ed
 1e-07 1 1 0
1  238 0 0 10.823811
0

0101000
+726 0 -724 0 *
Ve
1e-07
38.00214 8.281586 0
0 0

0101101
*
Ed
 1e-07 1 1 0
1  239 0 0 9.855494
0

0101000
+724 0 -722 0 *
Ve
1e-07
27.178329 8.281586 0
0 0

0101101
*
Ed
 1e-07 1 1 0
1  240 0 0 10.823811
0

0101000
+722 0 -720 0 *
Ve
1e-07
27.178329 10.469688 0
0 0

0101101
*
Ed
 1e-07 1 1 0
1  241 0 0 2.188102
0

0101000
+720 0 -718 0 *
Ve
1e-07
26.678329 10.469688 0
0 0

0101101
*
Ed
 1e-07 1 1 0
1  242 0 0 0.5
0

0101000
+718 0 -716 0 *
Ve
1e-07
26.678329 -0.70919 0
0 0

0101101
*
Ed
 1e-07 1 1 0
1  243 0 0 11.178878
0

0101000
+716 0 -714 0 *
Ve
1e-07
27.178329 -0.70919 0
0 0

0101101
*
Ed
 1e-07 1 1 0
1  244 0 0 0.5
0

0101000
+714 0 -712 0 *
Ve
1e-07
27.178329 7.281586 0
0 0

0101101
*
Ed
 1e-07 1 1 0
1  245 0 0 7.990776
0

0101000
+712 0 -710 0 *
Ve
1e-07
38.00214 7.281586 0
0 0

0101101
*
Ed
 1e-07 1 1 0
1  246 0 0 10.823811
0

0101000
+710 0 -708 0 *
Ve
1e-07
38.00214 -12.73509 0
0 0

0101101
*
Ed
 1e-07 1 1 0
1  247 0 0 20.016676
0

0101000
+708 0 -706 0 *
Ve
1e-07
35.156441 -12.73509 0
0 0

0101101
*
Ed
 1e-07 1 1 0
1  248 0 0 2.845699
0

0101000
+706 0 -704 0 *
Ve
1e-07
35.156441 -14.73509 0
0 0

0101101
*
Ed
 1e-07 1 1 0
1  249 0 0 2
0

0101000
+704 0 -702 0 *
Ve
1e-07
39.037826 -14.73509 0
0 0

0101101
*
Ed
 1e-07 1 1 0
1  250 0 0 3.881385
0

0101000
+702 0 -700 0 *
Ve
1e-07
39.037826 -22.867259 0
0 0

0101101
*
Ed
 1e-07 1 1 0
1  251 0 0 8.132169
0

0101000
+700 0 -698 0 *
Ve
1e-07
11.726085 -22.867259 0
0 0

0101101
*
Ed
 1e-07 1 1 0
1  252 0 0 27.311741
0

0101000
+698 0 -696 0 *
Ve
1e-07
11.726085 -14.73509 0
0 0

0101101
*
Ed
 1e-07 1 1 0
1  253 0 0 8.132169
0

0101000
+696 0 -694 0 *
Ve
1e-07
14.083531 -14.73509 0
0 0

0101101
*
Ed
 1e-07 1 1 0
1  254 0 0 2.357446
0

0101000
+694 0 -692 0 *
Ve
1e-07
14.083531 -12.73509 0
0 0

0101101
*
Ed
 1e-07 1 1 0
1  255 0 0 2
0

0101000
+692 0 -690 0 *
Ve
1e-07
3.918121 -12.73509 0
0 0

0101101
*
Ed
 1e-07 1 1 0
1  256 0 0 10.16541
0

0101000
+690 0 -688 0 *
Ve
1e-07
3.918121 -12.410954 0
0 0

0101101
*
Ed
 1e-07 1 1 0
1  257 0 0 0.324135999999999
0

0101000
+688 0 -686 0 *
Ve
1e-07
2.168121 -12.410954 0
0 0

0101101
*
Ed
 1e-07 1 1 0
1  258 0 0 1.75
0

0101000
+686 0 -684 0 *
Ve
1e-07
2.168121 -2.769088 0
0 0

0101101
*
Ed
 1e-07 1 1 0
1  259 0 0 9.641866
0

0101000
+684 0 -682 0 *
Ve
1e-07
3.918121 -2.769088 0
0 0

0101101
*
Ed
 1e-07 1 1 0
1  260 0 0 1.75
0

0101000
+682 0 -680 0 *
Ve
1e-07
3.918121 6.606763 0
0 0

0101101
*
Ed
 1e-07 1 1 0
1  261 0 0 9.375851
0

0101000
+680 0 -678 0 *
Ve
1e-07
20.543129 6.606763 0
0 0

0101101
*
Ed
 1e-07 1 1 0
1  262 0 0 16.625008
0

0101000
+678 0 -676 0 *
Ve
1e-07
20.543129 10.551114 0
0 0

0101101
*
Ed
 1e-07 1 1 0
1  263 0 0 3.944351
0

0101000
+676 0 -674 0 *
Ve
1e-07
20.043129 10.551114 0
0 0

0101101
*
Ed
 1e-07 1 1 0
1  264 0 0 0.5
0

0101000
+674 0 -672 0 *
Ve
1e-07
20.043129 7.107047 0
0 0

0101101
*
Ed
 1e-07 1 1 0
1  265 0 0 3.444067
0

0101000
+672 0 -670 0 *
Ve
1e-07
13.262041 7.107047 0
0 0

0101101
*
Ed
 1e-07 1 1 0
1  266 0 0 6.781088
0

0101000
+670 0 -668 0 *
Ve
1e-07
13.262041 18.13708 0
0 0

0101101
*
Ed
 1e-07 1 1 0
1  267 0 0 11.030033
0

0101000
+668 0 -666 0 *
Ve
1e-07
20.043129 18.13708 0
0 0

0101101
*
Ed
 1e-07 1 1 0
1  268 0 0 6.781088
0

0101000
+666 0 -664 0 *
Ve
1e-07
20.043129 13.801114 0
0 0

0101101
*
Ed
 1e-07 1 1 0
1  269 0 0 4.335966
0

0101000
+664 0 -662 0 *
Ve
1e-07
20.543129 13.801114 0
0 0

0101101
*
Ed
 1e-07 1 1 0
1  270 0 0 0.5
0

0101000
+662 0 -660 0 *
Ve
1e-07
20.543129 18.13708 0
0 0

0101101
*
Ed
 1e-07 1 1 0
1  271 0 0 4.335966
0

0101000
+660 0 -658 0 *
Ve
1e-07
22.308075 18.13708 0
0 0

0101101
*
Ed
 1e-07 1 1 0
1  272 0 0 1.764946
0

0101000
+658 0 -656 0 *
Ve
1e-07
22.308075 19.13708 0
0 0

0101101
*
Ed
 1e-07 1 1 0
1  273 0 0 1
0

0101000
+656 0 -654 0 *
Ve
1e-07
11.053845 19.13708 0
0 0

0101101
*
Ed
 1e-07 1 1 0
1  274 0 0 11.25423
0

0101000
+654 0 -652 0 *
Ve
1e-07
11.053845 18.13708 0
0 0

0101101
*
Ed
 1e-07 1 1 0
1  275 0 0 1
0

0101000
+652 0 -650 0 *
Ve
1e-07
11.512041 18.13708 0
0 0

0101101
*
Ed
 1e-07 1 1 0
1  276 0 0 0.458195999999999
0

0101000
+650 0 -648 0 *
Ve
1e-07
11.512041 8.206334 0
0 0

0101101
*
Ed
 1e-07 1 1 0
1  277 0 0 9.930746
0

0101000
+648 0 -646 0 *
Ve
1e-07
4.916665 8.206334 0
0 0

0101101
*
Ed
 1e-07 1 1 0
1  278 0 0 6.595376
0

0101000
+646 0 -644 0 *
Ve
1e-07
4.916665 18.13708 0
0 0

0101101
*
Ed
 1e-07 1 1 0
1  279 0 0 9.930746
0

0101000
+644 0 -642 0 *
Ve
1e-07
6.520368 18.13708 0
0 0

0101101
*
Ed
 1e-07 1 1 0
1  280 0 0 1.603703
0

0101000
+642 0 -640 0 *
Ve
1e-07
6.520368 19.13708 0
0 0

0101101
*
Ed
 1e-07 1 1 0
1  281 0 0 1
0

0101000
+640 0 -638 0 *
Ve
1e-07
2.168121 19.13708 0
0 0

0101101
*
Ed
 1e-07 1 1 0
1  282 0 0 4.352247
0

0101000
+638 0 -636 0 *
Ve
1e-07
2.168121 24.377459 0
0 0

0101101
*
Ed
 1e-07 1 1 0
1  283 0 0 5.240379
0

0101000
+636 0 -634 0 *
Ve
1e-07
-18.069687 24.377459 0
0 0

0101101
*
Ed
 1e-07 1 1 0
1  284 0 0 20.237808
0

0101000
+634 0 -632 0 *
Ve
1e-07
-18.069687 19.13708 0
0 0

0101101
*
Ed
 1e-07 1 1 0
1  285 0 0 5.240379
0

0101000
+632 0 -630 0 *
Ve
1e-07
-23.375489 19.13708 0
0 0

0101101
*
Ed
 1e-07 1 1 0
1  286 0 0 5.305802
0

0101000
+630 0 -628 0 *
Ve
1e-07
-23.375489 21.682001 0
0 0

0101101
*
Ed
 1e-07 1 1 0
1  287 0 0 2.544921
0

0101000
+628 0 -626 0 *
Ve
1e-07
-24.46346 21.682001 0
0 0

0101101
*
Ed
 1e-07 1 1 0
1  288 0 0 1.087971
0

0101000
+626 0 -624 0 *
Ve
1e-07
-24.46346 21.524509 0
0 0

0101101
*
Ed
 1e-07 1 1 0
1  289 0 0 0.157492000000001
0

0101000
+624 0 -622 0 *
Ve
1e-07
-30.36987 21.524509 0
0 0

0101101
*
Ed
 1e-07 1 1 0
1  290 0 0 5.90641
0

0101000
+622 0 -620 0 *
Ve
1e-07
-30.36987 20.906852 0
0 0

0101101
*
Ed
 1e-07 1 1 0
1  291 0 0 0.617656999999998
0

0101000
+620 0 -618 0 *
Ve
1e-07
-24.46346 20.906852 0
0 0

0101101
*
Ed
 1e-07 1 1 0
1  292 0 0 5.90641
0

0101000
+618 0 -616 0 *
Ve
1e-07
-24.46346 10.811024 0
0 0

0101101
*
Ed
 1e-07 1 1 0
1  293 0 0 10.095828
0

0101000
+616 0 -614 0 *
Ve
1e-07
-34.081178 10.810539 0
0 0

0101101
*
Ed
 1e-07 1 1 0
1  294 0 0 9.61771801222873
0

0101000
+614 0 -612 0 *
Ve
1e-07
-34.081178 17.93442 0
0 0

0101101
*
Ed
 1e-07 1 1 0
1  295 0 0 7.123881
0

0101000
+612 0 -610 0 *
Ve
1e-07
-38.351734 17.93442 0
0 0

0101101
*
Ed
 1e-07 1 1 0
1  296 0 0 4.270556
0

0101000
+610 0 -608 0 *
Ve
1e-07
-38.351734 20.906852 0
0 0

0101101
*
Ed
 1e-07 1 1 0
1  297 0 0 2.972432
0

0101000
+608 0 -606 0 *
Ve
1e-07
-33.61987 20.906852 0
0 0

0101101
*
Ed
 1e-07 1 1 0
1  298 0 0 4.731864
0

0101000
+606 0 -604 0 *
Ve
1e-07
-33.61987 21.524509 0
0 0

0101101
*
Ed
 1e-07 1 1 0
1  299 0 0 0.617656999999998
0

0101000
+604 0 -602 0 *
Ve
1e-07
-38.851734 21.524509 0
0 0

0101101
*
Ed
 1e-07 1 1 0
1  300 0 0 5.231864
0

0101000
+602 0 -600 0 *
Ve
1e-07
-38.851734 16.789989 0
0 0

0101101
*
Ed
 1e-07 1 1 0
1  301 0 0 4.73452
0

0101000
+600 0 -598 0 *
Ve
1e-07
-38.351734 16.789989 0
0 0

0101101
*
Ed
 1e-07 1 1 0
1  302 0 0 0.5
0

0101000
+598 0 -596 0 *
Ve
1e-07
-38.351734 17.43442 0
0 0

0101101
*
Ed
 1e-07 1 1 0
1  303 0 0 0.644431000000001
0

0101000
+596 0 -594 0 *
Ve
1e-07
-34.581178 17.43442 0
0 0

0101101
*
Ed
 1e-07 1 1 0
1  304 0 0 3.770556
0

0101000
+594 0 -592 0 *
Ve
1e-07
-34.581178 10.810539 0
0 0

0101101
*
Ed
 1e-07 1 1 0
1  305 0 0 6.623881
0

0101000
+592 0 -590 0 *
Ve
1e-07
-38.351734 10.811024 0
0 0

0101101
*
Ed
 1e-07 1 1 0
1  306 0 0 3.77055603119235
0

0101000
+590 0 -588 0 *
Ve
1e-07
-38.351734 13.539989 0
0 0

0101101
*
Ed
 1e-07 1 1 0
1  307 0 0 2.728965
0

0101000
+588 0 -586 0 *
Ve
1e-07
-38.851734 13.539989 0
0 0

0101101
*
Ed
 1e-07 1 1 0
1  308 0 0 0.5
0

0101000
+586 0 -584 0 *
Ve
1e-07
-38.851734 4.575104 0
0 0

0101101
*
Ed
 1e-07 1 1 0
1  309 0 0 8.964885
0

0101000
+584 0 -582 0 *
Ve
1e-07
-38.351734 4.575104 0
0 0

0101101
*
Ed
 1e-07 1 1 0
1  310 0 0 0.5
0

0101000
+582 0 -580 0 *
Ve
1e-07
-38.351734 7.378452 0
0 0

0101101
*
Ed
 1e-07 1 1 0
1  311 0 0 2.803348
0

0101000
+580 0 -578 0 *
Ve
1e-07
-31.267104 7.378452 0
0 0

0101101
*
Ed
 1e-07 1 1 0
1  312 0 0 7.08463
0

0101000
+578 0 -576 0 *
Ve
1e-07
-31.267104 4.575104 0
0 0

0101101
*
Ed
 1e-07 1 1 0
1  313 0 0 2.803348
0

0101000
+576 0 -574 0 *
Ve
1e-07
-30.35864 4.575104 0
0 0

0101101
*
Ed
 1e-07 1 1 0
1  314 0 0 0.908463999999999
0

0101000
+574 0 -572 0 *
Ve
1e-07
-30.35864 5.075104 0
0 0

0101101
*
Ed
 1e-07 1 1 0
1  315 0 0 0.5
0

0101000
+572 0 -570 0 *
Ve
1e-07
-30.767104 5.075104 0
0 0

0101101
*
Ed
 1e-07 1 1 0
1  316 0 0 0.408463999999999
0

0101000
+570 0 -568 0 *
Ve
1e-07
-30.767104 7.869356 0
0 0

0101101
*
Ed
 1e-07 1 1 0
1  317 0 0 2.794252
0

0101000
+568 0 -566 0 *
Ve
1e-07
-34.050165 7.869356 0
0 0

0101101
*
Ed
 1e-07 1 1 0
1  318 0 0 3.283061
0

0101000
+566 0 -564 0 *
Ve
1e-07
-34.050165 10.242822 0
0 0

0101101
*
Ed
 1e-07 1 1 0
1  319 0 0 2.373466
0

0101000
+564 0 -562 0 *
Ve
1e-07
-24.46346 10.242822 0
0 0

0101101
*
Ed
 1e-07 1 1 0
1  320 0 0 9.586705
0

0101000
+562 0 -560 0 *
Ve
1e-07
-24.46346 5.075104 0
0 0

0101101
*
Ed
 1e-07 1 1 0
1  321 0 0 5.167718
0

0101000
+560 0 -558 0 *
Ve
1e-07
-27.10864 5.075104 0
0 0

0101101
*
Ed
 1e-07 1 1 0
1  322 0 0 2.64518
0

0101000
+558 0 -556 0 *
Ve
1e-07
-27.10864 4.575104 0
0 0

0101101
*
Ed
 1e-07 1 1 0
1  323 0 0 0.5
0

0101000
+556 0 -554 0 *
Ve
1e-07
-24.46346 4.575104 0
0 0

0101101
*
Ed
 1e-07 1 1 0
1  324 0 0 2.64518
0

0101000
+554 0 -552 0 *
Ve
1e-07
-24.46346 0.36247 0
0 0

0101101
*
Ed
 1e-07 1 1 0
1  325 0 0 4.212634
0

0101000
+552 0 -550 0 *
Ve
1e-07
-22.71346 0.36247 0
0 0

0101101
*
Ed
 1e-07 1 1 0
1  326 0 0 1.75
0

0101000
+550 0 -548 0 *
Ve
1e-07
-22.71346 -9.526099 0
0 0

0101101
*
Ed
 1e-07 1 1 0
1  327 0 0 9.888569
0

0101000
+548 0 -546 0 *
Ve
1e-07
-24.46346 -9.526099 0
0 0

0101101
*
Ed
 1e-07 1 1 0
1  328 0 0 1.75
0

0101000
+546 0 -544 0 *
Ve
1e-07
-24.46346 -12.73509 0
0 0

0101101
*
Ed
 1e-07 1 1 0
1  329 0 0 3.208991
0

0101000
+544 0 -542 0 *
Ve
1e-07
-24.78255 -12.73509 0
0 0

0101101
*
Ed
 1e-07 1 1 0
1  330 0 0 0.319089999999999
0

0101000
+542 0 -540 0 *
Ve
1e-07
-24.78255 -14.73509 0
0 0

0101101
*
Ed
 1e-07 1 1 0
1  331 0 0 2
0

0101000
+540 0 -538 0 *
Ve
1e-07
-28.510794 -14.73509 0
0 0

0101101
*
Ed
 1e-07 1 1 0
1  332 0 0 3.728244
0

0101000
+538 0 -536 0 *
Ve
1e-07
-28.510794 -12.73509 0
0 0

0101101
*
Ed
 1e-07 1 1 0
1  333 0 0 2
0

0101000
+536 0 -534 0 *
Ve
1e-07
-39.297945 -12.73509 0
0 0

0101101
*
Ed
 1e-07 1 1 0
1  334 0 0 10.787151
0

0101000
+534 0 -532 0 *
Ve
1e-07
-39.297945 -14.73509 0
0 0

0101101
*
Ed
 1e-07 1 1 0
1  335 0 0 2
0

0101000
+532 0 -530 0 *
Ve
1e-07
-36.504319 -14.73509 0
0 0

0101101
*
Ed
 1e-07 1 1 0
1  336 0 0 2.793626
0

0101000
+530 0 -528 0 *
Ve
1e-07
-36.504319 -22.867259 0
0 0

0101101
*
Ed
 1e-07 1 1 0
1  337 0 0 8.132169
0

0101000
+528 0 -526 0 *
Ve
1e-07
-61.956174 -22.867259 0
0 0

0101101
*
Ed
 1e-07 1 1 0
1  338 0 0 25.451855
0

0101000
+526 0 -524 0 *
Ve
1e-07
-61.956174 -14.73509 0
0 0

0101101
*
Ed
 1e-07 1 1 0
1  339 0 0 8.132169
0

0101000
+524 0 -522 0 *
Ve
1e-07
-59.677055 -14.73509 0
0 0

0101101
*
Ed
 1e-07 1 1 0
1  340 0 0 2.27911899999999
0

0101000
+522 0 -520 0 *
Ve
1e-07
-59.677055 -12.73509 0
0 0

0101101
*
Ed
 1e-07 1 1 0
1  341 0 0 2
0

0101000
+520 0 -518 0 *
Ve
1e-07
-59.956174 -12.73509 0
0 0

0101101
*
Ed
 1e-07 1 1 0
1  342 0 0 0.279118999999994
0

0101000
+518 0 -516 0 *
Ve
1e-07
-59.956174 -9.51898 0
0 0

0101101
*
Ed
 1e-07 1 1 0
1  343 0 0 3.21611
0

0101000
+516 0 -514 0 *
Ve
1e-07
-61.956174 -9.51898 0
0 0

0101101
*
Ed
 1e-07 1 1 0
1  344 0 0 2
0

0101000
+514 0 -512 0 *
Ve
1e-07
-61.956174 0.330376 0
0 0

0101101
*
Ed
 1e-07 1 1 0
1  345 0 0 9.849356
0

0101000
+512 0 -510 0 *
Ve
1e-07
-59.956174 0.330376 0
0 0

0101101
*
Ed
 1e-07 1 1 0
1  346 0 0 2
0

0101000
+510 0 -508 0 *
Ve
1e-07
-59.956174 4.578915 0
0 0

0101101
*
Ed
 1e-07 1 1 0
1  347 0 0 4.248539
0

0101000
+508 0 -506 0 *
Ve
1e-07
-43.61172 4.578915 0
0 0

0101101
*
Ed
 1e-07 1 1 0
1  348 0 0 16.344454
0

0101000
+506 0 -504 0 *
Ve
1e-07
-43.61172 7.581308 0
0 0

0101101
*
Ed
 1e-07 1 1 0
1  349 0 0 3.002393
0

0101000
+504 0 -502 0 *
Ve
1e-07
-44.11172 7.581308 0
0 0

0101101
*
Ed
 1e-07 1 1 0
1  350 0 0 0.5
0

0101000
+502 0 -500 0 *
Ve
1e-07
-44.11172 5.078915 0
0 0

0101101
*
Ed
 1e-07 1 1 0
1  351 0 0 2.502393
0

0101000
+500 0 -498 0 *
Ve
1e-07
-59.956174 5.078915 0
0 0

0101101
*
Ed
 1e-07 1 1 0
1  352 0 0 15.844454
0

0101000
+498 0 -496 0 *
Ve
1e-07
-59.956174 8.04237 0
0 0

0101101
*
Ed
 1e-07 1 1 0
1  353 0 0 2.963455
0

0101000
+496 0 -494 0 *
Ve
1e-07
-61.956174 8.04237 0
0 0

0101101
*
Ed
 1e-07 1 1 0
1  354 0 0 2
0

0101000
+494 0 -492 0 *
Ve
1e-07
-61.956174 4.186373 0
0 0

0101101
*
Ed
 1e-07 1 1 0
1  355 0 0 3.855997
0

0101000
+492 0 -490 0 *
Ve
1e-07
-69.931382 4.395904 0
0 0

0101101
*
Ed
 1e-07 1 1 0
1  356 0 0 7.97796000762256
0

0101000
+490 0 -488 0 *
Ve
1e-07
-69.931382 54.969482 0
0 0

0101101
*
Ed
 1e-07 1 1 0
1  357 0 0 50.573578
0

0101000
+488 0 -486 0 *
Ve
1e-07
-61.956174 54.969482 0
0 0

0101101
*
Ed
 1e-07 1 1 0
1  358 0 0 7.975208
0

0101000
+486 0 -484 0 *
Ve
1e-07
-61.956174 52.958091 0
0 0

0101101
*
Ed
 1e-07 1 1 0
1  359 0 0 2.011391
0

0101000
+484 0 -482 0 *
Ve
1e-07
-59.956174 52.958091 0
0 0

0101101
*
Ed
 1e-07 1 1 0
1  360 0 0 2
0

0101000
+482 0 -480 0 *
Ve
1e-07
-59.956174 61.324154 0
0 0

0101101
*
Ed
 1e-07 1 1 0
1  361 0 0 8.366063
0

0101000
+480 0 -478 0 *
Ve
1e-07
-57.315048 61.324154 0
0 0

0101101
*
Ed
 1e-07 1 1 0
1  362 0 0 2.641126
0

0101000
+478 0 -476 0 *
Ve
1e-07
-57.315048 63.324154 0
0 0

0101101
*
Ed
 1e-07 1 1 0
1  363 0 0 2
0

0101000
+476 0 -474 0 *
Ve
1e-07
-61.956174 63.324154 0
0 0

0101101
*
Ed
 1e-07 1 1 0
1  364 0 0 4.641126
0

0101000
+474 0 -472 0 *
Ve
1e-07
-61.956174 71.417217 0
0 0

0101101
*
Ed
 1e-07 1 1 0
1  365 0 0 8.09306299999999
0

0101000
+472 0 -470 0 *
Ve
1e-07
-29.692257 71.417217 0
0 0

0101101
*
Ed
 1e-07 1 1 0
1  366 0 0 32.263917
0

0101000
+470 0 -468 0 *
Ve
1e-07
-29.692257 63.324154 0
0 0

0101101
*
Ed
 1e-07 1 1 0
1  367 0 0 8.09306299999999
0

0101000
+468 0 -466 0 *
Ve
1e-07
-32.083445 63.324154 0
0 0

0101101
*
Ed
 1e-07 1 1 0
1  368 0 0 2.391188
0

0101000
+466 0 -464 0 *
Ve
1e-07
-32.083445 61.324154 0
0 0

0101101
*
Ed
 1e-07 1 1 0
1  369 0 0 2
0

0101000
+464 0 -462 0 *
Ve
1e-07
-30.235728 61.324154 0
0 0

0101101
*
Ed
 1e-07 1 1 0
1  370 0 0 1.847717
0

0101000
+462 0 -460 0 *
Ve
1e-07
-30.235728 46.984286 0
0 0

0101101
*
Ed
 1e-07 1 1 0
1  371 0 0 14.339868
0

0101000
+460 0 -458 0 *
Ve
1e-07
-33.068167 46.984286 0
0 0

0101101
*
Ed
 1e-07 1 1 0
1  372 0 0 2.832439
0

0101000
+458 0 -456 0 *
Ve
1e-07
-33.068167 46.484286 0
0 0

0101101
*
Ed
 1e-07 1 1 0
1  373 0 0 0.5
0

0101000
+456 0 -454 0 *
Ve
1e-07
-27.027477 46.484286 0
0 0

0101101
*
Ed
 1e-07 1 1 0
1  374 0 0 6.04069
0

0101000
+454 0 -452 0 *
Ve
1e-07
-27.027477 46.984286 0
0 0

0101101
*
Ed
 1e-07 1 1 0
1  375 0 0 0.5
0

0101000
+452 0 -450 0 *
Ve
1e-07
-29.735728 46.984286 0
0 0

0101101
*
Ed
 1e-07 1 1 0
1  376 0 0 2.708251
0

0101000
+450 0 -448 0 *
Ve
1e-07
-29.735728 61.324154 0
0 0

0101101
*
Ed
 1e-07 1 1 0
1  377 0 0 14.339868
0

0101000
+448 0 -446 0 *
Ve
1e-07
-27.878805 61.324154 0
0 0

0101101
*
Ed
 1e-07 1 1 0
1  378 0 0 1.856923
0

0101000
+446 0 -444 0 *
Ve
1e-07
-27.878805 63.324154 0
0 0

0101101
*
Ed
 1e-07 1 1 0
1  379 0 0 2
0

0101000
+444 0 -442 0 *
Ve
1e-07
-22.066338 63.324154 0
0 0

0101101
*
Ed
 1e-07 1 1 0
1  380 0 0 5.812467
0

0101000
+442 0 -440 0 *
Ve
1e-07
-22.066338 61.324154 0
0 0

0101101
*
Ed
 1e-07 1 1 0
1  381 0 0 2
0

0101000
+440 0 -438 0 *
Ve
1e-07
-18.968111 61.324154 0
0 0

0101101
*
Ed
 1e-07 1 1 0
1  382 0 0 3.098227
0

0101000
+438 0 -436 0 *
Ve
1e-07
-18.968111 46.984286 0
0 0

0101101
*
Ed
 1e-07 1 1 0
1  383 0 0 14.339868
0

0101000
+436 0 -434 0 *
Ve
1e-07
-23.777477 46.984286 0
0 0

0101101
*
Ed
 1e-07 1 1 0
1  384 0 0 4.809366
0

0101000
+434 0 -432 0 *
Ve
1e-07
-23.777477 46.484286 0
0 0

0101101
*
Ed
 1e-07 1 1 0
1  385 0 0 0.5
0

0101000
+432 0 -430 0 *
Ve
1e-07
-16.208881 46.484286 0
0 0

0101101
*
Ed
 1e-07 1 1 0
1  386 0 0 7.568596
0

0101000
+430 0 -428 0 *
Ve
1e-07
-16.208881 46.984286 0
0 0

0101101
*
Ed
 1e-07 1 1 0
1  387 0 0 0.5
0

0101000
+428 0 -426 0 *
Ve
1e-07
-18.468111 46.984286 0
0 0

0101101
*
Ed
 1e-07 1 1 0
1  388 0 0 2.25923
0

0101000
+426 0 -424 0 *
Ve
1e-07
-18.468111 61.324154 0
0 0

0101101
*
Ed
 1e-07 1 1 0
1  389 0 0 14.339868
0

0101000
+424 0 -422 0 *
Ve
1e-07
-15.850365 61.324154 0
0 0

0101101
*
Ed
 1e-07 1 1 0
1  390 0 0 2.617746
0

0101000
+422 0 -420 0 *
Ve
1e-07
-15.850365 63.324154 0
0 0

0101101
*
Ed
 1e-07 1 1 0
1  391 0 0 2
0

0101000
+420 0 -418 0 *
Ve
1e-07
-9.063512 63.324154 0
0 0

0101101
*
Ed
 1e-07 1 1 0
1  392 0 0 6.786853
0

0101000
+418 0 -416 0 *
Ve
1e-07
-9.063512 61.324154 0
0 0

0101101
*
Ed
 1e-07 1 1 0
1  393 0 0 2
0

0101000
+416 0 -414 0 *
Ve
1e-07
-5.347586 61.324154 0
0 0

0101101
*
Ed
 1e-07 1 1 0
1  394 0 0 3.715926
0

0101000
+414 0 -412 0 *
Ve
1e-07
-5.347586 41.13083 0
0 0

0101101
*
Ed
 1e-07 1 1 0
1  395 0 0 20.193324
0

0101000
+412 0 -410 0 *
Ve
1e-07
-16.208881 41.13083 0
0 0

0101101
*
Ed
 1e-07 1 1 0
1  396 0 0 10.861295
0

0101000
+410 0 -408 0 *
Ve
1e-07
-16.208881 43.234286 0
0 0

0101101
*
Ed
 1e-07 1 1 0
1  397 0 0 2.10345599999999
0

0101000
+408 0 -406 0 *
Ve
1e-07
-16.708881 43.234286 0
0 0

0101101
*
Ed
 1e-07 1 1 0
1  398 0 0 0.5
0

0101000
+406 0 -404 0 *
Ve
1e-07
-16.708881 36.784328 0
0 0

0101101
*
Ed
 1e-07 1 1 0
1  399 0 0 6.449958
0

0101000
+404 0 -402 0 *
Ve
1e-07
-16.208881 36.784328 0
0 0

0101101
*
Ed
 1e-07 1 1 0
1  400 0 0 0.5
0

0101000
+402 0 -400 0 *
Ve
1e-07
-16.208881 40.13083 0
0 0

0101101
*
Ed
 1e-07 1 1 0
1  401 0 0 3.346502
0

0101000
+400 0 -398 0 *
Ve
1e-07
-12.61798 40.13083 0
0 0

0101101
*
Ed
 1e-07 1 1 0
1  402 0 0 3.590901
0

0101000
+398 0 -396 0 *
Ve
1e-07
-12.61798 37.260249 0
0 0

0101101
*
Ed
 1e-07 1 1 0
1  403 0 0 2.870581
0

0101000
+396 0 -394 0 *
Ve
1e-07
-12.124275 37.260249 0
0 0

0101101
*
Ed
 1e-07 1 1 0
1  404 0 0 0.493704999999999
0

0101000
+394 0 -392 0 *
Ve
1e-07
-12.124275 40.13083 0
0 0

0101101
*
Ed
 1e-07 1 1 0
1  405 0 0 2.870581
0

0101000
+392 0 -390 0 *
Ve
1e-07
-5.347586 40.13083 0
0 0

0101101
*
Ed
 1e-07 1 1 0
1  406 0 0 6.776689
0

0101000
+390 0 -388 0 *
Ve
1e-07
-5.347586 30.617838 0
0 0

0101101
*
Ed
 1e-07 1 1 0
1  407 0 0 9.512992
0

0101000
+388 0 -386 0 *
Ve
1e-07
-16.208881 30.617838 0
0 0

0101101
*
Ed
 1e-07 1 1 0
1  408 0 0 10.861295
0

0101000
+386 0 -384 0 *
Ve
1e-07
-16.208881 33.534328 0
0 0

0101101
*
Ed
 1e-07 1 1 0
1  409 0 0 2.91649
0

0101000
+384 0 -382 0 *
Ve
1e-07
-16.708881 33.534328 0
0 0

0101101
*
Ed
 1e-07 1 1 0
1  410 0 0 0.5
0

0101000
+382 0 -380 0 *
Ve
1e-07
-16.708881 30.617838 0
0 0

0101101
*
Ed
 1e-07 1 1 0
1  411 0 0 2.91649
0

0101000
+380 0 -378 0 *
Ve
1e-07
-17.326399 30.617838 0
0 0

0101101
*
Ed
 1e-07 1 1 0
1  412 0 0 0.617517999999997
0

0101000
+378 0 -376 0 *
Ve
1e-07
-17.326399 29.617838 0
0 0

0101101
*
Ed
 1e-07 1 1 0
1  413 0 0 1
0

0101000
+376 0 -374 0 *
Ve
1e-07
21.573977 29.617838 0
0 0

0101101
*
Ed
 1e-07 1 1 0
1  414 0 0 38.900376
0

0101000
+374 0 -372 0 *
Ve
1e-07
21.573977 30.617838 0
0 0

0101101
*
Ed
 1e-07 1 1 0
1  415 0 0 1
0

0101000
+372 0 -370 0 *
Ve
1e-07
6.999351 30.617838 0
0 0

0101101
*
Ed
 1e-07 1 1 0
1  416 0 0 14.574626
0

0101000
+370 0 -368 0 *
Ve
1e-07
6.999351 33.625157 0
0 0

0101101
*
Ed
 1e-07 1 1 0
1  417 0 0 3.007319
0

0101000
+368 0 -366 0 *
Ve
1e-07
6.499351 33.625157 0
0 0

0101101
*
Ed
 1e-07 1 1 0
1  418 0 0 0.5
0

0101000
+366 0 -364 0 *
Ve
1e-07
6.499351 30.617838 0
0 0

0101101
*
Ed
 1e-07 1 1 0
1  419 0 0 3.007319
0

0101000
+364 0 -362 0 *
Ve
1e-07
-4.347586 30.617838 0
0 0

0101101
*
Ed
 1e-07 1 1 0
1  420 0 0 10.846937
0

0101000
+362 0 -360 0 *
Ve
1e-07
-4.347586 40.13083 0
0 0

0101101
*
Ed
 1e-07 1 1 0
1  421 0 0 9.512992
0

0101000
+360 0 -358 0 *
Ve
1e-07
-1.095863 40.13083 0
0 0

0101101
*
Ed
 1e-07 1 1 0
1  422 0 0 3.251723
0

0101000
+358 0 -356 0 *
Ve
1e-07
-1.095863 37.260249 0
0 0

0101101
*
Ed
 1e-07 1 1 0
1  423 0 0 2.870581
0

0101000
+356 0 -354 0 *
Ve
1e-07
-0.612682 37.260249 0
0 0

0101101
*
Ed
 1e-07 1 1 0
1  424 0 0 0.483181
0

0101000
+354 0 -352 0 *
Ve
1e-07
-0.612682 40.13083 0
0 0

0101101
*
Ed
 1e-07 1 1 0
1  425 0 0 2.870581
0

0101000
+352 0 -350 0 *
Ve
1e-07
6.499351 40.13083 0
0 0

0101101
*
Ed
 1e-07 1 1 0
1  426 0 0 7.112033
0

0101000
+350 0 -348 0 *
Ve
1e-07
6.499351 36.875157 0
0 0

0101101
*
Ed
 1e-07 1 1 0
1  427 0 0 3.255673
0

0101000
+348 0 -346 0 *
Ve
1e-07
6.999351 36.875157 0
0 0

0101101
*
Ed
 1e-07 1 1 0
1  428 0 0 0.5
0

0101000
+346 0 -344 0 *
Ve
1e-07
6.999351 43.037759 0
0 0

0101101
*
Ed
 1e-07 1 1 0
1  429 0 0 6.162602
0

0101000
+344 0 -342 0 *
Ve
1e-07
6.499351 43.037759 0
0 0

0101101
*
Ed
 1e-07 1 1 0
1  430 0 0 0.5
0

0101000
+342 0 -340 0 *
Ve
1e-07
6.499351 41.13083 0
0 0

0101101
*
Ed
 1e-07 1 1 0
1  431 0 0 1.906929
0

0101000
+340 0 -338 0 *
Ve
1e-07
-4.347586 41.13083 0
0 0

0101101
*
Ed
 1e-07 1 1 0
1  432 0 0 10.846937
0

0101000
+338 0 -336 0 *
Ve
1e-07
-4.347586 61.324154 0
0 0

0101101
*
Ed
 1e-07 1 1 0
1  433 0 0 20.193324
0

0101000
+336 0 -334 0 *
Ve
1e-07
-1.921601 61.324154 0
0 0

0101101
*
Ed
 1e-07 1 1 0
1  434 0 0 2.425985
0

0101000
+334 0 -332 0 *
Ve
1e-07
-1.921601 63.324154 0
0 0

0101101
*
Ed
 1e-07 1 1 0
1  435 0 0 2
0

0101000
+332 0 -330 0 *
Ve
1e-07
-5.437318 63.324154 0
0 0

0101101
*
Ed
 1e-07 1 1 0
1  436 0 0 3.515717
0

0101000
+330 0 -328 0 *
Ve
1e-07
-5.437318 71.416497 0
0 0

0101101
*
Ed
 1e-07 1 1 0
1  437 0 0 8.09234300000001
0

0101000
+328 0 -326 0 *
Ve
1e-07
26.679545 71.416497 0
0 0

0101101
*
Ed
 1e-07 1 1 0
1  438 0 0 32.116863
0

0101000
+326 0 -324 0 *
Ve
1e-07
26.679545 63.324154 0
0 0

0101101
*
Ed
 1e-07 1 1 0
1  439 0 0 8.09234300000001
0

0101000
+324 0 -322 0 *
Ve
1e-07
24.293378 63.324154 0
0 0

0101101
*
Ed
 1e-07 1 1 0
1  440 0 0 2.386167
0

0101000
+322 0 -320 0 *
Ve
1e-07
24.293378 61.324154 0
0 0

0101101
*
Ed
 1e-07 1 1 0
1  441 0 0 2
0

0101000
+320 0 -318 0 *
Ve
1e-07
26.245328 61.324154 0
0 0

0101101
*
Ed
 1e-07 1 1 0
1  442 0 0 1.95195
0

0101000
+318 0 -316 0 *
Ve
1e-07
26.245328 58.7247 0
0 0

0101101
*
Ed
 1e-07 1 1 0
1  443 0 0 2.599454
0

0101000
+316 0 -314 0 *
Ve
1e-07
26.745328 58.7247 0
0 0

0101101
*
Ed
 1e-07 1 1 0
1  444 0 0 0.5
0

0101000
+314 0 -312 0 *
Ve
1e-07
26.745328 61.324154 0
0 0

0101101
*
Ed
 1e-07 1 1 0
1  445 0 0 2.599454
0

0101000
+312 0 -310 0 *
Ed
 1e-07 1 1 0
1  446 0 0 6.660217
0

0101000
+310 0 -1199 0 *
Wi

0101100
+1197 0 +1195 0 +1193 0 +1191 0 +1189 0 +1187 0 +1185 0 +1183 0 +1181 0 +1179 0 
+1177 0 +1175 0 +1173 0 +1171 0 +1169 0 +1167 0 +1165 0 +1163 0 +1161 0 +1159 0 
+1157 0 +1155 0 +1153 0 +1151 0 +1149 0 +1147 0 +1145 0 +1143 0 +1141 0 +1139 0 
+1137 0 +1135 0 +1133 0 +1131 0 +1129 0 +1127 0 +1125 0 +1123 0 +1121 0 +1119 0 
+1117 0 +1115 0 +1113 0 +1111 0 +1109 0 +1107 0 +1105 0 +1103 0 +1101 0 +1099 0 
+1097 0 +1095 0 +1093 0 +1091 0 +1089 0 +1087 0 +1085 0 +1083 0 +1081 0 +1079 0 
+1077 0 +1075 0 +1073 0 +1071 0 +1069 0 +1067 0 +1065 0 +1063 0 +1061 0 +1059 0 
+1057 0 +1055 0 +1053 0 +1051 0 +1049 0 +1047 0 +1045 0 +1043 0 +1041 0 +1039 0 
+1037 0 +1035 0 +1033 0 +1031 0 +1029 0 +1027 0 +1025 0 +1023 0 +1021 0 +1019 0 
+1017 0 +1015 0 +1013 0 +1011 0 +1009 0 +1007 0 +1005 0 +1003 0 +1001 0 +999 0 
+997 0 +995 0 +993 0 +991 0 +989 0 +987 0 +985 0 +983 0 +981 0 +979 0 
+977 0 +975 0 +973 0 +971 0 +969 0 +967 0 +965 0 +963 0 +961 0 +959 0 
+957 0 +955 0 +953 0 +951 0 +949 0 +947 0 +945 0 +943 0 +941 0 +939 0 
+937 0 +935 0 +933 0 +931 0 +929 0 +927 0 +925 0 +923 0 +921 0 +919 0 
+917 0 +915 0 +913 0 +911 0 +909 0 +907 0 +905 0 +903 0 +901 0 +899 0 
+897 0 +895 0 +893 0 +891 0 +889 0 +887 0 +885 0 +883 0 +881 0 +879 0 
+877 0 +875 0 +873 0 +871 0 +869 0 +867 0 +865 0 +863 0 +861 0 +859 0 
+857 0 +855 0 +853 0 +851 0 +849 0 +847 0 +845 0 +843 0 +841 0 +839 0 
+837 0 +835 0 +833 0 +831 0 +829 0 +827 0 +825 0 +823 0 +821 0 +819 0 
+817 0 +815 0 +813 0 +811 0 +809 0 +807 0 +805 0 +803 0 +801 0 +799 0 
+797 0 +795 0 +793 0 +791 0 +789 0 +787 0 +785 0 +783 0 +781 0 +779 0 
+777 0 +775 0 +773 0 +771 0 +769 0 +767 0 +765 0 +763 0 +761 0 +759 0 
+757 0 +755 0 +753 0 +751 0 +749 0 +747 0 +745 0 +743 0 +741 0 +739 0 
+737 0 +735 0 +733 0 +731 0 +729 0 +727 0 +725 0 +723 0 +721 0 +719 0 
+717 0 +715 0 +713 0 +711 0 +709 0 +707 0 +705 0 +703 0 +701 0 +699 0 
+697 0 +695 0 +693 0 +691 0 +689 0 +687 0 +685 0 +683 0 +681 0 +679 0 
+677 0 +675 0 +673 0 +671 0 +669 0 +667 0 +665 0 +663 0 +661 0 +659 0 
+657 0 +655 0 +653 0 +651 0 +649 0 +647 0 +645 0 +643 0 +641 0 +639 0 
+637 0 +635 0 +633 0 +631 0 +629 0 +627 0 +625 0 +623 0 +621 0 +619 0 
+617 0 +615 0 +613 0 +611 0 +609 0 +607 0 +605 0 +603 0 +601 0 +599 0 
+597 0 +595 0 +593 0 +591 0 +589 0 +587 0 +585 0 +583 0 +581 0 +579 0 
+577 0 +575 0 +573 0 +571 0 +569 0 +567 0 +565 0 +563 0 +561 0 +559 0 
+557 0 +555 0 +553 0 +551 0 +549 0 +547 0 +545 0 +543 0 +541 0 +539 0 
+537 0 +535 0 +533 0 +531 0 +529 0 +527 0 +525 0 +523 0 +521 0 +519 0 
+517 0 +515 0 +513 0 +511 0 +509 0 +507 0 +505 0 +503 0 +501 0 +499 0 
+497 0 +495 0 +493 0 +491 0 +489 0 +487 0 +485 0 +483 0 +481 0 +479 0 
+477 0 +475 0 +473 0 +471 0 +469 0 +467 0 +465 0 +463 0 +461 0 +459 0 
+457 0 +455 0 +453 0 +451 0 +449 0 +447 0 +445 0 +443 0 +441 0 +439 0 
+437 0 +435 0 +433 0 +431 0 +429 0 +427 0 +425 0 +423 0 +421 0 +419 0 
+417 0 +415 0 +413 0 +411 0 +409 0 +407 0 +405 0 +403 0 +401 0 +399 0 
+397 0 +395 0 +393 0 +391 0 +389 0 +387 0 +385 0 +383 0 +381 0 +379 0 
+377 0 +375 0 +373 0 +371 0 +369 0 +367 0 +365 0 +363 0 +361 0 +359 0 
+357 0 +355 0 +353 0 +351 0 +349 0 +347 0 +345 0 +343 0 +341 0 +339 0 
+337 0 +335 0 +333 0 +331 0 +329 0 +327 0 +325 0 +323 0 +321 0 +319 0 
+317 0 +315 0 +313 0 +311 0 +309 0 +308 0 *
Ve
1e-07
16.912452 41.141248 0
0 0

0101101
*
Ve
1e-07
16.912452 40.24463 0
0 0

0101101
*
Ed
 1e-07 1 1 0
1  447 0 0 0.896617999999997
2  1 2 0 0 0.896617999999997
2  2 3 0 0 0.896617999999997
0

0101000
+306 0 -305 0 *
Ve
1e-07
20.964581 40.24463 0
0 0

0101101
*
Ed
 1e-07 1 1 0
1  448 0 0 4.052129
2  3 2 0 0 4.052129
2  4 3 0 0 4.052129
0

0101000
+305 0 -303 0 *
Ve
1e-07
20.964581 41.141248 0
0 0

0101101
*
Ed
 1e-07 1 1 0
1  449 0 0 0.896617999999997
2  5 2 0 0 0.896617999999997
2  6 3 0 0 0.896617999999997
0

0101000
+303 0 -301 0 *
Ed
 1e-07 1 1 0
1  450 0 0 4.052129
2  7 2 0 0 4.052129
2  8 3 0 0 4.052129
0

0101000
+301 0 -306 0 *
Wi

0101100
+304 0 +302 0 +300 0 +299 0 *
Ve
1e-07
-26.248174 37.403226 0
0 0

0101101
*
Ve
1e-07
-26.248174 41.295061 0
0 0

0101101
*
Ed
 1e-07 1 1 0
1  451 0 0 3.891835
2  9 4 0 0 3.891835
2  10 5 0 0 3.891835
0

0101000
+297 0 -296 0 *
Ve
1e-07
-24.106673 41.295061 0
0 0

0101101
*
Ed
 1e-07 1 1 0
1  452 0 0 2.141501
2  11 4 0 0 2.141501
2  12 5 0 0 2.141501
0

0101000
+296 0 -294 0 *
Ve
1e-07
-24.106673 41.722634 0
0 0

0101101
*
Ed
 1e-07 1 1 0
1  453 0 0 0.427573000000002
2  13 4 0 0 0.427573000000002
2  14 5 0 0 0.427573000000002
0

0101000
+294 0 -292 0 *
Ve
1e-07
-28.048107 41.723524 0
0 0

0101101
*
Ed
 1e-07 1 1 0
1  454 0 0 3.94143410048373
2  15 4 0 0 3.94143410048373
2  16 5 0 0 3.94143410048373
0

0101000
+292 0 -290 0 *
Ve
1e-07
-28.048107 41.295061 0
0 0

0101101
*
Ed
 1e-07 1 1 0
1  455 0 0 0.428463000000001
2  17 4 0 0 0.428463000000001
2  18 5 0 0 0.428463000000001
0

0101000
+290 0 -288 0 *
Ve
1e-07
-26.757051 41.295061 0
0 0

0101101
*
Ed
 1e-07 1 1 0
1  456 0 0 1.291056
2  19 4 0 0 1.291056
2  20 5 0 0 1.291056
0

0101000
+288 0 -286 0 *
Ve
1e-07
-26.757051 37.403226 0
0 0

0101101
*
Ed
 1e-07 1 1 0
1  457 0 0 3.891835
2  21 4 0 0 3.891835
2  22 5 0 0 3.891835
0

0101000
+286 0 -284 0 *
Ve
1e-07
-34.055701 37.403226 0
0 0

0101101
*
Ed
 1e-07 1 1 0
1  458 0 0 7.29865
2  23 4 0 0 7.29865
2  24 5 0 0 7.29865
0

0101000
+284 0 -282 0 *
Ve
1e-07
-34.055701 41.295061 0
0 0

0101101
*
Ed
 1e-07 1 1 0
1  459 0 0 3.891835
2  25 4 0 0 3.891835
2  26 5 0 0 3.891835
0

0101000
+282 0 -280 0 *
Ve
1e-07
-31.298107 41.295061 0
0 0

0101101
*
Ed
 1e-07 1 1 0
1  460 0 0 2.757594
2  27 4 0 0 2.757594
2  28 5 0 0 2.757594
0

0101000
+280 0 -278 0 *
Ve
1e-07
-31.298107 41.723524 0
0 0

0101101
*
Ed
 1e-07 1 1 0
1  461 0 0 0.428463000000001
2  29 4 0 0 0.428463000000001
2  30 5 0 0 0.428463000000001
0

0101000
+278 0 -276 0 *
Ve
1e-07
-38.860311 41.722634 0
0 0

0101101
*
Ed
 1e-07 1 1 0
1  462 0 0 7.5622040523723
2  31 4 0 0 7.5622040523723
2  32 5 0 0 7.5622040523723
0

0101000
+276 0 -274 0 *
Ve
1e-07
-38.860311 37.027295 0
0 0

0101101
*
Ed
 1e-07 1 1 0
1  463 0 0 4.695339
2  33 4 0 0 4.695339
2  34 5 0 0 4.695339
0

0101000
+274 0 -272 0 *
Ve
1e-07
-24.106673 37.027295 0
0 0

0101101
*
Ed
 1e-07 1 1 0
1  464 0 0 14.753638
2  35 4 0 0 14.753638
2  36 5 0 0 14.753638
0

0101000
+272 0 -270 0 *
Ve
1e-07
-24.106673 37.403226 0
0 0

0101101
*
Ed
 1e-07 1 1 0
1  465 0 0 0.375930999999994
2  37 4 0 0 0.375930999999994
2  38 5 0 0 0.375930999999994
0

0101000
+270 0 -268 0 *
Ed
 1e-07 1 1 0
1  466 0 0 2.141501
2  39 4 0 0 2.141501
2  40 5 0 0 2.141501
0

0101000
+268 0 -297 0 *
Wi

0101100
+295 0 +293 0 +291 0 +289 0 +287 0 +285 0 +283 0 +281 0 +279 0 +277 0 
+275 0 +273 0 +271 0 +269 0 +267 0 +266 0 *
Ve
1e-07
78.69428 41.127997 0
0 0

0101101
*
Ve
1e-07
78.69428 37.057227 0
0 0

0101101
*
Ed
 1e-07 1 1 0
1  467 0 0 4.07077
2  41 6 0 0 4.07077
2  42 7 0 0 4.07077
0

0101000
+264 0 -263 0 *
Ve
1e-07
79.188003 37.057227 0
0 0

0101101
*
Ed
 1e-07 1 1 0
1  468 0 0 0.493722999999989
2  43 6 0 0 0.493722999999989
2  44 7 0 0 0.493722999999989
0

0101000
+263 0 -261 0 *
Ve
1e-07
79.188003 40.627997 0
0 0

0101101
*
Ed
 1e-07 1 1 0
1  469 0 0 3.57077
2  45 6 0 0 3.57077
2  46 7 0 0 3.57077
0

0101000
+261 0 -259 0 *
Ve
1e-07
90.555031 40.627997 0
0 0

0101101
*
Ed
 1e-07 1 1 0
1  470 0 0 11.367028
2  47 6 0 0 11.367028
2  48 7 0 0 11.367028
0

0101000
+259 0 -257 0 *
Ve
1e-07
90.555031 38.225344 0
0 0

0101101
*
Ed
 1e-07 1 1 0
1  471 0 0 2.402653
2  49 6 0 0 2.402653
2  50 7 0 0 2.402653
0

0101000
+257 0 -255 0 *
Ve
1e-07
86.609978 38.225344 0
0 0

0101101
*
Ed
 1e-07 1 1 0
1  472 0 0 3.945053
2  51 6 0 0 3.945053
2  52 7 0 0 3.945053
0

0101000
+255 0 -253 0 *
Ve
1e-07
86.609978 37.759749 0
0 0

0101101
*
Ed
 1e-07 1 1 0
1  473 0 0 0.465595
2  53 6 0 0 0.465595
2  54 7 0 0 0.465595
0

0101000
+253 0 -251 0 *
Ve
1e-07
90.555031 37.759749 0
0 0

0101101
*
Ed
 1e-07 1 1 0
1  474 0 0 3.945053
2  55 6 0 0 3.945053
2  56 7 0 0 3.945053
0

0101000
+251 0 -249 0 *
Ve
1e-07
90.555031 37.040403 0
0 0

0101101
*
Ed
 1e-07 1 1 0
1  475 0 0 0.719346000000002
2  57 6 0 0 0.719346000000002
2  58 7 0 0 0.719346000000002
0

0101000
+249 0 -247 0 *
Ve
1e-07
91.555031 37.040403 0
0 0

0101101
*
Ed
 1e-07 1 1 0
1  476 0 0 1
2  59 6 0 0 1
2  60 7 0 0 1
0

0101000
+247 0 -245 0 *
Ve
1e-07
91.555031 41.127997 0
0 0

0101101
*
Ed
 1e-07 1 1 0
1  477 0 0 4.087594
2  61 6 0 0 4.087594
2  62 7 0 0 4.087594
0

0101000
+245 0 -243 0 *
Ed
 1e-07 1 1 0
1  478 0 0 12.860751
2  63 6 0 0 12.860751
2  64 7 0 0 12.860751
0

0101000
+243 0 -264 0 *
Wi

0101100
+262 0 +260 0 +258 0 +256 0 +254 0 +252 0 +250 0 +248 0 +246 0 +244 0 
+242 0 +241 0 *
Ve
1e-07
-59.956174 37.38612 0
0 0

0101101
*
Ve
1e-07
-59.956174 42.62635 0
0 0

0101101
*
Ed
 1e-07 1 1 0
1  479 0 0 5.24023
2  65 8 0 0 5.24023
2  66 9 0 0 5.24023
0

0101000
+239 0 -238 0 *
Ve
1e-07
-61.956174 42.62635 0
0 0

0101101
*
Ed
 1e-07 1 1 0
1  480 0 0 2
2  67 8 0 0 2
2  68 9 0 0 2
0

0101000
+238 0 -236 0 *
Ve
1e-07
-61.956174 37.38612 0
0 0

0101101
*
Ed
 1e-07 1 1 0
1  481 0 0 5.24023
2  69 8 0 0 5.24023
2  70 9 0 0 5.24023
0

0101000
+236 0 -234 0 *
Ed
 1e-07 1 1 0
1  482 0 0 2
2  71 8 0 0 2
2  72 9 0 0 2
0

0101000
+234 0 -239 0 *
Wi

0101100
+237 0 +235 0 +233 0 +232 0 *
Ve
1e-07
-61.956174 25.364606 0
0 0

0101101
*
Ve
1e-07
-59.956174 25.364606 0
0 0

0101101
*
Ed
 1e-07 1 1 0
1  483 0 0 2
2  73 10 0 0 2
2  74 11 0 0 2
0

0101000
+230 0 -229 0 *
Ve
1e-07
-59.956174 29.617838 0
0 0

0101101
*
Ed
 1e-07 1 1 0
1  484 0 0 4.253232
2  75 10 0 0 4.253232
2  76 11 0 0 4.253232
0

0101000
+229 0 -227 0 *
Ve
1e-07
-44.11172 29.617838 0
0 0

0101101
*
Ed
 1e-07 1 1 0
1  485 0 0 15.844454
2  77 10 0 0 15.844454
2  78 11 0 0 15.844454
0

0101000
+227 0 -225 0 *
Ve
1e-07
-44.111457 22.67891 0
0 0

0101101
*
Ed
 1e-07 1 1 0
1  486 0 0 6.93892800498413
2  79 10 0 0 6.93892800498413
2  80 11 0 0 6.93892800498413
0

0101000
+225 0 -223 0 *
Ve
1e-07
-43.61172 22.67891 0
0 0

0101101
*
Ed
 1e-07 1 1 0
1  487 0 0 0.499737000000003
2  81 10 0 0 0.499737000000003
2  82 11 0 0 0.499737000000003
0

0101000
+223 0 -221 0 *
Ve
1e-07
-43.61172 29.617838 0
0 0

0101101
*
Ed
 1e-07 1 1 0
1  488 0 0 6.938928
2  83 10 0 0 6.938928
2  84 11 0 0 6.938928
0

0101000
+221 0 -219 0 *
Ve
1e-07
-24.46346 29.617838 0
0 0

0101101
*
Ed
 1e-07 1 1 0
1  489 0 0 19.14826
2  85 10 0 0 19.14826
2  86 11 0 0 19.14826
0

0101000
+219 0 -217 0 *
Ve
1e-07
-24.46346 25.682001 0
0 0

0101101
*
Ed
 1e-07 1 1 0
1  490 0 0 3.935837
2  87 10 0 0 3.935837
2  88 11 0 0 3.935837
0

0101000
+217 0 -215 0 *
Ve
1e-07
-23.375489 25.682001 0
0 0

0101101
*
Ed
 1e-07 1 1 0
1  491 0 0 1.087971
2  89 10 0 0 1.087971
2  90 11 0 0 1.087971
0

0101000
+215 0 -213 0 *
Ve
1e-07
-23.375489 29.617838 0
0 0

0101101
*
Ed
 1e-07 1 1 0
1  492 0 0 3.935837
2  91 10 0 0 3.935837
2  92 11 0 0 3.935837
0

0101000
+213 0 -211 0 *
Ve
1e-07
-21.326399 29.617838 0
0 0

0101101
*
Ed
 1e-07 1 1 0
1  493 0 0 2.04909
2  93 10 0 0 2.04909
2  94 11 0 0 2.04909
0

0101000
+211 0 -209 0 *
Ve
1e-07
-21.326399 30.617838 0
0 0

0101101
*
Ed
 1e-07 1 1 0
1  494 0 0 1
2  95 10 0 0 1
2  96 11 0 0 1
0

0101000
+209 0 -207 0 *
Ve
1e-07
-24.059987 30.617838 0
0 0

0101101
*
Ed
 1e-07 1 1 0
1  495 0 0 2.733588
2  97 10 0 0 2.733588
2  98 11 0 0 2.733588
0

0101000
+207 0 -205 0 *
Ve
1e-07
-24.059987 32.986856 0
0 0

0101101
*
Ed
 1e-07 1 1 0
1  496 0 0 2.369018
2  99 10 0 0 2.369018
2  100 11 0 0 2.369018
0

0101000
+205 0 -203 0 *
Ve
1e-07
-24.46346 32.986856 0
0 0

0101101
*
Ed
 1e-07 1 1 0
1  497 0 0 0.403473000000002
2  101 10 0 0 0.403473000000002
2  102 11 0 0 0.403473000000002
0

0101000
+203 0 -201 0 *
Ve
1e-07
-24.46346 30.617838 0
0 0

0101101
*
Ed
 1e-07 1 1 0
1  498 0 0 2.369018
2  103 10 0 0 2.369018
2  104 11 0 0 2.369018
0

0101000
+201 0 -199 0 *
Ve
1e-07
-38.029711 30.617838 0
0 0

0101101
*
Ed
 1e-07 1 1 0
1  499 0 0 13.566251
2  105 10 0 0 13.566251
2  106 11 0 0 13.566251
0

0101000
+199 0 -197 0 *
Ve
1e-07
-38.029711 32.986856 0
0 0

0101101
*
Ed
 1e-07 1 1 0
1  500 0 0 2.369018
2  107 10 0 0 2.369018
2  108 11 0 0 2.369018
0

0101000
+197 0 -195 0 *
Ve
1e-07
-38.864396 32.986856 0
0 0

0101101
*
Ed
 1e-07 1 1 0
1  501 0 0 0.834685
2  109 10 0 0 0.834685
2  110 11 0 0 0.834685
0

0101000
+195 0 -193 0 *
Ve
1e-07
-38.864396 30.617838 0
0 0

0101101
*
Ed
 1e-07 1 1 0
1  502 0 0 2.369018
2  111 10 0 0 2.369018
2  112 11 0 0 2.369018
0

0101000
+193 0 -191 0 *
Ve
1e-07
-59.956174 30.617838 0
0 0

0101101
*
Ed
 1e-07 1 1 0
1  503 0 0 21.091778
2  113 10 0 0 21.091778
2  114 11 0 0 21.091778
0

0101000
+191 0 -189 0 *
Ve
1e-07
-59.956174 32.955177 0
0 0

0101101
*
Ed
 1e-07 1 1 0
1  504 0 0 2.337339
2  115 10 0 0 2.337339
2  116 11 0 0 2.337339
0

0101000
+189 0 -187 0 *
Ve
1e-07
-61.956174 32.955177 0
0 0

0101101
*
Ed
 1e-07 1 1 0
1  505 0 0 2
2  117 10 0 0 2
2  118 11 0 0 2
0

0101000
+187 0 -185 0 *
Ed
 1e-07 1 1 0
1  506 0 0 7.590571
2  119 10 0 0 7.590571
2  120 11 0 0 7.590571
0

0101000
+185 0 -230 0 *
Wi

0101100
+228 0 +226 0 +224 0 +222 0 +220 0 +218 0 +216 0 +214 0 +212 0 +210 0 
+208 0 +206 0 +204 0 +202 0 +200 0 +198 0 +196 0 +194 0 +192 0 +190 0 
+188 0 +186 0 +184 0 +183 0 *
Ve
1e-07
-59.956174 16.694249 0
0 0

0101101
*
Ve
1e-07
-59.956174 20.941535 0
0 0

0101101
*
Ed
 1e-07 1 1 0
1  507 0 0 4.247286
2  121 12 0 0 4.247286
2  122 13 0 0 4.247286
0

0101000
+181 0 -180 0 *
Ve
1e-07
-61.956174 20.941535 0
0 0

0101101
*
Ed
 1e-07 1 1 0
1  508 0 0 2
2  123 12 0 0 2
2  124 13 0 0 2
0

0101000
+180 0 -178 0 *
Ve
1e-07
-61.956174 12.411118 0
0 0

0101101
*
Ed
 1e-07 1 1 0
1  509 0 0 8.530417
2  125 12 0 0 8.530417
2  126 13 0 0 8.530417
0

0101000
+178 0 -176 0 *
Ve
1e-07
-59.956174 12.411118 0
0 0

0101101
*
Ed
 1e-07 1 1 0
1  510 0 0 2
2  127 12 0 0 2
2  128 13 0 0 2
0

0101000
+176 0 -174 0 *
Ve
1e-07
-59.956174 16.194249 0
0 0

0101101
*
Ed
 1e-07 1 1 0
1  511 0 0 3.783131
2  129 12 0 0 3.783131
2  130 13 0 0 3.783131
0

0101000
+174 0 -172 0 *
Ve
1e-07
-44.11172 16.194249 0
0 0

0101101
*
Ed
 1e-07 1 1 0
1  512 0 0 15.844454
2  131 12 0 0 15.844454
2  132 13 0 0 15.844454
0

0101000
+172 0 -170 0 *
Ve
1e-07
-44.11172 10.831308 0
0 0

0101101
*
Ed
 1e-07 1 1 0
1  513 0 0 5.362941
2  133 12 0 0 5.362941
2  134 13 0 0 5.362941
0

0101000
+170 0 -168 0 *
Ve
1e-07
-43.61172 10.831308 0
0 0

0101101
*
Ed
 1e-07 1 1 0
1  514 0 0 0.5
2  135 12 0 0 0.5
2  136 13 0 0 0.5
0

0101000
+168 0 -166 0 *
Ve
1e-07
-43.61172 19.42891 0
0 0

0101101
*
Ed
 1e-07 1 1 0
1  515 0 0 8.597602
2  137 12 0 0 8.597602
2  138 13 0 0 8.597602
0

0101000
+166 0 -164 0 *
Ve
1e-07
-44.111457 19.42891 0
0 0

0101101
*
Ed
 1e-07 1 1 0
1  516 0 0 0.499737000000003
2  139 12 0 0 0.499737000000003
2  140 13 0 0 0.499737000000003
0

0101000
+164 0 -162 0 *
Ve
1e-07
-44.11172 16.694249 0
0 0

0101101
*
Ed
 1e-07 1 1 0
1  517 0 0 2.73466101264672
2  141 12 0 0 2.73466101264672
2  142 13 0 0 2.73466101264672
0

0101000
+162 0 -160 0 *
Ed
 1e-07 1 1 0
1  518 0 0 15.844454
2  143 12 0 0 15.844454
2  144 13 0 0 15.844454
0

0101000
+160 0 -181 0 *
Wi

0101100
+179 0 +177 0 +175 0 +173 0 +171 0 +169 0 +167 0 +165 0 +163 0 +161 0 
+159 0 +158 0 *
Ve
1e-07
114.552015 43.532768 0
0 0

0101101
*
Ve
1e-07
116.552015 43.532768 0
0 0

0101101
*
Ed
 1e-07 1 1 0
1  519 0 0 2
2  145 14 0 0 2
2  146 15 0 0 2
0

0101000
+156 0 -155 0 *
Ve
1e-07
116.552015 47.994278 0
0 0

0101101
*
Ed
 1e-07 1 1 0
1  520 0 0 4.46151
2  147 14 0 0 4.46151
2  148 15 0 0 4.46151
0

0101000
+155 0 -153 0 *
Ve
1e-07
114.552015 47.994278 0
0 0

0101101
*
Ed
 1e-07 1 1 0
1  521 0 0 2
2  149 14 0 0 2
2  150 15 0 0 2
0

0101000
+153 0 -151 0 *
Ve
1e-07
114.552015 47.666413 0
0 0

0101101
*
Ed
 1e-07 1 1 0
1  522 0 0 0.327865000000003
2  151 14 0 0 0.327865000000003
2  152 15 0 0 0.327865000000003
0

0101000
+151 0 -149 0 *
Ve
1e-07
96.302573 47.666413 0
0 0

0101101
*
Ed
 1e-07 1 1 0
1  523 0 0 18.249442
2  153 14 0 0 18.249442
2  154 15 0 0 18.249442
0

0101000
+149 0 -147 0 *
Ve
1e-07
96.302573 47.166413 0
0 0

0101101
*
Ed
 1e-07 1 1 0
1  524 0 0 0.5
2  155 14 0 0 0.5
2  156 15 0 0 0.5
0

0101000
+147 0 -145 0 *
Ve
1e-07
98.681219 47.166413 0
0 0

0101101
*
Ed
 1e-07 1 1 0
1  525 0 0 2.378646
2  157 14 0 0 2.378646
2  158 15 0 0 2.378646
0

0101000
+145 0 -143 0 *
Ve
1e-07
98.681219 39.592644 0
0 0

0101101
*
Ed
 1e-07 1 1 0
1  526 0 0 7.573769
2  159 14 0 0 7.573769
2  160 15 0 0 7.573769
0

0101000
+143 0 -141 0 *
Ve
1e-07
99.181219 39.592644 0
0 0

0101101
*
Ed
 1e-07 1 1 0
1  527 0 0 0.5
2  161 14 0 0 0.5
2  162 15 0 0 0.5
0

0101000
+141 0 -139 0 *
Ve
1e-07
99.181219 47.166413 0
0 0

0101101
*
Ed
 1e-07 1 1 0
1  528 0 0 7.573769
2  163 14 0 0 7.573769
2  164 15 0 0 7.573769
0

0101000
+139 0 -137 0 *
Ve
1e-07
114.552015 47.166413 0
0 0

0101101
*
Ed
 1e-07 1 1 0
1  529 0 0 15.370796
2  165 14 0 0 15.370796
2  166 15 0 0 15.370796
0

0101000
+137 0 -135 0 *
Ed
 1e-07 1 1 0
1  530 0 0 3.633645
2  167 14 0 0 3.633645
2  168 15 0 0 3.633645
0

0101000
+135 0 -156 0 *
Wi

0101100
+154 0 +152 0 +150 0 +148 0 +146 0 +144 0 +142 0 +140 0 +138 0 +136 0 
+134 0 +133 0 *
Ve
1e-07
91.720992 63.324154 0
0 0

0101101
*
Ve
1e-07
91.720992 61.324154 0
0 0

0101101
*
Ed
 1e-07 1 1 0
1  531 0 0 2
2  169 16 0 0 2
2  170 17 0 0 2
0

0101000
+131 0 -130 0 *
Ve
1e-07
107.564129 61.324154 0
0 0

0101101
*
Ed
 1e-07 1 1 0
1  532 0 0 15.843137
2  171 16 0 0 15.843137
2  172 17 0 0 15.843137
0

0101000
+130 0 -128 0 *
Ve
1e-07
107.564129 63.324154 0
0 0

0101101
*
Ed
 1e-07 1 1 0
1  533 0 0 2
2  173 16 0 0 2
2  174 17 0 0 2
0

0101000
+128 0 -126 0 *
Ed
 1e-07 1 1 0
1  534 0 0 15.843137
2  175 16 0 0 15.843137
2  176 17 0 0 15.843137
0

0101000
+126 0 -131 0 *
Wi

0101100
+129 0 +127 0 +125 0 +124 0 *
Ve
1e-07
8.862802 61.324154 0
0 0

0101101
*
Ve
1e-07
8.862802 63.324154 0
0 0

0101101
*
Ed
 1e-07 1 1 0
1  535 0 0 2
2  177 18 0 0 2
2  178 19 0 0 2
0

0101000
+122 0 -121 0 *
Ve
1e-07
3.982151 63.324154 0
0 0

0101101
*
Ed
 1e-07 1 1 0
1  536 0 0 4.880651
2  179 18 0 0 4.880651
2  180 19 0 0 4.880651
0

0101000
+121 0 -119 0 *
Ve
1e-07
3.982151 61.324154 0
0 0

0101101
*
Ed
 1e-07 1 1 0
1  537 0 0 2
2  181 18 0 0 2
2  182 19 0 0 2
0

0101000
+119 0 -117 0 *
Ve
1e-07
6.499351 61.324154 0
0 0

0101101
*
Ed
 1e-07 1 1 0
1  538 0 0 2.5172
2  183 18 0 0 2.5172
2  184 19 0 0 2.5172
0

0101000
+117 0 -115 0 *
Ve
1e-07
6.499351 46.287759 0
0 0

0101101
*
Ed
 1e-07 1 1 0
1  539 0 0 15.036395
2  185 18 0 0 15.036395
2  186 19 0 0 15.036395
0

0101000
+115 0 -113 0 *
Ve
1e-07
6.999351 46.287759 0
0 0

0101101
*
Ed
 1e-07 1 1 0
1  540 0 0 0.5
2  187 18 0 0 0.5
2  188 19 0 0 0.5
0

0101000
+113 0 -111 0 *
Ve
1e-07
6.999351 61.324154 0
0 0

0101101
*
Ed
 1e-07 1 1 0
1  541 0 0 15.036395
2  189 18 0 0 15.036395
2  190 19 0 0 15.036395
0

0101000
+111 0 -109 0 *
Ed
 1e-07 1 1 0
1  542 0 0 1.863451
2  191 18 0 0 1.863451
2  192 19 0 0 1.863451
0

0101000
+109 0 -122 0 *
Wi

0101100
+120 0 +118 0 +116 0 +114 0 +112 0 +110 0 +108 0 +107 0 *
Ve
1e-07
18.39416 61.324154 0
0 0

0101101
*
Ve
1e-07
18.39416 63.324154 0
0 0

0101101
*
Ed
 1e-07 1 1 0
1  543 0 0 2
2  193 20 0 0 2
2  194 21 0 0 2
0

0101000
+105 0 -104 0 *
Ve
1e-07
14.681752 63.324154 0
0 0

0101101
*
Ed
 1e-07 1 1 0
1  544 0 0 3.712408
2  195 20 0 0 3.712408
2  196 21 0 0 3.712408
0

0101000
+104 0 -102 0 *
Ve
1e-07
14.681752 61.324154 0
0 0

0101101
*
Ed
 1e-07 1 1 0
1  545 0 0 2
2  197 20 0 0 2
2  198 21 0 0 2
0

0101000
+102 0 -100 0 *
Ed
 1e-07 1 1 0
1  546 0 0 3.712408
2  199 20 0 0 3.712408
2  200 21 0 0 3.712408
0

0101000
+100 0 -105 0 *
Wi

0101100
+103 0 +101 0 +99 0 +98 0 *
Ve
1e-07
-49.46873 63.324154 0
0 0

0101101
*
Ve
1e-07
-49.46873 61.324154 0
0 0

0101101
*
Ed
 1e-07 1 1 0
1  547 0 0 2
2  201 22 0 0 2
2  202 23 0 0 2
0

0101000
+96 0 -95 0 *
Ve
1e-07
-41.394401 61.324154 0
0 0

0101101
*
Ed
 1e-07 1 1 0
1  548 0 0 8.074329
2  203 22 0 0 8.074329
2  204 23 0 0 8.074329
0

0101000
+95 0 -93 0 *
Ve
1e-07
-41.394401 46.484286 0
0 0

0101101
*
Ed
 1e-07 1 1 0
1  549 0 0 14.839868
2  205 22 0 0 14.839868
2  206 23 0 0 14.839868
0

0101000
+93 0 -91 0 *
Ve
1e-07
-36.318167 46.484286 0
0 0

0101101
*
Ed
 1e-07 1 1 0
1  550 0 0 5.076234
2  207 22 0 0 5.076234
2  208 23 0 0 5.076234
0

0101000
+91 0 -89 0 *
Ve
1e-07
-36.318167 46.984286 0
0 0

0101101
*
Ed
 1e-07 1 1 0
1  551 0 0 0.5
2  209 22 0 0 0.5
2  210 23 0 0 0.5
0

0101000
+89 0 -87 0 *
Ve
1e-07
-40.894401 46.984286 0
0 0

0101101
*
Ed
 1e-07 1 1 0
1  552 0 0 4.576234
2  211 22 0 0 4.576234
2  212 23 0 0 4.576234
0

0101000
+87 0 -85 0 *
Ve
1e-07
-40.894401 61.324154 0
0 0

0101101
*
Ed
 1e-07 1 1 0
1  553 0 0 14.339868
2  213 22 0 0 14.339868
2  214 23 0 0 14.339868
0

0101000
+85 0 -83 0 *
Ve
1e-07
-37.837973 61.324154 0
0 0

0101101
*
Ed
 1e-07 1 1 0
1  554 0 0 3.056428
2  215 22 0 0 3.056428
2  216 23 0 0 3.056428
0

0101000
+83 0 -81 0 *
Ve
1e-07
-37.837973 63.324154 0
0 0

0101101
*
Ed
 1e-07 1 1 0
1  555 0 0 2
2  217 22 0 0 2
2  218 23 0 0 2
0

0101000
+81 0 -79 0 *
Ed
 1e-07 1 1 0
1  556 0 0 11.630757
2  219 22 0 0 11.630757
2  220 23 0 0 11.630757
0

0101000
+79 0 -96 0 *
Wi

0101100
+94 0 +92 0 +90 0 +88 0 +86 0 +84 0 +82 0 +80 0 +78 0 +77 0 
*
Ve
1e-07
-42.910043 -14.73509 0
0 0

0101101
*
Ve
1e-07
-42.910043 -12.73509 0
0 0

0101101
*
Ed
 1e-07 1 1 0
1  557 0 0 2
2  221 24 0 0 2
2  222 25 0 0 2
0

0101000
+75 0 -74 0 *
Ve
1e-07
-49.952106 -12.73509 0
0 0

0101101
*
Ed
 1e-07 1 1 0
1  558 0 0 7.042063
2  223 24 0 0 7.042063
2  224 25 0 0 7.042063
0

0101000
+74 0 -72 0 *
Ve
1e-07
-49.952106 -14.73509 0
0 0

0101101
*
Ed
 1e-07 1 1 0
1  559 0 0 2
2  225 24 0 0 2
2  226 25 0 0 2
0

0101000
+72 0 -70 0 *
Ed
 1e-07 1 1 0
1  560 0 0 7.042063
2  227 24 0 0 7.042063
2  228 25 0 0 7.042063
0

0101000
+70 0 -75 0 *
Wi

0101100
+73 0 +71 0 +69 0 +68 0 *
Ve
1e-07
28.483804 -14.73509 0
0 0

0101101
*
Ve
1e-07
28.483804 -12.73509 0
0 0

0101101
*
Ed
 1e-07 1 1 0
1  561 0 0 2
2  229 26 0 0 2
2  230 27 0 0 2
0

0101000
+66 0 -65 0 *
Ve
1e-07
23.816143 -12.73509 0
0 0

0101101
*
Ed
 1e-07 1 1 0
1  562 0 0 4.667661
2  231 26 0 0 4.667661
2  232 27 0 0 4.667661
0

0101000
+65 0 -63 0 *
Ve
1e-07
23.816143 -14.73509 0
0 0

0101101
*
Ed
 1e-07 1 1 0
1  563 0 0 2
2  233 26 0 0 2
2  234 27 0 0 2
0

0101000
+63 0 -61 0 *
Ed
 1e-07 1 1 0
1  564 0 0 4.667661
2  235 26 0 0 4.667661
2  236 27 0 0 4.667661
0

0101000
+61 0 -66 0 *
Wi

0101100
+64 0 +62 0 +60 0 +59 0 *
Ve
1e-07
53.593513 -14.73509 0
0 0

0101101
*
Ve
1e-07
53.593513 -12.73509 0
0 0

0101101
*
Ed
 1e-07 1 1 0
1  565 0 0 2
2  237 28 0 0 2
2  238 29 0 0 2
0

0101000
+57 0 -56 0 *
Ve
1e-07
50.268324 -12.73509 0
0 0

0101101
*
Ed
 1e-07 1 1 0
1  566 0 0 3.325189
2  239 28 0 0 3.325189
2  240 29 0 0 3.325189
0

0101000
+56 0 -54 0 *
Ve
1e-07
50.268324 -7.07318 0
0 0

0101101
*
Ed
 1e-07 1 1 0
1  567 0 0 5.66191
2  241 28 0 0 5.66191
2  242 29 0 0 5.66191
0

0101000
+54 0 -52 0 *
Ve
1e-07
49.768324 -7.07318 0
0 0

0101101
*
Ed
 1e-07 1 1 0
1  568 0 0 0.5
2  243 28 0 0 0.5
2  244 29 0 0 0.5
0

0101000
+52 0 -50 0 *
Ve
1e-07
49.768324 -12.73509 0
0 0

0101101
*
Ed
 1e-07 1 1 0
1  569 0 0 5.66191
2  245 28 0 0 5.66191
2  246 29 0 0 5.66191
0

0101000
+50 0 -48 0 *
Ve
1e-07
49.543055 -12.73509 0
0 0

0101101
*
Ed
 1e-07 1 1 0
1  570 0 0 0.225268999999997
2  247 28 0 0 0.225268999999997
2  248 29 0 0 0.225268999999997
0

0101000
+48 0 -46 0 *
Ve
1e-07
49.543055 -14.73509 0
0 0

0101101
*
Ed
 1e-07 1 1 0
1  571 0 0 2
2  249 28 0 0 2
2  250 29 0 0 2
0

0101000
+46 0 -44 0 *
Ed
 1e-07 1 1 0
1  572 0 0 4.050458
2  251 28 0 0 4.050458
2  252 29 0 0 4.050458
0

0101000
+44 0 -57 0 *
Wi

0101100
+55 0 +53 0 +51 0 +49 0 +47 0 +45 0 +43 0 +42 0 *
Ve
1e-07
67.475942 -14.73509 0
0 0

0101101
*
Ve
1e-07
67.475942 -12.73509 0
0 0

0101101
*
Ed
 1e-07 1 1 0
1  573 0 0 2
2  253 30 0 0 2
2  254 31 0 0 2
0

0101000
+40 0 -39 0 *
Ve
1e-07
67.173722 -12.73509 0
0 0

0101101
*
Ed
 1e-07 1 1 0
1  574 0 0 0.302220000000005
2  255 30 0 0 0.302220000000005
2  256 31 0 0 0.302220000000005
0

0101000
+39 0 -37 0 *
Ve
1e-07
67.173722 -7.07318 0
0 0

0101101
*
Ed
 1e-07 1 1 0
1  575 0 0 5.66191
2  257 30 0 0 5.66191
2  258 31 0 0 5.66191
0

0101000
+37 0 -35 0 *
Ve
1e-07
66.173722 -7.07318 0
0 0

0101101
*
Ed
 1e-07 1 1 0
1  576 0 0 1
2  259 30 0 0 1
2  260 31 0 0 1
0

0101000
+35 0 -33 0 *
Ve
1e-07
66.173722 -12.73509 0
0 0

0101101
*
Ed
 1e-07 1 1 0
1  577 0 0 5.66191
2  261 30 0 0 5.66191
2  262 31 0 0 5.66191
0

0101000
+33 0 -31 0 *
Ve
1e-07
63.258313 -12.73509 0
0 0

0101101
*
Ed
 1e-07 1 1 0
1  578 0 0 2.915409
2  263 30 0 0 2.915409
2  264 31 0 0 2.915409
0

0101000
+31 0 -29 0 *
Ve
1e-07
63.258313 -14.73509 0
0 0

0101101
*
Ed
 1e-07 1 1 0
1  579 0 0 2
2  265 30 0 0 2
2  266 31 0 0 2
0

0101000
+29 0 -27 0 *
Ed
 1e-07 1 1 0
1  580 0 0 4.217629
2  267 30 0 0 4.217629
2  268 31 0 0 4.217629
0

0101000
+27 0 -40 0 *
Wi

0101100
+38 0 +36 0 +34 0 +32 0 +30 0 +28 0 +26 0 +25 0 *
Ve
1e-07
91.193758 -14.73509 0
0 0

0101101
*
Ve
1e-07
102.141218 -14.73509 0
0 0

0101101
*
Ed
 1e-07 1 1 0
1  581 0 0 10.94746
2  269 32 0 0 10.94746
2  270 33 0 0 10.94746
0

0101000
+23 0 -22 0 *
Ve
1e-07
102.141218 -12.73509 0
0 0

0101101
*
Ed
 1e-07 1 1 0
1  582 0 0 2
2  271 32 0 0 2
2  272 33 0 0 2
0

0101000
+22 0 -20 0 *
Ve
1e-07
91.193758 -12.73509 0
0 0

0101101
*
Ed
 1e-07 1 1 0
1  583 0 0 10.94746
2  273 32 0 0 10.94746
2  274 33 0 0 10.94746
0

0101000
+20 0 -18 0 *
Ed
 1e-07 1 1 0
1  584 0 0 2
2  275 32 0 0 2
2  276 33 0 0 2
0

0101000
+18 0 -23 0 *
Wi

0101100
+21 0 +19 0 +17 0 +16 0 *
Ve
1e-07
109.815419 -12.73509 0
0 0

0101101
*
Ve
1e-07
109.815419 -14.73509 0
0 0

0101101
*
Ed
 1e-07 1 1 0
1  585 0 0 2
2  277 34 0 0 2
2  278 35 0 0 2
0

0101000
+14 0 -13 0 *
Ve
1e-07
116.552015 -14.73509 0
0 0

0101101
*
Ed
 1e-07 1 1 0
1  586 0 0 6.73659599999999
2  279 34 0 0 6.73659599999999
2  280 35 0 0 6.73659599999999
0

0101000
+13 0 -11 0 *
Ve
1e-07
116.552015 -12.463832 0
0 0

0101101
*
Ed
 1e-07 1 1 0
1  587 0 0 2.271258
2  281 34 0 0 2.271258
2  282 35 0 0 2.271258
0

0101000
+11 0 -9 0 *
Ve
1e-07
114.552015 -12.463832 0
0 0

0101101
*
Ed
 1e-07 1 1 0
1  588 0 0 2
2  283 34 0 0 2
2  284 35 0 0 2
0

0101000
+9 0 -7 0 *
Ve
1e-07
114.552015 -12.73509 0
0 0

0101101
*
Ed
 1e-07 1 1 0
1  589 0 0 0.271258
2  285 34 0 0 0.271258
2  286 35 0 0 0.271258
0

0101000
+7 0 -5 0 *
Ed
 1e-07 1 1 0
1  590 0 0 4.73659599999999
2  287 34 0 0 4.73659599999999
2  288 35 0 0 4.73659599999999
0

0101000
+5 0 -14 0 *
Wi

0101100
+12 0 +10 0 +8 0 +6 0 +4 0 +3 0 *
Fa
0  1e-07 1 0

1111000
+307 0 +298 0 +265 0 +240 0 +231 0 +182 0 +157 0 +132 0 +123 0 +106 0 
+97 0 +76 0 +67 0 +58 0 +41 0 +24 0 +15 0 +2 0 *

+1 0 