  0
SECTION
  2
HEADER
  9
$ACADVER
  1
AC1021
  9
$ACADMAINTVER
 70
    25
  9
$DWGCODEPAGE
  3
ANSI_1252
  9
$LASTSAVEDBY
  1
cutro
  9
$INSBASE
 10
0.0
 20
0.0
 30
0.0
  9
$EXTMIN
 10
-69.93138169660477
 20
-22.86725903172472
 30
0.0
  9
$EXTMAX
 10
124.5304503544066
 20
71.41721711027515
 30
0.0
  9
$LIMMIN
 10
0.0
 20
0.0
  9
$LIMMAX
 10
12.0
 20
9.0
  9
$ORTHOMODE
 70
     0
  9
$REGENMODE
 70
     1
  9
$FILLMODE
 70
     1
  9
$QTEXTMODE
 70
     0
  9
$MIRRTEXT
 70
     0
  9
$LTSCALE
 40
1.0
  9
$ATTMODE
 70
     1
  9
$TEXTSIZE
 40
0.2
  9
$TRACEWID
 40
0.05
  9
$TEXTSTYLE
  7
Standard
  9
$CLAYER
  8
0
  9
$CELTYPE
  6
ByLayer
  9
$CECOLOR
 62
   256
  9
$CELTSCALE
 40
1.0
  9
$DISPSILH
 70
     0
  9
$DIMSCALE
 40
1.0
  9
$DIMASZ
 40
0.18
  9
$DIMEXO
 40
0.0625
  9
$DIMDLI
 40
0.38
  9
$DIMRND
 40
0.0
  9
$DIMDLE
 40
0.0
  9
$DIMEXE
 40
0.18
  9
$DIMTP
 40
0.0
  9
$DIMTM
 40
0.0
  9
$DIMTXT
 40
0.18
  9
$DIMCEN
 40
0.09
  9
$DIMTSZ
 40
0.0
  9
$DIMTOL
 70
     0
  9
$DIMLIM
 70
     0
  9
$DIMTIH
 70
     1
  9
$DIMTOH
 70
     1
  9
$DIMSE1
 70
     0
  9
$DIMSE2
 70
     0
  9
$DIMTAD
 70
     0
  9
$DIMZIN
 70
     0
  9
$DIMBLK
  1

  9
$DIMASO
 70
     1
  9
$DIMSHO
 70
     1
  9
$DIMPOST
  1

  9
$DIMAPOST
  1

  9
$DIMALT
 70
     0
  9
$DIMALTD
 70
     2
  9
$DIMALTF
 40
25.4
  9
$DIMLFAC
 40
1.0
  9
$DIMTOFL
 70
     0
  9
$DIMTVP
 40
0.0
  9
$DIMTIX
 70
     0
  9
$DIMSOXD
 70
     0
  9
$DIMSAH
 70
     0
  9
$DIMBLK1
  1

  9
$DIMBLK2
  1

  9
$DIMSTYLE
  2
STANDARD_ACAD
  9
$DIMCLRD
 70
     0
  9
$DIMCLRE
 70
     0
  9
$DIMCLRT
 70
     0
  9
$DIMTFAC
 40
1.0
  9
$DIMGAP
 40
0.09
  9
$DIMJUST
 70
     0
  9
$DIMSD1
 70
     0
  9
$DIMSD2
 70
     0
  9
$DIMTOLJ
 70
     1
  9
$DIMTZIN
 70
     0
  9
$DIMALTZ
 70
     0
  9
$DIMALTTZ
 70
     0
  9
$DIMUPT
 70
     0
  9
$DIMDEC
 70
     4
  9
$DIMTDEC
 70
     4
  9
$DIMALTU
 70
     2
  9
$DIMALTTD
 70
     2
  9
$DIMTXSTY
  7
Standard
  9
$DIMAUNIT
 70
     0
  9
$DIMADEC
 70
     0
  9
$DIMALTRND
 40
0.0
  9
$DIMAZIN
 70
     0
  9
$DIMDSEP
 70
    46
  9
$DIMATFIT
 70
     3
  9
$DIMFRAC
 70
     0
  9
$DIMLDRBLK
  1

  9
$DIMLUNIT
 70
     2
  9
$DIMLWD
 70
    -2
  9
$DIMLWE
 70
    -2
  9
$DIMTMOVE
 70
     2
  9
$DIMFXL
 40
1.0
  9
$DIMFXLON
 70
     0
  9
$DIMJOGANG
 40
0.7853981633974483
  9
$DIMTFILL
 70
     0
  9
$DIMTFILLCLR
 70
     0
  9
$DIMARCSYM
 70
     0
  9
$DIMLTYPE
  6

  9
$DIMLTEX1
  6

  9
$DIMLTEX2
  6

  9
$LUNITS
 70
     2
  9
$LUPREC
 70
     3
  9
$SKETCHINC
 40
0.1
  9
$FILLETRAD
 40
0.0
  9
$AUNITS
 70
     0
  9
$AUPREC
 70
     0
  9
$MENU
  1
.
  9
$ELEVATION
 40
0.0
  9
$PELEVATION
 40
0.0
  9
$THICKNESS
 40
0.0
  9
$LIMCHECK
 70
     0
  9
$CHAMFERA
 40
0.0
  9
$CHAMFERB
 40
0.0
  9
$CHAMFERC
 40
0.0
  9
$CHAMFERD
 40
0.0
  9
$SKPOLY
 70
     0
  9
$TDCREATE
 40
2461217.630846042
  9
$TDUCREATE
 40
2461217.547512708
  9
$TDUPDATE
 40
2461217.630858345
  9
$TDUUPDATE
 40
2461217.547525012
  9
$TDINDWG
 40
0.0000000116
  9
$TDUSRTIMER
 40
0.0000000116
  9
$USRTIMER
 70
     1
  9
$ANGBASE
 50
0.0
  9
$ANGDIR
 70
     0
  9
$PDMODE
 70
     0
  9
$PDSIZE
 40
0.0
  9
$PLINEWID
 40
0.0
  9
$SPLFRAME
 70
     0
  9
$SPLINETYPE
 70
     6
  9
$SPLINESEGS
 70
     8
  9
$HANDSEED
  5
25B
  9
$SURFTAB1
 70
     6
  9
$SURFTAB2
 70
     6
  9
$SURFTYPE
 70
     6
  9
$SURFU
 70
     6
  9
$SURFV
 70
     6
  9
$UCSBASE
  2

  9
$UCSNAME
  2

  9
$UCSORG
 10
0.0
 20
0.0
 30
0.0
  9
$UCSXDIR
 10
1.0
 20
0.0
 30
0.0
  9
$UCSYDIR
 10
0.0
 20
1.0
 30
0.0
  9
$UCSORTHOREF
  2

  9
$UCSORTHOVIEW
 70
     0
  9
$UCSORGTOP
 10
0.0
 20
0.0
 30
0.0
  9
$UCSORGBOTTOM
 10
0.0
 20
0.0
 30
0.0
  9
$UCSORGLEFT
 10
0.0
 20
0.0
 30
0.0
  9
$UCSORGRIGHT
 10
0.0
 20
0.0
 30
0.0
  9
$UCSORGFRONT
 10
0.0
 20
0.0
 30
0.0
  9
$UCSORGBACK
 10
0.0
 20
0.0
 30
0.0
  9
$PUCSBASE
  2

  9
$PUCSNAME
  2

  9
$PUCSORG
 10
0.0
 20
0.0
 30
0.0
  9
$PUCSXDIR
 10
1.0
 20
0.0
 30
0.0
  9
$PUCSYDIR
 10
0.0
 20
1.0
 30
0.0
  9
$PUCSORTHOREF
  2

  9
$PUCSORTHOVIEW
 70
     0
  9
$PUCSORGTOP
 10
0.0
 20
0.0
 30
0.0
  9
$PUCSORGBOTTOM
 10
0.0
 20
0.0
 30
0.0
  9
$PUCSORGLEFT
 10
0.0
 20
0.0
 30
0.0
  9
$PUCSORGRIGHT
 10
0.0
 20
0.0
 30
0.0
  9
$PUCSORGFRONT
 10
0.0
 20
0.0
 30
0.0
  9
$PUCSORGBACK
 10
0.0
 20
0.0
 30
0.0
  9
$USERI1
 70
     0
  9
$USERI2
 70
     0
  9
$USERI3
 70
     0
  9
$USERI4
 70
     0
  9
$USERI5
 70
     0
  9
$USERR1
 40
0.0
  9
$USERR2
 40
0.0
  9
$USERR3
 40
0.0
  9
$USERR4
 40
0.0
  9
$USERR5
 40
0.0
  9
$WORLDVIEW
 70
     1
  9
$SHADEDGE
 70
     3
  9
$SHADEDIF
 70
    70
  9
$TILEMODE
 70
     1
  9
$MAXACTVP
 70
    64
  9
$PINSBASE
 10
0.0
 20
0.0
 30
0.0
  9
$PLIMCHECK
 70
     0
  9
$PEXTMIN
 10
1.000000000000000E+20
 20
1.000000000000000E+20
 30
1.000000000000000E+20
  9
$PEXTMAX
 10
-1.000000000000000E+20
 20
-1.000000000000000E+20
 30
-1.000000000000000E+20
  9
$PLIMMIN
 10
0.0
 20
0.0
  9
$PLIMMAX
 10
12.0
 20
9.0
  9
$UNITMODE
 70
     0
  9
$VISRETAIN
 70
     1
  9
$PLINEGEN
 70
     0
  9
$PSLTSCALE
 70
     1
  9
$TREEDEPTH
 70
  3020
  9
$CMLSTYLE
  2
Standard
  9
$CMLJUST
 70
     0
  9
$CMLSCALE
 40
1.0
  9
$PROXYGRAPHICS
 70
     1
  9
$MEASUREMENT
 70
     1
  9
$CELWEIGHT
370
    -1
  9
$ENDCAPS
280
     0
  9
$JOINSTYLE
280
     0
  9
$LWDISPLAY
290
     0
  9
$INSUNITS
 70
     6
  9
$HYPERLINKBASE
  1

  9
$STYLESHEET
  1

  9
$XEDIT
290
     1
  9
$CEPSNTYPE
380
     0
  9
$PSTYLEMODE
290
     1
  9
$FINGERPRINTGUID
  2
{4d66c03a-4624-404a-9236-48132c0ae4f2}
  9
$VERSIONGUID
  2
{FAEB1C32-E019-11D5-929B-00C0DF256EC4}
  9
$EXTNAMES
290
     1
  9
$PSVPSCALE
 40
0.0
  9
$OLESTARTUP
290
     0
  9
$SORTENTS
280
   127
  9
$INDEXCTL
280
     0
  9
$HIDETEXT
280
     1
  9
$XCLIPFRAME
290
     0
  9
$HALOGAP
280
     0
  9
$OBSCOLOR
 70
   257
  9
$OBSLTYPE
280
     0
  9
$INTERSECTIONDISPLAY
280
     0
  9
$INTERSECTIONCOLOR
 70
   257
  9
$DIMASSOC
280
     2
  9
$PROJECTNAME
  1

  9
$CAMERADISPLAY
290
     0
  9
$LENSLENGTH
 40
50.0
  9
$CAMERAHEIGHT
 40
0.0
  9
$STEPSPERSEC
 40
2.0
  9
$STEPSIZE
 40
6.0
  9
$3DDWFPREC
 40
2.0
  9
$PSOLWIDTH
 40
0.25
  9
$PSOLHEIGHT
 40
4.0
  9
$LOFTANG1
 40
1.570796326794897
  9
$LOFTANG2
 40
1.570796326794897
  9
$LOFTMAG1
 40
0.0
  9
$LOFTMAG2
 40
0.0
  9
$LOFTPARAM
 70
     7
  9
$LOFTNORMALS
280
     1
  9
$LATITUDE
 40
37.795
  9
$LONGITUDE
 40
-122.394
  9
$NORTHDIRECTION
 40
0.0
  9
$TIMEZONE
 70
 -8000
  9
$LIGHTGLYPHDISPLAY
280
     1
  9
$TILEMODELIGHTSYNCH
280
     1
  9
$CMATERIAL
347
44
  9
$SOLIDHIST
280
     0
  9
$SHOWHIST
280
     1
  9
$DWFFRAME
280
     2
  9
$DGNFRAME
280
     2
  9
$REALWORLDSCALE
290
     1
  9
$INTERFERECOLOR
 62
   256
  9
$CSHADOW
280
     0
  9
$SHADOWPLANELOCATION
 40
0.0
  0
ENDSEC
  0
SECTION
  2
CLASSES
  0
CLASS
  1
ACDBDICTIONARYWDFLT
  2
AcDbDictionaryWithDefault
  3
ObjectDBX Classes
 90
        0
 91
        3
280
     0
281
     0
  0
CLASS
  1
VISUALSTYLE
  2
AcDbVisualStyle
  3
ObjectDBX Classes
 90
     4095
 91
        3
280
     0
281
     0
  0
CLASS
  1
MATERIAL
  2
AcDbMaterial
  3
ObjectDBX Classes
 90
     1153
 91
        3
280
     0
281
     0
  0
CLASS
  1
SCALE
  2
AcDbScale
  3
ObjectDBX Classes
 90
     1153
 91
        3
280
     0
281
     0
  0
CLASS
  1
TABLESTYLE
  2
AcDbTableStyle
  3
ObjectDBX Classes
 90
     4095
 91
        3
280
     0
281
     0
  0
CLASS
  1
MLEADERSTYLE
  2
AcDbMLeaderStyle
  3
ACDB_MLEADERSTYLE_CLASS
 90
     4095
 91
        3
280
     0
281
     0
  0
CLASS
  1
SUN
  2
AcDbSun
  3
SCENEOE
 90
     1153
 91
        3
280
     0
281
     0
  0
CLASS
  1
DICTIONARYVAR
  2
AcDbDictionaryVar
  3
ObjectDBX Classes
 90
        0
 91
        3
280
     0
281
     0
  0
CLASS
  1
CELLSTYLEMAP
  2
AcDbCellStyleMap
  3
ObjectDBX Classes
 90
     1152
 91
        3
280
     0
281
     0
  0
ENDSEC
  0
SECTION
  2
TABLES
  0
TABLE
  2
VPORT
  5
8
330
0
100
AcDbSymbolTable
 70
     1
  0
VPORT
  5
29
330
8
100
AcDbSymbolTableRecord
100
AcDbViewportTableRecord
  2
*Active
 70
     0
 10
0.0
 20
0.0
 11
1.0
 21
1.0
 12
10.42990654205607
 22
4.5
 13
0.0
 23
0.0
 14
0.5
 24
0.5
 15
0.5
 25
0.5
 16
0.0
 26
0.0
 36
1.0
 17
0.0
 27
0.0
 37
0.0
 40
9.0
 41
1.972972972850329
 42
50.0
 43
0.0
 44
0.0
 50
0.0
 51
0.0
 71
     0
 72
   100
 73
     1
 74
     3
 75
     0
 76
     0
 77
     0
 78
     0
281
     0
 65
     1
110
0.0
120
0.0
130
0.0
111
1.0
121
0.0
131
0.0
112
0.0
122
1.0
132
0.0
 79
     0
146
0.0
348
2F
 60
     3
 61
     5
292
     1
282
     1
141
0.0
142
0.0
 63
   250
361
5D
  0
ENDTAB
  0
TABLE
  2
LTYPE
  5
5
330
0
100
AcDbSymbolTable
 70
     1
  0
LTYPE
  5
14
330
5
100
AcDbSymbolTableRecord
100
AcDbLinetypeTableRecord
  2
ByBlock
 70
     0
  3

 72
    65
 73
     0
 40
0.0
  0
LTYPE
  5
15
330
5
100
AcDbSymbolTableRecord
100
AcDbLinetypeTableRecord
  2
ByLayer
 70
     0
  3

 72
    65
 73
     0
 40
0.0
  0
LTYPE
  5
16
330
5
100
AcDbSymbolTableRecord
100
AcDbLinetypeTableRecord
  2
Continuous
 70
     0
  3
Solid line
 72
    65
 73
     0
 40
0.0
  0
ENDTAB
  0
TABLE
  2
LAYER
  5
2
330
0
100
AcDbSymbolTable
 70
     2
  0
LAYER
  5
10
330
2
100
AcDbSymbolTableRecord
100
AcDbLayerTableRecord
  2
0
 70
     0
 62
     7
  6
Continuous
370
    -3
390
F
347
46
  0
LAYER
  5
5F
330
2
100
AcDbSymbolTableRecord
100
AcDbLayerTableRecord
  2
Typical floor$Boundary
 70
     0
 62
     1
420
 16711680
  6
Continuous
370
    -3
390
F
347
46
  0
ENDTAB
  0
TABLE
  2
STYLE
  5
3
330
0
100
AcDbSymbolTable
 70
     1
  0
STYLE
  5
11
330
3
100
AcDbSymbolTableRecord
100
AcDbTextStyleTableRecord
  2
Standard
 70
     0
 40
0.0
 41
1.0
 50
0.0
 71
     0
 42
0.2
  3
txt
  4

  0
ENDTAB
  0
TABLE
  2
VIEW
  5
6
330
0
100
AcDbSymbolTable
 70
     0
  0
ENDTAB
  0
TABLE
  2
UCS
  5
7
330
0
100
AcDbSymbolTable
 70
     0
  0
ENDTAB
  0
TABLE
  2
APPID
  5
9
330
0
100
AcDbSymbolTable
 70
     3
  0
APPID
  5
12
330
9
100
AcDbSymbolTableRecord
100
AcDbRegAppTableRecord
  2
ACAD
 70
     0
  0
APPID
  5
5E
330
9
100
AcDbSymbolTableRecord
100
AcDbRegAppTableRecord
  2
Rhino
 70
     0
  0
APPID
  5
253
330
9
100
AcDbSymbolTableRecord
100
AcDbRegAppTableRecord
  2
ACAD_MLEADERVER
 70
     0
  0
ENDTAB
  0
TABLE
  2
DIMSTYLE
  5
A
330
0
100
AcDbSymbolTable
 70
     1
100
AcDbDimStyleTable
  0
DIMSTYLE
105
27
330
A
100
AcDbSymbolTableRecord
100
AcDbDimStyleTableRecord
  2
STANDARD_ACAD
 70
     0
178
     0
340
11
  0
ENDTAB
  0
TABLE
  2
BLOCK_RECORD
  5
1
330
0
100
AcDbSymbolTable
 70
     1
  0
BLOCK_RECORD
  5
1F
330
1
100
AcDbSymbolTableRecord
100
AcDbBlockTableRecord
  2
*Model_Space
340
22
 70
     0
280
     1
281
     0
  0
BLOCK_RECORD
  5
1B
330
1
100
AcDbSymbolTableRecord
100
AcDbBlockTableRecord
  2
*Paper_Space
340
1E
 70
     0
280
     1
281
     0
  0
BLOCK_RECORD
  5
23
330
1
100
AcDbSymbolTableRecord
100
AcDbBlockTableRecord
  2
*Paper_Space0
340
26
 70
     0
280
     1
281
     0
  0
ENDTAB
  0
ENDSEC
  0
SECTION
  2
BLOCKS
  0
BLOCK
  5
20
330
1F
100
AcDbEntity
  8
0
100
AcDbBlockBegin
  2
*Model_Space
 70
     0
 10
0.0
 20
0.0
 30
0.0
  3
*Model_Space
  1

  0
ENDBLK
  5
21
330
1F
100
AcDbEntity
  8
0
100
AcDbBlockEnd
  0
BLOCK
  5
1C
330
1B
100
AcDbEntity
 67
     1
  8
0
100
AcDbBlockBegin
  2
*Paper_Space
 70
     0
 10
0.0
 20
0.0
 30
0.0
  3
*Paper_Space
  1

  0
ENDBLK
  5
1D
330
1B
100
AcDbEntity
 67
     1
  8
0
100
AcDbBlockEnd
  0
BLOCK
  5
24
330
23
100
AcDbEntity
  8
0
100
AcDbBlockBegin
  2
*Paper_Space0
 70
     0
 10
0.0
 20
0.0
 30
0.0
  3
*Paper_Space0
  1

  0
ENDBLK
  5
25
330
23
100
AcDbEntity
  8
0
100
AcDbBlockEnd
  0
ENDSEC
  0
SECTION
  2
ENTITIES
  0
LINE
  5
60
330
1F
100
AcDbEntity
  8
Typical floor$Boundary
100
AcDbLine
 10
33.40554549469923
 20
61.32415417358831
 30
0.0
 11
33.40554549469923
 21
63.32415417358833
 31
0.0
  0
LINE
  5
61
330
1F
100
AcDbEntity
  8
Typical floor$Boundary
100
AcDbLine
 10
26.74532834352763
 20
61.3241541735883
 30
0.0
 11
33.40554549469923
 21
61.32415417358831
 31
0.0
  0
LINE
  5
62
330
1F
100
AcDbEntity
  8
Typical floor$Boundary
100
AcDbLine
 10
26.74532834352762
 20
58.72470009269709
 30
0.0
 11
26.74532834352763
 21
61.3241541735883
 31
0.0
  0
LINE
  5
63
330
1F
100
AcDbEntity
  8
Typical floor$Boundary
100
AcDbLine
 10
26.24532834352762
 20
58.7247000926971
 30
0.0
 11
26.74532834352762
 21
58.72470009269709
 31
0.0
  0
LINE
  5
64
330
1F
100
AcDbEntity
  8
Typical floor$Boundary
100
AcDbLine
 10
26.24532834352763
 20
61.3241541735883
 30
0.0
 11
26.24532834352762
 21
58.7247000926971
 31
0.0
  0
LINE
  5
65
330
1F
100
AcDbEntity
  8
Typical floor$Boundary
100
AcDbLine
 10
24.29337761232858
 20
61.3241541735883
 30
0.0
 11
26.24532834352763
 21
61.3241541735883
 31
0.0
  0
LINE
  5
66
330
1F
100
AcDbEntity
  8
Typical floor$Boundary
100
AcDbLine
 10
24.2933776123286
 20
63.32415417358831
 30
0.0
 11
24.29337761232858
 21
61.3241541735883
 31
0.0
  0
LINE
  5
67
330
1F
100
AcDbEntity
  8
Typical floor$Boundary
100
AcDbLine
 10
26.67954520597407
 20
63.3241541735883
 30
0.0
 11
24.2933776123286
 21
63.32415417358831
 31
0.0
  0
LINE
  5
68
330
1F
100
AcDbEntity
  8
Typical floor$Boundary
100
AcDbLine
 10
26.67954520597408
 20
71.41649720492225
 30
0.0
 11
26.67954520597407
 21
63.3241541735883
 31
0.0
  0
LINE
  5
69
330
1F
100
AcDbEntity
  8
Typical floor$Boundary
100
AcDbLine
 10
-5.43731799611213
 20
71.41649720492222
 30
0.0
 11
26.67954520597408
 21
71.41649720492225
 31
0.0
  0
LINE
  5
6A
330
1F
100
AcDbEntity
  8
Typical floor$Boundary
100
AcDbLine
 10
-5.437317996112137
 20
63.32415417358829
 30
0.0
 11
-5.43731799611213
 21
71.41649720492222
 31
0.0
  0
LINE
  5
6B
330
1F
100
AcDbEntity
  8
Typical floor$Boundary
100
AcDbLine
 10
-1.921601314725514
 20
63.3241541735883
 30
0.0
 11
-5.437317996112137
 21
63.32415417358829
 31
0.0
  0
LINE
  5
6C
330
1F
100
AcDbEntity
  8
Typical floor$Boundary
100
AcDbLine
 10
-1.921601314725564
 20
61.32415417358828
 30
0.0
 11
-1.921601314725514
 21
63.3241541735883
 31
0.0
  0
LINE
  5
6D
330
1F
100
AcDbEntity
  8
Typical floor$Boundary
100
AcDbLine
 10
-4.347586342153335
 20
61.32415417358828
 30
0.0
 11
-1.921601314725564
 21
61.32415417358828
 31
0.0
  0
LINE
  5
6E
330
1F
100
AcDbEntity
  8
Typical floor$Boundary
100
AcDbLine
 10
-4.347586342153338
 20
41.1308295941451
 30
0.0
 11
-4.347586342153335
 21
61.32415417358828
 31
0.0
  0
LINE
  5
6F
330
1F
100
AcDbEntity
  8
Typical floor$Boundary
100
AcDbLine
 10
6.499350910674618
 20
41.1308295941451
 30
0.0
 11
-4.347586342153338
 21
41.1308295941451
 31
0.0
  0
LINE
  5
70
330
1F
100
AcDbEntity
  8
Typical floor$Boundary
100
AcDbLine
 10
6.499350910674615
 20
43.03775867661779
 30
0.0
 11
6.499350910674618
 21
41.1308295941451
 31
0.0
  0
LINE
  5
71
330
1F
100
AcDbEntity
  8
Typical floor$Boundary
100
AcDbLine
 10
6.999350910674615
 20
43.03775867661778
 30
0.0
 11
6.499350910674615
 21
43.03775867661779
 31
0.0
  0
LINE
  5
72
330
1F
100
AcDbEntity
  8
Typical floor$Boundary
100
AcDbLine
 10
6.999350910674615
 20
36.87515736919998
 30
0.0
 11
6.999350910674615
 21
43.03775867661778
 31
0.0
  0
LINE
  5
73
330
1F
100
AcDbEntity
  8
Typical floor$Boundary
100
AcDbLine
 10
6.499350910674614
 20
36.87515736919998
 30
0.0
 11
6.999350910674615
 21
36.87515736919998
 31
0.0
  0
LINE
  5
74
330
1F
100
AcDbEntity
  8
Typical floor$Boundary
100
AcDbLine
 10
6.499350910674616
 20
40.1308295941451
 30
0.0
 11
6.499350910674614
 21
36.87515736919998
 31
0.0
  0
LINE
  5
75
330
1F
100
AcDbEntity
  8
Typical floor$Boundary
100
AcDbLine
 10
-0.6126821329753078
 20
40.1308295941451
 30
0.0
 11
6.499350910674616
 21
40.1308295941451
 31
0.0
  0
LINE
  5
76
330
1F
100
AcDbEntity
  8
Typical floor$Boundary
100
AcDbLine
 10
-0.6126821329753088
 20
37.26024891558885
 30
0.0
 11
-0.6126821329753078
 21
40.1308295941451
 31
0.0
  0
LINE
  5
77
330
1F
100
AcDbEntity
  8
Typical floor$Boundary
100
AcDbLine
 10
-1.095862681178015
 20
37.26024891558885
 30
0.0
 11
-0.6126821329753088
 21
37.26024891558885
 31
0.0
  0
LINE
  5
78
330
1F
100
AcDbEntity
  8
Typical floor$Boundary
100
AcDbLine
 10
-1.095862681178013
 20
40.1308295941451
 30
0.0
 11
-1.095862681178015
 21
37.26024891558885
 31
0.0
  0
LINE
  5
79
330
1F
100
AcDbEntity
  8
Typical floor$Boundary
100
AcDbLine
 10
-4.347586342153337
 20
40.1308295941451
 30
0.0
 11
-1.095862681178013
 21
40.1308295941451
 31
0.0
  0
LINE
  5
7A
330
1F
100
AcDbEntity
  8
Typical floor$Boundary
100
AcDbLine
 10
-4.347586342153349
 20
30.61783784729759
 30
0.0
 11
-4.347586342153337
 21
40.1308295941451
 31
0.0
  0
LINE
  5
7B
330
1F
100
AcDbEntity
  8
Typical floor$Boundary
100
AcDbLine
 10
6.499350910674606
 20
30.61783784729759
 30
0.0
 11
-4.347586342153349
 21
30.61783784729759
 31
0.0
  0
LINE
  5
7C
330
1F
100
AcDbEntity
  8
Typical floor$Boundary
100
AcDbLine
 10
6.49935091067461
 20
33.62515736919999
 30
0.0
 11
6.499350910674606
 21
30.61783784729759
 31
0.0
  0
LINE
  5
7D
330
1F
100
AcDbEntity
  8
Typical floor$Boundary
100
AcDbLine
 10
6.999350910674611
 20
33.62515736919999
 30
0.0
 11
6.49935091067461
 21
33.62515736919999
 31
0.0
  0
LINE
  5
7E
330
1F
100
AcDbEntity
  8
Typical floor$Boundary
100
AcDbLine
 10
6.999350910674606
 20
30.61783784729759
 30
0.0
 11
6.999350910674611
 21
33.62515736919999
 31
0.0
  0
LINE
  5
7F
330
1F
100
AcDbEntity
  8
Typical floor$Boundary
100
AcDbLine
 10
21.57397692348235
 20
30.61783784729761
 30
0.0
 11
6.999350910674606
 21
30.61783784729759
 31
0.0
  0
LINE
  5
80
330
1F
100
AcDbEntity
  8
Typical floor$Boundary
100
AcDbLine
 10
21.57397692348237
 20
29.61783784729761
 30
0.0
 11
21.57397692348235
 21
30.61783784729761
 31
0.0
  0
LINE
  5
81
330
1F
100
AcDbEntity
  8
Typical floor$Boundary
100
AcDbLine
 10
-17.32639885420254
 20
29.61783784729758
 30
0.0
 11
21.57397692348237
 21
29.61783784729761
 31
0.0
  0
LINE
  5
82
330
1F
100
AcDbEntity
  8
Typical floor$Boundary
100
AcDbLine
 10
-17.32639885420253
 20
30.61783784729757
 30
0.0
 11
-17.32639885420254
 21
29.61783784729758
 31
0.0
  0
LINE
  5
83
330
1F
100
AcDbEntity
  8
Typical floor$Boundary
100
AcDbLine
 10
-16.70888098088421
 20
30.61783784729757
 30
0.0
 11
-17.32639885420253
 21
30.61783784729757
 31
0.0
  0
LINE
  5
84
330
1F
100
AcDbEntity
  8
Typical floor$Boundary
100
AcDbLine
 10
-16.70888098088419
 20
33.53432779929479
 30
0.0
 11
-16.70888098088421
 21
30.61783784729757
 31
0.0
  0
LINE
  5
85
330
1F
100
AcDbEntity
  8
Typical floor$Boundary
100
AcDbLine
 10
-16.20888098088419
 20
33.53432779929479
 30
0.0
 11
-16.70888098088419
 21
33.53432779929479
 31
0.0
  0
LINE
  5
86
330
1F
100
AcDbEntity
  8
Typical floor$Boundary
100
AcDbLine
 10
-16.20888098088422
 20
30.61783784729757
 30
0.0
 11
-16.20888098088419
 21
33.53432779929479
 31
0.0
  0
LINE
  5
87
330
1F
100
AcDbEntity
  8
Typical floor$Boundary
100
AcDbLine
 10
-5.347586342153352
 20
30.61783784729759
 30
0.0
 11
-16.20888098088422
 21
30.61783784729757
 31
0.0
  0
LINE
  5
88
330
1F
100
AcDbEntity
  8
Typical floor$Boundary
100
AcDbLine
 10
-5.347586342153344
 20
40.1308295941451
 30
0.0
 11
-5.347586342153352
 21
30.61783784729759
 31
0.0
  0
LINE
  5
89
330
1F
100
AcDbEntity
  8
Typical floor$Boundary
100
AcDbLine
 10
-12.12427528577994
 20
40.1308295941451
 30
0.0
 11
-5.347586342153344
 21
40.1308295941451
 31
0.0
  0
LINE
  5
8A
330
1F
100
AcDbEntity
  8
Typical floor$Boundary
100
AcDbLine
 10
-12.12427528577994
 20
37.26024891558885
 30
0.0
 11
-12.12427528577994
 21
40.1308295941451
 31
0.0
  0
LINE
  5
8B
330
1F
100
AcDbEntity
  8
Typical floor$Boundary
100
AcDbLine
 10
-12.61797980332382
 20
37.26024891558885
 30
0.0
 11
-12.12427528577994
 21
37.26024891558885
 31
0.0
  0
LINE
  5
8C
330
1F
100
AcDbEntity
  8
Typical floor$Boundary
100
AcDbLine
 10
-12.61797980332381
 20
40.1308295941451
 30
0.0
 11
-12.61797980332382
 21
37.26024891558885
 31
0.0
  0
LINE
  5
8D
330
1F
100
AcDbEntity
  8
Typical floor$Boundary
100
AcDbLine
 10
-16.20888098088406
 20
40.1308295941451
 30
0.0
 11
-12.61797980332381
 21
40.1308295941451
 31
0.0
  0
LINE
  5
8E
330
1F
100
AcDbEntity
  8
Typical floor$Boundary
100
AcDbLine
 10
-16.20888098088419
 20
36.78432779929479
 30
0.0
 11
-16.20888098088406
 21
40.1308295941451
 31
0.0
  0
LINE
  5
8F
330
1F
100
AcDbEntity
  8
Typical floor$Boundary
100
AcDbLine
 10
-16.70888098088419
 20
36.78432779929479
 30
0.0
 11
-16.20888098088419
 21
36.78432779929479
 31
0.0
  0
LINE
  5
90
330
1F
100
AcDbEntity
  8
Typical floor$Boundary
100
AcDbLine
 10
-16.7088809808842
 20
43.23428631016695
 30
0.0
 11
-16.70888098088419
 21
36.78432779929479
 31
0.0
  0
LINE
  5
91
330
1F
100
AcDbEntity
  8
Typical floor$Boundary
100
AcDbLine
 10
-16.2088809808842
 20
43.23428631016695
 30
0.0
 11
-16.7088809808842
 21
43.23428631016695
 31
0.0
  0
LINE
  5
92
330
1F
100
AcDbEntity
  8
Typical floor$Boundary
100
AcDbLine
 10
-16.2088809808842
 20
41.1308295941451
 30
0.0
 11
-16.2088809808842
 21
43.23428631016695
 31
0.0
  0
LINE
  5
93
330
1F
100
AcDbEntity
  8
Typical floor$Boundary
100
AcDbLine
 10
-5.347586342153345
 20
41.1308295941451
 30
0.0
 11
-16.2088809808842
 21
41.1308295941451
 31
0.0
  0
LINE
  5
94
330
1F
100
AcDbEntity
  8
Typical floor$Boundary
100
AcDbLine
 10
-5.347586342153312
 20
61.32415417358828
 30
0.0
 11
-5.347586342153345
 21
41.1308295941451
 31
0.0
  0
LINE
  5
95
330
1F
100
AcDbEntity
  8
Typical floor$Boundary
100
AcDbLine
 10
-9.063512071233646
 20
61.32415417358828
 30
0.0
 11
-5.347586342153312
 21
61.32415417358828
 31
0.0
  0
LINE
  5
96
330
1F
100
AcDbEntity
  8
Typical floor$Boundary
100
AcDbLine
 10
-9.06351207123368
 20
63.32415417358829
 30
0.0
 11
-9.063512071233646
 21
61.32415417358828
 31
0.0
  0
LINE
  5
97
330
1F
100
AcDbEntity
  8
Typical floor$Boundary
100
AcDbLine
 10
-15.85036515540838
 20
63.32415417358828
 30
0.0
 11
-9.06351207123368
 21
63.32415417358829
 31
0.0
  0
LINE
  5
98
330
1F
100
AcDbEntity
  8
Typical floor$Boundary
100
AcDbLine
 10
-15.85036515540839
 20
61.32415417358827
 30
0.0
 11
-15.85036515540838
 21
63.32415417358828
 31
0.0
  0
LINE
  5
99
330
1F
100
AcDbEntity
  8
Typical floor$Boundary
100
AcDbLine
 10
-18.46811149856154
 20
61.32415417358828
 30
0.0
 11
-15.85036515540839
 21
61.32415417358827
 31
0.0
  0
LINE
  5
9A
330
1F
100
AcDbEntity
  8
Typical floor$Boundary
100
AcDbLine
 10
-18.46811149856154
 20
46.98428631016695
 30
0.0
 11
-18.46811149856154
 21
61.32415417358828
 31
0.0
  0
LINE
  5
9B
330
1F
100
AcDbEntity
  8
Typical floor$Boundary
100
AcDbLine
 10
-16.20888098088419
 20
46.98428631016695
 30
0.0
 11
-18.46811149856154
 21
46.98428631016695
 31
0.0
  0
LINE
  5
9C
330
1F
100
AcDbEntity
  8
Typical floor$Boundary
100
AcDbLine
 10
-16.20888098088419
 20
46.48428631016695
 30
0.0
 11
-16.20888098088419
 21
46.98428631016695
 31
0.0
  0
LINE
  5
9D
330
1F
100
AcDbEntity
  8
Typical floor$Boundary
100
AcDbLine
 10
-23.77747675509682
 20
46.48428631016694
 30
0.0
 11
-16.20888098088419
 21
46.48428631016695
 31
0.0
  0
LINE
  5
9E
330
1F
100
AcDbEntity
  8
Typical floor$Boundary
100
AcDbLine
 10
-23.77747675509682
 20
46.98428631016694
 30
0.0
 11
-23.77747675509682
 21
46.48428631016694
 31
0.0
  0
LINE
  5
9F
330
1F
100
AcDbEntity
  8
Typical floor$Boundary
100
AcDbLine
 10
-18.96811149856154
 20
46.98428631016695
 30
0.0
 11
-23.77747675509682
 21
46.98428631016694
 31
0.0
  0
LINE
  5
A0
330
1F
100
AcDbEntity
  8
Typical floor$Boundary
100
AcDbLine
 10
-18.96811149856154
 20
61.32415417358828
 30
0.0
 11
-18.96811149856154
 21
46.98428631016695
 31
0.0
  0
LINE
  5
A1
330
1F
100
AcDbEntity
  8
Typical floor$Boundary
100
AcDbLine
 10
-22.06633822211104
 20
61.32415417358827
 30
0.0
 11
-18.96811149856154
 21
61.32415417358828
 31
0.0
  0
LINE
  5
A2
330
1F
100
AcDbEntity
  8
Typical floor$Boundary
100
AcDbLine
 10
-22.06633822211104
 20
63.32415417358828
 30
0.0
 11
-22.06633822211104
 21
61.32415417358827
 31
0.0
  0
LINE
  5
A3
330
1F
100
AcDbEntity
  8
Typical floor$Boundary
100
AcDbLine
 10
-27.87880520921019
 20
63.32415417358828
 30
0.0
 11
-22.06633822211104
 21
63.32415417358828
 31
0.0
  0
LINE
  5
A4
330
1F
100
AcDbEntity
  8
Typical floor$Boundary
100
AcDbLine
 10
-27.87880520921019
 20
61.32415417358826
 30
0.0
 11
-27.87880520921019
 21
63.32415417358828
 31
0.0
  0
LINE
  5
A5
330
1F
100
AcDbEntity
  8
Typical floor$Boundary
100
AcDbLine
 10
-29.7357276281288
 20
61.32415417358827
 30
0.0
 11
-27.87880520921019
 21
61.32415417358826
 31
0.0
  0
LINE
  5
A6
330
1F
100
AcDbEntity
  8
Typical floor$Boundary
100
AcDbLine
 10
-29.73572762812879
 20
46.98428631016694
 30
0.0
 11
-29.7357276281288
 21
61.32415417358827
 31
0.0
  0
LINE
  5
A7
330
1F
100
AcDbEntity
  8
Typical floor$Boundary
100
AcDbLine
 10
-27.02747675509681
 20
46.98428631016694
 30
0.0
 11
-29.73572762812879
 21
46.98428631016694
 31
0.0
  0
LINE
  5
A8
330
1F
100
AcDbEntity
  8
Typical floor$Boundary
100
AcDbLine
 10
-27.02747675509681
 20
46.48428631016694
 30
0.0
 11
-27.02747675509681
 21
46.98428631016694
 31
0.0
  0
LINE
  5
A9
330
1F
100
AcDbEntity
  8
Typical floor$Boundary
100
AcDbLine
 10
-33.06816694326426
 20
46.48428631016692
 30
0.0
 11
-27.02747675509681
 21
46.48428631016694
 31
0.0
  0
LINE
  5
AA
330
1F
100
AcDbEntity
  8
Typical floor$Boundary
100
AcDbLine
 10
-33.06816694326427
 20
46.98428631016692
 30
0.0
 11
-33.06816694326426
 21
46.48428631016692
 31
0.0
  0
LINE
  5
AB
330
1F
100
AcDbEntity
  8
Typical floor$Boundary
100
AcDbLine
 10
-30.23572762812879
 20
46.98428631016694
 30
0.0
 11
-33.06816694326427
 21
46.98428631016692
 31
0.0
  0
LINE
  5
AC
330
1F
100
AcDbEntity
  8
Typical floor$Boundary
100
AcDbLine
 10
-30.23572762812877
 20
61.32415417358827
 30
0.0
 11
-30.23572762812879
 21
46.98428631016694
 31
0.0
  0
LINE
  5
AD
330
1F
100
AcDbEntity
  8
Typical floor$Boundary
100
AcDbLine
 10
-32.08344475828555
 20
61.32415417358825
 30
0.0
 11
-30.23572762812877
 21
61.32415417358827
 31
0.0
  0
LINE
  5
AE
330
1F
100
AcDbEntity
  8
Typical floor$Boundary
100
AcDbLine
 10
-32.08344475828555
 20
63.32415417358827
 30
0.0
 11
-32.08344475828555
 21
61.32415417358825
 31
0.0
  0
LINE
  5
AF
330
1F
100
AcDbEntity
  8
Typical floor$Boundary
100
AcDbLine
 10
-29.69225721752937
 20
63.32415417358828
 30
0.0
 11
-32.08344475828555
 21
63.32415417358827
 31
0.0
  0
LINE
  5
B0
330
1F
100
AcDbEntity
  8
Typical floor$Boundary
100
AcDbLine
 10
-29.69225721752939
 20
71.41721711027515
 30
0.0
 11
-29.69225721752937
 21
63.32415417358828
 31
0.0
  0
LINE
  5
B1
330
1F
100
AcDbEntity
  8
Typical floor$Boundary
100
AcDbLine
 10
-61.95617392935497
 20
71.41721711027515
 30
0.0
 11
-29.69225721752939
 21
71.41721711027515
 31
0.0
  0
LINE
  5
B2
330
1F
100
AcDbEntity
  8
Typical floor$Boundary
100
AcDbLine
 10
-61.95617392935497
 20
63.32415417358828
 30
0.0
 11
-61.95617392935497
 21
71.41721711027515
 31
0.0
  0
LINE
  5
B3
330
1F
100
AcDbEntity
  8
Typical floor$Boundary
100
AcDbLine
 10
-57.31504829537612
 20
63.32415417358827
 30
0.0
 11
-61.95617392935497
 21
63.32415417358828
 31
0.0
  0
LINE
  5
B4
330
1F
100
AcDbEntity
  8
Typical floor$Boundary
100
AcDbLine
 10
-57.3150482953761
 20
61.32415417358825
 30
0.0
 11
-57.31504829537612
 21
63.32415417358827
 31
0.0
  0
LINE
  5
B5
330
1F
100
AcDbEntity
  8
Typical floor$Boundary
100
AcDbLine
 10
-59.95617392935493
 20
61.32415417358826
 30
0.0
 11
-57.3150482953761
 21
61.32415417358825
 31
0.0
  0
LINE
  5
B6
330
1F
100
AcDbEntity
  8
Typical floor$Boundary
100
AcDbLine
 10
-59.95617392935493
 20
52.95809146312988
 30
0.0
 11
-59.95617392935493
 21
61.32415417358826
 31
0.0
  0
LINE
  5
B7
330
1F
100
AcDbEntity
  8
Typical floor$Boundary
100
AcDbLine
 10
-61.95617392935493
 20
52.9580914631299
 30
0.0
 11
-59.95617392935493
 21
52.95809146312988
 31
0.0
  0
LINE
  5
B8
330
1F
100
AcDbEntity
  8
Typical floor$Boundary
100
AcDbLine
 10
-61.95617392935496
 20
54.96948157105179
 30
0.0
 11
-61.95617392935493
 21
52.9580914631299
 31
0.0
  0
LINE
  5
B9
330
1F
100
AcDbEntity
  8
Typical floor$Boundary
100
AcDbLine
 10
-69.93138169660477
 20
54.96948157105174
 30
0.0
 11
-61.95617392935496
 21
54.96948157105179
 31
0.0
  0
LINE
  5
BA
330
1F
100
AcDbEntity
  8
Typical floor$Boundary
100
AcDbLine
 10
-69.93138169660477
 20
4.395904373943905
 30
0.0
 11
-69.93138169660477
 21
54.96948157105174
 31
0.0
  0
LINE
  5
BB
330
1F
100
AcDbEntity
  8
Typical floor$Boundary
100
AcDbLine
 10
-61.956173929355
 20
4.186372941600974
 30
0.0
 11
-69.93138169660477
 21
4.395904373943905
 31
0.0
  0
LINE
  5
BC
330
1F
100
AcDbEntity
  8
Typical floor$Boundary
100
AcDbLine
 10
-61.95617392935495
 20
8.042369508773348
 30
0.0
 11
-61.956173929355
 21
4.186372941600974
 31
0.0
  0
LINE
  5
BD
330
1F
100
AcDbEntity
  8
Typical floor$Boundary
100
AcDbLine
 10
-59.95617392935495
 20
8.042369508773373
 30
0.0
 11
-61.95617392935495
 21
8.042369508773348
 31
0.0
  0
LINE
  5
BE
330
1F
100
AcDbEntity
  8
Typical floor$Boundary
100
AcDbLine
 10
-59.95617392935495
 20
5.078914978182077
 30
0.0
 11
-59.95617392935495
 21
8.042369508773373
 31
0.0
  0
LINE
  5
BF
330
1F
100
AcDbEntity
  8
Typical floor$Boundary
100
AcDbLine
 10
-44.11171995919811
 20
5.078914978182121
 30
0.0
 11
-59.95617392935495
 21
5.078914978182077
 31
0.0
  0
LINE
  5
C0
330
1F
100
AcDbEntity
  8
Typical floor$Boundary
100
AcDbLine
 10
-44.11171995919811
 20
7.581308303998382
 30
0.0
 11
-44.11171995919811
 21
5.078914978182121
 31
0.0
  0
LINE
  5
C1
330
1F
100
AcDbEntity
  8
Typical floor$Boundary
100
AcDbLine
 10
-43.61171995919811
 20
7.581308303998383
 30
0.0
 11
-44.11171995919811
 21
7.581308303998382
 31
0.0
  0
LINE
  5
C2
330
1F
100
AcDbEntity
  8
Typical floor$Boundary
100
AcDbLine
 10
-43.6117199591978
 20
4.578914978182112
 30
0.0
 11
-43.61171995919811
 21
7.581308303998383
 31
0.0
  0
LINE
  5
C3
330
1F
100
AcDbEntity
  8
Typical floor$Boundary
100
AcDbLine
 10
-59.95617392935495
 20
4.578914978182125
 30
0.0
 11
-43.6117199591978
 21
4.578914978182112
 31
0.0
  0
LINE
  5
C4
330
1F
100
AcDbEntity
  8
Typical floor$Boundary
100
AcDbLine
 10
-59.95617392935496
 20
0.330376374428669
 30
0.0
 11
-59.95617392935495
 21
4.578914978182125
 31
0.0
  0
LINE
  5
C5
330
1F
100
AcDbEntity
  8
Typical floor$Boundary
100
AcDbLine
 10
-61.956173929355
 20
0.3303763744286773
 30
0.0
 11
-59.95617392935496
 21
0.330376374428669
 31
0.0
  0
LINE
  5
C6
330
1F
100
AcDbEntity
  8
Typical floor$Boundary
100
AcDbLine
 10
-61.95617392935499
 20
-9.518980242517186
 30
0.0
 11
-61.956173929355
 21
0.3303763744286773
 31
0.0
  0
LINE
  5
C7
330
1F
100
AcDbEntity
  8
Typical floor$Boundary
100
AcDbLine
 10
-59.95617392935496
 20
-9.518980242517198
 30
0.0
 11
-61.95617392935499
 21
-9.518980242517186
 31
0.0
  0
LINE
  5
C8
330
1F
100
AcDbEntity
  8
Typical floor$Boundary
100
AcDbLine
 10
-59.95617392935495
 20
-12.73509032730927
 30
0.0
 11
-59.95617392935496
 21
-9.518980242517198
 31
0.0
  0
LINE
  5
C9
330
1F
100
AcDbEntity
  8
Typical floor$Boundary
100
AcDbLine
 10
-59.67705529502895
 20
-12.73509032730927
 30
0.0
 11
-59.95617392935495
 21
-12.73509032730927
 31
0.0
  0
LINE
  5
CA
330
1F
100
AcDbEntity
  8
Typical floor$Boundary
100
AcDbLine
 10
-59.67705529502906
 20
-14.73509032730929
 30
0.0
 11
-59.67705529502895
 21
-12.73509032730927
 31
0.0
  0
LINE
  5
CB
330
1F
100
AcDbEntity
  8
Typical floor$Boundary
100
AcDbLine
 10
-61.95617392935501
 20
-14.73509032730928
 30
0.0
 11
-59.67705529502906
 21
-14.73509032730929
 31
0.0
  0
LINE
  5
CC
330
1F
100
AcDbEntity
  8
Typical floor$Boundary
100
AcDbLine
 10
-61.95617392935507
 20
-22.86725903172472
 30
0.0
 11
-61.95617392935501
 21
-14.73509032730928
 31
0.0
  0
LINE
  5
CD
330
1F
100
AcDbEntity
  8
Typical floor$Boundary
100
AcDbLine
 10
-36.50431860034527
 20
-22.8672590317247
 30
0.0
 11
-61.95617392935507
 21
-22.86725903172472
 31
0.0
  0
LINE
  5
CE
330
1F
100
AcDbEntity
  8
Typical floor$Boundary
100
AcDbLine
 10
-36.50431860034527
 20
-14.7350903273092
 30
0.0
 11
-36.50431860034527
 21
-22.8672590317247
 31
0.0
  0
LINE
  5
CF
330
1F
100
AcDbEntity
  8
Typical floor$Boundary
100
AcDbLine
 10
-39.29794491747764
 20
-14.73509032730912
 30
0.0
 11
-36.50431860034527
 21
-14.7350903273092
 31
0.0
  0
LINE
  5
D0
330
1F
100
AcDbEntity
  8
Typical floor$Boundary
100
AcDbLine
 10
-39.29794491747761
 20
-12.73509032730911
 30
0.0
 11
-39.29794491747764
 21
-14.73509032730912
 31
0.0
  0
LINE
  5
D1
330
1F
100
AcDbEntity
  8
Typical floor$Boundary
100
AcDbLine
 10
-28.51079401547932
 20
-12.73509032730911
 30
0.0
 11
-39.29794491747761
 21
-12.73509032730911
 31
0.0
  0
LINE
  5
D2
330
1F
100
AcDbEntity
  8
Typical floor$Boundary
100
AcDbLine
 10
-28.51079401547911
 20
-14.7350903273092
 30
0.0
 11
-28.51079401547932
 21
-12.73509032730911
 31
0.0
  0
LINE
  5
D3
330
1F
100
AcDbEntity
  8
Typical floor$Boundary
100
AcDbLine
 10
-24.78255023830872
 20
-14.73509032730917
 30
0.0
 11
-28.51079401547911
 21
-14.7350903273092
 31
0.0
  0
LINE
  5
D4
330
1F
100
AcDbEntity
  8
Typical floor$Boundary
100
AcDbLine
 10
-24.78255023830854
 20
-12.73509032730909
 30
0.0
 11
-24.78255023830872
 21
-14.73509032730917
 31
0.0
  0
LINE
  5
D5
330
1F
100
AcDbEntity
  8
Typical floor$Boundary
100
AcDbLine
 10
-24.4634597742296
 20
-12.73509032730909
 30
0.0
 11
-24.78255023830854
 21
-12.73509032730909
 31
0.0
  0
LINE
  5
D6
330
1F
100
AcDbEntity
  8
Typical floor$Boundary
100
AcDbLine
 10
-24.46345977422959
 20
-9.526098996851175
 30
0.0
 11
-24.4634597742296
 21
-12.73509032730909
 31
0.0
  0
LINE
  5
D7
330
1F
100
AcDbEntity
  8
Typical floor$Boundary
100
AcDbLine
 10
-22.71345977422968
 20
-9.526098996851303
 30
0.0
 11
-24.46345977422959
 21
-9.526098996851175
 31
0.0
  0
LINE
  5
D8
330
1F
100
AcDbEntity
  8
Typical floor$Boundary
100
AcDbLine
 10
-22.71345977422959
 20
0.3624695760246925
 30
0.0
 11
-22.71345977422968
 21
-9.526098996851303
 31
0.0
  0
LINE
  5
D9
330
1F
100
AcDbEntity
  8
Typical floor$Boundary
100
AcDbLine
 10
-24.46345977422945
 20
0.3624695760246105
 30
0.0
 11
-22.71345977422959
 21
0.3624695760246925
 31
0.0
  0
LINE
  5
DA
330
1F
100
AcDbEntity
  8
Typical floor$Boundary
100
AcDbLine
 10
-24.46345977422946
 20
4.575104054899413
 30
0.0
 11
-24.46345977422945
 21
0.3624695760246105
 31
0.0
  0
LINE
  5
DB
330
1F
100
AcDbEntity
  8
Typical floor$Boundary
100
AcDbLine
 10
-27.10863968481869
 20
4.575104054899414
 30
0.0
 11
-24.46345977422946
 21
4.575104054899413
 31
0.0
  0
LINE
  5
DC
330
1F
100
AcDbEntity
  8
Typical floor$Boundary
100
AcDbLine
 10
-27.10863968481914
 20
5.075104054899416
 30
0.0
 11
-27.10863968481869
 21
4.575104054899414
 31
0.0
  0
LINE
  5
DD
330
1F
100
AcDbEntity
  8
Typical floor$Boundary
100
AcDbLine
 10
-24.46345977422946
 20
5.075104054899415
 30
0.0
 11
-27.10863968481914
 21
5.075104054899416
 31
0.0
  0
LINE
  5
DE
330
1F
100
AcDbEntity
  8
Typical floor$Boundary
100
AcDbLine
 10
-24.46345977422946
 20
10.24282191953638
 30
0.0
 11
-24.46345977422946
 21
5.075104054899415
 31
0.0
  0
LINE
  5
DF
330
1F
100
AcDbEntity
  8
Typical floor$Boundary
100
AcDbLine
 10
-34.05016540845966
 20
10.24282191953638
 30
0.0
 11
-24.46345977422946
 21
10.24282191953638
 31
0.0
  0
LINE
  5
E0
330
1F
100
AcDbEntity
  8
Typical floor$Boundary
100
AcDbLine
 10
-34.05016540845966
 20
7.869355874889549
 30
0.0
 11
-34.05016540845966
 21
10.24282191953638
 31
0.0
  0
LINE
  5
E1
330
1F
100
AcDbEntity
  8
Typical floor$Boundary
100
AcDbLine
 10
-30.76710399630553
 20
7.869355874889548
 30
0.0
 11
-34.05016540845966
 21
7.869355874889549
 31
0.0
  0
LINE
  5
E2
330
1F
100
AcDbEntity
  8
Typical floor$Boundary
100
AcDbLine
 10
-30.76710399630552
 20
5.075104054899416
 30
0.0
 11
-30.76710399630553
 21
7.869355874889548
 31
0.0
  0
LINE
  5
E3
330
1F
100
AcDbEntity
  8
Typical floor$Boundary
100
AcDbLine
 10
-30.35863968481913
 20
5.075104054899416
 30
0.0
 11
-30.76710399630552
 21
5.075104054899416
 31
0.0
  0
LINE
  5
E4
330
1F
100
AcDbEntity
  8
Typical floor$Boundary
100
AcDbLine
 10
-30.35863968481907
 20
4.575104054899414
 30
0.0
 11
-30.35863968481913
 21
5.075104054899416
 31
0.0
  0
LINE
  5
E5
330
1F
100
AcDbEntity
  8
Typical floor$Boundary
100
AcDbLine
 10
-31.26710399630552
 20
4.575104054899414
 30
0.0
 11
-30.35863968481907
 21
4.575104054899414
 31
0.0
  0
LINE
  5
E6
330
1F
100
AcDbEntity
  8
Typical floor$Boundary
100
AcDbLine
 10
-31.26710399630552
 20
7.378451689747777
 30
0.0
 11
-31.26710399630552
 21
4.575104054899414
 31
0.0
  0
LINE
  5
E7
330
1F
100
AcDbEntity
  8
Typical floor$Boundary
100
AcDbLine
 10
-38.35173443523551
 20
7.378451689747779
 30
0.0
 11
-31.26710399630552
 21
7.378451689747777
 31
0.0
  0
LINE
  5
E8
330
1F
100
AcDbEntity
  8
Typical floor$Boundary
100
AcDbLine
 10
-38.35173443523551
 20
4.575104054899416
 30
0.0
 11
-38.35173443523551
 21
7.378451689747779
 31
0.0
  0
LINE
  5
E9
330
1F
100
AcDbEntity
  8
Typical floor$Boundary
100
AcDbLine
 10
-38.85173443523551
 20
4.575104054899416
 30
0.0
 11
-38.35173443523551
 21
4.575104054899416
 31
0.0
  0
LINE
  5
EA
330
1F
100
AcDbEntity
  8
Typical floor$Boundary
100
AcDbLine
 10
-38.85173443523551
 20
13.53998888441413
 30
0.0
 11
-38.85173443523551
 21
4.575104054899416
 31
0.0
  0
LINE
  5
EB
330
1F
100
AcDbEntity
  8
Typical floor$Boundary
100
AcDbLine
 10
-38.35173443523551
 20
13.5399888844141
 30
0.0
 11
-38.85173443523551
 21
13.53998888441413
 31
0.0
  0
LINE
  5
EC
330
1F
100
AcDbEntity
  8
Typical floor$Boundary
100
AcDbLine
 10
-38.35173443523551
 20
10.81102399414823
 30
0.0
 11
-38.35173443523551
 21
13.5399888844141
 31
0.0
  0
LINE
  5
ED
330
1F
100
AcDbEntity
  8
Typical floor$Boundary
100
AcDbLine
 10
-34.58117786141096
 20
10.81053924628662
 30
0.0
 11
-38.35173443523551
 21
10.81102399414823
 31
0.0
  0
LINE
  5
EE
330
1F
100
AcDbEntity
  8
Typical floor$Boundary
100
AcDbLine
 10
-34.58117786141097
 20
17.43441975223832
 30
0.0
 11
-34.58117786141096
 21
10.81053924628662
 31
0.0
  0
LINE
  5
EF
330
1F
100
AcDbEntity
  8
Typical floor$Boundary
100
AcDbLine
 10
-38.35173443523552
 20
17.43441975223832
 30
0.0
 11
-34.58117786141097
 21
17.43441975223832
 31
0.0
  0
LINE
  5
F0
330
1F
100
AcDbEntity
  8
Typical floor$Boundary
100
AcDbLine
 10
-38.35173443523552
 20
16.7899888844141
 30
0.0
 11
-38.35173443523552
 21
17.43441975223832
 31
0.0
  0
LINE
  5
F1
330
1F
100
AcDbEntity
  8
Typical floor$Boundary
100
AcDbLine
 10
-38.85173443523554
 20
16.7899888844141
 30
0.0
 11
-38.35173443523552
 21
16.7899888844141
 31
0.0
  0
LINE
  5
F2
330
1F
100
AcDbEntity
  8
Typical floor$Boundary
100
AcDbLine
 10
-38.85173443523552
 20
21.52450937050585
 30
0.0
 11
-38.85173443523554
 21
16.7899888844141
 31
0.0
  0
LINE
  5
F3
330
1F
100
AcDbEntity
  8
Typical floor$Boundary
100
AcDbLine
 10
-33.61987033752263
 20
21.52450937050586
 30
0.0
 11
-38.85173443523552
 21
21.52450937050585
 31
0.0
  0
LINE
  5
F4
330
1F
100
AcDbEntity
  8
Typical floor$Boundary
100
AcDbLine
 10
-33.61987033752263
 20
20.90685186036864
 30
0.0
 11
-33.61987033752263
 21
21.52450937050586
 31
0.0
  0
LINE
  5
F5
330
1F
100
AcDbEntity
  8
Typical floor$Boundary
100
AcDbLine
 10
-38.35173443523552
 20
20.90685186036864
 30
0.0
 11
-33.61987033752263
 21
20.90685186036864
 31
0.0
  0
LINE
  5
F6
330
1F
100
AcDbEntity
  8
Typical floor$Boundary
100
AcDbLine
 10
-38.35173443523552
 20
17.93441975223832
 30
0.0
 11
-38.35173443523552
 21
20.90685186036864
 31
0.0
  0
LINE
  5
F7
330
1F
100
AcDbEntity
  8
Typical floor$Boundary
100
AcDbLine
 10
-34.08117786141097
 20
17.93441975223832
 30
0.0
 11
-38.35173443523552
 21
17.93441975223832
 31
0.0
  0
LINE
  5
F8
330
1F
100
AcDbEntity
  8
Typical floor$Boundary
100
AcDbLine
 10
-34.08117786141096
 20
10.81053924628662
 30
0.0
 11
-34.08117786141097
 21
17.93441975223832
 31
0.0
  0
LINE
  5
F9
330
1F
100
AcDbEntity
  8
Typical floor$Boundary
100
AcDbLine
 10
-24.46345977422946
 20
10.81102399414822
 30
0.0
 11
-34.08117786141096
 21
10.81053924628662
 31
0.0
  0
LINE
  5
FA
330
1F
100
AcDbEntity
  8
Typical floor$Boundary
100
AcDbLine
 10
-24.46345977422946
 20
20.90685186036865
 30
0.0
 11
-24.46345977422946
 21
10.81102399414822
 31
0.0
  0
LINE
  5
FB
330
1F
100
AcDbEntity
  8
Typical floor$Boundary
100
AcDbLine
 10
-30.36987033752262
 20
20.90685186036865
 30
0.0
 11
-24.46345977422946
 21
20.90685186036865
 31
0.0
  0
LINE
  5
FC
330
1F
100
AcDbEntity
  8
Typical floor$Boundary
100
AcDbLine
 10
-30.36987033752262
 20
21.52450937050586
 30
0.0
 11
-30.36987033752262
 21
20.90685186036865
 31
0.0
  0
LINE
  5
FD
330
1F
100
AcDbEntity
  8
Typical floor$Boundary
100
AcDbLine
 10
-24.46345977422952
 20
21.52450937050586
 30
0.0
 11
-30.36987033752262
 21
21.52450937050586
 31
0.0
  0
LINE
  5
FE
330
1F
100
AcDbEntity
  8
Typical floor$Boundary
100
AcDbLine
 10
-24.46345977422946
 20
21.68200146654327
 30
0.0
 11
-24.46345977422952
 21
21.52450937050586
 31
0.0
  0
LINE
  5
FF
330
1F
100
AcDbEntity
  8
Typical floor$Boundary
100
AcDbLine
 10
-23.37548904903974
 20
21.68200146654326
 30
0.0
 11
-24.46345977422946
 21
21.68200146654327
 31
0.0
  0
LINE
  5
100
330
1F
100
AcDbEntity
  8
Typical floor$Boundary
100
AcDbLine
 10
-23.37548904903975
 20
19.13707959687383
 30
0.0
 11
-23.37548904903974
 21
21.68200146654326
 31
0.0
  0
LINE
  5
101
330
1F
100
AcDbEntity
  8
Typical floor$Boundary
100
AcDbLine
 10
-18.06968731452611
 20
19.13707959687359
 30
0.0
 11
-23.37548904903975
 21
19.13707959687383
 31
0.0
  0
LINE
  5
102
330
1F
100
AcDbEntity
  8
Typical floor$Boundary
100
AcDbLine
 10
-18.06968731452624
 20
24.37745872208568
 30
0.0
 11
-18.06968731452611
 21
19.13707959687359
 31
0.0
  0
LINE
  5
103
330
1F
100
AcDbEntity
  8
Typical floor$Boundary
100
AcDbLine
 10
2.168120839237006
 20
24.37745872208568
 30
0.0
 11
-18.06968731452624
 21
24.37745872208568
 31
0.0
  0
LINE
  5
104
330
1F
100
AcDbEntity
  8
Typical floor$Boundary
100
AcDbLine
 10
2.168120839236983
 20
19.13707959687354
 30
0.0
 11
2.168120839237006
 21
24.37745872208568
 31
0.0
  0
LINE
  5
105
330
1F
100
AcDbEntity
  8
Typical floor$Boundary
100
AcDbLine
 10
6.520368399306323
 20
19.13707959687249
 30
0.0
 11
2.168120839236983
 21
19.13707959687354
 31
0.0
  0
LINE
  5
106
330
1F
100
AcDbEntity
  8
Typical floor$Boundary
100
AcDbLine
 10
6.520368399306394
 20
18.13707959687136
 30
0.0
 11
6.520368399306323
 21
19.13707959687249
 31
0.0
  0
LINE
  5
107
330
1F
100
AcDbEntity
  8
Typical floor$Boundary
100
AcDbLine
 10
4.91666531311872
 20
18.13707959687121
 30
0.0
 11
6.520368399306394
 21
18.13707959687136
 31
0.0
  0
LINE
  5
108
330
1F
100
AcDbEntity
  8
Typical floor$Boundary
100
AcDbLine
 10
4.916665313118713
 20
8.206334001577954
 30
0.0
 11
4.91666531311872
 21
18.13707959687121
 31
0.0
  0
LINE
  5
109
330
1F
100
AcDbEntity
  8
Typical floor$Boundary
100
AcDbLine
 10
11.51204131114468
 20
8.206334001577957
 30
0.0
 11
4.916665313118713
 21
8.206334001577954
 31
0.0
  0
LINE
  5
10A
330
1F
100
AcDbEntity
  8
Typical floor$Boundary
100
AcDbLine
 10
11.5120413111447
 20
18.1370795968718
 30
0.0
 11
11.51204131114468
 21
8.206334001577957
 31
0.0
  0
LINE
  5
10B
330
1F
100
AcDbEntity
  8
Typical floor$Boundary
100
AcDbLine
 10
11.05384456218998
 20
18.13707959687155
 30
0.0
 11
11.5120413111447
 21
18.1370795968718
 31
0.0
  0
LINE
  5
10C
330
1F
100
AcDbEntity
  8
Typical floor$Boundary
100
AcDbLine
 10
11.05384456218988
 20
19.13707959687229
 30
0.0
 11
11.05384456218998
 21
18.13707959687155
 31
0.0
  0
LINE
  5
10D
330
1F
100
AcDbEntity
  8
Typical floor$Boundary
100
AcDbLine
 10
22.30807507304475
 20
19.13707959687181
 30
0.0
 11
11.05384456218988
 21
19.13707959687229
 31
0.0
  0
LINE
  5
10E
330
1F
100
AcDbEntity
  8
Typical floor$Boundary
100
AcDbLine
 10
22.30807507304475
 20
18.13707959687181
 30
0.0
 11
22.30807507304475
 21
19.13707959687181
 31
0.0
  0
LINE
  5
10F
330
1F
100
AcDbEntity
  8
Typical floor$Boundary
100
AcDbLine
 10
20.54312850402592
 20
18.13707959687181
 30
0.0
 11
22.30807507304475
 21
18.13707959687181
 31
0.0
  0
LINE
  5
110
330
1F
100
AcDbEntity
  8
Typical floor$Boundary
100
AcDbLine
 10
20.54312850402591
 20
13.80111414624611
 30
0.0
 11
20.54312850402592
 21
18.13707959687181
 31
0.0
  0
LINE
  5
111
330
1F
100
AcDbEntity
  8
Typical floor$Boundary
100
AcDbLine
 10
20.04312850402591
 20
13.80111414624611
 30
0.0
 11
20.54312850402591
 21
13.80111414624611
 31
0.0
  0
LINE
  5
112
330
1F
100
AcDbEntity
  8
Typical floor$Boundary
100
AcDbLine
 10
20.04312850402592
 20
18.13707959687181
 30
0.0
 11
20.04312850402591
 21
13.80111414624611
 31
0.0
  0
LINE
  5
113
330
1F
100
AcDbEntity
  8
Typical floor$Boundary
100
AcDbLine
 10
13.26204131114467
 20
18.1370795968718
 30
0.0
 11
20.04312850402592
 21
18.13707959687181
 31
0.0
  0
LINE
  5
114
330
1F
100
AcDbEntity
  8
Typical floor$Boundary
100
AcDbLine
 10
13.26204131114468
 20
7.107047071514257
 30
0.0
 11
13.26204131114467
 21
18.1370795968718
 31
0.0
  0
LINE
  5
115
330
1F
100
AcDbEntity
  8
Typical floor$Boundary
100
AcDbLine
 10
20.04312850402592
 20
7.107047071514215
 30
0.0
 11
13.26204131114468
 21
7.107047071514257
 31
0.0
  0
LINE
  5
116
330
1F
100
AcDbEntity
  8
Typical floor$Boundary
100
AcDbLine
 10
20.04312850402591
 20
10.55111414624612
 30
0.0
 11
20.04312850402592
 21
7.107047071514215
 31
0.0
  0
LINE
  5
117
330
1F
100
AcDbEntity
  8
Typical floor$Boundary
100
AcDbLine
 10
20.54312850402591
 20
10.55111414624612
 30
0.0
 11
20.04312850402591
 21
10.55111414624612
 31
0.0
  0
LINE
  5
118
330
1F
100
AcDbEntity
  8
Typical floor$Boundary
100
AcDbLine
 10
20.54312850402592
 20
6.606763049208295
 30
0.0
 11
20.54312850402591
 21
10.55111414624612
 31
0.0
  0
LINE
  5
119
330
1F
100
AcDbEntity
  8
Typical floor$Boundary
100
AcDbLine
 10
3.91812083923659
 20
6.606763049207919
 30
0.0
 11
20.54312850402592
 21
6.606763049208295
 31
0.0
  0
LINE
  5
11A
330
1F
100
AcDbEntity
  8
Typical floor$Boundary
100
AcDbLine
 10
3.918120839236771
 20
-2.769087833661568
 30
0.0
 11
3.91812083923659
 21
6.606763049207919
 31
0.0
  0
LINE
  5
11B
330
1F
100
AcDbEntity
  8
Typical floor$Boundary
100
AcDbLine
 10
2.16812083923689
 20
-2.769087833661894
 30
0.0
 11
3.918120839236771
 21
-2.769087833661568
 31
0.0
  0
LINE
  5
11C
330
1F
100
AcDbEntity
  8
Typical floor$Boundary
100
AcDbLine
 10
2.168120839236896
 20
-12.41095420582264
 30
0.0
 11
2.16812083923689
 21
-2.769087833661894
 31
0.0
  0
LINE
  5
11D
330
1F
100
AcDbEntity
  8
Typical floor$Boundary
100
AcDbLine
 10
3.918120839236959
 20
-12.41095420582236
 30
0.0
 11
2.168120839236896
 21
-12.41095420582264
 31
0.0
  0
LINE
  5
11E
330
1F
100
AcDbEntity
  8
Typical floor$Boundary
100
AcDbLine
 10
3.918120839236965
 20
-12.73509032730891
 30
0.0
 11
3.918120839236959
 21
-12.41095420582236
 31
0.0
  0
LINE
  5
11F
330
1F
100
AcDbEntity
  8
Typical floor$Boundary
100
AcDbLine
 10
14.08353137328005
 20
-12.73509032730891
 30
0.0
 11
3.918120839236965
 21
-12.73509032730891
 31
0.0
  0
LINE
  5
120
330
1F
100
AcDbEntity
  8
Typical floor$Boundary
100
AcDbLine
 10
14.08353137328004
 20
-14.73509032730891
 30
0.0
 11
14.08353137328005
 21
-12.73509032730891
 31
0.0
  0
LINE
  5
121
330
1F
100
AcDbEntity
  8
Typical floor$Boundary
100
AcDbLine
 10
11.7260854826572
 20
-14.73509032730907
 30
0.0
 11
14.08353137328004
 21
-14.73509032730891
 31
0.0
  0
LINE
  5
122
330
1F
100
AcDbEntity
  8
Typical floor$Boundary
100
AcDbLine
 10
11.72608548265719
 20
-22.86725903172465
 30
0.0
 11
11.7260854826572
 21
-14.73509032730907
 31
0.0
  0
LINE
  5
123
330
1F
100
AcDbEntity
  8
Typical floor$Boundary
100
AcDbLine
 10
39.03782556983907
 20
-22.86725903172462
 30
0.0
 11
11.72608548265719
 21
-22.86725903172465
 31
0.0
  0
LINE
  5
124
330
1F
100
AcDbEntity
  8
Typical floor$Boundary
100
AcDbLine
 10
39.03782556983906
 20
-14.73509032730907
 30
0.0
 11
39.03782556983907
 21
-22.86725903172462
 31
0.0
  0
LINE
  5
125
330
1F
100
AcDbEntity
  8
Typical floor$Boundary
100
AcDbLine
 10
35.15644058048921
 20
-14.73509032730891
 30
0.0
 11
39.03782556983906
 21
-14.73509032730907
 31
0.0
  0
LINE
  5
126
330
1F
100
AcDbEntity
  8
Typical floor$Boundary
100
AcDbLine
 10
35.15644058048927
 20
-12.73509032730891
 30
0.0
 11
35.15644058048921
 21
-14.73509032730891
 31
0.0
  0
LINE
  5
127
330
1F
100
AcDbEntity
  8
Typical floor$Boundary
100
AcDbLine
 10
38.00214021192829
 20
-12.73509032730891
 30
0.0
 11
35.15644058048927
 21
-12.73509032730891
 31
0.0
  0
LINE
  5
128
330
1F
100
AcDbEntity
  8
Typical floor$Boundary
100
AcDbLine
 10
38.00214021192826
 20
7.281585583425781
 30
0.0
 11
38.00214021192829
 21
-12.73509032730891
 31
0.0
  0
LINE
  5
129
330
1F
100
AcDbEntity
  8
Typical floor$Boundary
100
AcDbLine
 10
27.17832894416885
 20
7.281585583425784
 30
0.0
 11
38.00214021192826
 21
7.281585583425781
 31
0.0
  0
LINE
  5
12A
330
1F
100
AcDbEntity
  8
Typical floor$Boundary
100
AcDbLine
 10
27.17832894416885
 20
-0.7091904581197475
 30
0.0
 11
27.17832894416885
 21
7.281585583425784
 31
0.0
  0
LINE
  5
12B
330
1F
100
AcDbEntity
  8
Typical floor$Boundary
100
AcDbLine
 10
26.67832894416886
 20
-0.7091904581197503
 30
0.0
 11
27.17832894416885
 21
-0.7091904581197475
 31
0.0
  0
LINE
  5
12C
330
1F
100
AcDbEntity
  8
Typical floor$Boundary
100
AcDbLine
 10
26.67832894416885
 20
10.46968794143076
 30
0.0
 11
26.67832894416886
 21
-0.7091904581197503
 31
0.0
  0
LINE
  5
12D
330
1F
100
AcDbEntity
  8
Typical floor$Boundary
100
AcDbLine
 10
27.17832894416885
 20
10.46968794143076
 30
0.0
 11
26.67832894416885
 21
10.46968794143076
 31
0.0
  0
LINE
  5
12E
330
1F
100
AcDbEntity
  8
Typical floor$Boundary
100
AcDbLine
 10
27.17832894416868
 20
8.281585583425787
 30
0.0
 11
27.17832894416885
 21
10.46968794143076
 31
0.0
  0
LINE
  5
12F
330
1F
100
AcDbEntity
  8
Typical floor$Boundary
100
AcDbLine
 10
38.00214021192826
 20
8.28158558342578
 30
0.0
 11
27.17832894416868
 21
8.281585583425787
 31
0.0
  0
LINE
  5
130
330
1F
100
AcDbEntity
  8
Typical floor$Boundary
100
AcDbLine
 10
38.00214021192824
 20
18.13707959687181
 30
0.0
 11
38.00214021192826
 21
8.28158558342578
 31
0.0
  0
LINE
  5
131
330
1F
100
AcDbEntity
  8
Typical floor$Boundary
100
AcDbLine
 10
27.17832894416885
 20
18.1370795968718
 30
0.0
 11
38.00214021192824
 21
18.13707959687181
 31
0.0
  0
LINE
  5
132
330
1F
100
AcDbEntity
  8
Typical floor$Boundary
100
AcDbLine
 10
27.17832894416885
 20
13.71968794143075
 30
0.0
 11
27.17832894416885
 21
18.1370795968718
 31
0.0
  0
LINE
  5
133
330
1F
100
AcDbEntity
  8
Typical floor$Boundary
100
AcDbLine
 10
26.67832894416885
 20
13.71968794143075
 30
0.0
 11
27.17832894416885
 21
13.71968794143075
 31
0.0
  0
LINE
  5
134
330
1F
100
AcDbEntity
  8
Typical floor$Boundary
100
AcDbLine
 10
26.67832894416885
 20
18.1370795968718
 30
0.0
 11
26.67832894416885
 21
13.71968794143075
 31
0.0
  0
LINE
  5
135
330
1F
100
AcDbEntity
  8
Typical floor$Boundary
100
AcDbLine
 10
26.30807507304475
 20
18.1370795968718
 30
0.0
 11
26.67832894416885
 21
18.1370795968718
 31
0.0
  0
LINE
  5
136
330
1F
100
AcDbEntity
  8
Typical floor$Boundary
100
AcDbLine
 10
26.30807507304475
 20
19.1370795968718
 30
0.0
 11
26.30807507304475
 21
18.1370795968718
 31
0.0
  0
LINE
  5
137
330
1F
100
AcDbEntity
  8
Typical floor$Boundary
100
AcDbLine
 10
39.02811858241201
 20
19.13707959687181
 30
0.0
 11
26.30807507304475
 21
19.1370795968718
 31
0.0
  0
LINE
  5
138
330
1F
100
AcDbEntity
  8
Typical floor$Boundary
100
AcDbLine
 10
39.028118582412
 20
24.37745872208389
 30
0.0
 11
39.02811858241201
 21
19.13707959687181
 31
0.0
  0
LINE
  5
139
330
1F
100
AcDbEntity
  8
Typical floor$Boundary
100
AcDbLine
 10
62.80466152248458
 20
24.37745872208389
 30
0.0
 11
39.028118582412
 21
24.37745872208389
 31
0.0
  0
LINE
  5
13A
330
1F
100
AcDbEntity
  8
Typical floor$Boundary
100
AcDbLine
 10
62.80466152248448
 20
19.1370795968718
 30
0.0
 11
62.80466152248458
 21
24.37745872208389
 31
0.0
  0
LINE
  5
13B
330
1F
100
AcDbEntity
  8
Typical floor$Boundary
100
AcDbLine
 10
71.44370164059666
 20
19.1370795968718
 30
0.0
 11
62.80466152248448
 21
19.1370795968718
 31
0.0
  0
LINE
  5
13C
330
1F
100
AcDbEntity
  8
Typical floor$Boundary
100
AcDbLine
 10
71.44370164059666
 20
18.1370795968718
 30
0.0
 11
71.44370164059666
 21
19.1370795968718
 31
0.0
  0
LINE
  5
13D
330
1F
100
AcDbEntity
  8
Typical floor$Boundary
100
AcDbLine
 10
71.33853099101393
 20
18.1370795968718
 30
0.0
 11
71.44370164059666
 21
18.1370795968718
 31
0.0
  0
LINE
  5
13E
330
1F
100
AcDbEntity
  8
Typical floor$Boundary
100
AcDbLine
 10
71.33853099101393
 20
15.57506699957275
 30
0.0
 11
71.33853099101393
 21
18.1370795968718
 31
0.0
  0
LINE
  5
13F
330
1F
100
AcDbEntity
  8
Typical floor$Boundary
100
AcDbLine
 10
70.75020942287367
 20
15.57506699957275
 30
0.0
 11
71.33853099101393
 21
15.57506699957275
 31
0.0
  0
LINE
  5
140
330
1F
100
AcDbEntity
  8
Typical floor$Boundary
100
AcDbLine
 10
70.7502094228731
 20
18.1370795968718
 30
0.0
 11
70.75020942287367
 21
15.57506699957275
 31
0.0
  0
LINE
  5
141
330
1F
100
AcDbEntity
  8
Typical floor$Boundary
100
AcDbLine
 10
50.26832397848715
 20
18.13707959687181
 30
0.0
 11
70.7502094228731
 21
18.1370795968718
 31
0.0
  0
LINE
  5
142
330
1F
100
AcDbEntity
  8
Typical floor$Boundary
100
AcDbLine
 10
50.26832397848716
 20
14.26936673996721
 30
0.0
 11
50.26832397848715
 21
18.13707959687181
 31
0.0
  0
LINE
  5
143
330
1F
100
AcDbEntity
  8
Typical floor$Boundary
100
AcDbLine
 10
49.76832397848716
 20
14.26936673996721
 30
0.0
 11
50.26832397848716
 21
14.26936673996721
 31
0.0
  0
LINE
  5
144
330
1F
100
AcDbEntity
  8
Typical floor$Boundary
100
AcDbLine
 10
49.76832397848715
 20
18.13707959687181
 30
0.0
 11
49.76832397848716
 21
14.26936673996721
 31
0.0
  0
LINE
  5
145
330
1F
100
AcDbEntity
  8
Typical floor$Boundary
100
AcDbLine
 10
39.00214021192824
 20
18.13707959687181
 30
0.0
 11
49.76832397848715
 21
18.13707959687181
 31
0.0
  0
LINE
  5
146
330
1F
100
AcDbEntity
  8
Typical floor$Boundary
100
AcDbLine
 10
39.00214021192826
 20
8.28158558342578
 30
0.0
 11
39.00214021192824
 21
18.13707959687181
 31
0.0
  0
LINE
  5
147
330
1F
100
AcDbEntity
  8
Typical floor$Boundary
100
AcDbLine
 10
49.76832397848716
 20
8.281585583425784
 30
0.0
 11
39.00214021192826
 21
8.28158558342578
 31
0.0
  0
LINE
  5
148
330
1F
100
AcDbEntity
  8
Typical floor$Boundary
100
AcDbLine
 10
49.76832397848716
 20
11.01936673996721
 30
0.0
 11
49.76832397848716
 21
8.281585583425784
 31
0.0
  0
LINE
  5
149
330
1F
100
AcDbEntity
  8
Typical floor$Boundary
100
AcDbLine
 10
50.26832397848716
 20
11.01936673996721
 30
0.0
 11
49.76832397848716
 21
11.01936673996721
 31
0.0
  0
LINE
  5
14A
330
1F
100
AcDbEntity
  8
Typical floor$Boundary
100
AcDbLine
 10
50.26832397848716
 20
8.281585583425782
 30
0.0
 11
50.26832397848716
 21
11.01936673996721
 31
0.0
  0
LINE
  5
14B
330
1F
100
AcDbEntity
  8
Typical floor$Boundary
100
AcDbLine
 10
54.28665017906272
 20
8.281585583425787
 30
0.0
 11
50.26832397848716
 21
8.281585583425782
 31
0.0
  0
LINE
  5
14C
330
1F
100
AcDbEntity
  8
Typical floor$Boundary
100
AcDbLine
 10
54.28665017906272
 20
7.28158558342578
 30
0.0
 11
54.28665017906272
 21
8.281585583425787
 31
0.0
  0
LINE
  5
14D
330
1F
100
AcDbEntity
  8
Typical floor$Boundary
100
AcDbLine
 10
50.26832397848716
 20
7.281585583425779
 30
0.0
 11
54.28665017906272
 21
7.28158558342578
 31
0.0
  0
LINE
  5
14E
330
1F
100
AcDbEntity
  8
Typical floor$Boundary
100
AcDbLine
 10
50.26832397848716
 20
-0.5731803637425621
 30
0.0
 11
50.26832397848716
 21
7.281585583425779
 31
0.0
  0
LINE
  5
14F
330
1F
100
AcDbEntity
  8
Typical floor$Boundary
100
AcDbLine
 10
49.76832397848716
 20
-0.573180363742565
 30
0.0
 11
50.26832397848716
 21
-0.5731803637425621
 31
0.0
  0
LINE
  5
150
330
1F
100
AcDbEntity
  8
Typical floor$Boundary
100
AcDbLine
 10
49.76832397848716
 20
7.281585583425782
 30
0.0
 11
49.76832397848716
 21
-0.573180363742565
 31
0.0
  0
LINE
  5
151
330
1F
100
AcDbEntity
  8
Typical floor$Boundary
100
AcDbLine
 10
39.00214021192826
 20
7.281585583425781
 30
0.0
 11
49.76832397848716
 21
7.281585583425782
 31
0.0
  0
LINE
  5
152
330
1F
100
AcDbEntity
  8
Typical floor$Boundary
100
AcDbLine
 10
39.00214021192823
 20
-12.73509032730891
 30
0.0
 11
39.00214021192826
 21
7.281585583425781
 31
0.0
  0
LINE
  5
153
330
1F
100
AcDbEntity
  8
Typical floor$Boundary
100
AcDbLine
 10
43.71244373986862
 20
-12.73509032730891
 30
0.0
 11
39.00214021192823
 21
-12.73509032730891
 31
0.0
  0
LINE
  5
154
330
1F
100
AcDbEntity
  8
Typical floor$Boundary
100
AcDbLine
 10
43.71244373986868
 20
-14.73509032730891
 30
0.0
 11
43.71244373986862
 21
-12.73509032730891
 31
0.0
  0
LINE
  5
155
330
1F
100
AcDbEntity
  8
Typical floor$Boundary
100
AcDbLine
 10
41.7961449413641
 20
-14.73509032730906
 30
0.0
 11
43.71244373986868
 21
-14.73509032730891
 31
0.0
  0
LINE
  5
156
330
1F
100
AcDbEntity
  8
Typical floor$Boundary
100
AcDbLine
 10
41.79614494136409
 20
-22.86725903172463
 30
0.0
 11
41.7961449413641
 21
-14.73509032730906
 31
0.0
  0
LINE
  5
157
330
1F
100
AcDbEntity
  8
Typical floor$Boundary
100
AcDbLine
 10
74.54753923140564
 20
-22.8672590317246
 30
0.0
 11
41.79614494136409
 21
-22.86725903172463
 31
0.0
  0
LINE
  5
158
330
1F
100
AcDbEntity
  8
Typical floor$Boundary
100
AcDbLine
 10
74.54753923140564
 20
-14.73509032730905
 30
0.0
 11
74.54753923140564
 21
-22.8672590317246
 31
0.0
  0
LINE
  5
159
330
1F
100
AcDbEntity
  8
Typical floor$Boundary
100
AcDbLine
 10
72.27108860100088
 20
-14.73509032730892
 30
0.0
 11
74.54753923140564
 21
-14.73509032730905
 31
0.0
  0
LINE
  5
15A
330
1F
100
AcDbEntity
  8
Typical floor$Boundary
100
AcDbLine
 10
72.27108860100094
 20
-12.73509032730891
 30
0.0
 11
72.27108860100088
 21
-14.73509032730892
 31
0.0
  0
LINE
  5
15B
330
1F
100
AcDbEntity
  8
Typical floor$Boundary
100
AcDbLine
 10
78.18800261316218
 20
-12.73509032730892
 30
0.0
 11
72.27108860100094
 21
-12.73509032730891
 31
0.0
  0
LINE
  5
15C
330
1F
100
AcDbEntity
  8
Typical floor$Boundary
100
AcDbLine
 10
78.18800261316218
 20
7.282017954348387
 30
0.0
 11
78.18800261316218
 21
-12.73509032730892
 31
0.0
  0
LINE
  5
15D
330
1F
100
AcDbEntity
  8
Typical floor$Boundary
100
AcDbLine
 10
67.17372181619399
 20
7.282017954348387
 30
0.0
 11
78.18800261316218
 21
7.282017954348387
 31
0.0
  0
LINE
  5
15E
330
1F
100
AcDbEntity
  8
Typical floor$Boundary
100
AcDbLine
 10
67.17372181619399
 20
-0.5731803637425659
 30
0.0
 11
67.17372181619399
 21
7.282017954348387
 31
0.0
  0
LINE
  5
15F
330
1F
100
AcDbEntity
  8
Typical floor$Boundary
100
AcDbLine
 10
66.17372181619399
 20
-0.5731803637425654
 30
0.0
 11
67.17372181619399
 21
-0.5731803637425659
 31
0.0
  0
LINE
  5
160
330
1F
100
AcDbEntity
  8
Typical floor$Boundary
100
AcDbLine
 10
66.17372181619399
 20
8.282017954348388
 30
0.0
 11
66.17372181619399
 21
-0.5731803637425654
 31
0.0
  0
LINE
  5
161
330
1F
100
AcDbEntity
  8
Typical floor$Boundary
100
AcDbLine
 10
78.18800261316218
 20
8.282017954348385
 30
0.0
 11
66.17372181619399
 21
8.282017954348388
 31
0.0
  0
LINE
  5
162
330
1F
100
AcDbEntity
  8
Typical floor$Boundary
100
AcDbLine
 10
78.18800261316218
 20
18.13707959687179
 30
0.0
 11
78.18800261316218
 21
8.282017954348385
 31
0.0
  0
LINE
  5
163
330
1F
100
AcDbEntity
  8
Typical floor$Boundary
100
AcDbLine
 10
75.44370164059666
 20
18.1370795968718
 30
0.0
 11
78.18800261316218
 21
18.13707959687179
 31
0.0
  0
LINE
  5
164
330
1F
100
AcDbEntity
  8
Typical floor$Boundary
100
AcDbLine
 10
75.44370164059666
 20
19.1370795968718
 30
0.0
 11
75.44370164059666
 21
18.1370795968718
 31
0.0
  0
LINE
  5
165
330
1F
100
AcDbEntity
  8
Typical floor$Boundary
100
AcDbLine
 10
78.18800261316218
 20
19.1370795968718
 30
0.0
 11
75.44370164059666
 21
19.1370795968718
 31
0.0
  0
LINE
  5
166
330
1F
100
AcDbEntity
  8
Typical floor$Boundary
100
AcDbLine
 10
78.18800261316218
 20
20.43331318663078
 30
0.0
 11
78.18800261316218
 21
19.1370795968718
 31
0.0
  0
LINE
  5
167
330
1F
100
AcDbEntity
  8
Typical floor$Boundary
100
AcDbLine
 10
79.18800261316218
 20
20.43331318663078
 30
0.0
 11
78.18800261316218
 21
20.43331318663078
 31
0.0
  0
LINE
  5
168
330
1F
100
AcDbEntity
  8
Typical floor$Boundary
100
AcDbLine
 10
79.18800261316218
 20
18.35235668931906
 30
0.0
 11
79.18800261316218
 21
20.43331318663078
 31
0.0
  0
LINE
  5
169
330
1F
100
AcDbEntity
  8
Typical floor$Boundary
100
AcDbLine
 10
82.96202552980989
 20
18.35235668931907
 30
0.0
 11
79.18800261316218
 21
18.35235668931906
 31
0.0
  0
LINE
  5
16A
330
1F
100
AcDbEntity
  8
Typical floor$Boundary
100
AcDbLine
 10
82.96202552980989
 20
17.86341902631887
 30
0.0
 11
82.96202552980989
 21
18.35235668931907
 31
0.0
  0
LINE
  5
16B
330
1F
100
AcDbEntity
  8
Typical floor$Boundary
100
AcDbLine
 10
79.18800261316218
 20
17.86341902631886
 30
0.0
 11
82.96202552980989
 21
17.86341902631887
 31
0.0
  0
LINE
  5
16C
330
1F
100
AcDbEntity
  8
Typical floor$Boundary
100
AcDbLine
 10
79.18800261316218
 20
8.282017954348383
 30
0.0
 11
79.18800261316218
 21
17.86341902631886
 31
0.0
  0
LINE
  5
16D
330
1F
100
AcDbEntity
  8
Typical floor$Boundary
100
AcDbLine
 10
86.6553365842324
 20
8.282017954348387
 30
0.0
 11
79.18800261316218
 21
8.282017954348383
 31
0.0
  0
LINE
  5
16E
330
1F
100
AcDbEntity
  8
Typical floor$Boundary
100
AcDbLine
 10
86.6553365842324
 20
17.86341902631887
 30
0.0
 11
86.6553365842324
 21
8.282017954348387
 31
0.0
  0
LINE
  5
16F
330
1F
100
AcDbEntity
  8
Typical floor$Boundary
100
AcDbLine
 10
86.21202552980989
 20
17.86341902631887
 30
0.0
 11
86.6553365842324
 21
17.86341902631887
 31
0.0
  0
LINE
  5
170
330
1F
100
AcDbEntity
  8
Typical floor$Boundary
100
AcDbLine
 10
86.21202552980989
 20
18.35235668931907
 30
0.0
 11
86.21202552980989
 21
17.86341902631887
 31
0.0
  0
LINE
  5
171
330
1F
100
AcDbEntity
  8
Typical floor$Boundary
100
AcDbLine
 10
91.54297983711368
 20
18.35235668931882
 30
0.0
 11
86.21202552980989
 21
18.35235668931907
 31
0.0
  0
LINE
  5
172
330
1F
100
AcDbEntity
  8
Typical floor$Boundary
100
AcDbLine
 10
91.54297983711368
 20
16.43563204620147
 30
0.0
 11
91.54297983711368
 21
18.35235668931882
 31
0.0
  0
LINE
  5
173
330
1F
100
AcDbEntity
  8
Typical floor$Boundary
100
AcDbLine
 10
91.04297983711368
 20
16.43563204620146
 30
0.0
 11
91.54297983711368
 21
16.43563204620147
 31
0.0
  0
LINE
  5
174
330
1F
100
AcDbEntity
  8
Typical floor$Boundary
100
AcDbLine
 10
91.04297983711368
 20
17.86341902631886
 30
0.0
 11
91.04297983711368
 21
16.43563204620146
 31
0.0
  0
LINE
  5
175
330
1F
100
AcDbEntity
  8
Typical floor$Boundary
100
AcDbLine
 10
87.13413431083791
 20
17.86341902631887
 30
0.0
 11
91.04297983711368
 21
17.86341902631886
 31
0.0
  0
LINE
  5
176
330
1F
100
AcDbEntity
  8
Typical floor$Boundary
100
AcDbLine
 10
87.13413431083791
 20
10.82335588449534
 30
0.0
 11
87.13413431083791
 21
17.86341902631887
 31
0.0
  0
LINE
  5
177
330
1F
100
AcDbEntity
  8
Typical floor$Boundary
100
AcDbLine
 10
91.04297983711368
 20
10.82335588449534
 30
0.0
 11
87.13413431083791
 21
10.82335588449534
 31
0.0
  0
LINE
  5
178
330
1F
100
AcDbEntity
  8
Typical floor$Boundary
100
AcDbLine
 10
91.04297983711368
 20
13.18563204620147
 30
0.0
 11
91.04297983711368
 21
10.82335588449534
 31
0.0
  0
LINE
  5
179
330
1F
100
AcDbEntity
  8
Typical floor$Boundary
100
AcDbLine
 10
91.54297983711368
 20
13.18563204620147
 30
0.0
 11
91.04297983711368
 21
13.18563204620147
 31
0.0
  0
LINE
  5
17A
330
1F
100
AcDbEntity
  8
Typical floor$Boundary
100
AcDbLine
 10
91.54297983711368
 20
5.111181051315256
 30
0.0
 11
91.54297983711368
 21
13.18563204620147
 31
0.0
  0
LINE
  5
17B
330
1F
100
AcDbEntity
  8
Typical floor$Boundary
100
AcDbLine
 10
91.04297983711368
 20
5.111181051315256
 30
0.0
 11
91.54297983711368
 21
5.111181051315256
 31
0.0
  0
LINE
  5
17C
330
1F
100
AcDbEntity
  8
Typical floor$Boundary
100
AcDbLine
 10
91.04297983711368
 20
7.282017954348385
 30
0.0
 11
91.04297983711368
 21
5.111181051315256
 31
0.0
  0
LINE
  5
17D
330
1F
100
AcDbEntity
  8
Typical floor$Boundary
100
AcDbLine
 10
87.13413431083791
 20
7.282017954348385
 30
0.0
 11
91.04297983711368
 21
7.282017954348385
 31
0.0
  0
LINE
  5
17E
330
1F
100
AcDbEntity
  8
Typical floor$Boundary
100
AcDbLine
 10
87.13413431083791
 20
5.111181051315256
 30
0.0
 11
87.13413431083791
 21
7.282017954348385
 31
0.0
  0
LINE
  5
17F
330
1F
100
AcDbEntity
  8
Typical floor$Boundary
100
AcDbLine
 10
86.6553365842324
 20
5.111181051315257
 30
0.0
 11
87.13413431083791
 21
5.111181051315256
 31
0.0
  0
LINE
  5
180
330
1F
100
AcDbEntity
  8
Typical floor$Boundary
100
AcDbLine
 10
86.6553365842324
 20
7.282017954348385
 30
0.0
 11
86.6553365842324
 21
5.111181051315257
 31
0.0
  0
LINE
  5
181
330
1F
100
AcDbEntity
  8
Typical floor$Boundary
100
AcDbLine
 10
79.18800261316218
 20
7.282017954348384
 30
0.0
 11
86.6553365842324
 21
7.282017954348385
 31
0.0
  0
LINE
  5
182
330
1F
100
AcDbEntity
  8
Typical floor$Boundary
100
AcDbLine
 10
79.18800261316218
 20
-12.73509032730892
 30
0.0
 11
79.18800261316218
 21
7.282017954348384
 31
0.0
  0
LINE
  5
183
330
1F
100
AcDbEntity
  8
Typical floor$Boundary
100
AcDbLine
 10
81.39705908344547
 20
-12.73509032730891
 30
0.0
 11
79.18800261316218
 21
-12.73509032730892
 31
0.0
  0
LINE
  5
184
330
1F
100
AcDbEntity
  8
Typical floor$Boundary
100
AcDbLine
 10
81.3970590834455
 20
-14.73509032730892
 30
0.0
 11
81.39705908344547
 21
-12.73509032730891
 31
0.0
  0
LINE
  5
185
330
1F
100
AcDbEntity
  8
Typical floor$Boundary
100
AcDbLine
 10
78.11747274267657
 20
-14.73509032730905
 30
0.0
 11
81.3970590834455
 21
-14.73509032730892
 31
0.0
  0
LINE
  5
186
330
1F
100
AcDbEntity
  8
Typical floor$Boundary
100
AcDbLine
 10
78.11747274267657
 20
-22.86725903172459
 30
0.0
 11
78.11747274267657
 21
-14.73509032730905
 31
0.0
  0
LINE
  5
187
330
1F
100
AcDbEntity
  8
Typical floor$Boundary
100
AcDbLine
 10
124.5304503544066
 20
-22.86725903172454
 30
0.0
 11
78.11747274267657
 21
-22.86725903172459
 31
0.0
  0
LINE
  5
188
330
1F
100
AcDbEntity
  8
Typical floor$Boundary
100
AcDbLine
 10
124.5304503544066
 20
1.597580120539245
 30
0.0
 11
124.5304503544066
 21
-22.86725903172454
 31
0.0
  0
LINE
  5
189
330
1F
100
AcDbEntity
  8
Typical floor$Boundary
100
AcDbLine
 10
116.5520149218603
 20
1.597580120539246
 30
0.0
 11
124.5304503544066
 21
1.597580120539245
 31
0.0
  0
LINE
  5
18A
330
1F
100
AcDbEntity
  8
Typical floor$Boundary
100
AcDbLine
 10
116.5520149218602
 20
-5.809372956881815
 30
0.0
 11
116.5520149218603
 21
1.597580120539246
 31
0.0
  0
LINE
  5
18B
330
1F
100
AcDbEntity
  8
Typical floor$Boundary
100
AcDbLine
 10
114.5520149218603
 20
-5.809372956881795
 30
0.0
 11
116.5520149218602
 21
-5.809372956881815
 31
0.0
  0
LINE
  5
18C
330
1F
100
AcDbEntity
  8
Typical floor$Boundary
100
AcDbLine
 10
114.5520149218603
 20
6.146472111835285
 30
0.0
 11
114.5520149218603
 21
-5.809372956881795
 31
0.0
  0
LINE
  5
18D
330
1F
100
AcDbEntity
  8
Typical floor$Boundary
100
AcDbLine
 10
96.30257331246506
 20
6.146472111835596
 30
0.0
 11
114.5520149218603
 21
6.146472111835285
 31
0.0
  0
LINE
  5
18E
330
1F
100
AcDbEntity
  8
Typical floor$Boundary
100
AcDbLine
 10
96.30257331246506
 20
13.1856320462014
 30
0.0
 11
96.30257331246506
 21
6.146472111835596
 31
0.0
  0
LINE
  5
18F
330
1F
100
AcDbEntity
  8
Typical floor$Boundary
100
AcDbLine
 10
96.80257331246506
 20
13.1856320462014
 30
0.0
 11
96.30257331246506
 21
13.1856320462014
 31
0.0
  0
LINE
  5
190
330
1F
100
AcDbEntity
  8
Typical floor$Boundary
100
AcDbLine
 10
96.80257331246506
 20
6.646472111835257
 30
0.0
 11
96.80257331246506
 21
13.1856320462014
 31
0.0
  0
LINE
  5
191
330
1F
100
AcDbEntity
  8
Typical floor$Boundary
100
AcDbLine
 10
114.5520149218603
 20
6.646472111835285
 30
0.0
 11
96.80257331246506
 21
6.646472111835257
 31
0.0
  0
LINE
  5
192
330
1F
100
AcDbEntity
  8
Typical floor$Boundary
100
AcDbLine
 10
114.5520149218603
 20
7.079477400352685
 30
0.0
 11
114.5520149218603
 21
6.646472111835285
 31
0.0
  0
LINE
  5
193
330
1F
100
AcDbEntity
  8
Typical floor$Boundary
100
AcDbLine
 10
116.5520149218603
 20
7.079477400352777
 30
0.0
 11
114.5520149218603
 21
7.079477400352685
 31
0.0
  0
LINE
  5
194
330
1F
100
AcDbEntity
  8
Typical floor$Boundary
100
AcDbLine
 10
116.5520149218603
 20
10.80405077109381
 30
0.0
 11
116.5520149218603
 21
7.079477400352777
 31
0.0
  0
LINE
  5
195
330
1F
100
AcDbEntity
  8
Typical floor$Boundary
100
AcDbLine
 10
114.5520149218603
 20
10.80405077109377
 30
0.0
 11
116.5520149218603
 21
10.80405077109381
 31
0.0
  0
LINE
  5
196
330
1F
100
AcDbEntity
  8
Typical floor$Boundary
100
AcDbLine
 10
114.5520149218603
 20
19.06190572233399
 30
0.0
 11
114.5520149218603
 21
10.80405077109377
 31
0.0
  0
LINE
  5
197
330
1F
100
AcDbEntity
  8
Typical floor$Boundary
100
AcDbLine
 10
96.80257331246509
 20
19.06190572233402
 30
0.0
 11
114.5520149218603
 21
19.06190572233399
 31
0.0
  0
LINE
  5
198
330
1F
100
AcDbEntity
  8
Typical floor$Boundary
100
AcDbLine
 10
96.80257331246509
 20
16.43563204620139
 30
0.0
 11
96.80257331246509
 21
19.06190572233402
 31
0.0
  0
LINE
  5
199
330
1F
100
AcDbEntity
  8
Typical floor$Boundary
100
AcDbLine
 10
96.30257331246509
 20
16.43563204620138
 30
0.0
 11
96.80257331246509
 21
16.43563204620139
 31
0.0
  0
LINE
  5
19A
330
1F
100
AcDbEntity
  8
Typical floor$Boundary
100
AcDbLine
 10
96.30257331246509
 20
24.79186203933563
 30
0.0
 11
96.30257331246509
 21
16.43563204620138
 31
0.0
  0
LINE
  5
19B
330
1F
100
AcDbEntity
  8
Typical floor$Boundary
100
AcDbLine
 10
79.18800261316224
 20
24.79186203933562
 30
0.0
 11
96.30257331246509
 21
24.79186203933563
 31
0.0
  0
LINE
  5
19C
330
1F
100
AcDbEntity
  8
Typical floor$Boundary
100
AcDbLine
 10
79.18800261316224
 20
24.43331318663069
 30
0.0
 11
79.18800261316224
 21
24.79186203933562
 31
0.0
  0
LINE
  5
19D
330
1F
100
AcDbEntity
  8
Typical floor$Boundary
100
AcDbLine
 10
78.18800261316224
 20
24.43331318663069
 30
0.0
 11
79.18800261316224
 21
24.43331318663069
 31
0.0
  0
LINE
  5
19E
330
1F
100
AcDbEntity
  8
Typical floor$Boundary
100
AcDbLine
 10
78.18800261316221
 20
29.61783784729767
 30
0.0
 11
78.18800261316224
 21
24.43331318663069
 31
0.0
  0
LINE
  5
19F
330
1F
100
AcDbEntity
  8
Typical floor$Boundary
100
AcDbLine
 10
76.44695590427659
 20
29.61783784729767
 30
0.0
 11
78.18800261316221
 21
29.61783784729767
 31
0.0
  0
LINE
  5
1A0
330
1F
100
AcDbEntity
  8
Typical floor$Boundary
100
AcDbLine
 10
76.44695590427659
 20
30.61783784729767
 30
0.0
 11
76.44695590427659
 21
29.61783784729767
 31
0.0
  0
LINE
  5
1A1
330
1F
100
AcDbEntity
  8
Typical floor$Boundary
100
AcDbLine
 10
78.69427955347876
 20
30.61783784729767
 30
0.0
 11
76.44695590427659
 21
30.61783784729767
 31
0.0
  0
LINE
  5
1A2
330
1F
100
AcDbEntity
  8
Typical floor$Boundary
100
AcDbLine
 10
78.69427955347874
 20
33.80722673255984
 30
0.0
 11
78.69427955347876
 21
30.61783784729767
 31
0.0
  0
LINE
  5
1A3
330
1F
100
AcDbEntity
  8
Typical floor$Boundary
100
AcDbLine
 10
79.18800261316221
 20
33.80722673255984
 30
0.0
 11
78.69427955347874
 21
33.80722673255984
 31
0.0
  0
LINE
  5
1A4
330
1F
100
AcDbEntity
  8
Typical floor$Boundary
100
AcDbLine
 10
79.18800261316221
 20
32.99831273379156
 30
0.0
 11
79.18800261316221
 21
33.80722673255984
 31
0.0
  0
LINE
  5
1A5
330
1F
100
AcDbEntity
  8
Typical floor$Boundary
100
AcDbLine
 10
83.39595601851147
 20
32.99831273379154
 30
0.0
 11
79.18800261316221
 21
32.99831273379156
 31
0.0
  0
LINE
  5
1A6
330
1F
100
AcDbEntity
  8
Typical floor$Boundary
100
AcDbLine
 10
83.39595601851147
 20
32.49831273379154
 30
0.0
 11
83.39595601851147
 21
32.99831273379154
 31
0.0
  0
LINE
  5
1A7
330
1F
100
AcDbEntity
  8
Typical floor$Boundary
100
AcDbLine
 10
79.18800261316221
 20
32.49831273379156
 30
0.0
 11
83.39595601851147
 21
32.49831273379154
 31
0.0
  0
LINE
  5
1A8
330
1F
100
AcDbEntity
  8
Typical floor$Boundary
100
AcDbLine
 10
79.18800261316224
 20
25.74527730880185
 30
0.0
 11
79.18800261316221
 21
32.49831273379156
 31
0.0
  0
LINE
  5
1A9
330
1F
100
AcDbEntity
  8
Typical floor$Boundary
100
AcDbLine
 10
90.55503071281655
 20
25.74527730880185
 30
0.0
 11
79.18800261316224
 21
25.74527730880185
 31
0.0
  0
LINE
  5
1AA
330
1F
100
AcDbEntity
  8
Typical floor$Boundary
100
AcDbLine
 10
90.55503071281652
 20
32.49831273379155
 30
0.0
 11
90.55503071281655
 21
25.74527730880185
 31
0.0
  0
LINE
  5
1AB
330
1F
100
AcDbEntity
  8
Typical floor$Boundary
100
AcDbLine
 10
86.64595601851147
 20
32.49831273379154
 30
0.0
 11
90.55503071281652
 21
32.49831273379155
 31
0.0
  0
LINE
  5
1AC
330
1F
100
AcDbEntity
  8
Typical floor$Boundary
100
AcDbLine
 10
86.64595601851147
 20
32.99831273379154
 30
0.0
 11
86.64595601851147
 21
32.49831273379154
 31
0.0
  0
LINE
  5
1AD
330
1F
100
AcDbEntity
  8
Typical floor$Boundary
100
AcDbLine
 10
90.55503071281652
 20
32.99831273379154
 30
0.0
 11
86.64595601851147
 21
32.99831273379154
 31
0.0
  0
LINE
  5
1AE
330
1F
100
AcDbEntity
  8
Typical floor$Boundary
100
AcDbLine
 10
90.55503071281652
 20
33.79040305181872
 30
0.0
 11
90.55503071281652
 21
32.99831273379154
 31
0.0
  0
LINE
  5
1AF
330
1F
100
AcDbEntity
  8
Typical floor$Boundary
100
AcDbLine
 10
91.55503071281652
 20
33.79040305181873
 30
0.0
 11
90.55503071281652
 21
33.79040305181872
 31
0.0
  0
LINE
  5
1B0
330
1F
100
AcDbEntity
  8
Typical floor$Boundary
100
AcDbLine
 10
91.55503071281655
 20
25.74686958289034
 30
0.0
 11
91.55503071281652
 21
33.79040305181873
 31
0.0
  0
LINE
  5
1B1
330
1F
100
AcDbEntity
  8
Typical floor$Boundary
100
AcDbLine
 10
96.30257331246509
 20
25.74686958289035
 30
0.0
 11
91.55503071281655
 21
25.74686958289034
 31
0.0
  0
LINE
  5
1B2
330
1F
100
AcDbEntity
  8
Typical floor$Boundary
100
AcDbLine
 10
96.30259039215002
 20
26.16233234596084
 30
0.0
 11
96.30257331246509
 21
25.74686958289035
 31
0.0
  0
LINE
  5
1B3
330
1F
100
AcDbEntity
  8
Typical floor$Boundary
100
AcDbLine
 10
97.30257331246509
 20
26.16233234596083
 30
0.0
 11
96.30259039215002
 21
26.16233234596084
 31
0.0
  0
LINE
  5
1B4
330
1F
100
AcDbEntity
  8
Typical floor$Boundary
100
AcDbLine
 10
97.30257331246509
 20
20.06190572233404
 30
0.0
 11
97.30257331246509
 21
26.16233234596083
 31
0.0
  0
LINE
  5
1B5
330
1F
100
AcDbEntity
  8
Typical floor$Boundary
100
AcDbLine
 10
114.5520149218603
 20
20.06190572233401
 30
0.0
 11
97.30257331246509
 21
20.06190572233404
 31
0.0
  0
LINE
  5
1B6
330
1F
100
AcDbEntity
  8
Typical floor$Boundary
100
AcDbLine
 10
114.5520149218603
 20
20.43987877843718
 30
0.0
 11
114.5520149218603
 21
20.06190572233401
 31
0.0
  0
LINE
  5
1B7
330
1F
100
AcDbEntity
  8
Typical floor$Boundary
100
AcDbLine
 10
116.5520149218603
 20
20.43987877843714
 30
0.0
 11
114.5520149218603
 21
20.43987877843718
 31
0.0
  0
LINE
  5
1B8
330
1F
100
AcDbEntity
  8
Typical floor$Boundary
100
AcDbLine
 10
116.5520149218603
 20
24.10200715862828
 30
0.0
 11
116.5520149218603
 21
20.43987877843714
 31
0.0
  0
LINE
  5
1B9
330
1F
100
AcDbEntity
  8
Typical floor$Boundary
100
AcDbLine
 10
114.5520149218602
 20
24.10200715862826
 30
0.0
 11
116.5520149218603
 21
24.10200715862828
 31
0.0
  0
LINE
  5
1BA
330
1F
100
AcDbEntity
  8
Typical floor$Boundary
100
AcDbLine
 10
114.5520149218601
 20
32.51905789252118
 30
0.0
 11
114.5520149218602
 21
24.10200715862826
 31
0.0
  0
LINE
  5
1BB
330
1F
100
AcDbEntity
  8
Typical floor$Boundary
100
AcDbLine
 10
97.302573312465
 20
32.51905789252116
 30
0.0
 11
114.5520149218601
 21
32.51905789252118
 31
0.0
  0
LINE
  5
1BC
330
1F
100
AcDbEntity
  8
Typical floor$Boundary
100
AcDbLine
 10
97.30257331246503
 20
29.41233234596089
 30
0.0
 11
97.302573312465
 21
32.51905789252116
 31
0.0
  0
LINE
  5
1BD
330
1F
100
AcDbEntity
  8
Typical floor$Boundary
100
AcDbLine
 10
96.30259039214997
 20
29.41233234596088
 30
0.0
 11
97.30257331246503
 21
29.41233234596089
 31
0.0
  0
LINE
  5
1BE
330
1F
100
AcDbEntity
  8
Typical floor$Boundary
100
AcDbLine
 10
96.302573312465
 20
33.51905789252118
 30
0.0
 11
96.30259039214997
 21
29.41233234596088
 31
0.0
  0
LINE
  5
1BF
330
1F
100
AcDbEntity
  8
Typical floor$Boundary
100
AcDbLine
 10
98.68121855322033
 20
33.51905789252117
 30
0.0
 11
96.302573312465
 21
33.51905789252118
 31
0.0
  0
LINE
  5
1C0
330
1F
100
AcDbEntity
  8
Typical floor$Boundary
100
AcDbLine
 10
98.68121855322036
 20
36.34264413933862
 30
0.0
 11
98.68121855322033
 21
33.51905789252117
 31
0.0
  0
LINE
  5
1C1
330
1F
100
AcDbEntity
  8
Typical floor$Boundary
100
AcDbLine
 10
99.18121855322033
 20
36.34264413933862
 30
0.0
 11
98.68121855322036
 21
36.34264413933862
 31
0.0
  0
LINE
  5
1C2
330
1F
100
AcDbEntity
  8
Typical floor$Boundary
100
AcDbLine
 10
99.18121855322033
 20
33.51905789252117
 30
0.0
 11
99.18121855322033
 21
36.34264413933862
 31
0.0
  0
LINE
  5
1C3
330
1F
100
AcDbEntity
  8
Typical floor$Boundary
100
AcDbLine
 10
114.5520149218601
 20
33.51905789252113
 30
0.0
 11
99.18121855322033
 21
33.51905789252117
 31
0.0
  0
LINE
  5
1C4
330
1F
100
AcDbEntity
  8
Typical floor$Boundary
100
AcDbLine
 10
114.5520149218601
 20
38.02594071834689
 30
0.0
 11
114.5520149218601
 21
33.51905789252113
 31
0.0
  0
LINE
  5
1C5
330
1F
100
AcDbEntity
  8
Typical floor$Boundary
100
AcDbLine
 10
116.5520149218601
 20
38.02594071834681
 30
0.0
 11
114.5520149218601
 21
38.02594071834689
 31
0.0
  0
LINE
  5
1C6
330
1F
100
AcDbEntity
  8
Typical floor$Boundary
100
AcDbLine
 10
116.5520149218603
 20
32.4466541943705
 30
0.0
 11
116.5520149218601
 21
38.02594071834681
 31
0.0
  0
LINE
  5
1C7
330
1F
100
AcDbEntity
  8
Typical floor$Boundary
100
AcDbLine
 10
124.5304503544066
 20
32.44665419437048
 30
0.0
 11
116.5520149218603
 21
32.4466541943705
 31
0.0
  0
LINE
  5
1C8
330
1F
100
AcDbEntity
  8
Typical floor$Boundary
100
AcDbLine
 10
124.5304503544066
 20
56.51294437728122
 30
0.0
 11
124.5304503544066
 21
32.44665419437048
 31
0.0
  0
LINE
  5
1C9
330
1F
100
AcDbEntity
  8
Typical floor$Boundary
100
AcDbLine
 10
116.5520149218604
 20
56.51294437728122
 30
0.0
 11
124.5304503544066
 21
56.51294437728122
 31
0.0
  0
LINE
  5
1CA
330
1F
100
AcDbEntity
  8
Typical floor$Boundary
100
AcDbLine
 10
116.5520149218604
 20
54.67085468613304
 30
0.0
 11
116.5520149218604
 21
56.51294437728122
 31
0.0
  0
LINE
  5
1CB
330
1F
100
AcDbEntity
  8
Typical floor$Boundary
100
AcDbLine
 10
114.5520149218604
 20
54.670854686133
 30
0.0
 11
116.5520149218604
 21
54.67085468613304
 31
0.0
  0
LINE
  5
1CC
330
1F
100
AcDbEntity
  8
Typical floor$Boundary
100
AcDbLine
 10
114.5520149218604
 20
61.32415417358838
 30
0.0
 11
114.5520149218604
 21
54.670854686133
 31
0.0
  0
LINE
  5
1CD
330
1F
100
AcDbEntity
  8
Typical floor$Boundary
100
AcDbLine
 10
114.3480554335009
 20
61.32415417358838
 30
0.0
 11
114.5520149218604
 21
61.32415417358838
 31
0.0
  0
LINE
  5
1CE
330
1F
100
AcDbEntity
  8
Typical floor$Boundary
100
AcDbLine
 10
114.3480554335009
 20
63.32415417358838
 30
0.0
 11
114.3480554335009
 21
61.32415417358838
 31
0.0
  0
LINE
  5
1CF
330
1F
100
AcDbEntity
  8
Typical floor$Boundary
100
AcDbLine
 10
116.5520149218605
 20
63.32415417358839
 30
0.0
 11
114.3480554335009
 21
63.32415417358838
 31
0.0
  0
LINE
  5
1D0
330
1F
100
AcDbEntity
  8
Typical floor$Boundary
100
AcDbLine
 10
116.5520149218605
 20
71.40669452263433
 30
0.0
 11
116.5520149218605
 21
63.32415417358839
 31
0.0
  0
LINE
  5
1D1
330
1F
100
AcDbEntity
  8
Typical floor$Boundary
100
AcDbLine
 10
78.68582343641881
 20
71.40669452263438
 30
0.0
 11
116.5520149218605
 21
71.40669452263433
 31
0.0
  0
LINE
  5
1D2
330
1F
100
AcDbEntity
  8
Typical floor$Boundary
100
AcDbLine
 10
78.68582343641879
 20
63.32415417358837
 30
0.0
 11
78.68582343641881
 21
71.40669452263438
 31
0.0
  0
LINE
  5
1D3
330
1F
100
AcDbEntity
  8
Typical floor$Boundary
100
AcDbLine
 10
81.97930483093751
 20
63.32415417358835
 30
0.0
 11
78.68582343641879
 21
63.32415417358837
 31
0.0
  0
LINE
  5
1D4
330
1F
100
AcDbEntity
  8
Typical floor$Boundary
100
AcDbLine
 10
81.97930483093751
 20
61.32415417358834
 30
0.0
 11
81.97930483093751
 21
63.32415417358835
 31
0.0
  0
LINE
  5
1D5
330
1F
100
AcDbEntity
  8
Typical floor$Boundary
100
AcDbLine
 10
81.75433296459752
 20
61.32415417358834
 30
0.0
 11
81.97930483093751
 21
61.32415417358834
 31
0.0
  0
LINE
  5
1D6
330
1F
100
AcDbEntity
  8
Typical floor$Boundary
100
AcDbLine
 10
81.75433296459755
 20
47.16641307944066
 30
0.0
 11
81.75433296459752
 21
61.32415417358834
 31
0.0
  0
LINE
  5
1D7
330
1F
100
AcDbEntity
  8
Typical floor$Boundary
100
AcDbLine
 10
78.32008684838519
 20
47.16641307944067
 30
0.0
 11
81.75433296459755
 21
47.16641307944066
 31
0.0
  0
LINE
  5
1D8
330
1F
100
AcDbEntity
  8
Typical floor$Boundary
100
AcDbLine
 10
78.32008684838519
 20
47.66641307944067
 30
0.0
 11
78.32008684838519
 21
47.16641307944067
 31
0.0
  0
LINE
  5
1D9
330
1F
100
AcDbEntity
  8
Typical floor$Boundary
100
AcDbLine
 10
81.25433296459755
 20
47.66641307944066
 30
0.0
 11
78.32008684838519
 21
47.66641307944067
 31
0.0
  0
LINE
  5
1DA
330
1F
100
AcDbEntity
  8
Typical floor$Boundary
100
AcDbLine
 10
81.25433296459758
 20
61.32415417358834
 30
0.0
 11
81.25433296459755
 21
47.66641307944066
 31
0.0
  0
LINE
  5
1DB
330
1F
100
AcDbEntity
  8
Typical floor$Boundary
100
AcDbLine
 10
76.9279007837755
 20
61.32415417358835
 30
0.0
 11
81.25433296459758
 21
61.32415417358834
 31
0.0
  0
LINE
  5
1DC
330
1F
100
AcDbEntity
  8
Typical floor$Boundary
100
AcDbLine
 10
76.92790078377539
 20
63.32415417358837
 30
0.0
 11
76.9279007837755
 21
61.32415417358835
 31
0.0
  0
LINE
  5
1DD
330
1F
100
AcDbEntity
  8
Typical floor$Boundary
100
AcDbLine
 10
71.88111025279221
 20
63.32415417358837
 30
0.0
 11
76.92790078377539
 21
63.32415417358837
 31
0.0
  0
LINE
  5
1DE
330
1F
100
AcDbEntity
  8
Typical floor$Boundary
100
AcDbLine
 10
71.88111025279221
 20
61.32415417358835
 30
0.0
 11
71.88111025279221
 21
63.32415417358837
 31
0.0
  0
LINE
  5
1DF
330
1F
100
AcDbEntity
  8
Typical floor$Boundary
100
AcDbLine
 10
67.69178447791498
 20
61.32415417358835
 30
0.0
 11
71.88111025279221
 21
61.32415417358835
 31
0.0
  0
LINE
  5
1E0
330
1F
100
AcDbEntity
  8
Typical floor$Boundary
100
AcDbLine
 10
67.69178447791498
 20
61.0811589629245
 30
0.0
 11
67.69178447791498
 21
61.32415417358835
 31
0.0
  0
LINE
  5
1E1
330
1F
100
AcDbEntity
  8
Typical floor$Boundary
100
AcDbLine
 10
65.90757914958374
 20
61.08115896292446
 30
0.0
 11
67.69178447791498
 21
61.0811589629245
 31
0.0
  0
LINE
  5
1E2
330
1F
100
AcDbEntity
  8
Typical floor$Boundary
100
AcDbLine
 10
65.90757914958374
 20
58.04894508625937
 30
0.0
 11
65.90757914958374
 21
61.08115896292446
 31
0.0
  0
LINE
  5
1E3
330
1F
100
AcDbEntity
  8
Typical floor$Boundary
100
AcDbLine
 10
67.69178447791498
 20
58.04894508625942
 30
0.0
 11
65.90757914958374
 21
58.04894508625937
 31
0.0
  0
LINE
  5
1E4
330
1F
100
AcDbEntity
  8
Typical floor$Boundary
100
AcDbLine
 10
67.69178447791501
 20
47.66641307944067
 30
0.0
 11
67.69178447791498
 21
58.04894508625942
 31
0.0
  0
LINE
  5
1E5
330
1F
100
AcDbEntity
  8
Typical floor$Boundary
100
AcDbLine
 10
75.07008684838519
 20
47.66641307944067
 30
0.0
 11
67.69178447791501
 21
47.66641307944067
 31
0.0
  0
LINE
  5
1E6
330
1F
100
AcDbEntity
  8
Typical floor$Boundary
100
AcDbLine
 10
75.07008684838519
 20
47.16641307944067
 30
0.0
 11
75.07008684838519
 21
47.66641307944067
 31
0.0
  0
LINE
  5
1E7
330
1F
100
AcDbEntity
  8
Typical floor$Boundary
100
AcDbLine
 10
67.69178447791501
 20
47.16641307944067
 30
0.0
 11
75.07008684838519
 21
47.16641307944067
 31
0.0
  0
LINE
  5
1E8
330
1F
100
AcDbEntity
  8
Typical floor$Boundary
100
AcDbLine
 10
67.69178447791501
 20
46.86815981216298
 30
0.0
 11
67.69178447791501
 21
47.16641307944067
 31
0.0
  0
LINE
  5
1E9
330
1F
100
AcDbEntity
  8
Typical floor$Boundary
100
AcDbLine
 10
65.90757914958374
 20
46.86815981216297
 30
0.0
 11
67.69178447791501
 21
46.86815981216298
 31
0.0
  0
LINE
  5
1EA
330
1F
100
AcDbEntity
  8
Typical floor$Boundary
100
AcDbLine
 10
65.90757914958368
 20
42.99485683746558
 30
0.0
 11
65.90757914958374
 21
46.86815981216297
 31
0.0
  0
LINE
  5
1EB
330
1F
100
AcDbEntity
  8
Typical floor$Boundary
100
AcDbLine
 10
67.69178447791487
 20
42.99485683746552
 30
0.0
 11
65.90757914958368
 21
42.99485683746558
 31
0.0
  0
LINE
  5
1EC
330
1F
100
AcDbEntity
  8
Typical floor$Boundary
100
AcDbLine
 10
67.69178447791487
 20
41.12799714971738
 30
0.0
 11
67.69178447791487
 21
42.99485683746552
 31
0.0
  0
LINE
  5
1ED
330
1F
100
AcDbEntity
  8
Typical floor$Boundary
100
AcDbLine
 10
72.15245511766304
 20
41.12799714971738
 30
0.0
 11
67.69178447791487
 21
41.12799714971738
 31
0.0
  0
LINE
  5
1EE
330
1F
100
AcDbEntity
  8
Typical floor$Boundary
100
AcDbLine
 10
72.15245511766304
 20
38.95389808567319
 30
0.0
 11
72.15245511766304
 21
41.12799714971738
 31
0.0
  0
LINE
  5
1EF
330
1F
100
AcDbEntity
  8
Typical floor$Boundary
100
AcDbLine
 10
71.65245511766304
 20
38.95389808567319
 30
0.0
 11
72.15245511766304
 21
38.95389808567319
 31
0.0
  0
LINE
  5
1F0
330
1F
100
AcDbEntity
  8
Typical floor$Boundary
100
AcDbLine
 10
71.65245511766304
 20
40.62799714971738
 30
0.0
 11
71.65245511766304
 21
38.95389808567319
 31
0.0
  0
LINE
  5
1F1
330
1F
100
AcDbEntity
  8
Typical floor$Boundary
100
AcDbLine
 10
67.69178447791487
 20
40.62799714971738
 30
0.0
 11
71.65245511766304
 21
40.62799714971738
 31
0.0
  0
LINE
  5
1F2
330
1F
100
AcDbEntity
  8
Typical floor$Boundary
100
AcDbLine
 10
67.69178447791487
 20
32.9986706043554
 30
0.0
 11
67.69178447791487
 21
40.62799714971738
 31
0.0
  0
LINE
  5
1F3
330
1F
100
AcDbEntity
  8
Typical floor$Boundary
100
AcDbLine
 10
71.65245511766304
 20
32.9986706043554
 30
0.0
 11
67.69178447791487
 21
32.9986706043554
 31
0.0
  0
LINE
  5
1F4
330
1F
100
AcDbEntity
  8
Typical floor$Boundary
100
AcDbLine
 10
71.65245511766304
 20
35.70389808567319
 30
0.0
 11
71.65245511766304
 21
32.9986706043554
 31
0.0
  0
LINE
  5
1F5
330
1F
100
AcDbEntity
  8
Typical floor$Boundary
100
AcDbLine
 10
72.15245511766304
 20
35.70389808567319
 30
0.0
 11
71.65245511766304
 21
35.70389808567319
 31
0.0
  0
LINE
  5
1F6
330
1F
100
AcDbEntity
  8
Typical floor$Boundary
100
AcDbLine
 10
72.15245511766307
 20
30.61783784729772
 30
0.0
 11
72.15245511766304
 21
35.70389808567319
 31
0.0
  0
LINE
  5
1F7
330
1F
100
AcDbEntity
  8
Typical floor$Boundary
100
AcDbLine
 10
72.44695590427648
 20
30.61783784729772
 30
0.0
 11
72.15245511766307
 21
30.61783784729772
 31
0.0
  0
LINE
  5
1F8
330
1F
100
AcDbEntity
  8
Typical floor$Boundary
100
AcDbLine
 10
72.4469559042765
 20
29.61783784729772
 30
0.0
 11
72.44695590427648
 21
30.61783784729772
 31
0.0
  0
LINE
  5
1F9
330
1F
100
AcDbEntity
  8
Typical floor$Boundary
100
AcDbLine
 10
25.57397692348241
 20
29.61783784729776
 30
0.0
 11
72.4469559042765
 21
29.61783784729772
 31
0.0
  0
LINE
  5
1FA
330
1F
100
AcDbEntity
  8
Typical floor$Boundary
100
AcDbLine
 10
25.57397692348241
 20
30.61783784729776
 30
0.0
 11
25.57397692348241
 21
29.61783784729776
 31
0.0
  0
LINE
  5
1FB
330
1F
100
AcDbEntity
  8
Typical floor$Boundary
100
AcDbLine
 10
33.07207399741398
 20
30.6178378472972
 30
0.0
 11
25.57397692348241
 21
30.61783784729776
 31
0.0
  0
LINE
  5
1FC
330
1F
100
AcDbEntity
  8
Typical floor$Boundary
100
AcDbLine
 10
33.07207399741397
 20
35.70182610623857
 30
0.0
 11
33.07207399741398
 21
30.6178378472972
 31
0.0
  0
LINE
  5
1FD
330
1F
100
AcDbEntity
  8
Typical floor$Boundary
100
AcDbLine
 10
33.57207399741397
 20
35.70182610623857
 30
0.0
 11
33.07207399741397
 21
35.70182610623857
 31
0.0
  0
LINE
  5
1FE
330
1F
100
AcDbEntity
  8
Typical floor$Boundary
100
AcDbLine
 10
33.57207399741398
 20
33.01195934996055
 30
0.0
 11
33.57207399741397
 21
35.70182610623857
 31
0.0
  0
LINE
  5
1FF
330
1F
100
AcDbEntity
  8
Typical floor$Boundary
100
AcDbLine
 10
37.45745084053232
 20
33.01195934996055
 30
0.0
 11
33.57207399741398
 21
33.01195934996055
 31
0.0
  0
LINE
  5
200
330
1F
100
AcDbEntity
  8
Typical floor$Boundary
100
AcDbLine
 10
37.45745084053232
 20
40.23202883156698
 30
0.0
 11
37.45745084053232
 21
33.01195934996055
 31
0.0
  0
LINE
  5
201
330
1F
100
AcDbEntity
  8
Typical floor$Boundary
100
AcDbLine
 10
33.57207399741397
 20
40.23202883156698
 30
0.0
 11
37.45745084053232
 21
40.23202883156698
 31
0.0
  0
LINE
  5
202
330
1F
100
AcDbEntity
  8
Typical floor$Boundary
100
AcDbLine
 10
33.57207399741397
 20
38.95182610623857
 30
0.0
 11
33.57207399741397
 21
40.23202883156698
 31
0.0
  0
LINE
  5
203
330
1F
100
AcDbEntity
  8
Typical floor$Boundary
100
AcDbLine
 10
33.07207399741397
 20
38.95182610623857
 30
0.0
 11
33.57207399741397
 21
38.95182610623857
 31
0.0
  0
LINE
  5
204
330
1F
100
AcDbEntity
  8
Typical floor$Boundary
100
AcDbLine
 10
33.07207399741398
 20
40.23202883156698
 30
0.0
 11
33.07207399741397
 21
38.95182610623857
 31
0.0
  0
LINE
  5
205
330
1F
100
AcDbEntity
  8
Typical floor$Boundary
100
AcDbLine
 10
26.24532834352764
 20
40.23202883156697
 30
0.0
 11
33.07207399741398
 21
40.23202883156698
 31
0.0
  0
LINE
  5
206
330
1F
100
AcDbEntity
  8
Typical floor$Boundary
100
AcDbLine
 10
26.24532834352764
 20
44.97767903780701
 30
0.0
 11
26.24532834352764
 21
40.23202883156697
 31
0.0
  0
LINE
  5
207
330
1F
100
AcDbEntity
  8
Typical floor$Boundary
100
AcDbLine
 10
26.74532834352764
 20
44.97767903780701
 30
0.0
 11
26.24532834352764
 21
44.97767903780701
 31
0.0
  0
LINE
  5
208
330
1F
100
AcDbEntity
  8
Typical floor$Boundary
100
AcDbLine
 10
26.74532834352765
 20
40.73202883156698
 30
0.0
 11
26.74532834352764
 21
44.97767903780701
 31
0.0
  0
LINE
  5
209
330
1F
100
AcDbEntity
  8
Typical floor$Boundary
100
AcDbLine
 10
37.45745084053232
 20
40.73202883156698
 30
0.0
 11
26.74532834352765
 21
40.73202883156698
 31
0.0
  0
LINE
  5
20A
330
1F
100
AcDbEntity
  8
Typical floor$Boundary
100
AcDbLine
 10
37.45745084053232
 20
43.62030565798486
 30
0.0
 11
37.45745084053232
 21
40.73202883156698
 31
0.0
  0
LINE
  5
20B
330
1F
100
AcDbEntity
  8
Typical floor$Boundary
100
AcDbLine
 10
39.45745084053232
 20
43.62030565798482
 30
0.0
 11
37.45745084053232
 21
43.62030565798486
 31
0.0
  0
LINE
  5
20C
330
1F
100
AcDbEntity
  8
Typical floor$Boundary
100
AcDbLine
 10
39.4574508405323
 20
48.25663645707725
 30
0.0
 11
39.45745084053232
 21
43.62030565798482
 31
0.0
  0
LINE
  5
20D
330
1F
100
AcDbEntity
  8
Typical floor$Boundary
100
AcDbLine
 10
37.4574508405323
 20
48.25663645707728
 30
0.0
 11
39.4574508405323
 21
48.25663645707725
 31
0.0
  0
LINE
  5
20E
330
1F
100
AcDbEntity
  8
Typical floor$Boundary
100
AcDbLine
 10
37.4574508405323
 20
50.80474828546379
 30
0.0
 11
37.4574508405323
 21
48.25663645707728
 31
0.0
  0
LINE
  5
20F
330
1F
100
AcDbEntity
  8
Typical floor$Boundary
100
AcDbLine
 10
26.74532834352761
 20
50.80474828546378
 30
0.0
 11
37.4574508405323
 21
50.80474828546379
 31
0.0
  0
LINE
  5
210
330
1F
100
AcDbEntity
  8
Typical floor$Boundary
100
AcDbLine
 10
26.74532834352761
 20
48.22767903780688
 30
0.0
 11
26.74532834352761
 21
50.80474828546378
 31
0.0
  0
LINE
  5
211
330
1F
100
AcDbEntity
  8
Typical floor$Boundary
100
AcDbLine
 10
26.24532834352761
 20
48.22767903780688
 30
0.0
 11
26.74532834352761
 21
48.22767903780688
 31
0.0
  0
LINE
  5
212
330
1F
100
AcDbEntity
  8
Typical floor$Boundary
100
AcDbLine
 10
26.24532834352762
 20
55.47470009269703
 30
0.0
 11
26.24532834352761
 21
48.22767903780688
 31
0.0
  0
LINE
  5
213
330
1F
100
AcDbEntity
  8
Typical floor$Boundary
100
AcDbLine
 10
26.74532834352762
 20
55.47470009269703
 30
0.0
 11
26.24532834352762
 21
55.47470009269703
 31
0.0
  0
LINE
  5
214
330
1F
100
AcDbEntity
  8
Typical floor$Boundary
100
AcDbLine
 10
26.74532834352761
 20
51.30474828546378
 30
0.0
 11
26.74532834352762
 21
55.47470009269703
 31
0.0
  0
LINE
  5
215
330
1F
100
AcDbEntity
  8
Typical floor$Boundary
100
AcDbLine
 10
37.4574508405323
 20
51.30474828546379
 30
0.0
 11
26.74532834352761
 21
51.30474828546378
 31
0.0
  0
LINE
  5
216
330
1F
100
AcDbEntity
  8
Typical floor$Boundary
100
AcDbLine
 10
37.4574508405323
 20
54.01176580952827
 30
0.0
 11
37.4574508405323
 21
51.30474828546379
 31
0.0
  0
LINE
  5
217
330
1F
100
AcDbEntity
  8
Typical floor$Boundary
100
AcDbLine
 10
39.4574508405323
 20
54.01176580952831
 30
0.0
 11
37.4574508405323
 21
54.01176580952827
 31
0.0
  0
LINE
  5
218
330
1F
100
AcDbEntity
  8
Typical floor$Boundary
100
AcDbLine
 10
39.4574508405323
 20
58.21209213705872
 30
0.0
 11
39.4574508405323
 21
54.01176580952831
 31
0.0
  0
LINE
  5
219
330
1F
100
AcDbEntity
  8
Typical floor$Boundary
100
AcDbLine
 10
37.4574508405323
 20
58.21209213705869
 30
0.0
 11
39.4574508405323
 21
58.21209213705872
 31
0.0
  0
LINE
  5
21A
330
1F
100
AcDbEntity
  8
Typical floor$Boundary
100
AcDbLine
 10
37.4574508405323
 20
61.32415417358833
 30
0.0
 11
37.4574508405323
 21
58.21209213705869
 31
0.0
  0
LINE
  5
21B
330
1F
100
AcDbEntity
  8
Typical floor$Boundary
100
AcDbLine
 10
37.21631954883793
 20
61.32415417358833
 30
0.0
 11
37.4574508405323
 21
61.32415417358833
 31
0.0
  0
LINE
  5
21C
330
1F
100
AcDbEntity
  8
Typical floor$Boundary
100
AcDbLine
 10
37.21631954883804
 20
63.32415417358834
 30
0.0
 11
37.21631954883793
 21
61.32415417358833
 31
0.0
  0
LINE
  5
21D
330
1F
100
AcDbEntity
  8
Typical floor$Boundary
100
AcDbLine
 10
33.40554549469923
 20
63.32415417358833
 30
0.0
 11
37.21631954883804
 21
63.32415417358834
 31
0.0
  0
ENDSEC
  0
SECTION
  2
OBJECTS
  0
DICTIONARY
  5
C
330
0
100
AcDbDictionary
281
     1
  3
ACAD_DETAILVIEWSTYLE
350
259
  3
ACAD_GROUP
350
D
  3
ACAD_LAYOUT
350
1A
  3
ACAD_MATERIAL
350
43
  3
ACAD_MLEADERSTYLE
350
5B
  3
ACAD_MLINESTYLE
350
17
  3
ACAD_PLOTSETTINGS
350
19
  3
ACAD_PLOTSTYLENAME
350
E
  3
ACAD_SCALELIST
350
47
  3
ACAD_SECTIONVIEWSTYLE
350
25A
  3
ACAD_TABLESTYLE
350
59
  3
ACAD_VISUALSTYLE
350
2A
  3
ACDB_RECOMPOSE_DATA
350
256
  3
AcDbVariableDictionary
350
21E
  0
SUN
  5
5D
330
29
100
AcDbSun
 90
        1
290
     0
 63
     7
421
 16777215
 40
1.0
291
     1
 91
  2455826
 92
 54000000
292
     0
 70
     2
 71
   256
280
     1
  0
DICTIONARY
  5
259
102
{ACAD_REACTORS
330
C
102
}
330
C
100
AcDbDictionary
281
     1
  0
DICTIONARY
  5
D
102
{ACAD_REACTORS
330
C
102
}
330
C
100
AcDbDictionary
281
     1
  0
DICTIONARY
  5
1A
102
{ACAD_REACTORS
330
C
102
}
330
C
100
AcDbDictionary
281
     1
  3
Layout1
350
1E
  3
Layout2
350
26
  3
Model
350
22
  0
DICTIONARY
  5
43
102
{ACAD_REACTORS
330
C
102
}
330
C
100
AcDbDictionary
281
     1
  3
ByBlock
350
45
  3
ByLayer
350
44
  3
Global
350
46
  0
DICTIONARY
  5
5B
102
{ACAD_REACTORS
330
C
102
}
330
C
100
AcDbDictionary
281
     1
  3
Standard
350
5C
  0
DICTIONARY
  5
17
102
{ACAD_REACTORS
330
C
102
}
330
C
100
AcDbDictionary
281
     1
  3
Standard
350
18
  0
DICTIONARY
  5
19
102
{ACAD_REACTORS
330
C
102
}
330
C
100
AcDbDictionary
281
     1
  0
ACDBDICTIONARYWDFLT
  5
E
102
{ACAD_REACTORS
330
C
102
}
330
C
100
AcDbDictionary
281
     1
  3
Normal
350
F
100
AcDbDictionaryWithDefault
340
F
  0
DICTIONARY
  5
47
102
{ACAD_REACTORS
330
C
102
}
330
C
100
AcDbDictionary
281
     1
  3
A0
350
48
  3
A1
350
49
  3
A2
350
4A
  3
A3
350
4B
  3
A4
350
4C
  3
A5
350
4D
  3
A6
350
4E
  3
A7
350
4F
  3
A8
350
50
  3
A9
350
51
  3
B1
350
52
  3
B2
350
53
  3
B3
350
54
  3
B4
350
55
  3
B5
350
56
  3
B6
350
57
  3
B7
350
58
  0
DICTIONARY
  5
25A
102
{ACAD_REACTORS
330
C
102
}
330
C
100
AcDbDictionary
281
     1
  0
DICTIONARY
  5
59
102
{ACAD_REACTORS
330
C
102
}
330
C
100
AcDbDictionary
281
     1
  3
Standard
350
5A
  0
DICTIONARY
  5
2A
102
{ACAD_REACTORS
330
C
102
}
330
C
100
AcDbDictionary
281
     1
  3
2dWireframe
350
2F
  3
Basic
350
32
  3
Brighten
350
36
  3
ColorChange
350
3A
  3
Conceptual
350
34
  3
Dim
350
35
  3
EdgeColorOff
350
3D
  3
Facepattern
350
39
  3
Flat
350
2B
  3
FlatWithEdges
350
2C
  3
Gouraud
350
2D
  3
GouraudWithEdges
350
2E
  3
Hidden
350
31
  3
JitterOff
350
3B
  3
Linepattern
350
38
  3
OverhangOff
350
3C
  3
Realistic
350
33
  3
Shaded
350
42
  3
Shaded with edges
350
41
  3
Shades of Gray
350
3E
  3
Sketchy
350
3F
  3
Thicken
350
37
  3
Wireframe
350
30
  3
X-Ray
350
40
  0
XRECORD
  5
256
102
{ACAD_REACTORS
330
C
102
}
330
C
100
AcDbXrecord
280
     1
 90
        1
330
5A
  0
DICTIONARY
  5
21E
102
{ACAD_REACTORS
330
C
102
}
330
C
100
AcDbDictionary
281
     1
  3
CANNOSCALE
350
21F
  3
CMLEADERSTYLE
350
258
  3
CTABLESTYLE
350
257
  3
XCLIPFRAME
350
220
  0
LAYOUT
  5
1E
102
{ACAD_REACTORS
330
1A
102
}
330
1A
100
AcDbPlotSettings
  1

  2
none_device
  4

  6

 40
0.0
 41
0.0
 42
0.0
 43
0.0
 44
0.0
 45
0.0
 46
0.0
 47
0.0
 48
0.0
 49
0.0
140
0.0
141
0.0
142
1.0
143
1.0
 70
   688
 72
     0
 73
     0
 74
     5
  7

 75
    16
 76
     0
 77
     2
 78
   300
147
1.0
148
0.0
149
0.0
100
AcDbLayout
  1
Layout1
 70
     1
 71
     1
 10
0.0
 20
0.0
 11
12.0
 21
9.0
 12
0.0
 22
0.0
 32
0.0
 14
1.000000000000000E+20
 24
1.000000000000000E+20
 34
1.000000000000000E+20
 15
-1.000000000000000E+20
 25
-1.000000000000000E+20
 35
-1.000000000000000E+20
146
0.0
 13
0.0
 23
0.0
 33
0.0
 16
1.0
 26
0.0
 36
0.0
 17
0.0
 27
1.0
 37
0.0
 76
     0
330
1B
  0
LAYOUT
  5
26
102
{ACAD_REACTORS
330
1A
102
}
330
1A
100
AcDbPlotSettings
  1

  2
none_device
  4

  6

 40
0.0
 41
0.0
 42
0.0
 43
0.0
 44
0.0
 45
0.0
 46
0.0
 47
0.0
 48
0.0
 49
0.0
140
0.0
141
0.0
142
1.0
143
1.0
 70
   688
 72
     0
 73
     0
 74
     5
  7

 75
    16
 76
     0
 77
     2
 78
   300
147
1.0
148
0.0
149
0.0
100
AcDbLayout
  1
Layout2
 70
     1
 71
     2
 10
0.0
 20
0.0
 11
0.0
 21
0.0
 12
0.0
 22
0.0
 32
0.0
 14
0.0
 24
0.0
 34
0.0
 15
0.0
 25
0.0
 35
0.0
146
0.0
 13
0.0
 23
0.0
 33
0.0
 16
1.0
 26
0.0
 36
0.0
 17
0.0
 27
1.0
 37
0.0
 76
     0
330
23
  0
LAYOUT
  5
22
102
{ACAD_REACTORS
330
1A
102
}
330
1A
100
AcDbPlotSettings
  1

  2
none_device
  4
Letter_(8.50_x_11.00_Inches)
  6

 40
6.35
 41
6.35
 42
6.35000508
 43
6.35000508
 44
215.9
 45
279.4
 46
0.0
 47
0.0
 48
0.0
 49
0.0
140
0.0
141
0.0
142
1.0
143
1.0
 70
  1712
 72
     0
 73
     0
 74
     0
  7

 75
     0
 76
     0
 77
     2
 78
   300
147
1.0
148
0.0
149
0.0
100
AcDbLayout
  1
Model
 70
     1
 71
     0
 10
0.0
 20
0.0
 11
12.0
 21
9.0
 12
0.0
 22
0.0
 32
0.0
 14
-69.93138169660477
 24
-22.86725903172472
 34
0.0
 15
124.5304503544066
 25
71.41721711027515
 35
0.0
146
0.0
 13
0.0
 23
0.0
 33
0.0
 16
1.0
 26
0.0
 36
0.0
 17
0.0
 27
1.0
 37
0.0
 76
     0
330
1F
331
29
  0
MATERIAL
  5
45
102
{ACAD_REACTORS
330
43
102
}
330
43
100
AcDbMaterial
  1
ByBlock
 72
     1
 94
      127
  0
MATERIAL
  5
44
102
{ACAD_REACTORS
330
43
102
}
330
43
100
AcDbMaterial
  1
ByLayer
 72
     1
 94
      127
  0
MATERIAL
  5
46
102
{ACAD_REACTORS
330
43
102
}
330
43
100
AcDbMaterial
  1
Global
 72
     1
 94
      127
  0
MLEADERSTYLE
  5
5C
102
{ACAD_REACTORS
330
5B
102
}
102
{ACAD_XDICTIONARY
360
254
102
}
330
5B
100
AcDbMLeaderStyle
170
     2
171
     1
172
     0
 90
        2
 40
0.0
 41
0.0
173
     1
 91
-1056964608
340
14
 92
       -2
290
     1
 42
0.09
291
     1
 43
0.36
  3
Standard
341
0
 44
0.18
300

342
11
174
     1
178
     6
175
     1
176
     0
 93
-1056964608
 45
0.18
292
     0
297
     0
 46
0.18
343
0
 94
-1056964608
 47
1.0
 49
1.0
140
1.0
293
     1
141
0.0
294
     1
177
     0
142
1.0
295
     0
296
     0
143
0.125
1001
ACAD_MLEADERVER
1070
     2
  0
MLINESTYLE
  5
18
102
{ACAD_REACTORS
330
17
102
}
330
17
100
AcDbMlineStyle
  2
Standard
 70
     0
  3

 62
   256
 51
90.0
 52
90.0
 71
     2
 49
0.5
 62
   256
  6
BYLAYER
 49
-0.5
 62
   256
  6
BYLAYER
  0
ACDBPLACEHOLDER
  5
F
102
{ACAD_REACTORS
330
E
102
}
330
E
  0
SCALE
  5
48
102
{ACAD_REACTORS
330
47
102
}
330
47
100
AcDbScale
 70
     0
300
1:1
140
1.0
141
1.0
290
     1
  0
SCALE
  5
49
102
{ACAD_REACTORS
330
47
102
}
330
47
100
AcDbScale
 70
     0
300
1/128" = 1'-0"
140
0.0078125
141
12.0
290
     0
  0
SCALE
  5
4A
102
{ACAD_REACTORS
330
47
102
}
330
47
100
AcDbScale
 70
     0
300
1/64" = 1'-0"
140
0.015625
141
12.0
290
     0
  0
SCALE
  5
4B
102
{ACAD_REACTORS
330
47
102
}
330
47
100
AcDbScale
 70
     0
300
1/32" = 1'-0"
140
0.03125
141
12.0
290
     0
  0
SCALE
  5
4C
102
{ACAD_REACTORS
330
47
102
}
330
47
100
AcDbScale
 70
     0
300
1/16" = 1'-0"
140
0.0625
141
12.0
290
     0
  0
SCALE
  5
4D
102
{ACAD_REACTORS
330
47
102
}
330
47
100
AcDbScale
 70
     0
300
3/32" = 1'-0"
140
0.09375
141
12.0
290
     0
  0
SCALE
  5
4E
102
{ACAD_REACTORS
330
47
102
}
330
47
100
AcDbScale
 70
     0
300
1/8" = 1'-0"
140
0.125
141
12.0
290
     0
  0
SCALE
  5
4F
102
{ACAD_REACTORS
330
47
102
}
330
47
100
AcDbScale
 70
     0
300
3/16" = 1'-0"
140
0.1875
141
12.0
290
     0
  0
SCALE
  5
50
102
{ACAD_REACTORS
330
47
102
}
330
47
100
AcDbScale
 70
     0
300
1/4" = 1'-0"
140
0.25
141
12.0
290
     0
  0
SCALE
  5
51
102
{ACAD_REACTORS
330
47
102
}
330
47
100
AcDbScale
 70
     0
300
3/8" = 1'-0"
140
0.375
141
12.0
290
     0
  0
SCALE
  5
52
102
{ACAD_REACTORS
330
47
102
}
330
47
100
AcDbScale
 70
     0
300
1/2" = 1'-0"
140
0.5
141
12.0
290
     0
  0
SCALE
  5
53
102
{ACAD_REACTORS
330
47
102
}
330
47
100
AcDbScale
 70
     0
300
3/4" = 1'-0"
140
0.75
141
12.0
290
     0
  0
SCALE
  5
54
102
{ACAD_REACTORS
330
47
102
}
330
47
100
AcDbScale
 70
     0
300
1" = 1'-0"
140
1.0
141
12.0
290
     0
  0
SCALE
  5
55
102
{ACAD_REACTORS
330
47
102
}
330
47
100
AcDbScale
 70
     0
300
1-1/2" = 1'-0"
140
1.5
141
12.0
290
     0
  0
SCALE
  5
56
102
{ACAD_REACTORS
330
47
102
}
330
47
100
AcDbScale
 70
     0
300
3" = 1'-0"
140
3.0
141
12.0
290
     0
  0
SCALE
  5
57
102
{ACAD_REACTORS
330
47
102
}
330
47
100
AcDbScale
 70
     0
300
6" = 1'-0"
140
6.0
141
12.0
290
     0
  0
SCALE
  5
58
102
{ACAD_REACTORS
330
47
102
}
330
47
100
AcDbScale
 70
     0
300
1'-0" = 1'-0"
140
12.0
141
12.0
290
     0
  0
TABLESTYLE
  5
5A
102
{ACAD_REACTORS
330
59
102
}
102
{ACAD_XDICTIONARY
360
251
102
}
330
59
100
AcDbTableStyle
  3
Standard
 70
     0
 71
     0
 40
0.06
 41
0.06
280
     0
281
     0
  7
Standard
140
0.18
170
     2
 62
     0
 63
   257
283
     0
 90
        4
 91
        0
  1

274
    -2
284
     1
 64
     0
275
    -2
285
     1
 65
     0
276
    -2
286
     1
 66
     0
277
    -2
287
     1
 67
     0
278
    -2
288
     1
 68
     0
279
    -2
289
     1
 69
     0
  7
Standard
140
0.25
170
     5
 62
     0
 63
   257
283
     0
 90
        4
 91
        0
  1

274
    -2
284
     1
 64
     0
275
    -2
285
     1
 65
     0
276
    -2
286
     1
 66
     0
277
    -2
287
     1
 67
     0
278
    -2
288
     1
 68
     0
279
    -2
289
     1
 69
     0
  7
Standard
140
0.18
170
     5
 62
     0
 63
   257
283
     0
 90
        4
 91
        0
  1

274
    -2
284
     1
 64
     0
275
    -2
285
     1
 65
     0
276
    -2
286
     1
 66
     0
277
    -2
287
     1
 67
     0
278
    -2
288
     1
 68
     0
279
    -2
289
     1
 69
     0
  0
VISUALSTYLE
  5
2F
102
{ACAD_REACTORS
330
2A
102
}
102
{ACAD_XDICTIONARY
360
229
102
}
330
2A
100
AcDbVisualStyle
  2
2dWireframe
 70
     4
 71
     0
 72
     2
 73
     0
 90
        0
 40
0.6
 41
30.0
 62
     5
 63
     7
421
 16777215
 74
     1
 91
        4
 64
     7
 65
   257
 75
     1
175
     1
 42
1.0
 92
        0
 66
   257
 43
1.0
 76
     1
 77
     6
 78
     2
 67
     7
 79
     5
170
     0
171
     0
290
     0
174
     0
 93
        1
 44
0.0
173
     0
291
     0
 45
0.0
  0
VISUALSTYLE
  5
32
102
{ACAD_REACTORS
330
2A
102
}
102
{ACAD_XDICTIONARY
360
22F
102
}
330
2A
100
AcDbVisualStyle
  2
Basic
 70
     7
 71
     1
 72
     0
 73
     1
 90
        0
 40
0.6
 41
30.0
 62
     5
 63
     7
421
 16777215
 74
     0
 91
        4
 64
     7
 65
   257
 75
     1
175
     1
 42
1.0
 92
        8
 66
     7
 43
1.0
 76
     1
 77
     6
 78
     2
 67
     7
 79
     5
170
     0
171
     0
290
     0
174
     0
 93
        1
 44
0.0
173
     0
291
     1
 45
0.0
  0
VISUALSTYLE
  5
36
102
{ACAD_REACTORS
330
2A
102
}
102
{ACAD_XDICTIONARY
360
237
102
}
330
2A
100
AcDbVisualStyle
  2
Brighten
 70
    12
 71
     2
 72
     2
 73
     0
 90
        0
 40
0.6
 41
30.0
 62
     5
 63
     7
421
 16777215
 74
     1
 91
        4
 64
     7
 65
   257
 75
     1
175
     1
 42
1.0
 92
        8
 66
     7
 43
1.0
 76
     1
 77
     6
 78
     2
 67
     7
 79
     5
170
     0
171
     0
290
     0
174
     0
 93
        1
 44
50.0
173
     0
291
     1
 45
0.0
  0
VISUALSTYLE
  5
3A
102
{ACAD_REACTORS
330
2A
102
}
102
{ACAD_XDICTIONARY
360
23F
102
}
330
2A
100
AcDbVisualStyle
  2
ColorChange
 70
    16
 71
     2
 72
     2
 73
     3
 90
        0
 40
0.6
 41
30.0
 62
     5
 63
     8
421
  8421504
 74
     1
 91
        4
 64
     7
 65
   257
 75
     1
175
     1
 42
1.0
 92
        8
 66
     8
424
  8421504
 43
1.0
 76
     1
 77
     6
 78
     2
 67
     7
 79
     5
170
     0
171
     0
290
     0
174
     0
 93
        1
 44
0.0
173
     0
291
     1
 45
0.0
  0
VISUALSTYLE
  5
34
102
{ACAD_REACTORS
330
2A
102
}
102
{ACAD_XDICTIONARY
360
233
102
}
330
2A
100
AcDbVisualStyle
  2
Conceptual
 70
     9
 71
     3
 72
     2
 73
     0
 90
        0
 40
0.6
 41
30.0
 62
     5
 63
     7
421
 16777215
 74
     2
 91
        2
 64
     7
 65
   257
 75
     1
175
     1
 42
179.0
 92
        8
 66
     7
 43
1.0
 76
     1
 77
     6
 78
     2
 67
     7
 79
     3
170
     0
171
     0
290
     0
174
     0
 93
        1
 44
0.0
173
     0
291
     0
 45
0.0
  0
VISUALSTYLE
  5
35
102
{ACAD_REACTORS
330
2A
102
}
102
{ACAD_XDICTIONARY
360
235
102
}
330
2A
100
AcDbVisualStyle
  2
Dim
 70
    11
 71
     2
 72
     2
 73
     0
 90
        0
 40
0.6
 41
30.0
 62
     5
 63
     7
421
 16777215
 74
     1
 91
        4
 64
     7
 65
   257
 75
     1
175
     1
 42
1.0
 92
        8
 66
     7
 43
1.0
 76
     1
 77
     6
 78
     2
 67
     7
 79
     5
170
     0
171
     0
290
     0
174
     0
 93
        1
 44
-50.0
173
     0
291
     1
 45
0.0
  0
VISUALSTYLE
  5
3D
102
{ACAD_REACTORS
330
2A
102
}
102
{ACAD_XDICTIONARY
360
245
102
}
330
2A
100
AcDbVisualStyle
  2
EdgeColorOff
 70
    22
 71
     2
 72
     2
 73
     0
 90
        0
 40
0.6
 41
30.0
 62
     5
 63
     7
421
 16777215
 74
     1
 91
        4
 64
     7
 65
   257
 75
     1
175
     1
 42
1.0
 92
        8
 66
     7
 43
1.0
 76
     1
 77
     6
 78
     2
 67
     7
 79
     5
170
     0
171
     0
290
     0
174
     0
 93
        1
 44
0.0
173
     0
291
     1
 45
0.0
  0
VISUALSTYLE
  5
39
102
{ACAD_REACTORS
330
2A
102
}
102
{ACAD_XDICTIONARY
360
23D
102
}
330
2A
100
AcDbVisualStyle
  2
Facepattern
 70
    15
 71
     2
 72
     2
 73
     0
 90
        0
 40
0.6
 41
30.0
 62
     5
 63
     7
421
 16777215
 74
     1
 91
        4
 64
     7
 65
   257
 75
     1
175
     1
 42
1.0
 92
        8
 66
     7
 43
1.0
 76
     1
 77
     6
 78
     2
 67
     7
 79
     5
170
     0
171
     0
290
     0
174
     0
 93
        1
 44
0.0
173
     0
291
     1
 45
0.0
  0
VISUALSTYLE
  5
2B
102
{ACAD_REACTORS
330
2A
102
}
102
{ACAD_XDICTIONARY
360
221
102
}
330
2A
100
AcDbVisualStyle
  2
Flat
 70
     0
 71
     2
 72
     1
 73
     1
 90
        2
 40
0.6
 41
30.0
 62
     5
 63
     7
421
 16777215
 74
     0
 91
        0
 64
     7
 65
   257
 75
     1
175
     1
 42
1.0
 92
        8
 66
     7
 43
1.0
 76
     1
 77
     6
 78
     2
 67
     7
 79
     5
170
     0
171
     0
290
     0
174
     0
 93
       13
 44
0.0
173
     0
291
     1
 45
0.0
  0
VISUALSTYLE
  5
2C
102
{ACAD_REACTORS
330
2A
102
}
102
{ACAD_XDICTIONARY
360
223
102
}
330
2A
100
AcDbVisualStyle
  2
FlatWithEdges
 70
     1
 71
     2
 72
     1
 73
     1
 90
        2
 40
0.6
 41
30.0
 62
     5
 63
     7
421
 16777215
 74
     1
 91
        0
 64
     7
 65
   257
 75
     1
175
     1
 42
1.0
 92
        0
 66
   257
 43
1.0
 76
     1
 77
     6
 78
     2
 67
     7
 79
     5
170
     0
171
     0
290
     0
174
     0
 93
       13
 44
0.0
173
     0
291
     1
 45
0.0
  0
VISUALSTYLE
  5
2D
102
{ACAD_REACTORS
330
2A
102
}
102
{ACAD_XDICTIONARY
360
225
102
}
330
2A
100
AcDbVisualStyle
  2
Gouraud
 70
     2
 71
     2
 72
     2
 73
     1
 90
        2
 40
0.6
 41
30.0
 62
     5
 63
     7
421
 16777215
 74
     0
 91
        0
 64
     7
 65
   257
 75
     1
175
     1
 42
1.0
 92
        0
 66
     7
 43
1.0
 76
     1
 77
     6
 78
     2
 67
     7
 79
     5
170
     0
171
     0
290
     0
174
     0
 93
       13
 44
0.0
173
     0
291
     1
 45
0.0
  0
VISUALSTYLE
  5
2E
102
{ACAD_REACTORS
330
2A
102
}
102
{ACAD_XDICTIONARY
360
227
102
}
330
2A
100
AcDbVisualStyle
  2
GouraudWithEdges
 70
     3
 71
     2
 72
     2
 73
     1
 90
        2
 40
0.6
 41
30.0
 62
     5
 63
     7
421
 16777215
 74
     1
 91
        0
 64
     7
 65
   257
 75
     1
175
     1
 42
1.0
 92
        0
 66
   257
 43
1.0
 76
     1
 77
     6
 78
     2
 67
     7
 79
     5
170
     0
171
     0
290
     0
174
     0
 93
       13
 44
0.0
173
     0
291
     1
 45
0.0
  0
VISUALSTYLE
  5
31
102
{ACAD_REACTORS
330
2A
102
}
102
{ACAD_XDICTIONARY
360
22D
102
}
330
2A
100
AcDbVisualStyle
  2
Hidden
 70
     6
 71
     1
 72
     2
 73
     2
 90
        0
 40
0.6
 41
30.0
 62
     5
 63
     7
421
 16777215
 74
     2
 91
        2
 64
     7
 65
   257
 75
     2
175
     1
 42
40.0
 92
        0
 66
   257
 43
1.0
 76
     1
 77
     6
 78
     2
 67
     7
 79
     3
170
     0
171
     0
290
     0
174
     0
 93
        1
 44
0.0
173
     0
291
     0
 45
0.0
  0
VISUALSTYLE
  5
3B
102
{ACAD_REACTORS
330
2A
102
}
102
{ACAD_XDICTIONARY
360
241
102
}
330
2A
100
AcDbVisualStyle
  2
JitterOff
 70
    20
 71
     2
 72
     2
 73
     0
 90
        0
 40
0.6
 41
30.0
 62
     5
 63
     7
421
 16777215
 74
     1
 91
        4
 64
     7
 65
   257
 75
     1
175
     1
 42
1.0
 92
       10
 66
     7
 43
1.0
 76
     1
 77
     6
 78
     2
 67
     7
 79
     5
170
     0
171
     0
290
     0
174
     0
 93
        1
 44
0.0
173
     0
291
     1
 45
0.0
  0
VISUALSTYLE
  5
38
102
{ACAD_REACTORS
330
2A
102
}
102
{ACAD_XDICTIONARY
360
23B
102
}
330
2A
100
AcDbVisualStyle
  2
Linepattern
 70
    14
 71
     2
 72
     2
 73
     0
 90
        0
 40
0.6
 41
30.0
 62
     5
 63
     7
421
 16777215
 74
     1
 91
        4
 64
     7
 65
   257
 75
     7
175
     7
 42
1.0
 92
        8
 66
     7
 43
1.0
 76
     1
 77
     6
 78
     2
 67
     7
 79
     5
170
     0
171
     0
290
     0
174
     0
 93
        1
 44
0.0
173
     0
291
     1
 45
0.0
  0
VISUALSTYLE
  5
3C
102
{ACAD_REACTORS
330
2A
102
}
102
{ACAD_XDICTIONARY
360
243
102
}
330
2A
100
AcDbVisualStyle
  2
OverhangOff
 70
    21
 71
     2
 72
     2
 73
     0
 90
        0
 40
0.6
 41
30.0
 62
     5
 63
     7
421
 16777215
 74
     1
 91
        4
 64
     7
 65
   257
 75
     1
175
     1
 42
1.0
 92
        9
 66
     7
 43
1.0
 76
     1
 77
     6
 78
     2
 67
     7
 79
     5
170
     0
171
     0
290
     0
174
     0
 93
        1
 44
0.0
173
     0
291
     1
 45
0.0
  0
VISUALSTYLE
  5
33
102
{ACAD_REACTORS
330
2A
102
}
102
{ACAD_XDICTIONARY
360
231
102
}
330
2A
100
AcDbVisualStyle
  2
Realistic
 70
     8
 71
     2
 72
     3
 73
     0
 90
        2
 40
0.6
 41
30.0
 62
     5
 63
     7
421
 16777215
 74
     0
 91
        0
 64
     7
 65
   257
 75
     1
175
     1
 42
1.0
 92
        8
 66
   257
 43
1.0
 76
     1
 77
     6
 78
     2
 67
     7
 79
     3
170
     0
171
     0
290
     0
174
     0
 93
       13
 44
0.0
173
     0
291
     0
 45
0.0
  0
VISUALSTYLE
  5
42
102
{ACAD_REACTORS
330
2A
102
}
102
{ACAD_XDICTIONARY
360
24F
102
}
330
2A
100
AcDbVisualStyle
  2
Shaded
 70
    27
 71
     2
 72
     2
 73
     1
 90
        2
 40
0.6
 41
30.0
 62
     5
 63
     7
421
 16777215
 74
     0
 91
        4
 64
     7
 65
   257
 75
     1
175
     1
 42
1.0
 92
        8
 66
   257
 43
1.0
 76
     1
 77
     6
 78
     2
 67
     8
425
  7895160
 79
     3
170
     0
171
     0
290
     0
174
     0
 93
        5
 44
0.0
173
     0
291
     0
 45
0.0
  0
VISUALSTYLE
  5
41
102
{ACAD_REACTORS
330
2A
102
}
102
{ACAD_XDICTIONARY
360
24D
102
}
330
2A
100
AcDbVisualStyle
  2
Shaded with edges
 70
    26
 71
     2
 72
     2
 73
     1
 90
        2
 40
0.6
 41
30.0
 62
     5
 63
     7
421
 16777215
 74
     1
 91
       10
 64
     7
 65
   257
 75
     2
175
     1
 42
1.0
 92
        8
 66
   257
 43
1.0
 76
     1
 77
     6
 78
     2
 67
     7
 79
     3
170
     0
171
     0
290
     0
174
     0
 93
        5
 44
0.0
173
     0
291
     0
 45
0.0
  0
VISUALSTYLE
  5
3E
102
{ACAD_REACTORS
330
2A
102
}
102
{ACAD_XDICTIONARY
360
247
102
}
330
2A
100
AcDbVisualStyle
  2
Shades of Gray
 70
    23
 71
     2
 72
     2
 73
     3
 90
        0
 40
0.6
 41
30.0
 62
     5
 63
     7
421
 16777215
 74
     2
 91
        2
 64
     7
 65
     7
 75
     1
175
     1
 42
40.0
 92
        8
 66
     7
 43
1.0
 76
     1
 77
     6
 78
     2
 67
     7
 79
     3
170
     0
171
     0
290
     0
174
     0
 93
        1
 44
0.0
173
     0
291
     0
 45
0.0
  0
VISUALSTYLE
  5
3F
102
{ACAD_REACTORS
330
2A
102
}
102
{ACAD_XDICTIONARY
360
249
102
}
330
2A
100
AcDbVisualStyle
  2
Sketchy
 70
    24
 71
     1
 72
     2
 73
     2
 90
        0
 40
0.6
 41
30.0
 62
     5
 63
     7
421
 16777215
 74
     2
 91
        2
 64
     7
 65
     7
 75
     1
175
     1
 42
40.0
 92
       11
 66
     7
 43
1.0
 76
     1
 77
     6
 78
     2
 67
     7
 79
     6
170
     0
171
     0
290
     0
174
     0
 93
        1
 44
0.0
173
     0
291
     0
 45
0.0
  0
VISUALSTYLE
  5
37
102
{ACAD_REACTORS
330
2A
102
}
102
{ACAD_XDICTIONARY
360
239
102
}
330
2A
100
AcDbVisualStyle
  2
Thicken
 70
    13
 71
     2
 72
     2
 73
     0
 90
        0
 40
0.6
 41
30.0
 62
     5
 63
     7
421
 16777215
 74
     1
 91
        4
 64
     7
 65
   257
 75
     1
175
     1
 42
1.0
 92
       12
 66
     7
 43
1.0
 76
     1
 77
     6
 78
     2
 67
     7
 79
     5
170
     0
171
     0
290
     0
174
     0
 93
        1
 44
0.0
173
     0
291
     1
 45
0.0
  0
VISUALSTYLE
  5
30
102
{ACAD_REACTORS
330
2A
102
}
102
{ACAD_XDICTIONARY
360
22B
102
}
330
2A
100
AcDbVisualStyle
  2
Wireframe
 70
     5
 71
     0
 72
     2
 73
     0
 90
        0
 40
0.6
 41
30.0
 62
     5
 63
     7
421
 16777215
 74
     1
 91
        4
 64
     7
 65
   257
 75
     1
175
     1
 42
1.0
 92
        0
 66
   257
 43
1.0
 76
     1
 77
     6
 78
     2
 67
     7
 79
     3
170
     0
171
     0
290
     0
174
     0
 93
        1
 44
0.0
173
     0
291
     0
 45
0.0
  0
VISUALSTYLE
  5
40
102
{ACAD_REACTORS
330
2A
102
}
102
{ACAD_XDICTIONARY
360
24B
102
}
330
2A
100
AcDbVisualStyle
  2
X-Ray
 70
    25
 71
     2
 72
     2
 73
     1
 90
        1
 40
0.5
 41
30.0
 62
     5
 63
     7
421
 16777215
 74
     1
 91
        0
 64
     7
 65
   257
 75
     1
175
     1
 42
1.0
 92
        8
 66
     7
 43
1.0
 76
     1
 77
     6
 78
     2
 67
     7
 79
     3
170
     0
171
     0
290
     0
174
     0
 93
       13
 44
0.0
173
     0
291
     0
 45
0.0
  0
DICTIONARYVAR
  5
21F
102
{ACAD_REACTORS
330
21E
102
}
330
21E
100
DictionaryVariables
280
     0
  1
1:1
  0
DICTIONARYVAR
  5
258
102
{ACAD_REACTORS
330
21E
102
}
330
21E
100
DictionaryVariables
280
     0
  1
Standard
  0
DICTIONARYVAR
  5
257
102
{ACAD_REACTORS
330
21E
102
}
330
21E
100
DictionaryVariables
280
     0
  1
Standard
  0
DICTIONARYVAR
  5
220
102
{ACAD_REACTORS
330
21E
102
}
330
21E
100
DictionaryVariables
280
     0
  1
2
  0
DICTIONARY
  5
254
330
5C
100
AcDbDictionary
280
     1
281
     1
  3
ACAD_XREC_ROUNDTRIP
360
255
  0
DICTIONARY
  5
251
330
5A
100
AcDbDictionary
280
     1
281
     1
  3
ACAD_ROUNDTRIP_2008_TABLESTYLE_CELLSTYLEMAP
360
252
  0
DICTIONARY
  5
229
330
2F
100
AcDbDictionary
280
     1
281
     1
  3
ACAD_XREC_ROUNDTRIP
360
22A
  0
DICTIONARY
  5
22F
330
32
100
AcDbDictionary
280
     1
281
     1
  3
ACAD_XREC_ROUNDTRIP
360
230
  0
DICTIONARY
  5
237
330
36
100
AcDbDictionary
280
     1
281
     1
  3
ACAD_XREC_ROUNDTRIP
360
238
  0
DICTIONARY
  5
23F
330
3A
100
AcDbDictionary
280
     1
281
     1
  3
ACAD_XREC_ROUNDTRIP
360
240
  0
DICTIONARY
  5
233
330
34
100
AcDbDictionary
280
     1
281
     1
  3
ACAD_XREC_ROUNDTRIP
360
234
  0
DICTIONARY
  5
235
330
35
100
AcDbDictionary
280
     1
281
     1
  3
ACAD_XREC_ROUNDTRIP
360
236
  0
DICTIONARY
  5
245
330
3D
100
AcDbDictionary
280
     1
281
     1
  3
ACAD_XREC_ROUNDTRIP
360
246
  0
DICTIONARY
  5
23D
330
39
100
AcDbDictionary
280
     1
281
     1
  3
ACAD_XREC_ROUNDTRIP
360
23E
  0
DICTIONARY
  5
221
330
2B
100
AcDbDictionary
280
     1
281
     1
  3
ACAD_XREC_ROUNDTRIP
360
222
  0
DICTIONARY
  5
223
330
2C
100
AcDbDictionary
280
     1
281
     1
  3
ACAD_XREC_ROUNDTRIP
360
224
  0
DICTIONARY
  5
225
330
2D
100
AcDbDictionary
280
     1
281
     1
  3
ACAD_XREC_ROUNDTRIP
360
226
  0
DICTIONARY
  5
227
330
2E
100
AcDbDictionary
280
     1
281
     1
  3
ACAD_XREC_ROUNDTRIP
360
228
  0
DICTIONARY
  5
22D
330
31
100
AcDbDictionary
280
     1
281
     1
  3
ACAD_XREC_ROUNDTRIP
360
22E
  0
DICTIONARY
  5
241
330
3B
100
AcDbDictionary
280
     1
281
     1
  3
ACAD_XREC_ROUNDTRIP
360
242
  0
DICTIONARY
  5
23B
330
38
100
AcDbDictionary
280
     1
281
     1
  3
ACAD_XREC_ROUNDTRIP
360
23C
  0
DICTIONARY
  5
243
330
3C
100
AcDbDictionary
280
     1
281
     1
  3
ACAD_XREC_ROUNDTRIP
360
244
  0
DICTIONARY
  5
231
330
33
100
AcDbDictionary
280
     1
281
     1
  3
ACAD_XREC_ROUNDTRIP
360
232
  0
DICTIONARY
  5
24F
330
42
100
AcDbDictionary
280
     1
281
     1
  3
ACAD_XREC_ROUNDTRIP
360
250
  0
DICTIONARY
  5
24D
330
41
100
AcDbDictionary
280
     1
281
     1
  3
ACAD_XREC_ROUNDTRIP
360
24E
  0
DICTIONARY
  5
247
330
3E
100
AcDbDictionary
280
     1
281
     1
  3
ACAD_XREC_ROUNDTRIP
360
248
  0
DICTIONARY
  5
249
330
3F
100
AcDbDictionary
280
     1
281
     1
  3
ACAD_XREC_ROUNDTRIP
360
24A
  0
DICTIONARY
  5
239
330
37
100
AcDbDictionary
280
     1
281
     1
  3
ACAD_XREC_ROUNDTRIP
360
23A
  0
DICTIONARY
  5
22B
330
30
100
AcDbDictionary
280
     1
281
     1
  3
ACAD_XREC_ROUNDTRIP
360
22C
  0
DICTIONARY
  5
24B
330
40
100
AcDbDictionary
280
     1
281
     1
  3
ACAD_XREC_ROUNDTRIP
360
24C
  0
XRECORD
  5
255
102
{ACAD_REACTORS
330
254
102
}
330
254
100
AcDbXrecord
280
     1
102
ACAD_ROUNDTRIP_2010_MLEADER_STYLE
  0
CELLSTYLEMAP
  5
252
102
{ACAD_REACTORS
330
251
102
}
330
251
100
AcDbCellStyleMap
 90
        3
300
CELLSTYLE
  1
TABLEFORMAT_BEGIN
 90
        5
170
     1
 91
        0
 92
    32768
 62
   257
 93
        1
300
CONTENTFORMAT
  1
CONTENTFORMAT_BEGIN
 90
        0
 91
        0
 92
        4
 93
        0
300

 40
0.0
140
1.0
 94
        5
 62
     0
340
11
144
0.25
309
CONTENTFORMAT_END
171
     1
301
MARGIN
  1
CELLMARGIN_BEGIN
 40
0.06
 40
0.06
 40
0.06
 40
0.06
 40
0.06
 40
0.06
309
CELLMARGIN_END
 94
        6
 95
        1
302
GRIDFORMAT
  1
GRIDFORMAT_BEGIN
 90
        0
 91
        1
 62
     0
 92
       -2
340
14
 93
        0
 40
0.045
309
GRIDFORMAT_END
 95
        2
302
GRIDFORMAT
  1
GRIDFORMAT_BEGIN
 90
        0
 91
        1
 62
     0
 92
       -2
340
14
 93
        0
 40
0.045
309
GRIDFORMAT_END
 95
        4
302
GRIDFORMAT
  1
GRIDFORMAT_BEGIN
 90
        0
 91
        1
 62
     0
 92
       -2
340
14
 93
        0
 40
0.045
309
GRIDFORMAT_END
 95
        8
302
GRIDFORMAT
  1
GRIDFORMAT_BEGIN
 90
        0
 91
        1
 62
     0
 92
       -2
340
14
 93
        0
 40
0.045
309
GRIDFORMAT_END
 95
       16
302
GRIDFORMAT
  1
GRIDFORMAT_BEGIN
 90
        0
 91
        1
 62
     0
 92
       -2
340
14
 93
        0
 40
0.045
309
GRIDFORMAT_END
 95
       32
302
GRIDFORMAT
  1
GRIDFORMAT_BEGIN
 90
        0
 91
        1
 62
     0
 92
       -2
340
14
 93
        0
 40
0.045
309
GRIDFORMAT_END
309
TABLEFORMAT_END
  1
CELLSTYLE_BEGIN
 90
        1
 91
        1
300
_TITLE
309
CELLSTYLE_END
300
CELLSTYLE
  1
TABLEFORMAT_BEGIN
 90
        5
170
     1
 91
        0
 92
        0
 62
   257
 93
        1
300
CONTENTFORMAT
  1
CONTENTFORMAT_BEGIN
 90
        0
 91
        0
 92
        4
 93
        0
300

 40
0.0
140
1.0
 94
        5
 62
     0
340
11
144
0.18
309
CONTENTFORMAT_END
171
     1
301
MARGIN
  1
CELLMARGIN_BEGIN
 40
0.06
 40
0.06
 40
0.06
 40
0.06
 40
0.06
 40
0.06
309
CELLMARGIN_END
 94
        6
 95
        1
302
GRIDFORMAT
  1
GRIDFORMAT_BEGIN
 90
        0
 91
        1
 62
     0
 92
       -2
340
14
 93
        0
 40
0.045
309
GRIDFORMAT_END
 95
        2
302
GRIDFORMAT
  1
GRIDFORMAT_BEGIN
 90
        0
 91
        1
 62
     0
 92
       -2
340
14
 93
        0
 40
0.045
309
GRIDFORMAT_END
 95
        4
302
GRIDFORMAT
  1
GRIDFORMAT_BEGIN
 90
        0
 91
        1
 62
     0
 92
       -2
340
14
 93
        0
 40
0.045
309
GRIDFORMAT_END
 95
        8
302
GRIDFORMAT
  1
GRIDFORMAT_BEGIN
 90
        0
 91
        1
 62
     0
 92
       -2
340
14
 93
        0
 40
0.045
309
GRIDFORMAT_END
 95
       16
302
GRIDFORMAT
  1
GRIDFORMAT_BEGIN
 90
        0
 91
        1
 62
     0
 92
       -2
340
14
 93
        0
 40
0.045
309
GRIDFORMAT_END
 95
       32
302
GRIDFORMAT
  1
GRIDFORMAT_BEGIN
 90
        0
 91
        1
 62
     0
 92
       -2
340
14
 93
        0
 40
0.045
309
GRIDFORMAT_END
309
TABLEFORMAT_END
  1
CELLSTYLE_BEGIN
 90
        2
 91
        1
300
_HEADER
309
CELLSTYLE_END
300
CELLSTYLE
  1
TABLEFORMAT_BEGIN
 90
        5
170
     1
 91
        0
 92
        0
 62
   257
 93
        1
300
CONTENTFORMAT
  1
CONTENTFORMAT_BEGIN
 90
        0
 91
        0
 92
        4
 93
        0
300

 40
0.0
140
1.0
 94
        2
 62
     0
340
11
144
0.18
309
CONTENTFORMAT_END
171
     1
301
MARGIN
  1
CELLMARGIN_BEGIN
 40
0.06
 40
0.06
 40
0.06
 40
0.06
 40
0.06
 40
0.06
309
CELLMARGIN_END
 94
        6
 95
        1
302
GRIDFORMAT
  1
GRIDFORMAT_BEGIN
 90
        0
 91
        1
 62
     0
 92
       -2
340
14
 93
        0
 40
0.045
309
GRIDFORMAT_END
 95
        2
302
GRIDFORMAT
  1
GRIDFORMAT_BEGIN
 90
        0
 91
        1
 62
     0
 92
       -2
340
14
 93
        0
 40
0.045
309
GRIDFORMAT_END
 95
        4
302
GRIDFORMAT
  1
GRIDFORMAT_BEGIN
 90
        0
 91
        1
 62
     0
 92
       -2
340
14
 93
        0
 40
0.045
309
GRIDFORMAT_END
 95
        8
302
GRIDFORMAT
  1
GRIDFORMAT_BEGIN
 90
        0
 91
        1
 62
     0
 92
       -2
340
14
 93
        0
 40
0.045
309
GRIDFORMAT_END
 95
       16
302
GRIDFORMAT
  1
GRIDFORMAT_BEGIN
 90
        0
 91
        1
 62
     0
 92
       -2
340
14
 93
        0
 40
0.045
309
GRIDFORMAT_END
 95
       32
302
GRIDFORMAT
  1
GRIDFORMAT_BEGIN
 90
        0
 91
        1
 62
     0
 92
       -2
340
14
 93
        0
 40
0.045
309
GRIDFORMAT_END
309
TABLEFORMAT_END
  1
CELLSTYLE_BEGIN
 90
        3
 91
        2
300
_DATA
309
CELLSTYLE_END
  0
XRECORD
  5
22A
102
{ACAD_REACTORS
330
229
102
}
330
229
100
AcDbXrecord
280
     1
102
RTVSPropertyOp0
 70
     1
102
RTVSPropertyOp1
 70
     1
102
RTVSPropertyOp2
 70
     1
102
RTVSPropertyOp3
 70
     1
102
RTVSPropertyOp4
 70
     1
102
RTVSPropertyOp5
 70
     1
102
RTVSPropertyOp6
 70
     1
102
RTVSPropertyOp7
 70
     1
102
RTVSPropertyOp8
 70
     1
102
RTVSPropertyOp9
 70
     1
102
RTVSPropertyOp10
 70
     1
102
RTVSPropertyOp11
 70
     1
102
RTVSPropertyOp12
 70
     1
102
RTVSPropertyOp13
 70
     1
102
RTVSPropertyOp14
 70
     1
102
RTVSPropertyOp15
 70
     1
102
RTVSPropertyOp16
 70
     1
102
RTVSPropertyOp17
 70
     1
102
RTVSPropertyOp18
 70
     1
102
RTVSPropertyOp19
 70
     1
102
RTVSPropertyOp20
 70
     1
102
RTVSPropertyOp21
 70
     1
102
RTVSPropertyOp22
 70
     1
102
RTVSPropertyOp23
 70
     1
102
RTVSPropertyOp24
 70
     1
102
RTVSPropertyOp25
 70
     1
102
RTVSPropertyOp26
 70
     1
102
RTVSPropertyOp27
 70
     1
102
RTVSPropertyOp28
 70
     1
102
RTVSPropertyOp29
 70
     1
102
RTVSPropertyOp30
 70
     1
102
RTVSPropertyOp31
 70
     1
102
RTVSPropertyOp32
 70
     1
102
RTVSPropertyOp33
 70
     1
102
RTVSPropertyOp34
 70
     1
102
RTVSPropertyOp35
 70
     1
102
RTVSPropertyOp36
 70
     1
102
RTVSPropertyOp37
 70
     1
102
RTVSPropertyOp38
 70
     1
102
RTVSPropertyOp39
 70
     1
102
RTVSPropertyOp40
 70
     1
102
RTVSPropertyOp41
 70
     1
102
RTVSPropertyOp42
 70
     1
102
RTVSPropertyOp43
 70
     1
102
RTVSPropertyOp44
 70
     1
102
RTVSPropertyOp45
 70
     1
102
RTVSPropertyOp46
 70
     1
102
RTVSPropertyOp47
 70
     1
102
RTVSPropertyOp48
 70
     1
102
RTVSPropertyOp49
 70
     1
102
RTVSPropertyOp50
 70
     1
102
RTVSPropertyOp51
 70
     0
102
RTVSPropertyOp52
 70
     0
102
RTVSPropertyOp53
 70
     1
102
RTVSPropertyOp54
 70
     1
102
RTVSPropertyOp55
 70
     1
102
RTVSPropertyOp56
 70
     1
102
RTVSPropertyOp57
 70
     1
102
RTVSPost2010Prop28
280
     1
102
RTVSPost2010PropOp28
 70
     1
102
RTVSPost2010Prop29
280
     1
102
RTVSPost2010PropOp29
 70
     1
102
RTVSPost2010Prop30
280
     0
102
RTVSPost2010PropOp30
 70
     1
102
RTVSPost2010Prop31
280
     0
102
RTVSPost2010PropOp31
 70
     1
102
RTVSPost2010Prop32
280
     0
102
RTVSPost2010PropOp32
 70
     1
102
RTVSPost2010Prop33
280
     0
102
RTVSPost2010PropOp33
 70
     1
102
RTVSPost2010Prop34
280
     0
102
RTVSPost2010PropOp34
 70
     1
102
RTVSPost2010Prop35
280
     0
102
RTVSPost2010PropOp35
 70
     1
102
RTVSPost2010Prop36
280
     0
102
RTVSPost2010PropOp36
 70
     1
102
RTVSPost2010Prop37
 90
       50
102
RTVSPost2010PropOp37
 70
     1
102
RTVSPost2010Prop38
140
0.0
102
RTVSPost2010PropOp38
 70
     1
102
RTVSPost2010Prop39
140
1.0
102
RTVSPost2010PropOp39
 70
     1
102
RTVSPost2010Prop40
 90
        0
102
RTVSPost2010PropOp40
 70
     1
102
RTVSPost2010Prop41ColorIndex
 90
       18
102
RTVSPost2010Prop41ColorRGB
 90
        0
102
RTVSPost2010PropOp41
 70
     1
102
RTVSPost2010Prop42
 90
       50
102
RTVSPost2010PropOp42
 70
     1
102
RTVSPost2010Prop43
 90
        3
102
RTVSPost2010PropOp43
 70
     1
102
RTVSPost2010Prop44ColorIndex
 90
        5
102
RTVSPost2010Prop44ColorRGB
 90
      255
102
RTVSPost2010PropOp44
 70
     1
102
RTVSPost2010Prop45
280
     0
102
RTVSPost2010PropOp45
 70
     1
102
RTVSPost2010Prop46
 90
       50
102
RTVSPost2010PropOp46
 70
     1
102
RTVSPost2010Prop47
 90
       50
102
RTVSPost2010PropOp47
 70
     1
102
RTVSPost2010Prop48
 90
       50
102
RTVSPost2010PropOp48
 70
     1
102
RTVSPost2010Prop49
280
     0
102
RTVSPost2010PropOp49
 70
     1
102
RTVSPost2010Prop50
 90
       50
102
RTVSPost2010PropOp50
 70
     1
102
RTVSPost2010Prop51ColorIndex
 90
      256
102
RTVSPost2010Prop51ColorRGB
 90
-16777216
102
RTVSPost2010PropOp51
 70
     0
102
RTVSPost2010Prop52
140
1.0
102
RTVSPost2010PropOp52
 70
     0
102
RTVSPost2010Prop53
 90
        2
102
RTVSPost2010PropOp53
 70
     1
102
RTVSPost2010Prop54
  1
strokes_ogs.tif
102
RTVSPost2010PropOp54
 70
     1
102
RTVSPost2010Prop55
280
     0
102
RTVSPost2010PropOp55
 70
     1
102
RTVSPost2010Prop56
140
1.0
102
RTVSPost2010PropOp56
 70
     1
102
RTVSPost2010Prop57
140
1.0
102
RTVSPost2010PropOp57
 70
     1
  0
XRECORD
  5
230
102
{ACAD_REACTORS
330
22F
102
}
330
22F
100
AcDbXrecord
280
     1
102
RTVSPropertyOp0
 70
     1
102
RTVSPropertyOp1
 70
     1
102
RTVSPropertyOp2
 70
     1
102
RTVSPropertyOp3
 70
     1
102
RTVSPropertyOp4
 70
     1
102
RTVSPropertyOp5
 70
     1
102
RTVSPropertyOp6
 70
     1
102
RTVSPropertyOp7
 70
     1
102
RTVSPropertyOp8
 70
     1
102
RTVSPropertyOp9
 70
     1
102
RTVSPropertyOp10
 70
     1
102
RTVSPropertyOp11
 70
     1
102
RTVSPropertyOp12
 70
     1
102
RTVSPropertyOp13
 70
     1
102
RTVSPropertyOp14
 70
     1
102
RTVSPropertyOp15
 70
     1
102
RTVSPropertyOp16
 70
     1
102
RTVSPropertyOp17
 70
     1
102
RTVSPropertyOp18
 70
     1
102
RTVSPropertyOp19
 70
     1
102
RTVSPropertyOp20
 70
     1
102
RTVSPropertyOp21
 70
     1
102
RTVSPropertyOp22
 70
     1
102
RTVSPropertyOp23
 70
     1
102
RTVSPropertyOp24
 70
     1
102
RTVSPropertyOp25
 70
     1
102
RTVSPropertyOp26
 70
     1
102
RTVSPropertyOp27
 70
     1
102
RTVSPropertyOp28
 70
     1
102
RTVSPropertyOp29
 70
     1
102
RTVSPropertyOp30
 70
     1
102
RTVSPropertyOp31
 70
     1
102
RTVSPropertyOp32
 70
     1
102
RTVSPropertyOp33
 70
     1
102
RTVSPropertyOp34
 70
     1
102
RTVSPropertyOp35
 70
     1
102
RTVSPropertyOp36
 70
     1
102
RTVSPropertyOp37
 70
     1
102
RTVSPropertyOp38
 70
     1
102
RTVSPropertyOp39
 70
     1
102
RTVSPropertyOp40
 70
     1
102
RTVSPropertyOp41
 70
     1
102
RTVSPropertyOp42
 70
     1
102
RTVSPropertyOp43
 70
     1
102
RTVSPropertyOp44
 70
     1
102
RTVSPropertyOp45
 70
     1
102
RTVSPropertyOp46
 70
     1
102
RTVSPropertyOp47
 70
     1
102
RTVSPropertyOp48
 70
     1
102
RTVSPropertyOp49
 70
     1
102
RTVSPropertyOp50
 70
     1
102
RTVSPropertyOp51
 70
     0
102
RTVSPropertyOp52
 70
     0
102
RTVSPropertyOp53
 70
     1
102
RTVSPropertyOp54
 70
     1
102
RTVSPropertyOp55
 70
     1
102
RTVSPropertyOp56
 70
     1
102
RTVSPropertyOp57
 70
     1
102
RTVSPost2010Prop28
280
     0
102
RTVSPost2010PropOp28
 70
     1
102
RTVSPost2010Prop29
280
     1
102
RTVSPost2010PropOp29
 70
     1
102
RTVSPost2010Prop30
280
     1
102
RTVSPost2010PropOp30
 70
     1
102
RTVSPost2010Prop31
280
     0
102
RTVSPost2010PropOp31
 70
     1
102
RTVSPost2010Prop32
280
     0
102
RTVSPost2010PropOp32
 70
     1
102
RTVSPost2010Prop33
280
     0
102
RTVSPost2010PropOp33
 70
     1
102
RTVSPost2010Prop34
280
     0
102
RTVSPost2010PropOp34
 70
     1
102
RTVSPost2010Prop35
280
     0
102
RTVSPost2010PropOp35
 70
     1
102
RTVSPost2010Prop36
280
     0
102
RTVSPost2010PropOp36
 70
     1
102
RTVSPost2010Prop37
 90
       50
102
RTVSPost2010PropOp37
 70
     1
102
RTVSPost2010Prop38
140
0.0
102
RTVSPost2010PropOp38
 70
     1
102
RTVSPost2010Prop39
140
1.0
102
RTVSPost2010PropOp39
 70
     1
102
RTVSPost2010Prop40
 90
        0
102
RTVSPost2010PropOp40
 70
     1
102
RTVSPost2010Prop41ColorIndex
 90
       18
102
RTVSPost2010Prop41ColorRGB
 90
        0
102
RTVSPost2010PropOp41
 70
     1
102
RTVSPost2010Prop42
 90
       50
102
RTVSPost2010PropOp42
 70
     1
102
RTVSPost2010Prop43
 90
        3
102
RTVSPost2010PropOp43
 70
     1
102
RTVSPost2010Prop44ColorIndex
 90
        5
102
RTVSPost2010Prop44ColorRGB
 90
      255
102
RTVSPost2010PropOp44
 70
     1
102
RTVSPost2010Prop45
280
     0
102
RTVSPost2010PropOp45
 70
     1
102
RTVSPost2010Prop46
 90
       50
102
RTVSPost2010PropOp46
 70
     1
102
RTVSPost2010Prop47
 90
       50
102
RTVSPost2010PropOp47
 70
     1
102
RTVSPost2010Prop48
 90
       50
102
RTVSPost2010PropOp48
 70
     1
102
RTVSPost2010Prop49
280
     0
102
RTVSPost2010PropOp49
 70
     1
102
RTVSPost2010Prop50
 90
       50
102
RTVSPost2010PropOp50
 70
     1
102
RTVSPost2010Prop51ColorIndex
 90
      256
102
RTVSPost2010Prop51ColorRGB
 90
-16777216
102
RTVSPost2010PropOp51
 70
     0
102
RTVSPost2010Prop52
140
1.0
102
RTVSPost2010PropOp52
 70
     0
102
RTVSPost2010Prop53
 90
        2
102
RTVSPost2010PropOp53
 70
     1
102
RTVSPost2010Prop54
  1
strokes_ogs.tif
102
RTVSPost2010PropOp54
 70
     1
102
RTVSPost2010Prop55
280
     0
102
RTVSPost2010PropOp55
 70
     1
102
RTVSPost2010Prop56
140
1.0
102
RTVSPost2010PropOp56
 70
     1
102
RTVSPost2010Prop57
140
1.0
102
RTVSPost2010PropOp57
 70
     1
  0
XRECORD
  5
238
102
{ACAD_REACTORS
330
237
102
}
330
237
100
AcDbXrecord
280
     1
102
RTVSPropertyOp0
 70
     1
102
RTVSPropertyOp1
 70
     1
102
RTVSPropertyOp2
 70
     1
102
RTVSPropertyOp3
 70
     1
102
RTVSPropertyOp4
 70
     1
102
RTVSPropertyOp5
 70
     1
102
RTVSPropertyOp6
 70
     1
102
RTVSPropertyOp7
 70
     1
102
RTVSPropertyOp8
 70
     1
102
RTVSPropertyOp9
 70
     1
102
RTVSPropertyOp10
 70
     1
102
RTVSPropertyOp11
 70
     1
102
RTVSPropertyOp12
 70
     1
102
RTVSPropertyOp13
 70
     1
102
RTVSPropertyOp14
 70
     1
102
RTVSPropertyOp15
 70
     1
102
RTVSPropertyOp16
 70
     1
102
RTVSPropertyOp17
 70
     1
102
RTVSPropertyOp18
 70
     1
102
RTVSPropertyOp19
 70
     1
102
RTVSPropertyOp20
 70
     1
102
RTVSPropertyOp21
 70
     1
102
RTVSPropertyOp22
 70
     1
102
RTVSPropertyOp23
 70
     1
102
RTVSPropertyOp24
 70
     1
102
RTVSPropertyOp25
 70
     1
102
RTVSPropertyOp26
 70
     1
102
RTVSPropertyOp27
 70
     1
102
RTVSPropertyOp28
 70
     1
102
RTVSPropertyOp29
 70
     1
102
RTVSPropertyOp30
 70
     1
102
RTVSPropertyOp31
 70
     1
102
RTVSPropertyOp32
 70
     1
102
RTVSPropertyOp33
 70
     1
102
RTVSPropertyOp34
 70
     1
102
RTVSPropertyOp35
 70
     1
102
RTVSPropertyOp36
 70
     1
102
RTVSPropertyOp37
 70
     1
102
RTVSPropertyOp38
 70
     1
102
RTVSPropertyOp39
 70
     1
102
RTVSPropertyOp40
 70
     1
102
RTVSPropertyOp41
 70
     1
102
RTVSPropertyOp42
 70
     1
102
RTVSPropertyOp43
 70
     1
102
RTVSPropertyOp44
 70
     1
102
RTVSPropertyOp45
 70
     1
102
RTVSPropertyOp46
 70
     1
102
RTVSPropertyOp47
 70
     1
102
RTVSPropertyOp48
 70
     1
102
RTVSPropertyOp49
 70
     1
102
RTVSPropertyOp50
 70
     1
102
RTVSPropertyOp51
 70
     0
102
RTVSPropertyOp52
 70
     0
102
RTVSPropertyOp53
 70
     1
102
RTVSPropertyOp54
 70
     1
102
RTVSPropertyOp55
 70
     1
102
RTVSPropertyOp56
 70
     1
102
RTVSPropertyOp57
 70
     1
102
RTVSPost2010Prop28
280
     0
102
RTVSPost2010PropOp28
 70
     1
102
RTVSPost2010Prop29
280
     1
102
RTVSPost2010PropOp29
 70
     1
102
RTVSPost2010Prop30
280
     1
102
RTVSPost2010PropOp30
 70
     1
102
RTVSPost2010Prop31
280
     0
102
RTVSPost2010PropOp31
 70
     1
102
RTVSPost2010Prop32
280
     0
102
RTVSPost2010PropOp32
 70
     1
102
RTVSPost2010Prop33
280
     0
102
RTVSPost2010PropOp33
 70
     1
102
RTVSPost2010Prop34
280
     0
102
RTVSPost2010PropOp34
 70
     1
102
RTVSPost2010Prop35
280
     0
102
RTVSPost2010PropOp35
 70
     1
102
RTVSPost2010Prop36
280
     0
102
RTVSPost2010PropOp36
 70
     1
102
RTVSPost2010Prop37
 90
       50
102
RTVSPost2010PropOp37
 70
     1
102
RTVSPost2010Prop38
140
0.0
102
RTVSPost2010PropOp38
 70
     1
102
RTVSPost2010Prop39
140
1.0
102
RTVSPost2010PropOp39
 70
     1
102
RTVSPost2010Prop40
 90
        0
102
RTVSPost2010PropOp40
 70
     1
102
RTVSPost2010Prop41ColorIndex
 90
       18
102
RTVSPost2010Prop41ColorRGB
 90
        0
102
RTVSPost2010PropOp41
 70
     1
102
RTVSPost2010Prop42
 90
       50
102
RTVSPost2010PropOp42
 70
     1
102
RTVSPost2010Prop43
 90
        3
102
RTVSPost2010PropOp43
 70
     1
102
RTVSPost2010Prop44ColorIndex
 90
        5
102
RTVSPost2010Prop44ColorRGB
 90
      255
102
RTVSPost2010PropOp44
 70
     1
102
RTVSPost2010Prop45
280
     0
102
RTVSPost2010PropOp45
 70
     1
102
RTVSPost2010Prop46
 90
       50
102
RTVSPost2010PropOp46
 70
     1
102
RTVSPost2010Prop47
 90
       50
102
RTVSPost2010PropOp47
 70
     1
102
RTVSPost2010Prop48
 90
       50
102
RTVSPost2010PropOp48
 70
     1
102
RTVSPost2010Prop49
280
     0
102
RTVSPost2010PropOp49
 70
     1
102
RTVSPost2010Prop50
 90
       50
102
RTVSPost2010PropOp50
 70
     1
102
RTVSPost2010Prop51ColorIndex
 90
      256
102
RTVSPost2010Prop51ColorRGB
 90
-16777216
102
RTVSPost2010PropOp51
 70
     0
102
RTVSPost2010Prop52
140
1.0
102
RTVSPost2010PropOp52
 70
     0
102
RTVSPost2010Prop53
 90
        2
102
RTVSPost2010PropOp53
 70
     1
102
RTVSPost2010Prop54
  1
strokes_ogs.tif
102
RTVSPost2010PropOp54
 70
     1
102
RTVSPost2010Prop55
280
     0
102
RTVSPost2010PropOp55
 70
     1
102
RTVSPost2010Prop56
140
1.0
102
RTVSPost2010PropOp56
 70
     1
102
RTVSPost2010Prop57
140
1.0
102
RTVSPost2010PropOp57
 70
     1
  0
XRECORD
  5
240
102
{ACAD_REACTORS
330
23F
102
}
330
23F
100
AcDbXrecord
280
     1
102
RTVSPropertyOp0
 70
     1
102
RTVSPropertyOp1
 70
     1
102
RTVSPropertyOp2
 70
     1
102
RTVSPropertyOp3
 70
     1
102
RTVSPropertyOp4
 70
     1
102
RTVSPropertyOp5
 70
     1
102
RTVSPropertyOp6
 70
     1
102
RTVSPropertyOp7
 70
     1
102
RTVSPropertyOp8
 70
     1
102
RTVSPropertyOp9
 70
     1
102
RTVSPropertyOp10
 70
     1
102
RTVSPropertyOp11
 70
     1
102
RTVSPropertyOp12
 70
     1
102
RTVSPropertyOp13
 70
     1
102
RTVSPropertyOp14
 70
     1
102
RTVSPropertyOp15
 70
     1
102
RTVSPropertyOp16
 70
     1
102
RTVSPropertyOp17
 70
     1
102
RTVSPropertyOp18
 70
     1
102
RTVSPropertyOp19
 70
     1
102
RTVSPropertyOp20
 70
     1
102
RTVSPropertyOp21
 70
     1
102
RTVSPropertyOp22
 70
     1
102
RTVSPropertyOp23
 70
     1
102
RTVSPropertyOp24
 70
     1
102
RTVSPropertyOp25
 70
     1
102
RTVSPropertyOp26
 70
     1
102
RTVSPropertyOp27
 70
     1
102
RTVSPropertyOp28
 70
     1
102
RTVSPropertyOp29
 70
     1
102
RTVSPropertyOp30
 70
     1
102
RTVSPropertyOp31
 70
     1
102
RTVSPropertyOp32
 70
     1
102
RTVSPropertyOp33
 70
     1
102
RTVSPropertyOp34
 70
     1
102
RTVSPropertyOp35
 70
     1
102
RTVSPropertyOp36
 70
     1
102
RTVSPropertyOp37
 70
     1
102
RTVSPropertyOp38
 70
     1
102
RTVSPropertyOp39
 70
     1
102
RTVSPropertyOp40
 70
     1
102
RTVSPropertyOp41
 70
     1
102
RTVSPropertyOp42
 70
     1
102
RTVSPropertyOp43
 70
     1
102
RTVSPropertyOp44
 70
     1
102
RTVSPropertyOp45
 70
     1
102
RTVSPropertyOp46
 70
     1
102
RTVSPropertyOp47
 70
     1
102
RTVSPropertyOp48
 70
     1
102
RTVSPropertyOp49
 70
     1
102
RTVSPropertyOp50
 70
     1
102
RTVSPropertyOp51
 70
     0
102
RTVSPropertyOp52
 70
     0
102
RTVSPropertyOp53
 70
     1
102
RTVSPropertyOp54
 70
     1
102
RTVSPropertyOp55
 70
     1
102
RTVSPropertyOp56
 70
     1
102
RTVSPropertyOp57
 70
     1
102
RTVSPost2010Prop28
280
     0
102
RTVSPost2010PropOp28
 70
     1
102
RTVSPost2010Prop29
280
     1
102
RTVSPost2010PropOp29
 70
     1
102
RTVSPost2010Prop30
280
     1
102
RTVSPost2010PropOp30
 70
     1
102
RTVSPost2010Prop31
280
     0
102
RTVSPost2010PropOp31
 70
     1
102
RTVSPost2010Prop32
280
     0
102
RTVSPost2010PropOp32
 70
     1
102
RTVSPost2010Prop33
280
     0
102
RTVSPost2010PropOp33
 70
     1
102
RTVSPost2010Prop34
280
     0
102
RTVSPost2010PropOp34
 70
     1
102
RTVSPost2010Prop35
280
     0
102
RTVSPost2010PropOp35
 70
     1
102
RTVSPost2010Prop36
280
     0
102
RTVSPost2010PropOp36
 70
     1
102
RTVSPost2010Prop37
 90
       50
102
RTVSPost2010PropOp37
 70
     1
102
RTVSPost2010Prop38
140
0.0
102
RTVSPost2010PropOp38
 70
     1
102
RTVSPost2010Prop39
140
1.0
102
RTVSPost2010PropOp39
 70
     1
102
RTVSPost2010Prop40
 90
        0
102
RTVSPost2010PropOp40
 70
     1
102
RTVSPost2010Prop41ColorIndex
 90
       18
102
RTVSPost2010Prop41ColorRGB
 90
        0
102
RTVSPost2010PropOp41
 70
     1
102
RTVSPost2010Prop42
 90
       50
102
RTVSPost2010PropOp42
 70
     1
102
RTVSPost2010Prop43
 90
        3
102
RTVSPost2010PropOp43
 70
     1
102
RTVSPost2010Prop44ColorIndex
 90
        5
102
RTVSPost2010Prop44ColorRGB
 90
      255
102
RTVSPost2010PropOp44
 70
     1
102
RTVSPost2010Prop45
280
     0
102
RTVSPost2010PropOp45
 70
     1
102
RTVSPost2010Prop46
 90
       50
102
RTVSPost2010PropOp46
 70
     1
102
RTVSPost2010Prop47
 90
       50
102
RTVSPost2010PropOp47
 70
     1
102
RTVSPost2010Prop48
 90
       50
102
RTVSPost2010PropOp48
 70
     1
102
RTVSPost2010Prop49
280
     0
102
RTVSPost2010PropOp49
 70
     1
102
RTVSPost2010Prop50
 90
       50
102
RTVSPost2010PropOp50
 70
     1
102
RTVSPost2010Prop51ColorIndex
 90
      256
102
RTVSPost2010Prop51ColorRGB
 90
-16777216
102
RTVSPost2010PropOp51
 70
     0
102
RTVSPost2010Prop52
140
1.0
102
RTVSPost2010PropOp52
 70
     0
102
RTVSPost2010Prop53
 90
        2
102
RTVSPost2010PropOp53
 70
     1
102
RTVSPost2010Prop54
  1
strokes_ogs.tif
102
RTVSPost2010PropOp54
 70
     1
102
RTVSPost2010Prop55
280
     0
102
RTVSPost2010PropOp55
 70
     1
102
RTVSPost2010Prop56
140
1.0
102
RTVSPost2010PropOp56
 70
     1
102
RTVSPost2010Prop57
140
1.0
102
RTVSPost2010PropOp57
 70
     1
  0
XRECORD
  5
234
102
{ACAD_REACTORS
330
233
102
}
330
233
100
AcDbXrecord
280
     1
102
RTVSPropertyOp0
 70
     1
102
RTVSPropertyOp1
 70
     1
102
RTVSPropertyOp2
 70
     1
102
RTVSPropertyOp3
 70
     1
102
RTVSPropertyOp4
 70
     1
102
RTVSPropertyOp5
 70
     1
102
RTVSPropertyOp6
 70
     1
102
RTVSPropertyOp7
 70
     1
102
RTVSPropertyOp8
 70
     1
102
RTVSPropertyOp9
 70
     1
102
RTVSPropertyOp10
 70
     1
102
RTVSPropertyOp11
 70
     1
102
RTVSPropertyOp12
 70
     1
102
RTVSPropertyOp13
 70
     1
102
RTVSPropertyOp14
 70
     1
102
RTVSPropertyOp15
 70
     1
102
RTVSPropertyOp16
 70
     1
102
RTVSPropertyOp17
 70
     1
102
RTVSPropertyOp18
 70
     1
102
RTVSPropertyOp19
 70
     1
102
RTVSPropertyOp20
 70
     1
102
RTVSPropertyOp21
 70
     1
102
RTVSPropertyOp22
 70
     1
102
RTVSPropertyOp23
 70
     1
102
RTVSPropertyOp24
 70
     1
102
RTVSPropertyOp25
 70
     1
102
RTVSPropertyOp26
 70
     1
102
RTVSPropertyOp27
 70
     1
102
RTVSPropertyOp28
 70
     1
102
RTVSPropertyOp29
 70
     1
102
RTVSPropertyOp30
 70
     1
102
RTVSPropertyOp31
 70
     1
102
RTVSPropertyOp32
 70
     1
102
RTVSPropertyOp33
 70
     1
102
RTVSPropertyOp34
 70
     1
102
RTVSPropertyOp35
 70
     1
102
RTVSPropertyOp36
 70
     1
102
RTVSPropertyOp37
 70
     1
102
RTVSPropertyOp38
 70
     1
102
RTVSPropertyOp39
 70
     1
102
RTVSPropertyOp40
 70
     1
102
RTVSPropertyOp41
 70
     1
102
RTVSPropertyOp42
 70
     1
102
RTVSPropertyOp43
 70
     1
102
RTVSPropertyOp44
 70
     1
102
RTVSPropertyOp45
 70
     1
102
RTVSPropertyOp46
 70
     1
102
RTVSPropertyOp47
 70
     1
102
RTVSPropertyOp48
 70
     1
102
RTVSPropertyOp49
 70
     1
102
RTVSPropertyOp50
 70
     1
102
RTVSPropertyOp51
 70
     0
102
RTVSPropertyOp52
 70
     0
102
RTVSPropertyOp53
 70
     1
102
RTVSPropertyOp54
 70
     1
102
RTVSPropertyOp55
 70
     1
102
RTVSPropertyOp56
 70
     1
102
RTVSPropertyOp57
 70
     1
102
RTVSPost2010Prop28
280
     0
102
RTVSPost2010PropOp28
 70
     1
102
RTVSPost2010Prop29
280
     1
102
RTVSPost2010PropOp29
 70
     1
102
RTVSPost2010Prop30
280
     1
102
RTVSPost2010PropOp30
 70
     1
102
RTVSPost2010Prop31
280
     0
102
RTVSPost2010PropOp31
 70
     1
102
RTVSPost2010Prop32
280
     0
102
RTVSPost2010PropOp32
 70
     1
102
RTVSPost2010Prop33
280
     0
102
RTVSPost2010PropOp33
 70
     1
102
RTVSPost2010Prop34
280
     0
102
RTVSPost2010PropOp34
 70
     1
102
RTVSPost2010Prop35
280
     0
102
RTVSPost2010PropOp35
 70
     1
102
RTVSPost2010Prop36
280
     0
102
RTVSPost2010PropOp36
 70
     1
102
RTVSPost2010Prop37
 90
       50
102
RTVSPost2010PropOp37
 70
     1
102
RTVSPost2010Prop38
140
0.0
102
RTVSPost2010PropOp38
 70
     1
102
RTVSPost2010Prop39
140
1.0
102
RTVSPost2010PropOp39
 70
     1
102
RTVSPost2010Prop40
 90
        0
102
RTVSPost2010PropOp40
 70
     1
102
RTVSPost2010Prop41ColorIndex
 90
       18
102
RTVSPost2010Prop41ColorRGB
 90
        0
102
RTVSPost2010PropOp41
 70
     1
102
RTVSPost2010Prop42
 90
       50
102
RTVSPost2010PropOp42
 70
     1
102
RTVSPost2010Prop43
 90
        3
102
RTVSPost2010PropOp43
 70
     1
102
RTVSPost2010Prop44ColorIndex
 90
        5
102
RTVSPost2010Prop44ColorRGB
 90
      255
102
RTVSPost2010PropOp44
 70
     1
102
RTVSPost2010Prop45
280
     0
102
RTVSPost2010PropOp45
 70
     1
102
RTVSPost2010Prop46
 90
       50
102
RTVSPost2010PropOp46
 70
     1
102
RTVSPost2010Prop47
 90
       50
102
RTVSPost2010PropOp47
 70
     1
102
RTVSPost2010Prop48
 90
       50
102
RTVSPost2010PropOp48
 70
     1
102
RTVSPost2010Prop49
280
     0
102
RTVSPost2010PropOp49
 70
     1
102
RTVSPost2010Prop50
 90
       50
102
RTVSPost2010PropOp50
 70
     1
102
RTVSPost2010Prop51ColorIndex
 90
      256
102
RTVSPost2010Prop51ColorRGB
 90
-16777216
102
RTVSPost2010PropOp51
 70
     0
102
RTVSPost2010Prop52
140
1.0
102
RTVSPost2010PropOp52
 70
     0
102
RTVSPost2010Prop53
 90
        2
102
RTVSPost2010PropOp53
 70
     1
102
RTVSPost2010Prop54
  1
strokes_ogs.tif
102
RTVSPost2010PropOp54
 70
     1
102
RTVSPost2010Prop55
280
     0
102
RTVSPost2010PropOp55
 70
     1
102
RTVSPost2010Prop56
140
1.0
102
RTVSPost2010PropOp56
 70
     1
102
RTVSPost2010Prop57
140
1.0
102
RTVSPost2010PropOp57
 70
     1
  0
XRECORD
  5
236
102
{ACAD_REACTORS
330
235
102
}
330
235
100
AcDbXrecord
280
     1
102
RTVSPropertyOp0
 70
     1
102
RTVSPropertyOp1
 70
     1
102
RTVSPropertyOp2
 70
     1
102
RTVSPropertyOp3
 70
     1
102
RTVSPropertyOp4
 70
     1
102
RTVSPropertyOp5
 70
     1
102
RTVSPropertyOp6
 70
     1
102
RTVSPropertyOp7
 70
     1
102
RTVSPropertyOp8
 70
     1
102
RTVSPropertyOp9
 70
     1
102
RTVSPropertyOp10
 70
     1
102
RTVSPropertyOp11
 70
     1
102
RTVSPropertyOp12
 70
     1
102
RTVSPropertyOp13
 70
     1
102
RTVSPropertyOp14
 70
     1
102
RTVSPropertyOp15
 70
     1
102
RTVSPropertyOp16
 70
     1
102
RTVSPropertyOp17
 70
     1
102
RTVSPropertyOp18
 70
     1
102
RTVSPropertyOp19
 70
     1
102
RTVSPropertyOp20
 70
     1
102
RTVSPropertyOp21
 70
     1
102
RTVSPropertyOp22
 70
     1
102
RTVSPropertyOp23
 70
     1
102
RTVSPropertyOp24
 70
     1
102
RTVSPropertyOp25
 70
     1
102
RTVSPropertyOp26
 70
     1
102
RTVSPropertyOp27
 70
     1
102
RTVSPropertyOp28
 70
     1
102
RTVSPropertyOp29
 70
     1
102
RTVSPropertyOp30
 70
     1
102
RTVSPropertyOp31
 70
     1
102
RTVSPropertyOp32
 70
     1
102
RTVSPropertyOp33
 70
     1
102
RTVSPropertyOp34
 70
     1
102
RTVSPropertyOp35
 70
     1
102
RTVSPropertyOp36
 70
     1
102
RTVSPropertyOp37
 70
     1
102
RTVSPropertyOp38
 70
     1
102
RTVSPropertyOp39
 70
     1
102
RTVSPropertyOp40
 70
     1
102
RTVSPropertyOp41
 70
     1
102
RTVSPropertyOp42
 70
     1
102
RTVSPropertyOp43
 70
     1
102
RTVSPropertyOp44
 70
     1
102
RTVSPropertyOp45
 70
     1
102
RTVSPropertyOp46
 70
     1
102
RTVSPropertyOp47
 70
     1
102
RTVSPropertyOp48
 70
     1
102
RTVSPropertyOp49
 70
     1
102
RTVSPropertyOp50
 70
     1
102
RTVSPropertyOp51
 70
     0
102
RTVSPropertyOp52
 70
     0
102
RTVSPropertyOp53
 70
     1
102
RTVSPropertyOp54
 70
     1
102
RTVSPropertyOp55
 70
     1
102
RTVSPropertyOp56
 70
     1
102
RTVSPropertyOp57
 70
     1
102
RTVSPost2010Prop28
280
     0
102
RTVSPost2010PropOp28
 70
     1
102
RTVSPost2010Prop29
280
     1
102
RTVSPost2010PropOp29
 70
     1
102
RTVSPost2010Prop30
280
     1
102
RTVSPost2010PropOp30
 70
     1
102
RTVSPost2010Prop31
280
     0
102
RTVSPost2010PropOp31
 70
     1
102
RTVSPost2010Prop32
280
     0
102
RTVSPost2010PropOp32
 70
     1
102
RTVSPost2010Prop33
280
     0
102
RTVSPost2010PropOp33
 70
     1
102
RTVSPost2010Prop34
280
     0
102
RTVSPost2010PropOp34
 70
     1
102
RTVSPost2010Prop35
280
     0
102
RTVSPost2010PropOp35
 70
     1
102
RTVSPost2010Prop36
280
     0
102
RTVSPost2010PropOp36
 70
     1
102
RTVSPost2010Prop37
 90
       50
102
RTVSPost2010PropOp37
 70
     1
102
RTVSPost2010Prop38
140
0.0
102
RTVSPost2010PropOp38
 70
     1
102
RTVSPost2010Prop39
140
1.0
102
RTVSPost2010PropOp39
 70
     1
102
RTVSPost2010Prop40
 90
        0
102
RTVSPost2010PropOp40
 70
     1
102
RTVSPost2010Prop41ColorIndex
 90
       18
102
RTVSPost2010Prop41ColorRGB
 90
        0
102
RTVSPost2010PropOp41
 70
     1
102
RTVSPost2010Prop42
 90
       50
102
RTVSPost2010PropOp42
 70
     1
102
RTVSPost2010Prop43
 90
        3
102
RTVSPost2010PropOp43
 70
     1
102
RTVSPost2010Prop44ColorIndex
 90
        5
102
RTVSPost2010Prop44ColorRGB
 90
      255
102
RTVSPost2010PropOp44
 70
     1
102
RTVSPost2010Prop45
280
     0
102
RTVSPost2010PropOp45
 70
     1
102
RTVSPost2010Prop46
 90
       50
102
RTVSPost2010PropOp46
 70
     1
102
RTVSPost2010Prop47
 90
       50
102
RTVSPost2010PropOp47
 70
     1
102
RTVSPost2010Prop48
 90
       50
102
RTVSPost2010PropOp48
 70
     1
102
RTVSPost2010Prop49
280
     0
102
RTVSPost2010PropOp49
 70
     1
102
RTVSPost2010Prop50
 90
       50
102
RTVSPost2010PropOp50
 70
     1
102
RTVSPost2010Prop51ColorIndex
 90
      256
102
RTVSPost2010Prop51ColorRGB
 90
-16777216
102
RTVSPost2010PropOp51
 70
     0
102
RTVSPost2010Prop52
140
1.0
102
RTVSPost2010PropOp52
 70
     0
102
RTVSPost2010Prop53
 90
        2
102
RTVSPost2010PropOp53
 70
     1
102
RTVSPost2010Prop54
  1
strokes_ogs.tif
102
RTVSPost2010PropOp54
 70
     1
102
RTVSPost2010Prop55
280
     0
102
RTVSPost2010PropOp55
 70
     1
102
RTVSPost2010Prop56
140
1.0
102
RTVSPost2010PropOp56
 70
     1
102
RTVSPost2010Prop57
140
1.0
102
RTVSPost2010PropOp57
 70
     1
  0
XRECORD
  5
246
102
{ACAD_REACTORS
330
245
102
}
330
245
100
AcDbXrecord
280
     1
102
RTVSPropertyOp0
 70
     0
102
RTVSPropertyOp1
 70
     0
102
RTVSPropertyOp2
 70
     0
102
RTVSPropertyOp3
 70
     0
102
RTVSPropertyOp4
 70
     0
102
RTVSPropertyOp5
 70
     0
102
RTVSPropertyOp6
 70
     0
102
RTVSPropertyOp7
 70
     0
102
RTVSPropertyOp8
 70
     0
102
RTVSPropertyOp9
 70
     0
102
RTVSPropertyOp10
 70
     0
102
RTVSPropertyOp11
 70
     0
102
RTVSPropertyOp12
 70
     0
102
RTVSPropertyOp13
 70
     0
102
RTVSPropertyOp14
 70
     2
102
RTVSPropertyOp15
 70
     0
102
RTVSPropertyOp16
 70
     0
102
RTVSPropertyOp17
 70
     0
102
RTVSPropertyOp18
 70
     0
102
RTVSPropertyOp19
 70
     0
102
RTVSPropertyOp20
 70
     0
102
RTVSPropertyOp21
 70
     0
102
RTVSPropertyOp22
 70
     0
102
RTVSPropertyOp23
 70
     0
102
RTVSPropertyOp24
 70
     0
102
RTVSPropertyOp25
 70
     0
102
RTVSPropertyOp26
 70
     0
102
RTVSPropertyOp27
 70
     0
102
RTVSPropertyOp28
 70
     0
102
RTVSPropertyOp29
 70
     0
102
RTVSPropertyOp30
 70
     0
102
RTVSPropertyOp31
 70
     0
102
RTVSPropertyOp32
 70
     0
102
RTVSPropertyOp33
 70
     0
102
RTVSPropertyOp34
 70
     0
102
RTVSPropertyOp35
 70
     0
102
RTVSPropertyOp36
 70
     0
102
RTVSPropertyOp37
 70
     0
102
RTVSPropertyOp38
 70
     0
102
RTVSPropertyOp39
 70
     0
102
RTVSPropertyOp40
 70
     0
102
RTVSPropertyOp41
 70
     0
102
RTVSPropertyOp42
 70
     0
102
RTVSPropertyOp43
 70
     0
102
RTVSPropertyOp44
 70
     0
102
RTVSPropertyOp45
 70
     0
102
RTVSPropertyOp46
 70
     0
102
RTVSPropertyOp47
 70
     0
102
RTVSPropertyOp48
 70
     0
102
RTVSPropertyOp49
 70
     0
102
RTVSPropertyOp50
 70
     0
102
RTVSPropertyOp51
 70
     0
102
RTVSPropertyOp52
 70
     0
102
RTVSPropertyOp53
 70
     0
102
RTVSPropertyOp54
 70
     0
102
RTVSPropertyOp55
 70
     0
102
RTVSPropertyOp56
 70
     0
102
RTVSPropertyOp57
 70
     0
102
RTVSPost2010Prop28
280
     0
102
RTVSPost2010PropOp28
 70
     0
102
RTVSPost2010Prop29
280
     1
102
RTVSPost2010PropOp29
 70
     0
102
RTVSPost2010Prop30
280
     1
102
RTVSPost2010PropOp30
 70
     0
102
RTVSPost2010Prop31
280
     0
102
RTVSPost2010PropOp31
 70
     0
102
RTVSPost2010Prop32
280
     0
102
RTVSPost2010PropOp32
 70
     0
102
RTVSPost2010Prop33
280
     0
102
RTVSPost2010PropOp33
 70
     0
102
RTVSPost2010Prop34
280
     0
102
RTVSPost2010PropOp34
 70
     0
102
RTVSPost2010Prop35
280
     0
102
RTVSPost2010PropOp35
 70
     0
102
RTVSPost2010Prop36
280
     0
102
RTVSPost2010PropOp36
 70
     0
102
RTVSPost2010Prop37
 90
       50
102
RTVSPost2010PropOp37
 70
     0
102
RTVSPost2010Prop38
140
0.0
102
RTVSPost2010PropOp38
 70
     0
102
RTVSPost2010Prop39
140
1.0
102
RTVSPost2010PropOp39
 70
     0
102
RTVSPost2010Prop40
 90
        0
102
RTVSPost2010PropOp40
 70
     0
102
RTVSPost2010Prop41ColorIndex
 90
       18
102
RTVSPost2010Prop41ColorRGB
 90
        0
102
RTVSPost2010PropOp41
 70
     0
102
RTVSPost2010Prop42
 90
       50
102
RTVSPost2010PropOp42
 70
     0
102
RTVSPost2010Prop43
 90
        3
102
RTVSPost2010PropOp43
 70
     0
102
RTVSPost2010Prop44ColorIndex
 90
        5
102
RTVSPost2010Prop44ColorRGB
 90
      255
102
RTVSPost2010PropOp44
 70
     0
102
RTVSPost2010Prop45
280
     0
102
RTVSPost2010PropOp45
 70
     0
102
RTVSPost2010Prop46
 90
       50
102
RTVSPost2010PropOp46
 70
     0
102
RTVSPost2010Prop47
 90
       50
102
RTVSPost2010PropOp47
 70
     0
102
RTVSPost2010Prop48
 90
       50
102
RTVSPost2010PropOp48
 70
     0
102
RTVSPost2010Prop49
280
     0
102
RTVSPost2010PropOp49
 70
     0
102
RTVSPost2010Prop50
 90
       50
102
RTVSPost2010PropOp50
 70
     0
102
RTVSPost2010Prop51ColorIndex
 90
      256
102
RTVSPost2010Prop51ColorRGB
 90
-16777216
102
RTVSPost2010PropOp51
 70
     0
102
RTVSPost2010Prop52
140
1.0
102
RTVSPost2010PropOp52
 70
     0
102
RTVSPost2010Prop53
 90
        2
102
RTVSPost2010PropOp53
 70
     0
102
RTVSPost2010Prop54
  1
strokes_ogs.tif
102
RTVSPost2010PropOp54
 70
     0
102
RTVSPost2010Prop55
280
     0
102
RTVSPost2010PropOp55
 70
     0
102
RTVSPost2010Prop56
140
1.0
102
RTVSPost2010PropOp56
 70
     0
102
RTVSPost2010Prop57
140
1.0
102
RTVSPost2010PropOp57
 70
     0
  0
XRECORD
  5
23E
102
{ACAD_REACTORS
330
23D
102
}
330
23D
100
AcDbXrecord
280
     1
102
RTVSPropertyOp0
 70
     1
102
RTVSPropertyOp1
 70
     1
102
RTVSPropertyOp2
 70
     1
102
RTVSPropertyOp3
 70
     1
102
RTVSPropertyOp4
 70
     1
102
RTVSPropertyOp5
 70
     1
102
RTVSPropertyOp6
 70
     1
102
RTVSPropertyOp7
 70
     1
102
RTVSPropertyOp8
 70
     1
102
RTVSPropertyOp9
 70
     1
102
RTVSPropertyOp10
 70
     1
102
RTVSPropertyOp11
 70
     1
102
RTVSPropertyOp12
 70
     1
102
RTVSPropertyOp13
 70
     1
102
RTVSPropertyOp14
 70
     1
102
RTVSPropertyOp15
 70
     1
102
RTVSPropertyOp16
 70
     1
102
RTVSPropertyOp17
 70
     1
102
RTVSPropertyOp18
 70
     1
102
RTVSPropertyOp19
 70
     1
102
RTVSPropertyOp20
 70
     1
102
RTVSPropertyOp21
 70
     1
102
RTVSPropertyOp22
 70
     1
102
RTVSPropertyOp23
 70
     1
102
RTVSPropertyOp24
 70
     1
102
RTVSPropertyOp25
 70
     1
102
RTVSPropertyOp26
 70
     1
102
RTVSPropertyOp27
 70
     1
102
RTVSPropertyOp28
 70
     1
102
RTVSPropertyOp29
 70
     1
102
RTVSPropertyOp30
 70
     1
102
RTVSPropertyOp31
 70
     1
102
RTVSPropertyOp32
 70
     1
102
RTVSPropertyOp33
 70
     1
102
RTVSPropertyOp34
 70
     1
102
RTVSPropertyOp35
 70
     1
102
RTVSPropertyOp36
 70
     1
102
RTVSPropertyOp37
 70
     1
102
RTVSPropertyOp38
 70
     1
102
RTVSPropertyOp39
 70
     1
102
RTVSPropertyOp40
 70
     1
102
RTVSPropertyOp41
 70
     1
102
RTVSPropertyOp42
 70
     1
102
RTVSPropertyOp43
 70
     1
102
RTVSPropertyOp44
 70
     1
102
RTVSPropertyOp45
 70
     1
102
RTVSPropertyOp46
 70
     1
102
RTVSPropertyOp47
 70
     1
102
RTVSPropertyOp48
 70
     1
102
RTVSPropertyOp49
 70
     1
102
RTVSPropertyOp50
 70
     1
102
RTVSPropertyOp51
 70
     0
102
RTVSPropertyOp52
 70
     0
102
RTVSPropertyOp53
 70
     1
102
RTVSPropertyOp54
 70
     1
102
RTVSPropertyOp55
 70
     1
102
RTVSPropertyOp56
 70
     1
102
RTVSPropertyOp57
 70
     1
102
RTVSPost2010Prop28
280
     0
102
RTVSPost2010PropOp28
 70
     1
102
RTVSPost2010Prop29
280
     1
102
RTVSPost2010PropOp29
 70
     1
102
RTVSPost2010Prop30
280
     1
102
RTVSPost2010PropOp30
 70
     1
102
RTVSPost2010Prop31
280
     0
102
RTVSPost2010PropOp31
 70
     1
102
RTVSPost2010Prop32
280
     0
102
RTVSPost2010PropOp32
 70
     1
102
RTVSPost2010Prop33
280
     0
102
RTVSPost2010PropOp33
 70
     1
102
RTVSPost2010Prop34
280
     0
102
RTVSPost2010PropOp34
 70
     1
102
RTVSPost2010Prop35
280
     0
102
RTVSPost2010PropOp35
 70
     1
102
RTVSPost2010Prop36
280
     0
102
RTVSPost2010PropOp36
 70
     1
102
RTVSPost2010Prop37
 90
       50
102
RTVSPost2010PropOp37
 70
     1
102
RTVSPost2010Prop38
140
0.0
102
RTVSPost2010PropOp38
 70
     1
102
RTVSPost2010Prop39
140
1.0
102
RTVSPost2010PropOp39
 70
     1
102
RTVSPost2010Prop40
 90
        0
102
RTVSPost2010PropOp40
 70
     1
102
RTVSPost2010Prop41ColorIndex
 90
       18
102
RTVSPost2010Prop41ColorRGB
 90
        0
102
RTVSPost2010PropOp41
 70
     1
102
RTVSPost2010Prop42
 90
       50
102
RTVSPost2010PropOp42
 70
     1
102
RTVSPost2010Prop43
 90
        3
102
RTVSPost2010PropOp43
 70
     1
102
RTVSPost2010Prop44ColorIndex
 90
        5
102
RTVSPost2010Prop44ColorRGB
 90
      255
102
RTVSPost2010PropOp44
 70
     1
102
RTVSPost2010Prop45
280
     0
102
RTVSPost2010PropOp45
 70
     1
102
RTVSPost2010Prop46
 90
       50
102
RTVSPost2010PropOp46
 70
     1
102
RTVSPost2010Prop47
 90
       50
102
RTVSPost2010PropOp47
 70
     1
102
RTVSPost2010Prop48
 90
       50
102
RTVSPost2010PropOp48
 70
     1
102
RTVSPost2010Prop49
280
     0
102
RTVSPost2010PropOp49
 70
     1
102
RTVSPost2010Prop50
 90
       50
102
RTVSPost2010PropOp50
 70
     1
102
RTVSPost2010Prop51ColorIndex
 90
      256
102
RTVSPost2010Prop51ColorRGB
 90
-16777216
102
RTVSPost2010PropOp51
 70
     0
102
RTVSPost2010Prop52
140
1.0
102
RTVSPost2010PropOp52
 70
     0
102
RTVSPost2010Prop53
 90
        2
102
RTVSPost2010PropOp53
 70
     1
102
RTVSPost2010Prop54
  1
strokes_ogs.tif
102
RTVSPost2010PropOp54
 70
     1
102
RTVSPost2010Prop55
280
     0
102
RTVSPost2010PropOp55
 70
     1
102
RTVSPost2010Prop56
140
1.0
102
RTVSPost2010PropOp56
 70
     1
102
RTVSPost2010Prop57
140
1.0
102
RTVSPost2010PropOp57
 70
     1
  0
XRECORD
  5
222
102
{ACAD_REACTORS
330
221
102
}
330
221
100
AcDbXrecord
280
     1
102
RTVSPropertyOp0
 70
     1
102
RTVSPropertyOp1
 70
     1
102
RTVSPropertyOp2
 70
     1
102
RTVSPropertyOp3
 70
     1
102
RTVSPropertyOp4
 70
     1
102
RTVSPropertyOp5
 70
     1
102
RTVSPropertyOp6
 70
     1
102
RTVSPropertyOp7
 70
     1
102
RTVSPropertyOp8
 70
     1
102
RTVSPropertyOp9
 70
     1
102
RTVSPropertyOp10
 70
     1
102
RTVSPropertyOp11
 70
     1
102
RTVSPropertyOp12
 70
     1
102
RTVSPropertyOp13
 70
     1
102
RTVSPropertyOp14
 70
     1
102
RTVSPropertyOp15
 70
     1
102
RTVSPropertyOp16
 70
     1
102
RTVSPropertyOp17
 70
     1
102
RTVSPropertyOp18
 70
     1
102
RTVSPropertyOp19
 70
     1
102
RTVSPropertyOp20
 70
     1
102
RTVSPropertyOp21
 70
     1
102
RTVSPropertyOp22
 70
     1
102
RTVSPropertyOp23
 70
     1
102
RTVSPropertyOp24
 70
     1
102
RTVSPropertyOp25
 70
     1
102
RTVSPropertyOp26
 70
     1
102
RTVSPropertyOp27
 70
     1
102
RTVSPropertyOp28
 70
     1
102
RTVSPropertyOp29
 70
     1
102
RTVSPropertyOp30
 70
     1
102
RTVSPropertyOp31
 70
     1
102
RTVSPropertyOp32
 70
     1
102
RTVSPropertyOp33
 70
     1
102
RTVSPropertyOp34
 70
     1
102
RTVSPropertyOp35
 70
     1
102
RTVSPropertyOp36
 70
     1
102
RTVSPropertyOp37
 70
     1
102
RTVSPropertyOp38
 70
     1
102
RTVSPropertyOp39
 70
     1
102
RTVSPropertyOp40
 70
     1
102
RTVSPropertyOp41
 70
     1
102
RTVSPropertyOp42
 70
     1
102
RTVSPropertyOp43
 70
     1
102
RTVSPropertyOp44
 70
     1
102
RTVSPropertyOp45
 70
     1
102
RTVSPropertyOp46
 70
     1
102
RTVSPropertyOp47
 70
     1
102
RTVSPropertyOp48
 70
     1
102
RTVSPropertyOp49
 70
     1
102
RTVSPropertyOp50
 70
     1
102
RTVSPropertyOp51
 70
     0
102
RTVSPropertyOp52
 70
     0
102
RTVSPropertyOp53
 70
     1
102
RTVSPropertyOp54
 70
     1
102
RTVSPropertyOp55
 70
     1
102
RTVSPropertyOp56
 70
     1
102
RTVSPropertyOp57
 70
     1
102
RTVSPost2010Prop28
280
     0
102
RTVSPost2010PropOp28
 70
     1
102
RTVSPost2010Prop29
280
     1
102
RTVSPost2010PropOp29
 70
     1
102
RTVSPost2010Prop30
280
     1
102
RTVSPost2010PropOp30
 70
     1
102
RTVSPost2010Prop31
280
     0
102
RTVSPost2010PropOp31
 70
     1
102
RTVSPost2010Prop32
280
     0
102
RTVSPost2010PropOp32
 70
     1
102
RTVSPost2010Prop33
280
     0
102
RTVSPost2010PropOp33
 70
     1
102
RTVSPost2010Prop34
280
     0
102
RTVSPost2010PropOp34
 70
     1
102
RTVSPost2010Prop35
280
     0
102
RTVSPost2010PropOp35
 70
     1
102
RTVSPost2010Prop36
280
     0
102
RTVSPost2010PropOp36
 70
     1
102
RTVSPost2010Prop37
 90
       50
102
RTVSPost2010PropOp37
 70
     1
102
RTVSPost2010Prop38
140
0.0
102
RTVSPost2010PropOp38
 70
     1
102
RTVSPost2010Prop39
140
1.0
102
RTVSPost2010PropOp39
 70
     1
102
RTVSPost2010Prop40
 90
        0
102
RTVSPost2010PropOp40
 70
     1
102
RTVSPost2010Prop41ColorIndex
 90
       18
102
RTVSPost2010Prop41ColorRGB
 90
        0
102
RTVSPost2010PropOp41
 70
     1
102
RTVSPost2010Prop42
 90
       50
102
RTVSPost2010PropOp42
 70
     1
102
RTVSPost2010Prop43
 90
        3
102
RTVSPost2010PropOp43
 70
     1
102
RTVSPost2010Prop44ColorIndex
 90
        5
102
RTVSPost2010Prop44ColorRGB
 90
      255
102
RTVSPost2010PropOp44
 70
     1
102
RTVSPost2010Prop45
280
     0
102
RTVSPost2010PropOp45
 70
     1
102
RTVSPost2010Prop46
 90
       50
102
RTVSPost2010PropOp46
 70
     1
102
RTVSPost2010Prop47
 90
       50
102
RTVSPost2010PropOp47
 70
     1
102
RTVSPost2010Prop48
 90
       50
102
RTVSPost2010PropOp48
 70
     1
102
RTVSPost2010Prop49
280
     0
102
RTVSPost2010PropOp49
 70
     1
102
RTVSPost2010Prop50
 90
       50
102
RTVSPost2010PropOp50
 70
     1
102
RTVSPost2010Prop51ColorIndex
 90
      256
102
RTVSPost2010Prop51ColorRGB
 90
-16777216
102
RTVSPost2010PropOp51
 70
     0
102
RTVSPost2010Prop52
140
1.0
102
RTVSPost2010PropOp52
 70
     0
102
RTVSPost2010Prop53
 90
        2
102
RTVSPost2010PropOp53
 70
     1
102
RTVSPost2010Prop54
  1
strokes_ogs.tif
102
RTVSPost2010PropOp54
 70
     1
102
RTVSPost2010Prop55
280
     0
102
RTVSPost2010PropOp55
 70
     1
102
RTVSPost2010Prop56
140
1.0
102
RTVSPost2010PropOp56
 70
     1
102
RTVSPost2010Prop57
140
1.0
102
RTVSPost2010PropOp57
 70
     1
  0
XRECORD
  5
224
102
{ACAD_REACTORS
330
223
102
}
330
223
100
AcDbXrecord
280
     1
102
RTVSPropertyOp0
 70
     1
102
RTVSPropertyOp1
 70
     1
102
RTVSPropertyOp2
 70
     1
102
RTVSPropertyOp3
 70
     1
102
RTVSPropertyOp4
 70
     1
102
RTVSPropertyOp5
 70
     1
102
RTVSPropertyOp6
 70
     1
102
RTVSPropertyOp7
 70
     1
102
RTVSPropertyOp8
 70
     1
102
RTVSPropertyOp9
 70
     1
102
RTVSPropertyOp10
 70
     1
102
RTVSPropertyOp11
 70
     1
102
RTVSPropertyOp12
 70
     1
102
RTVSPropertyOp13
 70
     1
102
RTVSPropertyOp14
 70
     1
102
RTVSPropertyOp15
 70
     1
102
RTVSPropertyOp16
 70
     1
102
RTVSPropertyOp17
 70
     1
102
RTVSPropertyOp18
 70
     1
102
RTVSPropertyOp19
 70
     1
102
RTVSPropertyOp20
 70
     1
102
RTVSPropertyOp21
 70
     1
102
RTVSPropertyOp22
 70
     1
102
RTVSPropertyOp23
 70
     1
102
RTVSPropertyOp24
 70
     1
102
RTVSPropertyOp25
 70
     1
102
RTVSPropertyOp26
 70
     1
102
RTVSPropertyOp27
 70
     1
102
RTVSPropertyOp28
 70
     1
102
RTVSPropertyOp29
 70
     1
102
RTVSPropertyOp30
 70
     1
102
RTVSPropertyOp31
 70
     1
102
RTVSPropertyOp32
 70
     1
102
RTVSPropertyOp33
 70
     1
102
RTVSPropertyOp34
 70
     1
102
RTVSPropertyOp35
 70
     1
102
RTVSPropertyOp36
 70
     1
102
RTVSPropertyOp37
 70
     1
102
RTVSPropertyOp38
 70
     1
102
RTVSPropertyOp39
 70
     1
102
RTVSPropertyOp40
 70
     1
102
RTVSPropertyOp41
 70
     1
102
RTVSPropertyOp42
 70
     1
102
RTVSPropertyOp43
 70
     1
102
RTVSPropertyOp44
 70
     1
102
RTVSPropertyOp45
 70
     1
102
RTVSPropertyOp46
 70
     1
102
RTVSPropertyOp47
 70
     1
102
RTVSPropertyOp48
 70
     1
102
RTVSPropertyOp49
 70
     1
102
RTVSPropertyOp50
 70
     1
102
RTVSPropertyOp51
 70
     0
102
RTVSPropertyOp52
 70
     0
102
RTVSPropertyOp53
 70
     1
102
RTVSPropertyOp54
 70
     1
102
RTVSPropertyOp55
 70
     1
102
RTVSPropertyOp56
 70
     1
102
RTVSPropertyOp57
 70
     1
102
RTVSPost2010Prop28
280
     0
102
RTVSPost2010PropOp28
 70
     1
102
RTVSPost2010Prop29
280
     1
102
RTVSPost2010PropOp29
 70
     1
102
RTVSPost2010Prop30
280
     1
102
RTVSPost2010PropOp30
 70
     1
102
RTVSPost2010Prop31
280
     0
102
RTVSPost2010PropOp31
 70
     1
102
RTVSPost2010Prop32
280
     0
102
RTVSPost2010PropOp32
 70
     1
102
RTVSPost2010Prop33
280
     0
102
RTVSPost2010PropOp33
 70
     1
102
RTVSPost2010Prop34
280
     0
102
RTVSPost2010PropOp34
 70
     1
102
RTVSPost2010Prop35
280
     0
102
RTVSPost2010PropOp35
 70
     1
102
RTVSPost2010Prop36
280
     0
102
RTVSPost2010PropOp36
 70
     1
102
RTVSPost2010Prop37
 90
       50
102
RTVSPost2010PropOp37
 70
     1
102
RTVSPost2010Prop38
140
0.0
102
RTVSPost2010PropOp38
 70
     1
102
RTVSPost2010Prop39
140
1.0
102
RTVSPost2010PropOp39
 70
     1
102
RTVSPost2010Prop40
 90
        0
102
RTVSPost2010PropOp40
 70
     1
102
RTVSPost2010Prop41ColorIndex
 90
       18
102
RTVSPost2010Prop41ColorRGB
 90
        0
102
RTVSPost2010PropOp41
 70
     1
102
RTVSPost2010Prop42
 90
       50
102
RTVSPost2010PropOp42
 70
     1
102
RTVSPost2010Prop43
 90
        3
102
RTVSPost2010PropOp43
 70
     1
102
RTVSPost2010Prop44ColorIndex
 90
        5
102
RTVSPost2010Prop44ColorRGB
 90
      255
102
RTVSPost2010PropOp44
 70
     1
102
RTVSPost2010Prop45
280
     0
102
RTVSPost2010PropOp45
 70
     1
102
RTVSPost2010Prop46
 90
       50
102
RTVSPost2010PropOp46
 70
     1
102
RTVSPost2010Prop47
 90
       50
102
RTVSPost2010PropOp47
 70
     1
102
RTVSPost2010Prop48
 90
       50
102
RTVSPost2010PropOp48
 70
     1
102
RTVSPost2010Prop49
280
     0
102
RTVSPost2010PropOp49
 70
     1
102
RTVSPost2010Prop50
 90
       50
102
RTVSPost2010PropOp50
 70
     1
102
RTVSPost2010Prop51ColorIndex
 90
      256
102
RTVSPost2010Prop51ColorRGB
 90
-16777216
102
RTVSPost2010PropOp51
 70
     0
102
RTVSPost2010Prop52
140
1.0
102
RTVSPost2010PropOp52
 70
     0
102
RTVSPost2010Prop53
 90
        2
102
RTVSPost2010PropOp53
 70
     1
102
RTVSPost2010Prop54
  1
strokes_ogs.tif
102
RTVSPost2010PropOp54
 70
     1
102
RTVSPost2010Prop55
280
     0
102
RTVSPost2010PropOp55
 70
     1
102
RTVSPost2010Prop56
140
1.0
102
RTVSPost2010PropOp56
 70
     1
102
RTVSPost2010Prop57
140
1.0
102
RTVSPost2010PropOp57
 70
     1
  0
XRECORD
  5
226
102
{ACAD_REACTORS
330
225
102
}
330
225
100
AcDbXrecord
280
     1
102
RTVSPropertyOp0
 70
     1
102
RTVSPropertyOp1
 70
     1
102
RTVSPropertyOp2
 70
     1
102
RTVSPropertyOp3
 70
     1
102
RTVSPropertyOp4
 70
     1
102
RTVSPropertyOp5
 70
     1
102
RTVSPropertyOp6
 70
     1
102
RTVSPropertyOp7
 70
     1
102
RTVSPropertyOp8
 70
     1
102
RTVSPropertyOp9
 70
     1
102
RTVSPropertyOp10
 70
     1
102
RTVSPropertyOp11
 70
     1
102
RTVSPropertyOp12
 70
     1
102
RTVSPropertyOp13
 70
     1
102
RTVSPropertyOp14
 70
     1
102
RTVSPropertyOp15
 70
     1
102
RTVSPropertyOp16
 70
     1
102
RTVSPropertyOp17
 70
     1
102
RTVSPropertyOp18
 70
     1
102
RTVSPropertyOp19
 70
     1
102
RTVSPropertyOp20
 70
     1
102
RTVSPropertyOp21
 70
     1
102
RTVSPropertyOp22
 70
     1
102
RTVSPropertyOp23
 70
     1
102
RTVSPropertyOp24
 70
     1
102
RTVSPropertyOp25
 70
     1
102
RTVSPropertyOp26
 70
     1
102
RTVSPropertyOp27
 70
     1
102
RTVSPropertyOp28
 70
     1
102
RTVSPropertyOp29
 70
     1
102
RTVSPropertyOp30
 70
     1
102
RTVSPropertyOp31
 70
     1
102
RTVSPropertyOp32
 70
     1
102
RTVSPropertyOp33
 70
     1
102
RTVSPropertyOp34
 70
     1
102
RTVSPropertyOp35
 70
     1
102
RTVSPropertyOp36
 70
     1
102
RTVSPropertyOp37
 70
     1
102
RTVSPropertyOp38
 70
     1
102
RTVSPropertyOp39
 70
     1
102
RTVSPropertyOp40
 70
     1
102
RTVSPropertyOp41
 70
     1
102
RTVSPropertyOp42
 70
     1
102
RTVSPropertyOp43
 70
     1
102
RTVSPropertyOp44
 70
     1
102
RTVSPropertyOp45
 70
     1
102
RTVSPropertyOp46
 70
     1
102
RTVSPropertyOp47
 70
     1
102
RTVSPropertyOp48
 70
     1
102
RTVSPropertyOp49
 70
     1
102
RTVSPropertyOp50
 70
     1
102
RTVSPropertyOp51
 70
     0
102
RTVSPropertyOp52
 70
     0
102
RTVSPropertyOp53
 70
     1
102
RTVSPropertyOp54
 70
     1
102
RTVSPropertyOp55
 70
     1
102
RTVSPropertyOp56
 70
     1
102
RTVSPropertyOp57
 70
     1
102
RTVSPost2010Prop28
280
     0
102
RTVSPost2010PropOp28
 70
     1
102
RTVSPost2010Prop29
280
     1
102
RTVSPost2010PropOp29
 70
     1
102
RTVSPost2010Prop30
280
     1
102
RTVSPost2010PropOp30
 70
     1
102
RTVSPost2010Prop31
280
     0
102
RTVSPost2010PropOp31
 70
     1
102
RTVSPost2010Prop32
280
     0
102
RTVSPost2010PropOp32
 70
     1
102
RTVSPost2010Prop33
280
     0
102
RTVSPost2010PropOp33
 70
     1
102
RTVSPost2010Prop34
280
     0
102
RTVSPost2010PropOp34
 70
     1
102
RTVSPost2010Prop35
280
     0
102
RTVSPost2010PropOp35
 70
     1
102
RTVSPost2010Prop36
280
     0
102
RTVSPost2010PropOp36
 70
     1
102
RTVSPost2010Prop37
 90
       50
102
RTVSPost2010PropOp37
 70
     1
102
RTVSPost2010Prop38
140
0.0
102
RTVSPost2010PropOp38
 70
     1
102
RTVSPost2010Prop39
140
1.0
102
RTVSPost2010PropOp39
 70
     1
102
RTVSPost2010Prop40
 90
        0
102
RTVSPost2010PropOp40
 70
     1
102
RTVSPost2010Prop41ColorIndex
 90
       18
102
RTVSPost2010Prop41ColorRGB
 90
        0
102
RTVSPost2010PropOp41
 70
     1
102
RTVSPost2010Prop42
 90
       50
102
RTVSPost2010PropOp42
 70
     1
102
RTVSPost2010Prop43
 90
        3
102
RTVSPost2010PropOp43
 70
     1
102
RTVSPost2010Prop44ColorIndex
 90
        5
102
RTVSPost2010Prop44ColorRGB
 90
      255
102
RTVSPost2010PropOp44
 70
     1
102
RTVSPost2010Prop45
280
     0
102
RTVSPost2010PropOp45
 70
     1
102
RTVSPost2010Prop46
 90
       50
102
RTVSPost2010PropOp46
 70
     1
102
RTVSPost2010Prop47
 90
       50
102
RTVSPost2010PropOp47
 70
     1
102
RTVSPost2010Prop48
 90
       50
102
RTVSPost2010PropOp48
 70
     1
102
RTVSPost2010Prop49
280
     0
102
RTVSPost2010PropOp49
 70
     1
102
RTVSPost2010Prop50
 90
       50
102
RTVSPost2010PropOp50
 70
     1
102
RTVSPost2010Prop51ColorIndex
 90
      256
102
RTVSPost2010Prop51ColorRGB
 90
-16777216
102
RTVSPost2010PropOp51
 70
     0
102
RTVSPost2010Prop52
140
1.0
102
RTVSPost2010PropOp52
 70
     0
102
RTVSPost2010Prop53
 90
        2
102
RTVSPost2010PropOp53
 70
     1
102
RTVSPost2010Prop54
  1
strokes_ogs.tif
102
RTVSPost2010PropOp54
 70
     1
102
RTVSPost2010Prop55
280
     0
102
RTVSPost2010PropOp55
 70
     1
102
RTVSPost2010Prop56
140
1.0
102
RTVSPost2010PropOp56
 70
     1
102
RTVSPost2010Prop57
140
1.0
102
RTVSPost2010PropOp57
 70
     1
  0
XRECORD
  5
228
102
{ACAD_REACTORS
330
227
102
}
330
227
100
AcDbXrecord
280
     1
102
RTVSPropertyOp0
 70
     1
102
RTVSPropertyOp1
 70
     1
102
RTVSPropertyOp2
 70
     1
102
RTVSPropertyOp3
 70
     1
102
RTVSPropertyOp4
 70
     1
102
RTVSPropertyOp5
 70
     1
102
RTVSPropertyOp6
 70
     1
102
RTVSPropertyOp7
 70
     1
102
RTVSPropertyOp8
 70
     1
102
RTVSPropertyOp9
 70
     1
102
RTVSPropertyOp10
 70
     1
102
RTVSPropertyOp11
 70
     1
102
RTVSPropertyOp12
 70
     1
102
RTVSPropertyOp13
 70
     1
102
RTVSPropertyOp14
 70
     1
102
RTVSPropertyOp15
 70
     1
102
RTVSPropertyOp16
 70
     1
102
RTVSPropertyOp17
 70
     1
102
RTVSPropertyOp18
 70
     1
102
RTVSPropertyOp19
 70
     1
102
RTVSPropertyOp20
 70
     1
102
RTVSPropertyOp21
 70
     1
102
RTVSPropertyOp22
 70
     1
102
RTVSPropertyOp23
 70
     1
102
RTVSPropertyOp24
 70
     1
102
RTVSPropertyOp25
 70
     1
102
RTVSPropertyOp26
 70
     1
102
RTVSPropertyOp27
 70
     1
102
RTVSPropertyOp28
 70
     1
102
RTVSPropertyOp29
 70
     1
102
RTVSPropertyOp30
 70
     1
102
RTVSPropertyOp31
 70
     1
102
RTVSPropertyOp32
 70
     1
102
RTVSPropertyOp33
 70
     1
102
RTVSPropertyOp34
 70
     1
102
RTVSPropertyOp35
 70
     1
102
RTVSPropertyOp36
 70
     1
102
RTVSPropertyOp37
 70
     1
102
RTVSPropertyOp38
 70
     1
102
RTVSPropertyOp39
 70
     1
102
RTVSPropertyOp40
 70
     1
102
RTVSPropertyOp41
 70
     1
102
RTVSPropertyOp42
 70
     1
102
RTVSPropertyOp43
 70
     1
102
RTVSPropertyOp44
 70
     1
102
RTVSPropertyOp45
 70
     1
102
RTVSPropertyOp46
 70
     1
102
RTVSPropertyOp47
 70
     1
102
RTVSPropertyOp48
 70
     1
102
RTVSPropertyOp49
 70
     1
102
RTVSPropertyOp50
 70
     1
102
RTVSPropertyOp51
 70
     0
102
RTVSPropertyOp52
 70
     0
102
RTVSPropertyOp53
 70
     1
102
RTVSPropertyOp54
 70
     1
102
RTVSPropertyOp55
 70
     1
102
RTVSPropertyOp56
 70
     1
102
RTVSPropertyOp57
 70
     1
102
RTVSPost2010Prop28
280
     0
102
RTVSPost2010PropOp28
 70
     1
102
RTVSPost2010Prop29
280
     1
102
RTVSPost2010PropOp29
 70
     1
102
RTVSPost2010Prop30
280
     1
102
RTVSPost2010PropOp30
 70
     1
102
RTVSPost2010Prop31
280
     0
102
RTVSPost2010PropOp31
 70
     1
102
RTVSPost2010Prop32
280
     0
102
RTVSPost2010PropOp32
 70
     1
102
RTVSPost2010Prop33
280
     0
102
RTVSPost2010PropOp33
 70
     1
102
RTVSPost2010Prop34
280
     0
102
RTVSPost2010PropOp34
 70
     1
102
RTVSPost2010Prop35
280
     0
102
RTVSPost2010PropOp35
 70
     1
102
RTVSPost2010Prop36
280
     0
102
RTVSPost2010PropOp36
 70
     1
102
RTVSPost2010Prop37
 90
       50
102
RTVSPost2010PropOp37
 70
     1
102
RTVSPost2010Prop38
140
0.0
102
RTVSPost2010PropOp38
 70
     1
102
RTVSPost2010Prop39
140
1.0
102
RTVSPost2010PropOp39
 70
     1
102
RTVSPost2010Prop40
 90
        0
102
RTVSPost2010PropOp40
 70
     1
102
RTVSPost2010Prop41ColorIndex
 90
       18
102
RTVSPost2010Prop41ColorRGB
 90
        0
102
RTVSPost2010PropOp41
 70
     1
102
RTVSPost2010Prop42
 90
       50
102
RTVSPost2010PropOp42
 70
     1
102
RTVSPost2010Prop43
 90
        3
102
RTVSPost2010PropOp43
 70
     1
102
RTVSPost2010Prop44ColorIndex
 90
        5
102
RTVSPost2010Prop44ColorRGB
 90
      255
102
RTVSPost2010PropOp44
 70
     1
102
RTVSPost2010Prop45
280
     0
102
RTVSPost2010PropOp45
 70
     1
102
RTVSPost2010Prop46
 90
       50
102
RTVSPost2010PropOp46
 70
     1
102
RTVSPost2010Prop47
 90
       50
102
RTVSPost2010PropOp47
 70
     1
102
RTVSPost2010Prop48
 90
       50
102
RTVSPost2010PropOp48
 70
     1
102
RTVSPost2010Prop49
280
     0
102
RTVSPost2010PropOp49
 70
     1
102
RTVSPost2010Prop50
 90
       50
102
RTVSPost2010PropOp50
 70
     1
102
RTVSPost2010Prop51ColorIndex
 90
      256
102
RTVSPost2010Prop51ColorRGB
 90
-16777216
102
RTVSPost2010PropOp51
 70
     0
102
RTVSPost2010Prop52
140
1.0
102
RTVSPost2010PropOp52
 70
     0
102
RTVSPost2010Prop53
 90
        2
102
RTVSPost2010PropOp53
 70
     1
102
RTVSPost2010Prop54
  1
strokes_ogs.tif
102
RTVSPost2010PropOp54
 70
     1
102
RTVSPost2010Prop55
280
     0
102
RTVSPost2010PropOp55
 70
     1
102
RTVSPost2010Prop56
140
1.0
102
RTVSPost2010PropOp56
 70
     1
102
RTVSPost2010Prop57
140
1.0
102
RTVSPost2010PropOp57
 70
     1
  0
XRECORD
  5
22E
102
{ACAD_REACTORS
330
22D
102
}
330
22D
100
AcDbXrecord
280
     1
102
RTVSPropertyOp0
 70
     1
102
RTVSPropertyOp1
 70
     1
102
RTVSPropertyOp2
 70
     1
102
RTVSPropertyOp3
 70
     1
102
RTVSPropertyOp4
 70
     1
102
RTVSPropertyOp5
 70
     1
102
RTVSPropertyOp6
 70
     1
102
RTVSPropertyOp7
 70
     1
102
RTVSPropertyOp8
 70
     1
102
RTVSPropertyOp9
 70
     1
102
RTVSPropertyOp10
 70
     1
102
RTVSPropertyOp11
 70
     1
102
RTVSPropertyOp12
 70
     1
102
RTVSPropertyOp13
 70
     1
102
RTVSPropertyOp14
 70
     1
102
RTVSPropertyOp15
 70
     1
102
RTVSPropertyOp16
 70
     1
102
RTVSPropertyOp17
 70
     1
102
RTVSPropertyOp18
 70
     1
102
RTVSPropertyOp19
 70
     1
102
RTVSPropertyOp20
 70
     1
102
RTVSPropertyOp21
 70
     1
102
RTVSPropertyOp22
 70
     1
102
RTVSPropertyOp23
 70
     1
102
RTVSPropertyOp24
 70
     1
102
RTVSPropertyOp25
 70
     1
102
RTVSPropertyOp26
 70
     1
102
RTVSPropertyOp27
 70
     1
102
RTVSPropertyOp28
 70
     1
102
RTVSPropertyOp29
 70
     1
102
RTVSPropertyOp30
 70
     1
102
RTVSPropertyOp31
 70
     1
102
RTVSPropertyOp32
 70
     1
102
RTVSPropertyOp33
 70
     1
102
RTVSPropertyOp34
 70
     1
102
RTVSPropertyOp35
 70
     1
102
RTVSPropertyOp36
 70
     1
102
RTVSPropertyOp37
 70
     1
102
RTVSPropertyOp38
 70
     1
102
RTVSPropertyOp39
 70
     1
102
RTVSPropertyOp40
 70
     1
102
RTVSPropertyOp41
 70
     1
102
RTVSPropertyOp42
 70
     1
102
RTVSPropertyOp43
 70
     1
102
RTVSPropertyOp44
 70
     1
102
RTVSPropertyOp45
 70
     1
102
RTVSPropertyOp46
 70
     1
102
RTVSPropertyOp47
 70
     1
102
RTVSPropertyOp48
 70
     1
102
RTVSPropertyOp49
 70
     1
102
RTVSPropertyOp50
 70
     1
102
RTVSPropertyOp51
 70
     0
102
RTVSPropertyOp52
 70
     0
102
RTVSPropertyOp53
 70
     1
102
RTVSPropertyOp54
 70
     1
102
RTVSPropertyOp55
 70
     1
102
RTVSPropertyOp56
 70
     1
102
RTVSPropertyOp57
 70
     1
102
RTVSPost2010Prop28
280
     0
102
RTVSPost2010PropOp28
 70
     1
102
RTVSPost2010Prop29
280
     1
102
RTVSPost2010PropOp29
 70
     1
102
RTVSPost2010Prop30
280
     1
102
RTVSPost2010PropOp30
 70
     1
102
RTVSPost2010Prop31
280
     0
102
RTVSPost2010PropOp31
 70
     1
102
RTVSPost2010Prop32
280
     0
102
RTVSPost2010PropOp32
 70
     1
102
RTVSPost2010Prop33
280
     0
102
RTVSPost2010PropOp33
 70
     1
102
RTVSPost2010Prop34
280
     0
102
RTVSPost2010PropOp34
 70
     1
102
RTVSPost2010Prop35
280
     0
102
RTVSPost2010PropOp35
 70
     1
102
RTVSPost2010Prop36
280
     0
102
RTVSPost2010PropOp36
 70
     1
102
RTVSPost2010Prop37
 90
       50
102
RTVSPost2010PropOp37
 70
     1
102
RTVSPost2010Prop38
140
0.0
102
RTVSPost2010PropOp38
 70
     1
102
RTVSPost2010Prop39
140
1.0
102
RTVSPost2010PropOp39
 70
     1
102
RTVSPost2010Prop40
 90
        0
102
RTVSPost2010PropOp40
 70
     1
102
RTVSPost2010Prop41ColorIndex
 90
       18
102
RTVSPost2010Prop41ColorRGB
 90
        0
102
RTVSPost2010PropOp41
 70
     1
102
RTVSPost2010Prop42
 90
       50
102
RTVSPost2010PropOp42
 70
     1
102
RTVSPost2010Prop43
 90
        3
102
RTVSPost2010PropOp43
 70
     1
102
RTVSPost2010Prop44ColorIndex
 90
        5
102
RTVSPost2010Prop44ColorRGB
 90
      255
102
RTVSPost2010PropOp44
 70
     1
102
RTVSPost2010Prop45
280
     0
102
RTVSPost2010PropOp45
 70
     1
102
RTVSPost2010Prop46
 90
       50
102
RTVSPost2010PropOp46
 70
     1
102
RTVSPost2010Prop47
 90
       50
102
RTVSPost2010PropOp47
 70
     1
102
RTVSPost2010Prop48
 90
       50
102
RTVSPost2010PropOp48
 70
     1
102
RTVSPost2010Prop49
280
     0
102
RTVSPost2010PropOp49
 70
     1
102
RTVSPost2010Prop50
 90
       50
102
RTVSPost2010PropOp50
 70
     1
102
RTVSPost2010Prop51ColorIndex
 90
      256
102
RTVSPost2010Prop51ColorRGB
 90
-16777216
102
RTVSPost2010PropOp51
 70
     0
102
RTVSPost2010Prop52
140
1.0
102
RTVSPost2010PropOp52
 70
     0
102
RTVSPost2010Prop53
 90
        2
102
RTVSPost2010PropOp53
 70
     1
102
RTVSPost2010Prop54
  1
strokes_ogs.tif
102
RTVSPost2010PropOp54
 70
     1
102
RTVSPost2010Prop55
280
     0
102
RTVSPost2010PropOp55
 70
     1
102
RTVSPost2010Prop56
140
1.0
102
RTVSPost2010PropOp56
 70
     1
102
RTVSPost2010Prop57
140
1.0
102
RTVSPost2010PropOp57
 70
     1
  0
XRECORD
  5
242
102
{ACAD_REACTORS
330
241
102
}
330
241
100
AcDbXrecord
280
     1
102
RTVSPropertyOp0
 70
     0
102
RTVSPropertyOp1
 70
     0
102
RTVSPropertyOp2
 70
     0
102
RTVSPropertyOp3
 70
     0
102
RTVSPropertyOp4
 70
     0
102
RTVSPropertyOp5
 70
     0
102
RTVSPropertyOp6
 70
     0
102
RTVSPropertyOp7
 70
     0
102
RTVSPropertyOp8
 70
     0
102
RTVSPropertyOp9
 70
     0
102
RTVSPropertyOp10
 70
     0
102
RTVSPropertyOp11
 70
     0
102
RTVSPropertyOp12
 70
     0
102
RTVSPropertyOp13
 70
     0
102
RTVSPropertyOp14
 70
     2
102
RTVSPropertyOp15
 70
     0
102
RTVSPropertyOp16
 70
     0
102
RTVSPropertyOp17
 70
     0
102
RTVSPropertyOp18
 70
     0
102
RTVSPropertyOp19
 70
     0
102
RTVSPropertyOp20
 70
     0
102
RTVSPropertyOp21
 70
     0
102
RTVSPropertyOp22
 70
     0
102
RTVSPropertyOp23
 70
     0
102
RTVSPropertyOp24
 70
     0
102
RTVSPropertyOp25
 70
     0
102
RTVSPropertyOp26
 70
     0
102
RTVSPropertyOp27
 70
     0
102
RTVSPropertyOp28
 70
     0
102
RTVSPropertyOp29
 70
     0
102
RTVSPropertyOp30
 70
     0
102
RTVSPropertyOp31
 70
     0
102
RTVSPropertyOp32
 70
     0
102
RTVSPropertyOp33
 70
     0
102
RTVSPropertyOp34
 70
     0
102
RTVSPropertyOp35
 70
     0
102
RTVSPropertyOp36
 70
     0
102
RTVSPropertyOp37
 70
     0
102
RTVSPropertyOp38
 70
     0
102
RTVSPropertyOp39
 70
     0
102
RTVSPropertyOp40
 70
     0
102
RTVSPropertyOp41
 70
     0
102
RTVSPropertyOp42
 70
     0
102
RTVSPropertyOp43
 70
     0
102
RTVSPropertyOp44
 70
     0
102
RTVSPropertyOp45
 70
     0
102
RTVSPropertyOp46
 70
     0
102
RTVSPropertyOp47
 70
     0
102
RTVSPropertyOp48
 70
     0
102
RTVSPropertyOp49
 70
     0
102
RTVSPropertyOp50
 70
     0
102
RTVSPropertyOp51
 70
     0
102
RTVSPropertyOp52
 70
     0
102
RTVSPropertyOp53
 70
     0
102
RTVSPropertyOp54
 70
     0
102
RTVSPropertyOp55
 70
     0
102
RTVSPropertyOp56
 70
     0
102
RTVSPropertyOp57
 70
     0
102
RTVSPost2010Prop28
280
     0
102
RTVSPost2010PropOp28
 70
     0
102
RTVSPost2010Prop29
280
     1
102
RTVSPost2010PropOp29
 70
     0
102
RTVSPost2010Prop30
280
     1
102
RTVSPost2010PropOp30
 70
     0
102
RTVSPost2010Prop31
280
     0
102
RTVSPost2010PropOp31
 70
     0
102
RTVSPost2010Prop32
280
     0
102
RTVSPost2010PropOp32
 70
     0
102
RTVSPost2010Prop33
280
     0
102
RTVSPost2010PropOp33
 70
     0
102
RTVSPost2010Prop34
280
     0
102
RTVSPost2010PropOp34
 70
     0
102
RTVSPost2010Prop35
280
     0
102
RTVSPost2010PropOp35
 70
     0
102
RTVSPost2010Prop36
280
     0
102
RTVSPost2010PropOp36
 70
     0
102
RTVSPost2010Prop37
 90
       50
102
RTVSPost2010PropOp37
 70
     0
102
RTVSPost2010Prop38
140
0.0
102
RTVSPost2010PropOp38
 70
     0
102
RTVSPost2010Prop39
140
1.0
102
RTVSPost2010PropOp39
 70
     0
102
RTVSPost2010Prop40
 90
        0
102
RTVSPost2010PropOp40
 70
     0
102
RTVSPost2010Prop41ColorIndex
 90
       18
102
RTVSPost2010Prop41ColorRGB
 90
        0
102
RTVSPost2010PropOp41
 70
     0
102
RTVSPost2010Prop42
 90
       50
102
RTVSPost2010PropOp42
 70
     0
102
RTVSPost2010Prop43
 90
        3
102
RTVSPost2010PropOp43
 70
     0
102
RTVSPost2010Prop44ColorIndex
 90
        5
102
RTVSPost2010Prop44ColorRGB
 90
      255
102
RTVSPost2010PropOp44
 70
     0
102
RTVSPost2010Prop45
280
     0
102
RTVSPost2010PropOp45
 70
     0
102
RTVSPost2010Prop46
 90
       50
102
RTVSPost2010PropOp46
 70
     0
102
RTVSPost2010Prop47
 90
       50
102
RTVSPost2010PropOp47
 70
     0
102
RTVSPost2010Prop48
 90
       50
102
RTVSPost2010PropOp48
 70
     0
102
RTVSPost2010Prop49
280
     0
102
RTVSPost2010PropOp49
 70
     0
102
RTVSPost2010Prop50
 90
       50
102
RTVSPost2010PropOp50
 70
     0
102
RTVSPost2010Prop51ColorIndex
 90
      256
102
RTVSPost2010Prop51ColorRGB
 90
-16777216
102
RTVSPost2010PropOp51
 70
     0
102
RTVSPost2010Prop52
140
1.0
102
RTVSPost2010PropOp52
 70
     0
102
RTVSPost2010Prop53
 90
        2
102
RTVSPost2010PropOp53
 70
     0
102
RTVSPost2010Prop54
  1
strokes_ogs.tif
102
RTVSPost2010PropOp54
 70
     0
102
RTVSPost2010Prop55
280
     0
102
RTVSPost2010PropOp55
 70
     0
102
RTVSPost2010Prop56
140
1.0
102
RTVSPost2010PropOp56
 70
     0
102
RTVSPost2010Prop57
140
1.0
102
RTVSPost2010PropOp57
 70
     0
  0
XRECORD
  5
23C
102
{ACAD_REACTORS
330
23B
102
}
330
23B
100
AcDbXrecord
280
     1
102
RTVSPropertyOp0
 70
     1
102
RTVSPropertyOp1
 70
     1
102
RTVSPropertyOp2
 70
     1
102
RTVSPropertyOp3
 70
     1
102
RTVSPropertyOp4
 70
     1
102
RTVSPropertyOp5
 70
     1
102
RTVSPropertyOp6
 70
     1
102
RTVSPropertyOp7
 70
     1
102
RTVSPropertyOp8
 70
     1
102
RTVSPropertyOp9
 70
     1
102
RTVSPropertyOp10
 70
     1
102
RTVSPropertyOp11
 70
     1
102
RTVSPropertyOp12
 70
     1
102
RTVSPropertyOp13
 70
     1
102
RTVSPropertyOp14
 70
     1
102
RTVSPropertyOp15
 70
     1
102
RTVSPropertyOp16
 70
     1
102
RTVSPropertyOp17
 70
     1
102
RTVSPropertyOp18
 70
     1
102
RTVSPropertyOp19
 70
     1
102
RTVSPropertyOp20
 70
     1
102
RTVSPropertyOp21
 70
     1
102
RTVSPropertyOp22
 70
     1
102
RTVSPropertyOp23
 70
     1
102
RTVSPropertyOp24
 70
     1
102
RTVSPropertyOp25
 70
     1
102
RTVSPropertyOp26
 70
     1
102
RTVSPropertyOp27
 70
     1
102
RTVSPropertyOp28
 70
     1
102
RTVSPropertyOp29
 70
     1
102
RTVSPropertyOp30
 70
     1
102
RTVSPropertyOp31
 70
     1
102
RTVSPropertyOp32
 70
     1
102
RTVSPropertyOp33
 70
     1
102
RTVSPropertyOp34
 70
     1
102
RTVSPropertyOp35
 70
     1
102
RTVSPropertyOp36
 70
     1
102
RTVSPropertyOp37
 70
     1
102
RTVSPropertyOp38
 70
     1
102
RTVSPropertyOp39
 70
     1
102
RTVSPropertyOp40
 70
     1
102
RTVSPropertyOp41
 70
     1
102
RTVSPropertyOp42
 70
     1
102
RTVSPropertyOp43
 70
     1
102
RTVSPropertyOp44
 70
     1
102
RTVSPropertyOp45
 70
     1
102
RTVSPropertyOp46
 70
     1
102
RTVSPropertyOp47
 70
     1
102
RTVSPropertyOp48
 70
     1
102
RTVSPropertyOp49
 70
     1
102
RTVSPropertyOp50
 70
     1
102
RTVSPropertyOp51
 70
     0
102
RTVSPropertyOp52
 70
     0
102
RTVSPropertyOp53
 70
     1
102
RTVSPropertyOp54
 70
     1
102
RTVSPropertyOp55
 70
     1
102
RTVSPropertyOp56
 70
     1
102
RTVSPropertyOp57
 70
     1
102
RTVSPost2010Prop28
280
     0
102
RTVSPost2010PropOp28
 70
     1
102
RTVSPost2010Prop29
280
     1
102
RTVSPost2010PropOp29
 70
     1
102
RTVSPost2010Prop30
280
     1
102
RTVSPost2010PropOp30
 70
     1
102
RTVSPost2010Prop31
280
     0
102
RTVSPost2010PropOp31
 70
     1
102
RTVSPost2010Prop32
280
     0
102
RTVSPost2010PropOp32
 70
     1
102
RTVSPost2010Prop33
280
     0
102
RTVSPost2010PropOp33
 70
     1
102
RTVSPost2010Prop34
280
     0
102
RTVSPost2010PropOp34
 70
     1
102
RTVSPost2010Prop35
280
     0
102
RTVSPost2010PropOp35
 70
     1
102
RTVSPost2010Prop36
280
     0
102
RTVSPost2010PropOp36
 70
     1
102
RTVSPost2010Prop37
 90
       50
102
RTVSPost2010PropOp37
 70
     1
102
RTVSPost2010Prop38
140
0.0
102
RTVSPost2010PropOp38
 70
     1
102
RTVSPost2010Prop39
140
1.0
102
RTVSPost2010PropOp39
 70
     1
102
RTVSPost2010Prop40
 90
        0
102
RTVSPost2010PropOp40
 70
     1
102
RTVSPost2010Prop41ColorIndex
 90
       18
102
RTVSPost2010Prop41ColorRGB
 90
        0
102
RTVSPost2010PropOp41
 70
     1
102
RTVSPost2010Prop42
 90
       50
102
RTVSPost2010PropOp42
 70
     1
102
RTVSPost2010Prop43
 90
        3
102
RTVSPost2010PropOp43
 70
     1
102
RTVSPost2010Prop44ColorIndex
 90
        5
102
RTVSPost2010Prop44ColorRGB
 90
      255
102
RTVSPost2010PropOp44
 70
     1
102
RTVSPost2010Prop45
280
     0
102
RTVSPost2010PropOp45
 70
     1
102
RTVSPost2010Prop46
 90
       50
102
RTVSPost2010PropOp46
 70
     1
102
RTVSPost2010Prop47
 90
       50
102
RTVSPost2010PropOp47
 70
     1
102
RTVSPost2010Prop48
 90
       50
102
RTVSPost2010PropOp48
 70
     1
102
RTVSPost2010Prop49
280
     0
102
RTVSPost2010PropOp49
 70
     1
102
RTVSPost2010Prop50
 90
       50
102
RTVSPost2010PropOp50
 70
     1
102
RTVSPost2010Prop51ColorIndex
 90
      256
102
RTVSPost2010Prop51ColorRGB
 90
-16777216
102
RTVSPost2010PropOp51
 70
     0
102
RTVSPost2010Prop52
140
1.0
102
RTVSPost2010PropOp52
 70
     0
102
RTVSPost2010Prop53
 90
        2
102
RTVSPost2010PropOp53
 70
     1
102
RTVSPost2010Prop54
  1
strokes_ogs.tif
102
RTVSPost2010PropOp54
 70
     1
102
RTVSPost2010Prop55
280
     0
102
RTVSPost2010PropOp55
 70
     1
102
RTVSPost2010Prop56
140
1.0
102
RTVSPost2010PropOp56
 70
     1
102
RTVSPost2010Prop57
140
1.0
102
RTVSPost2010PropOp57
 70
     1
  0
XRECORD
  5
244
102
{ACAD_REACTORS
330
243
102
}
330
243
100
AcDbXrecord
280
     1
102
RTVSPropertyOp0
 70
     0
102
RTVSPropertyOp1
 70
     0
102
RTVSPropertyOp2
 70
     0
102
RTVSPropertyOp3
 70
     0
102
RTVSPropertyOp4
 70
     0
102
RTVSPropertyOp5
 70
     0
102
RTVSPropertyOp6
 70
     0
102
RTVSPropertyOp7
 70
     0
102
RTVSPropertyOp8
 70
     0
102
RTVSPropertyOp9
 70
     0
102
RTVSPropertyOp10
 70
     0
102
RTVSPropertyOp11
 70
     0
102
RTVSPropertyOp12
 70
     0
102
RTVSPropertyOp13
 70
     0
102
RTVSPropertyOp14
 70
     2
102
RTVSPropertyOp15
 70
     0
102
RTVSPropertyOp16
 70
     0
102
RTVSPropertyOp17
 70
     0
102
RTVSPropertyOp18
 70
     0
102
RTVSPropertyOp19
 70
     0
102
RTVSPropertyOp20
 70
     0
102
RTVSPropertyOp21
 70
     0
102
RTVSPropertyOp22
 70
     0
102
RTVSPropertyOp23
 70
     0
102
RTVSPropertyOp24
 70
     0
102
RTVSPropertyOp25
 70
     0
102
RTVSPropertyOp26
 70
     0
102
RTVSPropertyOp27
 70
     0
102
RTVSPropertyOp28
 70
     0
102
RTVSPropertyOp29
 70
     0
102
RTVSPropertyOp30
 70
     0
102
RTVSPropertyOp31
 70
     0
102
RTVSPropertyOp32
 70
     0
102
RTVSPropertyOp33
 70
     0
102
RTVSPropertyOp34
 70
     0
102
RTVSPropertyOp35
 70
     0
102
RTVSPropertyOp36
 70
     0
102
RTVSPropertyOp37
 70
     0
102
RTVSPropertyOp38
 70
     0
102
RTVSPropertyOp39
 70
     0
102
RTVSPropertyOp40
 70
     0
102
RTVSPropertyOp41
 70
     0
102
RTVSPropertyOp42
 70
     0
102
RTVSPropertyOp43
 70
     0
102
RTVSPropertyOp44
 70
     0
102
RTVSPropertyOp45
 70
     0
102
RTVSPropertyOp46
 70
     0
102
RTVSPropertyOp47
 70
     0
102
RTVSPropertyOp48
 70
     0
102
RTVSPropertyOp49
 70
     0
102
RTVSPropertyOp50
 70
     0
102
RTVSPropertyOp51
 70
     0
102
RTVSPropertyOp52
 70
     0
102
RTVSPropertyOp53
 70
     0
102
RTVSPropertyOp54
 70
     0
102
RTVSPropertyOp55
 70
     0
102
RTVSPropertyOp56
 70
     0
102
RTVSPropertyOp57
 70
     0
102
RTVSPost2010Prop28
280
     0
102
RTVSPost2010PropOp28
 70
     0
102
RTVSPost2010Prop29
280
     1
102
RTVSPost2010PropOp29
 70
     0
102
RTVSPost2010Prop30
280
     1
102
RTVSPost2010PropOp30
 70
     0
102
RTVSPost2010Prop31
280
     0
102
RTVSPost2010PropOp31
 70
     0
102
RTVSPost2010Prop32
280
     0
102
RTVSPost2010PropOp32
 70
     0
102
RTVSPost2010Prop33
280
     0
102
RTVSPost2010PropOp33
 70
     0
102
RTVSPost2010Prop34
280
     0
102
RTVSPost2010PropOp34
 70
     0
102
RTVSPost2010Prop35
280
     0
102
RTVSPost2010PropOp35
 70
     0
102
RTVSPost2010Prop36
280
     0
102
RTVSPost2010PropOp36
 70
     0
102
RTVSPost2010Prop37
 90
       50
102
RTVSPost2010PropOp37
 70
     0
102
RTVSPost2010Prop38
140
0.0
102
RTVSPost2010PropOp38
 70
     0
102
RTVSPost2010Prop39
140
1.0
102
RTVSPost2010PropOp39
 70
     0
102
RTVSPost2010Prop40
 90
        0
102
RTVSPost2010PropOp40
 70
     0
102
RTVSPost2010Prop41ColorIndex
 90
       18
102
RTVSPost2010Prop41ColorRGB
 90
        0
102
RTVSPost2010PropOp41
 70
     0
102
RTVSPost2010Prop42
 90
       50
102
RTVSPost2010PropOp42
 70
     0
102
RTVSPost2010Prop43
 90
        3
102
RTVSPost2010PropOp43
 70
     0
102
RTVSPost2010Prop44ColorIndex
 90
        5
102
RTVSPost2010Prop44ColorRGB
 90
      255
102
RTVSPost2010PropOp44
 70
     0
102
RTVSPost2010Prop45
280
     0
102
RTVSPost2010PropOp45
 70
     0
102
RTVSPost2010Prop46
 90
       50
102
RTVSPost2010PropOp46
 70
     0
102
RTVSPost2010Prop47
 90
       50
102
RTVSPost2010PropOp47
 70
     0
102
RTVSPost2010Prop48
 90
       50
102
RTVSPost2010PropOp48
 70
     0
102
RTVSPost2010Prop49
280
     0
102
RTVSPost2010PropOp49
 70
     0
102
RTVSPost2010Prop50
 90
       50
102
RTVSPost2010PropOp50
 70
     0
102
RTVSPost2010Prop51ColorIndex
 90
      256
102
RTVSPost2010Prop51ColorRGB
 90
-16777216
102
RTVSPost2010PropOp51
 70
     0
102
RTVSPost2010Prop52
140
1.0
102
RTVSPost2010PropOp52
 70
     0
102
RTVSPost2010Prop53
 90
        2
102
RTVSPost2010PropOp53
 70
     0
102
RTVSPost2010Prop54
  1
strokes_ogs.tif
102
RTVSPost2010PropOp54
 70
     0
102
RTVSPost2010Prop55
280
     0
102
RTVSPost2010PropOp55
 70
     0
102
RTVSPost2010Prop56
140
1.0
102
RTVSPost2010PropOp56
 70
     0
102
RTVSPost2010Prop57
140
1.0
102
RTVSPost2010PropOp57
 70
     0
  0
XRECORD
  5
232
102
{ACAD_REACTORS
330
231
102
}
330
231
100
AcDbXrecord
280
     1
102
RTVSPropertyOp0
 70
     1
102
RTVSPropertyOp1
 70
     1
102
RTVSPropertyOp2
 70
     1
102
RTVSPropertyOp3
 70
     1
102
RTVSPropertyOp4
 70
     1
102
RTVSPropertyOp5
 70
     1
102
RTVSPropertyOp6
 70
     1
102
RTVSPropertyOp7
 70
     1
102
RTVSPropertyOp8
 70
     1
102
RTVSPropertyOp9
 70
     1
102
RTVSPropertyOp10
 70
     1
102
RTVSPropertyOp11
 70
     1
102
RTVSPropertyOp12
 70
     1
102
RTVSPropertyOp13
 70
     1
102
RTVSPropertyOp14
 70
     1
102
RTVSPropertyOp15
 70
     1
102
RTVSPropertyOp16
 70
     1
102
RTVSPropertyOp17
 70
     1
102
RTVSPropertyOp18
 70
     1
102
RTVSPropertyOp19
 70
     1
102
RTVSPropertyOp20
 70
     1
102
RTVSPropertyOp21
 70
     1
102
RTVSPropertyOp22
 70
     1
102
RTVSPropertyOp23
 70
     1
102
RTVSPropertyOp24
 70
     1
102
RTVSPropertyOp25
 70
     1
102
RTVSPropertyOp26
 70
     1
102
RTVSPropertyOp27
 70
     1
102
RTVSPropertyOp28
 70
     1
102
RTVSPropertyOp29
 70
     1
102
RTVSPropertyOp30
 70
     1
102
RTVSPropertyOp31
 70
     1
102
RTVSPropertyOp32
 70
     1
102
RTVSPropertyOp33
 70
     1
102
RTVSPropertyOp34
 70
     1
102
RTVSPropertyOp35
 70
     1
102
RTVSPropertyOp36
 70
     1
102
RTVSPropertyOp37
 70
     1
102
RTVSPropertyOp38
 70
     1
102
RTVSPropertyOp39
 70
     1
102
RTVSPropertyOp40
 70
     1
102
RTVSPropertyOp41
 70
     1
102
RTVSPropertyOp42
 70
     1
102
RTVSPropertyOp43
 70
     1
102
RTVSPropertyOp44
 70
     1
102
RTVSPropertyOp45
 70
     1
102
RTVSPropertyOp46
 70
     1
102
RTVSPropertyOp47
 70
     1
102
RTVSPropertyOp48
 70
     1
102
RTVSPropertyOp49
 70
     1
102
RTVSPropertyOp50
 70
     1
102
RTVSPropertyOp51
 70
     0
102
RTVSPropertyOp52
 70
     0
102
RTVSPropertyOp53
 70
     1
102
RTVSPropertyOp54
 70
     1
102
RTVSPropertyOp55
 70
     1
102
RTVSPropertyOp56
 70
     1
102
RTVSPropertyOp57
 70
     1
102
RTVSPost2010Prop28
280
     0
102
RTVSPost2010PropOp28
 70
     1
102
RTVSPost2010Prop29
280
     1
102
RTVSPost2010PropOp29
 70
     1
102
RTVSPost2010Prop30
280
     1
102
RTVSPost2010PropOp30
 70
     1
102
RTVSPost2010Prop31
280
     0
102
RTVSPost2010PropOp31
 70
     1
102
RTVSPost2010Prop32
280
     0
102
RTVSPost2010PropOp32
 70
     1
102
RTVSPost2010Prop33
280
     0
102
RTVSPost2010PropOp33
 70
     1
102
RTVSPost2010Prop34
280
     0
102
RTVSPost2010PropOp34
 70
     1
102
RTVSPost2010Prop35
280
     0
102
RTVSPost2010PropOp35
 70
     1
102
RTVSPost2010Prop36
280
     0
102
RTVSPost2010PropOp36
 70
     1
102
RTVSPost2010Prop37
 90
       50
102
RTVSPost2010PropOp37
 70
     1
102
RTVSPost2010Prop38
140
0.0
102
RTVSPost2010PropOp38
 70
     1
102
RTVSPost2010Prop39
140
1.0
102
RTVSPost2010PropOp39
 70
     1
102
RTVSPost2010Prop40
 90
        0
102
RTVSPost2010PropOp40
 70
     1
102
RTVSPost2010Prop41ColorIndex
 90
       18
102
RTVSPost2010Prop41ColorRGB
 90
        0
102
RTVSPost2010PropOp41
 70
     1
102
RTVSPost2010Prop42
 90
       50
102
RTVSPost2010PropOp42
 70
     1
102
RTVSPost2010Prop43
 90
        3
102
RTVSPost2010PropOp43
 70
     1
102
RTVSPost2010Prop44ColorIndex
 90
        5
102
RTVSPost2010Prop44ColorRGB
 90
      255
102
RTVSPost2010PropOp44
 70
     1
102
RTVSPost2010Prop45
280
     0
102
RTVSPost2010PropOp45
 70
     1
102
RTVSPost2010Prop46
 90
       50
102
RTVSPost2010PropOp46
 70
     1
102
RTVSPost2010Prop47
 90
       50
102
RTVSPost2010PropOp47
 70
     1
102
RTVSPost2010Prop48
 90
       50
102
RTVSPost2010PropOp48
 70
     1
102
RTVSPost2010Prop49
280
     0
102
RTVSPost2010PropOp49
 70
     1
102
RTVSPost2010Prop50
 90
       50
102
RTVSPost2010PropOp50
 70
     1
102
RTVSPost2010Prop51ColorIndex
 90
      256
102
RTVSPost2010Prop51ColorRGB
 90
-16777216
102
RTVSPost2010PropOp51
 70
     0
102
RTVSPost2010Prop52
140
1.0
102
RTVSPost2010PropOp52
 70
     0
102
RTVSPost2010Prop53
 90
        2
102
RTVSPost2010PropOp53
 70
     1
102
RTVSPost2010Prop54
  1
strokes_ogs.tif
102
RTVSPost2010PropOp54
 70
     1
102
RTVSPost2010Prop55
280
     0
102
RTVSPost2010PropOp55
 70
     1
102
RTVSPost2010Prop56
140
1.0
102
RTVSPost2010PropOp56
 70
     1
102
RTVSPost2010Prop57
140
1.0
102
RTVSPost2010PropOp57
 70
     1
  0
XRECORD
  5
250
102
{ACAD_REACTORS
330
24F
102
}
330
24F
100
AcDbXrecord
280
     1
102
RTVSPropertyOp0
 70
     1
102
RTVSPropertyOp1
 70
     1
102
RTVSPropertyOp2
 70
     1
102
RTVSPropertyOp3
 70
     1
102
RTVSPropertyOp4
 70
     1
102
RTVSPropertyOp5
 70
     1
102
RTVSPropertyOp6
 70
     1
102
RTVSPropertyOp7
 70
     1
102
RTVSPropertyOp8
 70
     1
102
RTVSPropertyOp9
 70
     1
102
RTVSPropertyOp10
 70
     1
102
RTVSPropertyOp11
 70
     1
102
RTVSPropertyOp12
 70
     1
102
RTVSPropertyOp13
 70
     1
102
RTVSPropertyOp14
 70
     1
102
RTVSPropertyOp15
 70
     1
102
RTVSPropertyOp16
 70
     1
102
RTVSPropertyOp17
 70
     1
102
RTVSPropertyOp18
 70
     1
102
RTVSPropertyOp19
 70
     1
102
RTVSPropertyOp20
 70
     1
102
RTVSPropertyOp21
 70
     1
102
RTVSPropertyOp22
 70
     1
102
RTVSPropertyOp23
 70
     1
102
RTVSPropertyOp24
 70
     1
102
RTVSPropertyOp25
 70
     1
102
RTVSPropertyOp26
 70
     1
102
RTVSPropertyOp27
 70
     1
102
RTVSPropertyOp28
 70
     1
102
RTVSPropertyOp29
 70
     1
102
RTVSPropertyOp30
 70
     1
102
RTVSPropertyOp31
 70
     1
102
RTVSPropertyOp32
 70
     1
102
RTVSPropertyOp33
 70
     1
102
RTVSPropertyOp34
 70
     1
102
RTVSPropertyOp35
 70
     1
102
RTVSPropertyOp36
 70
     1
102
RTVSPropertyOp37
 70
     1
102
RTVSPropertyOp38
 70
     1
102
RTVSPropertyOp39
 70
     1
102
RTVSPropertyOp40
 70
     1
102
RTVSPropertyOp41
 70
     1
102
RTVSPropertyOp42
 70
     1
102
RTVSPropertyOp43
 70
     1
102
RTVSPropertyOp44
 70
     1
102
RTVSPropertyOp45
 70
     1
102
RTVSPropertyOp46
 70
     1
102
RTVSPropertyOp47
 70
     1
102
RTVSPropertyOp48
 70
     1
102
RTVSPropertyOp49
 70
     1
102
RTVSPropertyOp50
 70
     1
102
RTVSPropertyOp51
 70
     0
102
RTVSPropertyOp52
 70
     0
102
RTVSPropertyOp53
 70
     1
102
RTVSPropertyOp54
 70
     1
102
RTVSPropertyOp55
 70
     1
102
RTVSPropertyOp56
 70
     1
102
RTVSPropertyOp57
 70
     1
102
RTVSPost2010Prop28
280
     0
102
RTVSPost2010PropOp28
 70
     1
102
RTVSPost2010Prop29
280
     1
102
RTVSPost2010PropOp29
 70
     1
102
RTVSPost2010Prop30
280
     1
102
RTVSPost2010PropOp30
 70
     1
102
RTVSPost2010Prop31
280
     0
102
RTVSPost2010PropOp31
 70
     1
102
RTVSPost2010Prop32
280
     0
102
RTVSPost2010PropOp32
 70
     1
102
RTVSPost2010Prop33
280
     0
102
RTVSPost2010PropOp33
 70
     1
102
RTVSPost2010Prop34
280
     0
102
RTVSPost2010PropOp34
 70
     1
102
RTVSPost2010Prop35
280
     0
102
RTVSPost2010PropOp35
 70
     1
102
RTVSPost2010Prop36
280
     0
102
RTVSPost2010PropOp36
 70
     1
102
RTVSPost2010Prop37
 90
       50
102
RTVSPost2010PropOp37
 70
     1
102
RTVSPost2010Prop38
140
0.0
102
RTVSPost2010PropOp38
 70
     1
102
RTVSPost2010Prop39
140
1.0
102
RTVSPost2010PropOp39
 70
     1
102
RTVSPost2010Prop40
 90
        0
102
RTVSPost2010PropOp40
 70
     1
102
RTVSPost2010Prop41ColorIndex
 90
       18
102
RTVSPost2010Prop41ColorRGB
 90
        0
102
RTVSPost2010PropOp41
 70
     1
102
RTVSPost2010Prop42
 90
       50
102
RTVSPost2010PropOp42
 70
     1
102
RTVSPost2010Prop43
 90
        3
102
RTVSPost2010PropOp43
 70
     1
102
RTVSPost2010Prop44ColorIndex
 90
        5
102
RTVSPost2010Prop44ColorRGB
 90
      255
102
RTVSPost2010PropOp44
 70
     1
102
RTVSPost2010Prop45
280
     0
102
RTVSPost2010PropOp45
 70
     1
102
RTVSPost2010Prop46
 90
       50
102
RTVSPost2010PropOp46
 70
     1
102
RTVSPost2010Prop47
 90
       50
102
RTVSPost2010PropOp47
 70
     1
102
RTVSPost2010Prop48
 90
       50
102
RTVSPost2010PropOp48
 70
     1
102
RTVSPost2010Prop49
280
     0
102
RTVSPost2010PropOp49
 70
     1
102
RTVSPost2010Prop50
 90
       50
102
RTVSPost2010PropOp50
 70
     1
102
RTVSPost2010Prop51ColorIndex
 90
      256
102
RTVSPost2010Prop51ColorRGB
 90
-16777216
102
RTVSPost2010PropOp51
 70
     0
102
RTVSPost2010Prop52
140
1.0
102
RTVSPost2010PropOp52
 70
     0
102
RTVSPost2010Prop53
 90
        2
102
RTVSPost2010PropOp53
 70
     1
102
RTVSPost2010Prop54
  1
strokes_ogs.tif
102
RTVSPost2010PropOp54
 70
     1
102
RTVSPost2010Prop55
280
     0
102
RTVSPost2010PropOp55
 70
     1
102
RTVSPost2010Prop56
140
1.0
102
RTVSPost2010PropOp56
 70
     1
102
RTVSPost2010Prop57
140
1.0
102
RTVSPost2010PropOp57
 70
     1
  0
XRECORD
  5
24E
102
{ACAD_REACTORS
330
24D
102
}
330
24D
100
AcDbXrecord
280
     1
102
RTVSPropertyOp0
 70
     1
102
RTVSPropertyOp1
 70
     1
102
RTVSPropertyOp2
 70
     1
102
RTVSPropertyOp3
 70
     1
102
RTVSPropertyOp4
 70
     1
102
RTVSPropertyOp5
 70
     1
102
RTVSPropertyOp6
 70
     1
102
RTVSPropertyOp7
 70
     1
102
RTVSPropertyOp8
 70
     1
102
RTVSPropertyOp9
 70
     1
102
RTVSPropertyOp10
 70
     1
102
RTVSPropertyOp11
 70
     1
102
RTVSPropertyOp12
 70
     1
102
RTVSPropertyOp13
 70
     1
102
RTVSPropertyOp14
 70
     1
102
RTVSPropertyOp15
 70
     1
102
RTVSPropertyOp16
 70
     1
102
RTVSPropertyOp17
 70
     1
102
RTVSPropertyOp18
 70
     1
102
RTVSPropertyOp19
 70
     1
102
RTVSPropertyOp20
 70
     1
102
RTVSPropertyOp21
 70
     1
102
RTVSPropertyOp22
 70
     1
102
RTVSPropertyOp23
 70
     1
102
RTVSPropertyOp24
 70
     1
102
RTVSPropertyOp25
 70
     1
102
RTVSPropertyOp26
 70
     1
102
RTVSPropertyOp27
 70
     1
102
RTVSPropertyOp28
 70
     1
102
RTVSPropertyOp29
 70
     1
102
RTVSPropertyOp30
 70
     1
102
RTVSPropertyOp31
 70
     1
102
RTVSPropertyOp32
 70
     1
102
RTVSPropertyOp33
 70
     1
102
RTVSPropertyOp34
 70
     1
102
RTVSPropertyOp35
 70
     1
102
RTVSPropertyOp36
 70
     1
102
RTVSPropertyOp37
 70
     1
102
RTVSPropertyOp38
 70
     1
102
RTVSPropertyOp39
 70
     1
102
RTVSPropertyOp40
 70
     1
102
RTVSPropertyOp41
 70
     1
102
RTVSPropertyOp42
 70
     1
102
RTVSPropertyOp43
 70
     1
102
RTVSPropertyOp44
 70
     1
102
RTVSPropertyOp45
 70
     1
102
RTVSPropertyOp46
 70
     1
102
RTVSPropertyOp47
 70
     1
102
RTVSPropertyOp48
 70
     1
102
RTVSPropertyOp49
 70
     1
102
RTVSPropertyOp50
 70
     1
102
RTVSPropertyOp51
 70
     0
102
RTVSPropertyOp52
 70
     0
102
RTVSPropertyOp53
 70
     1
102
RTVSPropertyOp54
 70
     1
102
RTVSPropertyOp55
 70
     1
102
RTVSPropertyOp56
 70
     1
102
RTVSPropertyOp57
 70
     1
102
RTVSPost2010Prop28
280
     0
102
RTVSPost2010PropOp28
 70
     1
102
RTVSPost2010Prop29
280
     1
102
RTVSPost2010PropOp29
 70
     1
102
RTVSPost2010Prop30
280
     1
102
RTVSPost2010PropOp30
 70
     1
102
RTVSPost2010Prop31
280
     0
102
RTVSPost2010PropOp31
 70
     1
102
RTVSPost2010Prop32
280
     0
102
RTVSPost2010PropOp32
 70
     1
102
RTVSPost2010Prop33
280
     0
102
RTVSPost2010PropOp33
 70
     1
102
RTVSPost2010Prop34
280
     0
102
RTVSPost2010PropOp34
 70
     1
102
RTVSPost2010Prop35
280
     0
102
RTVSPost2010PropOp35
 70
     1
102
RTVSPost2010Prop36
280
     0
102
RTVSPost2010PropOp36
 70
     1
102
RTVSPost2010Prop37
 90
       50
102
RTVSPost2010PropOp37
 70
     1
102
RTVSPost2010Prop38
140
0.0
102
RTVSPost2010PropOp38
 70
     1
102
RTVSPost2010Prop39
140
1.0
102
RTVSPost2010PropOp39
 70
     1
102
RTVSPost2010Prop40
 90
        0
102
RTVSPost2010PropOp40
 70
     1
102
RTVSPost2010Prop41ColorIndex
 90
       18
102
RTVSPost2010Prop41ColorRGB
 90
        0
102
RTVSPost2010PropOp41
 70
     1
102
RTVSPost2010Prop42
 90
       50
102
RTVSPost2010PropOp42
 70
     1
102
RTVSPost2010Prop43
 90
        3
102
RTVSPost2010PropOp43
 70
     1
102
RTVSPost2010Prop44ColorIndex
 90
        5
102
RTVSPost2010Prop44ColorRGB
 90
      255
102
RTVSPost2010PropOp44
 70
     1
102
RTVSPost2010Prop45
280
     0
102
RTVSPost2010PropOp45
 70
     1
102
RTVSPost2010Prop46
 90
       50
102
RTVSPost2010PropOp46
 70
     1
102
RTVSPost2010Prop47
 90
       50
102
RTVSPost2010PropOp47
 70
     1
102
RTVSPost2010Prop48
 90
       50
102
RTVSPost2010PropOp48
 70
     1
102
RTVSPost2010Prop49
280
     0
102
RTVSPost2010PropOp49
 70
     1
102
RTVSPost2010Prop50
 90
       50
102
RTVSPost2010PropOp50
 70
     1
102
RTVSPost2010Prop51ColorIndex
 90
      256
102
RTVSPost2010Prop51ColorRGB
 90
-16777216
102
RTVSPost2010PropOp51
 70
     0
102
RTVSPost2010Prop52
140
1.0
102
RTVSPost2010PropOp52
 70
     0
102
RTVSPost2010Prop53
 90
        2
102
RTVSPost2010PropOp53
 70
     1
102
RTVSPost2010Prop54
  1
strokes_ogs.tif
102
RTVSPost2010PropOp54
 70
     1
102
RTVSPost2010Prop55
280
     0
102
RTVSPost2010PropOp55
 70
     1
102
RTVSPost2010Prop56
140
1.0
102
RTVSPost2010PropOp56
 70
     1
102
RTVSPost2010Prop57
140
1.0
102
RTVSPost2010PropOp57
 70
     1
  0
XRECORD
  5
248
102
{ACAD_REACTORS
330
247
102
}
330
247
100
AcDbXrecord
280
     1
102
RTVSPropertyOp0
 70
     1
102
RTVSPropertyOp1
 70
     1
102
RTVSPropertyOp2
 70
     1
102
RTVSPropertyOp3
 70
     1
102
RTVSPropertyOp4
 70
     1
102
RTVSPropertyOp5
 70
     1
102
RTVSPropertyOp6
 70
     1
102
RTVSPropertyOp7
 70
     1
102
RTVSPropertyOp8
 70
     1
102
RTVSPropertyOp9
 70
     1
102
RTVSPropertyOp10
 70
     1
102
RTVSPropertyOp11
 70
     1
102
RTVSPropertyOp12
 70
     1
102
RTVSPropertyOp13
 70
     1
102
RTVSPropertyOp14
 70
     1
102
RTVSPropertyOp15
 70
     1
102
RTVSPropertyOp16
 70
     1
102
RTVSPropertyOp17
 70
     1
102
RTVSPropertyOp18
 70
     1
102
RTVSPropertyOp19
 70
     1
102
RTVSPropertyOp20
 70
     1
102
RTVSPropertyOp21
 70
     1
102
RTVSPropertyOp22
 70
     1
102
RTVSPropertyOp23
 70
     1
102
RTVSPropertyOp24
 70
     1
102
RTVSPropertyOp25
 70
     1
102
RTVSPropertyOp26
 70
     1
102
RTVSPropertyOp27
 70
     1
102
RTVSPropertyOp28
 70
     1
102
RTVSPropertyOp29
 70
     1
102
RTVSPropertyOp30
 70
     1
102
RTVSPropertyOp31
 70
     1
102
RTVSPropertyOp32
 70
     1
102
RTVSPropertyOp33
 70
     1
102
RTVSPropertyOp34
 70
     1
102
RTVSPropertyOp35
 70
     1
102
RTVSPropertyOp36
 70
     1
102
RTVSPropertyOp37
 70
     1
102
RTVSPropertyOp38
 70
     1
102
RTVSPropertyOp39
 70
     1
102
RTVSPropertyOp40
 70
     1
102
RTVSPropertyOp41
 70
     1
102
RTVSPropertyOp42
 70
     1
102
RTVSPropertyOp43
 70
     1
102
RTVSPropertyOp44
 70
     1
102
RTVSPropertyOp45
 70
     1
102
RTVSPropertyOp46
 70
     1
102
RTVSPropertyOp47
 70
     1
102
RTVSPropertyOp48
 70
     1
102
RTVSPropertyOp49
 70
     1
102
RTVSPropertyOp50
 70
     1
102
RTVSPropertyOp51
 70
     0
102
RTVSPropertyOp52
 70
     0
102
RTVSPropertyOp53
 70
     1
102
RTVSPropertyOp54
 70
     1
102
RTVSPropertyOp55
 70
     1
102
RTVSPropertyOp56
 70
     1
102
RTVSPropertyOp57
 70
     1
102
RTVSPost2010Prop28
280
     0
102
RTVSPost2010PropOp28
 70
     1
102
RTVSPost2010Prop29
280
     1
102
RTVSPost2010PropOp29
 70
     1
102
RTVSPost2010Prop30
280
     1
102
RTVSPost2010PropOp30
 70
     1
102
RTVSPost2010Prop31
280
     0
102
RTVSPost2010PropOp31
 70
     1
102
RTVSPost2010Prop32
280
     0
102
RTVSPost2010PropOp32
 70
     1
102
RTVSPost2010Prop33
280
     0
102
RTVSPost2010PropOp33
 70
     1
102
RTVSPost2010Prop34
280
     0
102
RTVSPost2010PropOp34
 70
     1
102
RTVSPost2010Prop35
280
     0
102
RTVSPost2010PropOp35
 70
     1
102
RTVSPost2010Prop36
280
     0
102
RTVSPost2010PropOp36
 70
     1
102
RTVSPost2010Prop37
 90
       50
102
RTVSPost2010PropOp37
 70
     1
102
RTVSPost2010Prop38
140
0.0
102
RTVSPost2010PropOp38
 70
     1
102
RTVSPost2010Prop39
140
1.0
102
RTVSPost2010PropOp39
 70
     1
102
RTVSPost2010Prop40
 90
        0
102
RTVSPost2010PropOp40
 70
     1
102
RTVSPost2010Prop41ColorIndex
 90
       18
102
RTVSPost2010Prop41ColorRGB
 90
        0
102
RTVSPost2010PropOp41
 70
     1
102
RTVSPost2010Prop42
 90
       50
102
RTVSPost2010PropOp42
 70
     1
102
RTVSPost2010Prop43
 90
        3
102
RTVSPost2010PropOp43
 70
     1
102
RTVSPost2010Prop44ColorIndex
 90
        5
102
RTVSPost2010Prop44ColorRGB
 90
      255
102
RTVSPost2010PropOp44
 70
     1
102
RTVSPost2010Prop45
280
     0
102
RTVSPost2010PropOp45
 70
     1
102
RTVSPost2010Prop46
 90
       50
102
RTVSPost2010PropOp46
 70
     1
102
RTVSPost2010Prop47
 90
       50
102
RTVSPost2010PropOp47
 70
     1
102
RTVSPost2010Prop48
 90
       50
102
RTVSPost2010PropOp48
 70
     1
102
RTVSPost2010Prop49
280
     0
102
RTVSPost2010PropOp49
 70
     1
102
RTVSPost2010Prop50
 90
       50
102
RTVSPost2010PropOp50
 70
     1
102
RTVSPost2010Prop51ColorIndex
 90
      256
102
RTVSPost2010Prop51ColorRGB
 90
-16777216
102
RTVSPost2010PropOp51
 70
     0
102
RTVSPost2010Prop52
140
1.0
102
RTVSPost2010PropOp52
 70
     0
102
RTVSPost2010Prop53
 90
        2
102
RTVSPost2010PropOp53
 70
     1
102
RTVSPost2010Prop54
  1
strokes_ogs.tif
102
RTVSPost2010PropOp54
 70
     1
102
RTVSPost2010Prop55
280
     0
102
RTVSPost2010PropOp55
 70
     1
102
RTVSPost2010Prop56
140
1.0
102
RTVSPost2010PropOp56
 70
     1
102
RTVSPost2010Prop57
140
1.0
102
RTVSPost2010PropOp57
 70
     1
  0
XRECORD
  5
24A
102
{ACAD_REACTORS
330
249
102
}
330
249
100
AcDbXrecord
280
     1
102
RTVSPropertyOp0
 70
     1
102
RTVSPropertyOp1
 70
     1
102
RTVSPropertyOp2
 70
     1
102
RTVSPropertyOp3
 70
     1
102
RTVSPropertyOp4
 70
     1
102
RTVSPropertyOp5
 70
     1
102
RTVSPropertyOp6
 70
     1
102
RTVSPropertyOp7
 70
     1
102
RTVSPropertyOp8
 70
     1
102
RTVSPropertyOp9
 70
     1
102
RTVSPropertyOp10
 70
     1
102
RTVSPropertyOp11
 70
     1
102
RTVSPropertyOp12
 70
     1
102
RTVSPropertyOp13
 70
     1
102
RTVSPropertyOp14
 70
     1
102
RTVSPropertyOp15
 70
     1
102
RTVSPropertyOp16
 70
     1
102
RTVSPropertyOp17
 70
     1
102
RTVSPropertyOp18
 70
     1
102
RTVSPropertyOp19
 70
     1
102
RTVSPropertyOp20
 70
     1
102
RTVSPropertyOp21
 70
     1
102
RTVSPropertyOp22
 70
     1
102
RTVSPropertyOp23
 70
     1
102
RTVSPropertyOp24
 70
     1
102
RTVSPropertyOp25
 70
     1
102
RTVSPropertyOp26
 70
     1
102
RTVSPropertyOp27
 70
     1
102
RTVSPropertyOp28
 70
     1
102
RTVSPropertyOp29
 70
     1
102
RTVSPropertyOp30
 70
     1
102
RTVSPropertyOp31
 70
     1
102
RTVSPropertyOp32
 70
     1
102
RTVSPropertyOp33
 70
     1
102
RTVSPropertyOp34
 70
     1
102
RTVSPropertyOp35
 70
     1
102
RTVSPropertyOp36
 70
     1
102
RTVSPropertyOp37
 70
     1
102
RTVSPropertyOp38
 70
     1
102
RTVSPropertyOp39
 70
     1
102
RTVSPropertyOp40
 70
     1
102
RTVSPropertyOp41
 70
     1
102
RTVSPropertyOp42
 70
     1
102
RTVSPropertyOp43
 70
     1
102
RTVSPropertyOp44
 70
     1
102
RTVSPropertyOp45
 70
     1
102
RTVSPropertyOp46
 70
     1
102
RTVSPropertyOp47
 70
     1
102
RTVSPropertyOp48
 70
     1
102
RTVSPropertyOp49
 70
     1
102
RTVSPropertyOp50
 70
     1
102
RTVSPropertyOp51
 70
     0
102
RTVSPropertyOp52
 70
     0
102
RTVSPropertyOp53
 70
     1
102
RTVSPropertyOp54
 70
     1
102
RTVSPropertyOp55
 70
     1
102
RTVSPropertyOp56
 70
     1
102
RTVSPropertyOp57
 70
     1
102
RTVSPost2010Prop28
280
     0
102
RTVSPost2010PropOp28
 70
     1
102
RTVSPost2010Prop29
280
     1
102
RTVSPost2010PropOp29
 70
     1
102
RTVSPost2010Prop30
280
     1
102
RTVSPost2010PropOp30
 70
     1
102
RTVSPost2010Prop31
280
     0
102
RTVSPost2010PropOp31
 70
     1
102
RTVSPost2010Prop32
280
     0
102
RTVSPost2010PropOp32
 70
     1
102
RTVSPost2010Prop33
280
     0
102
RTVSPost2010PropOp33
 70
     1
102
RTVSPost2010Prop34
280
     0
102
RTVSPost2010PropOp34
 70
     1
102
RTVSPost2010Prop35
280
     0
102
RTVSPost2010PropOp35
 70
     1
102
RTVSPost2010Prop36
280
     0
102
RTVSPost2010PropOp36
 70
     1
102
RTVSPost2010Prop37
 90
       50
102
RTVSPost2010PropOp37
 70
     1
102
RTVSPost2010Prop38
140
0.0
102
RTVSPost2010PropOp38
 70
     1
102
RTVSPost2010Prop39
140
1.0
102
RTVSPost2010PropOp39
 70
     1
102
RTVSPost2010Prop40
 90
        0
102
RTVSPost2010PropOp40
 70
     1
102
RTVSPost2010Prop41ColorIndex
 90
       18
102
RTVSPost2010Prop41ColorRGB
 90
        0
102
RTVSPost2010PropOp41
 70
     1
102
RTVSPost2010Prop42
 90
       50
102
RTVSPost2010PropOp42
 70
     1
102
RTVSPost2010Prop43
 90
        3
102
RTVSPost2010PropOp43
 70
     1
102
RTVSPost2010Prop44ColorIndex
 90
        5
102
RTVSPost2010Prop44ColorRGB
 90
      255
102
RTVSPost2010PropOp44
 70
     1
102
RTVSPost2010Prop45
280
     0
102
RTVSPost2010PropOp45
 70
     1
102
RTVSPost2010Prop46
 90
       50
102
RTVSPost2010PropOp46
 70
     1
102
RTVSPost2010Prop47
 90
       50
102
RTVSPost2010PropOp47
 70
     1
102
RTVSPost2010Prop48
 90
       50
102
RTVSPost2010PropOp48
 70
     1
102
RTVSPost2010Prop49
280
     0
102
RTVSPost2010PropOp49
 70
     1
102
RTVSPost2010Prop50
 90
       50
102
RTVSPost2010PropOp50
 70
     1
102
RTVSPost2010Prop51ColorIndex
 90
      256
102
RTVSPost2010Prop51ColorRGB
 90
-16777216
102
RTVSPost2010PropOp51
 70
     0
102
RTVSPost2010Prop52
140
1.0
102
RTVSPost2010PropOp52
 70
     0
102
RTVSPost2010Prop53
 90
        2
102
RTVSPost2010PropOp53
 70
     1
102
RTVSPost2010Prop54
  1
strokes_ogs.tif
102
RTVSPost2010PropOp54
 70
     1
102
RTVSPost2010Prop55
280
     0
102
RTVSPost2010PropOp55
 70
     1
102
RTVSPost2010Prop56
140
1.0
102
RTVSPost2010PropOp56
 70
     1
102
RTVSPost2010Prop57
140
1.0
102
RTVSPost2010PropOp57
 70
     1
  0
XRECORD
  5
23A
102
{ACAD_REACTORS
330
239
102
}
330
239
100
AcDbXrecord
280
     1
102
RTVSPropertyOp0
 70
     1
102
RTVSPropertyOp1
 70
     1
102
RTVSPropertyOp2
 70
     1
102
RTVSPropertyOp3
 70
     1
102
RTVSPropertyOp4
 70
     1
102
RTVSPropertyOp5
 70
     1
102
RTVSPropertyOp6
 70
     1
102
RTVSPropertyOp7
 70
     1
102
RTVSPropertyOp8
 70
     1
102
RTVSPropertyOp9
 70
     1
102
RTVSPropertyOp10
 70
     1
102
RTVSPropertyOp11
 70
     1
102
RTVSPropertyOp12
 70
     1
102
RTVSPropertyOp13
 70
     1
102
RTVSPropertyOp14
 70
     1
102
RTVSPropertyOp15
 70
     1
102
RTVSPropertyOp16
 70
     1
102
RTVSPropertyOp17
 70
     1
102
RTVSPropertyOp18
 70
     1
102
RTVSPropertyOp19
 70
     1
102
RTVSPropertyOp20
 70
     1
102
RTVSPropertyOp21
 70
     1
102
RTVSPropertyOp22
 70
     1
102
RTVSPropertyOp23
 70
     1
102
RTVSPropertyOp24
 70
     1
102
RTVSPropertyOp25
 70
     1
102
RTVSPropertyOp26
 70
     1
102
RTVSPropertyOp27
 70
     1
102
RTVSPropertyOp28
 70
     1
102
RTVSPropertyOp29
 70
     1
102
RTVSPropertyOp30
 70
     1
102
RTVSPropertyOp31
 70
     1
102
RTVSPropertyOp32
 70
     1
102
RTVSPropertyOp33
 70
     1
102
RTVSPropertyOp34
 70
     1
102
RTVSPropertyOp35
 70
     1
102
RTVSPropertyOp36
 70
     1
102
RTVSPropertyOp37
 70
     1
102
RTVSPropertyOp38
 70
     1
102
RTVSPropertyOp39
 70
     1
102
RTVSPropertyOp40
 70
     1
102
RTVSPropertyOp41
 70
     1
102
RTVSPropertyOp42
 70
     1
102
RTVSPropertyOp43
 70
     1
102
RTVSPropertyOp44
 70
     1
102
RTVSPropertyOp45
 70
     1
102
RTVSPropertyOp46
 70
     1
102
RTVSPropertyOp47
 70
     1
102
RTVSPropertyOp48
 70
     1
102
RTVSPropertyOp49
 70
     1
102
RTVSPropertyOp50
 70
     1
102
RTVSPropertyOp51
 70
     0
102
RTVSPropertyOp52
 70
     0
102
RTVSPropertyOp53
 70
     1
102
RTVSPropertyOp54
 70
     1
102
RTVSPropertyOp55
 70
     1
102
RTVSPropertyOp56
 70
     1
102
RTVSPropertyOp57
 70
     1
102
RTVSPost2010Prop28
280
     0
102
RTVSPost2010PropOp28
 70
     1
102
RTVSPost2010Prop29
280
     1
102
RTVSPost2010PropOp29
 70
     1
102
RTVSPost2010Prop30
280
     1
102
RTVSPost2010PropOp30
 70
     1
102
RTVSPost2010Prop31
280
     0
102
RTVSPost2010PropOp31
 70
     1
102
RTVSPost2010Prop32
280
     0
102
RTVSPost2010PropOp32
 70
     1
102
RTVSPost2010Prop33
280
     0
102
RTVSPost2010PropOp33
 70
     1
102
RTVSPost2010Prop34
280
     0
102
RTVSPost2010PropOp34
 70
     1
102
RTVSPost2010Prop35
280
     0
102
RTVSPost2010PropOp35
 70
     1
102
RTVSPost2010Prop36
280
     0
102
RTVSPost2010PropOp36
 70
     1
102
RTVSPost2010Prop37
 90
       50
102
RTVSPost2010PropOp37
 70
     1
102
RTVSPost2010Prop38
140
0.0
102
RTVSPost2010PropOp38
 70
     1
102
RTVSPost2010Prop39
140
1.0
102
RTVSPost2010PropOp39
 70
     1
102
RTVSPost2010Prop40
 90
        0
102
RTVSPost2010PropOp40
 70
     1
102
RTVSPost2010Prop41ColorIndex
 90
       18
102
RTVSPost2010Prop41ColorRGB
 90
        0
102
RTVSPost2010PropOp41
 70
     1
102
RTVSPost2010Prop42
 90
       50
102
RTVSPost2010PropOp42
 70
     1
102
RTVSPost2010Prop43
 90
        3
102
RTVSPost2010PropOp43
 70
     1
102
RTVSPost2010Prop44ColorIndex
 90
        5
102
RTVSPost2010Prop44ColorRGB
 90
      255
102
RTVSPost2010PropOp44
 70
     1
102
RTVSPost2010Prop45
280
     0
102
RTVSPost2010PropOp45
 70
     1
102
RTVSPost2010Prop46
 90
       50
102
RTVSPost2010PropOp46
 70
     1
102
RTVSPost2010Prop47
 90
       50
102
RTVSPost2010PropOp47
 70
     1
102
RTVSPost2010Prop48
 90
       50
102
RTVSPost2010PropOp48
 70
     1
102
RTVSPost2010Prop49
280
     0
102
RTVSPost2010PropOp49
 70
     1
102
RTVSPost2010Prop50
 90
       50
102
RTVSPost2010PropOp50
 70
     1
102
RTVSPost2010Prop51ColorIndex
 90
      256
102
RTVSPost2010Prop51ColorRGB
 90
-16777216
102
RTVSPost2010PropOp51
 70
     0
102
RTVSPost2010Prop52
140
1.0
102
RTVSPost2010PropOp52
 70
     0
102
RTVSPost2010Prop53
 90
        2
102
RTVSPost2010PropOp53
 70
     1
102
RTVSPost2010Prop54
  1
strokes_ogs.tif
102
RTVSPost2010PropOp54
 70
     1
102
RTVSPost2010Prop55
280
     0
102
RTVSPost2010PropOp55
 70
     1
102
RTVSPost2010Prop56
140
1.0
102
RTVSPost2010PropOp56
 70
     1
102
RTVSPost2010Prop57
140
1.0
102
RTVSPost2010PropOp57
 70
     1
  0
XRECORD
  5
22C
102
{ACAD_REACTORS
330
22B
102
}
330
22B
100
AcDbXrecord
280
     1
102
RTVSPropertyOp0
 70
     1
102
RTVSPropertyOp1
 70
     1
102
RTVSPropertyOp2
 70
     1
102
RTVSPropertyOp3
 70
     1
102
RTVSPropertyOp4
 70
     1
102
RTVSPropertyOp5
 70
     1
102
RTVSPropertyOp6
 70
     1
102
RTVSPropertyOp7
 70
     1
102
RTVSPropertyOp8
 70
     1
102
RTVSPropertyOp9
 70
     1
102
RTVSPropertyOp10
 70
     1
102
RTVSPropertyOp11
 70
     1
102
RTVSPropertyOp12
 70
     1
102
RTVSPropertyOp13
 70
     1
102
RTVSPropertyOp14
 70
     1
102
RTVSPropertyOp15
 70
     1
102
RTVSPropertyOp16
 70
     1
102
RTVSPropertyOp17
 70
     1
102
RTVSPropertyOp18
 70
     1
102
RTVSPropertyOp19
 70
     1
102
RTVSPropertyOp20
 70
     1
102
RTVSPropertyOp21
 70
     1
102
RTVSPropertyOp22
 70
     1
102
RTVSPropertyOp23
 70
     1
102
RTVSPropertyOp24
 70
     1
102
RTVSPropertyOp25
 70
     1
102
RTVSPropertyOp26
 70
     1
102
RTVSPropertyOp27
 70
     1
102
RTVSPropertyOp28
 70
     1
102
RTVSPropertyOp29
 70
     1
102
RTVSPropertyOp30
 70
     1
102
RTVSPropertyOp31
 70
     1
102
RTVSPropertyOp32
 70
     1
102
RTVSPropertyOp33
 70
     1
102
RTVSPropertyOp34
 70
     1
102
RTVSPropertyOp35
 70
     1
102
RTVSPropertyOp36
 70
     1
102
RTVSPropertyOp37
 70
     1
102
RTVSPropertyOp38
 70
     1
102
RTVSPropertyOp39
 70
     1
102
RTVSPropertyOp40
 70
     1
102
RTVSPropertyOp41
 70
     1
102
RTVSPropertyOp42
 70
     1
102
RTVSPropertyOp43
 70
     1
102
RTVSPropertyOp44
 70
     1
102
RTVSPropertyOp45
 70
     1
102
RTVSPropertyOp46
 70
     1
102
RTVSPropertyOp47
 70
     1
102
RTVSPropertyOp48
 70
     1
102
RTVSPropertyOp49
 70
     1
102
RTVSPropertyOp50
 70
     1
102
RTVSPropertyOp51
 70
     0
102
RTVSPropertyOp52
 70
     0
102
RTVSPropertyOp53
 70
     1
102
RTVSPropertyOp54
 70
     1
102
RTVSPropertyOp55
 70
     1
102
RTVSPropertyOp56
 70
     1
102
RTVSPropertyOp57
 70
     1
102
RTVSPost2010Prop28
280
     0
102
RTVSPost2010PropOp28
 70
     1
102
RTVSPost2010Prop29
280
     1
102
RTVSPost2010PropOp29
 70
     1
102
RTVSPost2010Prop30
280
     1
102
RTVSPost2010PropOp30
 70
     1
102
RTVSPost2010Prop31
280
     0
102
RTVSPost2010PropOp31
 70
     1
102
RTVSPost2010Prop32
280
     0
102
RTVSPost2010PropOp32
 70
     1
102
RTVSPost2010Prop33
280
     0
102
RTVSPost2010PropOp33
 70
     1
102
RTVSPost2010Prop34
280
     0
102
RTVSPost2010PropOp34
 70
     1
102
RTVSPost2010Prop35
280
     0
102
RTVSPost2010PropOp35
 70
     1
102
RTVSPost2010Prop36
280
     0
102
RTVSPost2010PropOp36
 70
     1
102
RTVSPost2010Prop37
 90
       50
102
RTVSPost2010PropOp37
 70
     1
102
RTVSPost2010Prop38
140
0.0
102
RTVSPost2010PropOp38
 70
     1
102
RTVSPost2010Prop39
140
1.0
102
RTVSPost2010PropOp39
 70
     1
102
RTVSPost2010Prop40
 90
        0
102
RTVSPost2010PropOp40
 70
     1
102
RTVSPost2010Prop41ColorIndex
 90
       18
102
RTVSPost2010Prop41ColorRGB
 90
        0
102
RTVSPost2010PropOp41
 70
     1
102
RTVSPost2010Prop42
 90
       50
102
RTVSPost2010PropOp42
 70
     1
102
RTVSPost2010Prop43
 90
        3
102
RTVSPost2010PropOp43
 70
     1
102
RTVSPost2010Prop44ColorIndex
 90
        5
102
RTVSPost2010Prop44ColorRGB
 90
      255
102
RTVSPost2010PropOp44
 70
     1
102
RTVSPost2010Prop45
280
     0
102
RTVSPost2010PropOp45
 70
     1
102
RTVSPost2010Prop46
 90
       50
102
RTVSPost2010PropOp46
 70
     1
102
RTVSPost2010Prop47
 90
       50
102
RTVSPost2010PropOp47
 70
     1
102
RTVSPost2010Prop48
 90
       50
102
RTVSPost2010PropOp48
 70
     1
102
RTVSPost2010Prop49
280
     0
102
RTVSPost2010PropOp49
 70
     1
102
RTVSPost2010Prop50
 90
       50
102
RTVSPost2010PropOp50
 70
     1
102
RTVSPost2010Prop51ColorIndex
 90
      256
102
RTVSPost2010Prop51ColorRGB
 90
-16777216
102
RTVSPost2010PropOp51
 70
     0
102
RTVSPost2010Prop52
140
1.0
102
RTVSPost2010PropOp52
 70
     0
102
RTVSPost2010Prop53
 90
        2
102
RTVSPost2010PropOp53
 70
     1
102
RTVSPost2010Prop54
  1
strokes_ogs.tif
102
RTVSPost2010PropOp54
 70
     1
102
RTVSPost2010Prop55
280
     0
102
RTVSPost2010PropOp55
 70
     1
102
RTVSPost2010Prop56
140
1.0
102
RTVSPost2010PropOp56
 70
     1
102
RTVSPost2010Prop57
140
1.0
102
RTVSPost2010PropOp57
 70
     1
  0
XRECORD
  5
24C
102
{ACAD_REACTORS
330
24B
102
}
330
24B
100
AcDbXrecord
280
     1
102
RTVSPropertyOp0
 70
     1
102
RTVSPropertyOp1
 70
     1
102
RTVSPropertyOp2
 70
     1
102
RTVSPropertyOp3
 70
     1
102
RTVSPropertyOp4
 70
     1
102
RTVSPropertyOp5
 70
     1
102
RTVSPropertyOp6
 70
     1
102
RTVSPropertyOp7
 70
     1
102
RTVSPropertyOp8
 70
     1
102
RTVSPropertyOp9
 70
     1
102
RTVSPropertyOp10
 70
     1
102
RTVSPropertyOp11
 70
     1
102
RTVSPropertyOp12
 70
     1
102
RTVSPropertyOp13
 70
     1
102
RTVSPropertyOp14
 70
     1
102
RTVSPropertyOp15
 70
     1
102
RTVSPropertyOp16
 70
     1
102
RTVSPropertyOp17
 70
     1
102
RTVSPropertyOp18
 70
     1
102
RTVSPropertyOp19
 70
     1
102
RTVSPropertyOp20
 70
     1
102
RTVSPropertyOp21
 70
     1
102
RTVSPropertyOp22
 70
     1
102
RTVSPropertyOp23
 70
     1
102
RTVSPropertyOp24
 70
     1
102
RTVSPropertyOp25
 70
     1
102
RTVSPropertyOp26
 70
     1
102
RTVSPropertyOp27
 70
     1
102
RTVSPropertyOp28
 70
     1
102
RTVSPropertyOp29
 70
     1
102
RTVSPropertyOp30
 70
     1
102
RTVSPropertyOp31
 70
     1
102
RTVSPropertyOp32
 70
     1
102
RTVSPropertyOp33
 70
     1
102
RTVSPropertyOp34
 70
     1
102
RTVSPropertyOp35
 70
     1
102
RTVSPropertyOp36
 70
     1
102
RTVSPropertyOp37
 70
     1
102
RTVSPropertyOp38
 70
     1
102
RTVSPropertyOp39
 70
     1
102
RTVSPropertyOp40
 70
     1
102
RTVSPropertyOp41
 70
     1
102
RTVSPropertyOp42
 70
     1
102
RTVSPropertyOp43
 70
     1
102
RTVSPropertyOp44
 70
     1
102
RTVSPropertyOp45
 70
     1
102
RTVSPropertyOp46
 70
     1
102
RTVSPropertyOp47
 70
     1
102
RTVSPropertyOp48
 70
     1
102
RTVSPropertyOp49
 70
     1
102
RTVSPropertyOp50
 70
     1
102
RTVSPropertyOp51
 70
     0
102
RTVSPropertyOp52
 70
     0
102
RTVSPropertyOp53
 70
     1
102
RTVSPropertyOp54
 70
     1
102
RTVSPropertyOp55
 70
     1
102
RTVSPropertyOp56
 70
     1
102
RTVSPropertyOp57
 70
     1
102
RTVSPost2010Prop28
280
     0
102
RTVSPost2010PropOp28
 70
     1
102
RTVSPost2010Prop29
280
     1
102
RTVSPost2010PropOp29
 70
     1
102
RTVSPost2010Prop30
280
     1
102
RTVSPost2010PropOp30
 70
     1
102
RTVSPost2010Prop31
280
     0
102
RTVSPost2010PropOp31
 70
     1
102
RTVSPost2010Prop32
280
     0
102
RTVSPost2010PropOp32
 70
     1
102
RTVSPost2010Prop33
280
     0
102
RTVSPost2010PropOp33
 70
     1
102
RTVSPost2010Prop34
280
     0
102
RTVSPost2010PropOp34
 70
     1
102
RTVSPost2010Prop35
280
     0
102
RTVSPost2010PropOp35
 70
     1
102
RTVSPost2010Prop36
280
     0
102
RTVSPost2010PropOp36
 70
     1
102
RTVSPost2010Prop37
 90
       50
102
RTVSPost2010PropOp37
 70
     1
102
RTVSPost2010Prop38
140
0.0
102
RTVSPost2010PropOp38
 70
     1
102
RTVSPost2010Prop39
140
1.0
102
RTVSPost2010PropOp39
 70
     1
102
RTVSPost2010Prop40
 90
        0
102
RTVSPost2010PropOp40
 70
     1
102
RTVSPost2010Prop41ColorIndex
 90
       18
102
RTVSPost2010Prop41ColorRGB
 90
        0
102
RTVSPost2010PropOp41
 70
     1
102
RTVSPost2010Prop42
 90
       50
102
RTVSPost2010PropOp42
 70
     1
102
RTVSPost2010Prop43
 90
        3
102
RTVSPost2010PropOp43
 70
     1
102
RTVSPost2010Prop44ColorIndex
 90
        5
102
RTVSPost2010Prop44ColorRGB
 90
      255
102
RTVSPost2010PropOp44
 70
     1
102
RTVSPost2010Prop45
280
     0
102
RTVSPost2010PropOp45
 70
     1
102
RTVSPost2010Prop46
 90
       50
102
RTVSPost2010PropOp46
 70
     1
102
RTVSPost2010Prop47
 90
       50
102
RTVSPost2010PropOp47
 70
     1
102
RTVSPost2010Prop48
 90
       50
102
RTVSPost2010PropOp48
 70
     1
102
RTVSPost2010Prop49
280
     0
102
RTVSPost2010PropOp49
 70
     1
102
RTVSPost2010Prop50
 90
       50
102
RTVSPost2010PropOp50
 70
     1
102
RTVSPost2010Prop51ColorIndex
 90
      256
102
RTVSPost2010Prop51ColorRGB
 90
-16777216
102
RTVSPost2010PropOp51
 70
     0
102
RTVSPost2010Prop52
140
1.0
102
RTVSPost2010PropOp52
 70
     0
102
RTVSPost2010Prop53
 90
        2
102
RTVSPost2010PropOp53
 70
     1
102
RTVSPost2010Prop54
  1
strokes_ogs.tif
102
RTVSPost2010PropOp54
 70
     1
102
RTVSPost2010Prop55
280
     0
102
RTVSPost2010PropOp55
 70
     1
102
RTVSPost2010Prop56
140
1.0
102
RTVSPost2010PropOp56
 70
     1
102
RTVSPost2010Prop57
140
1.0
102
RTVSPost2010PropOp57
 70
     1
  0
ENDSEC
  0
EOF
